customer_id,first_order_date,last_order_date,frequency,monetary_gbp,recency_days,segment,cumulative_customers_pct,cumulative_sales_pct
14646,2010-12-20 10:09:00,2011-11-23 11:06:00,69,267410.0,8,Активные ценные,0.023293733985557886,3.242183680300268
18102,2010-12-07 16:42:00,2011-11-28 12:55:00,57,248171.76,3,Активные ценные,0.04658746797111577,6.251115396329567
17450,2010-12-07 09:23:00,2011-11-29 09:56:00,45,192988.38999999998,2,Активные ценные,0.06988120195667366,8.590982299382645
14911,2010-12-01 14:05:00,2011-11-30 15:08:00,189,129446.8,1,Активные ценные,0.09317493594223154,10.160446053270281
12415,2011-01-06 11:12:00,2011-11-15 14:22:00,20,124564.53,16,Активные ценные,0.11646866992778943,11.67071525154362
14156,2010-12-03 11:48:00,2011-11-30 10:54:00,54,116729.63,1,Активные ценные,0.13976240391334732,13.085991050479668
17511,2010-12-01 10:19:00,2011-11-23 10:31:00,29,83683.06,8,Активные ценные,0.1630561378989052,14.100597278554863
12346,2011-01-18 10:01:00,2011-01-18 10:01:00,1,77183.6,317,Остальные,0.1863498718844631,15.03640150542306
16029,2010-12-01 09:57:00,2011-11-01 10:27:00,62,72882.09,30,Активные ценные,0.20964360587002095,15.920052538608712
13694,2010-12-01 12:12:00,2011-11-14 11:11:00,47,61908.46,17,Активные ценные,0.23293733985557885,16.670654979372042
16684,2010-12-16 17:34:00,2011-11-28 15:35:00,27,61251.58,3,Активные ценные,0.25623107384113675,17.41329314948014
15311,2010-12-01 09:41:00,2011-11-29 13:12:00,88,59591.83,2,Активные ценные,0.27952480782669464,18.135807859869537
17949,2010-12-03 13:12:00,2011-11-22 08:44:00,39,55155.76,9,Активные ценные,0.3028185418122525,18.80453791838103
13089,2010-12-05 10:27:00,2011-11-28 14:53:00,93,54144.21,3,Активные ценные,0.3261122757978104,19.46100354810598
15769,2010-12-03 15:16:00,2011-11-09 11:55:00,25,52848.72,22,Активные ценные,0.3494060097833683,20.101762149163378
14298,2010-12-14 12:59:00,2011-11-09 10:26:00,43,50889.7,22,Активные ценные,0.3726997437689262,20.718768823690795
15061,2010-12-02 15:19:00,2011-11-29 10:52:00,47,50638.28,2,Активные ценные,0.39599347775448407,21.332727183566924
14088,2011-01-21 13:07:00,2011-11-29 16:16:00,13,50491.81,2,Активные ценные,0.4192872117400419,21.944909683738278
14096,2011-08-30 10:49:00,2011-11-28 15:54:00,16,45921.71,3,Активные ценные,0.4425809457255998,22.50168249976416
15749,2011-01-11 12:55:00,2011-04-18 13:20:00,3,44534.3,227,Давно не покупавшие повторные,0.4658746797111577,23.04163381300449
12931,2010-12-17 09:45:00,2011-11-18 12:39:00,15,42055.96,13,Активные ценные,0.4891684136967156,23.55153676043114
15098,2011-06-10 15:22:00,2011-06-10 15:33:00,3,39916.5,174,Давно не покупавшие повторные,0.5124621476822735,24.03550005602482
17841,2010-12-01 14:41:00,2011-11-29 17:52:00,120,38416.41,2,Активные ценные,0.5357558816678314,24.50127567233582
13798,2010-12-02 17:24:00,2011-11-28 12:19:00,54,35316.61,3,Активные ценные,0.5590496156533893,24.92946809814461
16422,2010-12-05 15:35:00,2011-11-22 14:00:00,51,34684.4,9,Активные ценные,0.5823433496389471,25.34999536205025
16013,2010-12-03 13:09:00,2011-11-21 12:21:00,45,34486.88,10,Активные ценные,0.605637083624505,25.768127816036543
15838,2010-12-07 11:26:00,2011-11-28 14:00:00,19,33643.08,3,Активные ценные,0.6289308176100629,26.17602970800407
17404,2010-12-14 13:28:00,2011-11-14 08:22:00,12,31543.82,17,Активные ценные,0.6522245515956208,26.55847934869936
12748,2010-12-01 12:48:00,2011-11-29 18:14:00,197,31247.9,2,Активные ценные,0.6755182855811787,26.937341139296777
14680,2010-12-03 12:05:00,2011-11-14 16:59:00,16,28754.11,17,Активные ценные,0.6988120195667366,27.28596724222321
13081,2010-12-03 17:20:00,2011-11-28 10:54:00,11,28337.38,3,Активные ценные,0.7221057535522944,27.62954074724721
13408,2010-12-01 10:39:00,2011-11-28 13:25:00,59,26708.42,3,Активные ценные,0.7453994875378523,27.95336410258398
13098,2011-01-26 13:46:00,2011-11-30 10:18:00,25,26516.68,1,Активные ценные,0.7686932215234102,28.274862726987497
17389,2011-01-12 15:48:00,2011-11-25 13:59:00,31,25956.9,6,Активные ценные,0.7919869555089681,28.589574359204637
16333,2011-02-03 10:50:00,2011-11-03 15:47:00,20,25079.6,28,Активные ценные,0.8152806894945259,28.893649262269065
13777,2010-12-01 16:01:00,2011-11-15 09:42:00,30,23460.41,16,Активные ценные,0.8385744234800838,29.178092470956678
17857,2010-12-09 11:35:00,2011-11-22 15:22:00,20,22741.44,9,Активные ценные,0.8618681574656417,29.453818605486155
12753,2010-12-12 11:44:00,2011-11-17 10:52:00,6,21429.39,14,Активные ценные,0.8851618914511996,29.71363693141559
17381,2010-12-02 12:58:00,2011-11-15 15:49:00,28,19967.45,16,Активные ценные,0.9084556254367575,29.955730123619368
15039,2010-12-06 11:26:00,2011-11-30 11:31:00,47,19914.440000000002,1,Активные ценные,0.9317493594223154,30.197180601800135
17675,2010-12-07 13:22:00,2011-11-21 08:31:00,29,19124.7,10,Активные ценные,0.9550430934078733,30.429055962596806
12731,2010-12-10 10:56:00,2011-11-16 11:59:00,12,18751.91,15,Активные ценные,0.9783368273934312,30.656411471278084
16210,2010-12-01 12:27:00,2011-11-30 10:54:00,16,17476.9,1,Активные ценные,1.001630561378989,30.868308258841147
12901,2011-03-14 10:41:00,2011-11-29 14:08:00,27,16874.54,2,Активные ценные,1.024924295364547,31.072901797604
17428,2010-12-06 09:37:00,2011-11-17 13:46:00,27,16841.25,14,Активные ценные,1.0482180293501049,31.27709171535523
15159,2010-12-13 15:44:00,2011-11-21 14:24:00,27,16806.22,10,Активные ценные,1.0715117633356628,31.480856915652666
14031,2010-12-02 16:34:00,2011-11-18 17:06:00,18,16779.739999999998,13,Активные ценные,1.0948054973212207,31.684301062048398
13881,2011-02-01 10:14:00,2011-11-28 15:10:00,19,16590.4,3,Активные ценные,1.1180992313067786,31.885449576051812
12921,2010-12-01 15:06:00,2011-11-30 16:22:00,37,16587.09,1,Активные ценные,1.1413929652923365,32.08655795831751
13767,2010-12-01 10:47:00,2011-11-14 12:22:00,36,16334.380000000001,17,Активные ценные,1.1646866992778941,32.28460238546617
12678,2010-12-21 14:26:00,2011-10-28 13:04:00,9,16331.460000000001,34,Активные повторные,1.187980433263452,32.482611409390024
16839,2010-12-05 11:15:00,2011-11-17 16:43:00,32,15753.87,14,Активные ценные,1.21127416724901,32.67361750570495
17677,2010-12-06 08:42:00,2011-11-11 12:53:00,28,15659.07,20,Активные ценные,1.2345679012345678,32.86347420965273
12471,2010-12-10 09:35:00,2011-11-29 13:01:00,26,15425.539999999999,2,Активные ценные,1.2578616352201257,33.050499504323156
15189,2011-01-11 12:29:00,2011-11-29 14:57:00,38,15030.73,2,Активные ценные,1.2811553692056836,33.23273796776506
14607,2011-03-23 15:22:00,2011-11-24 10:35:00,12,15021.5,7,Активные ценные,1.3044491031912415,33.41486452306827
15513,2010-12-01 11:22:00,2011-11-06 14:36:00,19,14758.220000000001,25,Активные ценные,1.3277428371767994,33.593798968430384
14866,2010-12-08 14:58:00,2011-11-29 11:45:00,11,14353.4,2,Активные ценные,1.3510365711623573,33.767825217399455
16705,2010-12-16 10:51:00,2011-11-28 11:45:00,19,13784.470000000001,3,Активные ценные,1.3743303051479152,33.934953535994836
16133,2011-01-25 15:55:00,2011-11-23 09:02:00,30,13651.92,8,Активные ценные,1.397624039133473,34.100474766422884
14051,2010-12-08 12:49:00,2011-11-22 16:31:00,21,13647.19,9,Активные ценные,1.420917773119031,34.2659386484765
15856,2010-12-09 13:34:00,2011-10-25 17:29:00,21,13275.61,37,Активные повторные,1.444211507104589,34.426897348929096
12477,2011-02-11 12:45:00,2011-11-17 09:51:00,6,13219.739999999998,14,Активные ценные,1.4675052410901468,34.58717865959741
16525,2010-12-08 11:31:00,2011-11-23 11:49:00,25,12705.73,8,Активные ценные,1.4907989750757047,34.741227911503856
14258,2011-01-06 12:18:00,2011-11-30 15:27:00,9,12669.98,1,Активные ценные,1.5140927090612626,34.89484371639421
15498,2010-12-08 12:29:00,2011-11-22 13:40:00,26,12451.46,9,Активные ценные,1.5373864430468205,35.045810099132
12681,2010-12-07 10:08:00,2011-11-25 11:33:00,22,12365.54,6,Активные ценные,1.5606801770323784,35.195734754104144
17340,2010-12-08 15:56:00,2011-11-10 10:45:00,11,12353.29,21,Активные ценные,1.5839739110179363,35.34551088527357
17735,2010-12-07 10:32:00,2011-11-02 14:52:00,18,12216.42,29,Активные ценные,1.607267645003494,35.493627550901984
12557,2010-12-03 12:20:00,2011-11-23 16:59:00,5,11990.960000000001,8,Активные ценные,1.6305613789890518,35.63901065109694
13113,2010-12-08 13:21:00,2011-11-25 10:22:00,23,11906.76,6,Активные ценные,1.6538551129746097,35.78337287748058
13078,2010-12-08 09:07:00,2011-11-29 16:31:00,25,11788.86,2,Активные ценные,1.6771488469601676,35.92630563804056
14606,2010-12-01 16:57:00,2011-11-30 14:00:00,88,11650.94,1,Активные ценные,1.7004425809457255,36.06756620244787
12939,2011-01-09 11:20:00,2011-10-06 14:33:00,8,11581.8,56,Активные повторные,1.7237363149312834,36.20798848638827
12540,2010-12-13 09:39:00,2011-11-20 11:31:00,17,11580.24,11,Активные ценные,1.7470300489168413,36.348391856277054
15125,2011-03-14 09:59:00,2011-11-14 13:57:00,15,11528.48,17,Активные ценные,1.7703237829023992,36.4881676676329
15640,2010-12-02 15:40:00,2011-11-23 14:36:00,14,11329.18,8,Активные ценные,1.7936175168879571,36.62552708765154
12621,2010-12-09 10:16:00,2011-11-16 08:37:00,19,11313.47,15,Активные ценные,1.816911250873515,36.76269603347095
12409,2011-06-10 12:19:00,2011-09-22 10:38:00,3,11072.67,70,Остальные,1.840204984859073,36.896945425682716
12971,2010-12-02 16:42:00,2011-11-29 17:03:00,84,11028.01,2,Активные ценные,1.8634987188446308,37.03065334254517
15482,2010-12-16 10:08:00,2011-11-24 10:46:00,11,11014.96,7,Активные ценные,1.8867924528301887,37.16420303609126
14194,2011-02-04 14:51:00,2011-11-21 10:35:00,20,10865.42,10,Активные ценные,1.9100861868157466,37.29593964804896
17107,2011-03-06 15:17:00,2011-11-06 14:14:00,6,10815.43,25,Активные ценные,1.9333799208013045,37.42707016164766
12433,2010-12-01 13:24:00,2011-11-30 14:05:00,5,10737.18,1,Активные ценные,1.9566736547868624,37.55725194156781
13340,2011-03-08 11:39:00,2011-10-25 13:15:00,7,10736.48,37,Активные повторные,1.9799673887724203,37.68742523441352
17139,2011-02-24 09:32:00,2011-11-24 10:12:00,12,10668.47,7,Активные ценные,2.003261122757978,37.81677394735535
13319,2010-12-09 10:04:00,2011-11-22 16:39:00,25,10536.45,9,Активные ценные,2.026554856743536,37.94452199805764
17865,2010-12-10 14:53:00,2011-11-09 12:08:00,20,10524.220000000001,22,Активные ценные,2.049848590729094,38.07212176744506
15251,2011-04-12 10:38:00,2011-11-30 15:02:00,11,10484.99,1,Активные ценные,2.073142324714652,38.19924589693204
14062,2010-12-10 15:56:00,2011-11-30 10:04:00,12,10464.85,1,Активные ценные,2.0964360587002098,38.32612584116296
12682,2010-12-03 13:59:00,2011-11-30 14:16:00,30,10445.59,1,Активные ценные,2.1197297926857677,38.45277226960284
15615,2010-12-15 16:21:00,2011-11-29 14:42:00,23,10399.74,2,Активные ценные,2.1430235266713256,38.57886279466685
14769,2010-12-17 11:40:00,2011-09-18 15:32:00,7,10331.130000000001,74,Остальные,2.1663172606568835,38.70412146519173
16180,2011-04-01 10:23:00,2011-08-31 16:28:00,8,10254.18,92,Давно не покупавшие повторные,2.1896109946424414,38.82844716374774
14895,2011-02-22 13:08:00,2011-11-10 10:29:00,17,10213.09,21,Активные ценные,2.2129047286279993,38.95227467103407
16843,2011-01-16 16:10:00,2011-10-28 09:06:00,16,10196.57,34,Активные повторные,2.236198462613557,39.0759018833636
17581,2010-12-02 14:47:00,2011-11-06 13:02:00,22,10060.36,25,Активные ценные,2.259492196599115,39.197877632250865
17706,2010-12-08 11:02:00,2011-10-26 13:31:00,16,9728.65,36,Активные повторные,2.282785930584673,39.31583159904849
16779,2010-12-08 09:56:00,2011-11-25 09:07:00,20,9672.66,6,Активные ценные,2.3060796645702304,39.43310672113478
14733,2010-12-07 11:30:00,2011-11-23 15:39:00,12,9585.91,8,Активные ценные,2.3293733985557883,39.54933005221001
12709,2010-12-08 09:49:00,2011-11-24 15:38:00,15,9430.52,7,Активные ценные,2.352667132541346,39.663669374003305
12590,2011-05-12 14:46:00,2011-05-12 14:46:00,1,9341.26,203,Остальные,2.375960866526904,39.77692647256148
14667,2010-12-06 13:13:00,2011-11-29 11:30:00,25,9236.95,2,Активные ценные,2.399254600512462,39.88891887578406
13001,2011-01-17 12:45:00,2011-11-17 14:17:00,12,9227.810000000001,14,Активные ценные,2.42254833449802,40.000800462063225
13199,2010-12-08 10:51:00,2011-11-29 14:00:00,34,9160.3,2,Активные ценные,2.4458420684835778,40.11186353063453
12744,2011-01-25 13:26:00,2011-10-14 14:54:00,4,9120.39,48,Активные повторные,2.4691358024691357,40.2224427147188
13458,2010-12-15 12:05:00,2011-11-16 15:10:00,13,9062.050000000001,15,Активные ценные,2.4924295364546936,40.33231456177038
12451,2011-01-19 09:05:00,2011-11-29 08:40:00,5,8995.52,2,Активные ценные,2.5157232704402515,40.44137977301833
13488,2010-12-07 13:01:00,2011-11-22 14:41:00,13,8968.31,9,Активные ценные,2.5390170044258094,40.55011507955838
15078,2010-12-06 12:38:00,2011-11-28 09:40:00,29,8920.03,3,Активные ценные,2.5623107384113673,40.65826502044985
17306,2010-12-21 13:34:00,2011-11-29 12:14:00,19,8631.31,2,Активные ценные,2.585604472396925,40.762914406866265
14367,2011-03-08 14:12:00,2011-11-18 12:09:00,15,8627.99,13,Активные ценные,2.608898206382483,40.86752354030105
16656,2010-12-10 11:23:00,2011-11-17 14:43:00,15,8625.8,14,Активные ценные,2.632191940368041,40.97210612131721
12567,2010-12-05 11:57:00,2011-11-17 11:02:00,10,8609.28,14,Активные ценные,2.655485674353599,41.07648840737658
16523,2011-01-28 12:06:00,2011-11-24 13:53:00,19,8562.85,7,Активные ценные,2.6787794083391567,41.180307757912686
13090,2010-12-02 07:48:00,2011-11-20 12:00:00,12,8540.44,11,Активные ценные,2.7020731423247146,41.28385540082276
18092,2010-12-09 10:00:00,2011-11-01 10:56:00,10,8506.42,30,Активные ценные,2.7253668763102725,41.386990571915014
18139,2011-11-21 14:06:00,2011-11-22 10:44:00,6,8438.34,9,Активные ценные,2.7486606102958304,41.48930031439594
16033,2010-12-05 10:36:00,2011-11-06 13:53:00,19,8394.53,25,Активные ценные,2.7719543442813883,41.59107888726079
14936,2011-03-09 11:53:00,2011-11-06 10:30:00,8,8137.0199999999995,25,Активные ценные,2.795248078266946,41.689735307926725
14952,2010-12-10 12:48:00,2011-10-11 10:33:00,11,8099.490000000001,51,Активные повторные,2.818541812252504,41.78793670015872
17017,2010-12-02 10:17:00,2011-11-30 09:18:00,19,8063.66,1,Активные ценные,2.841835546238062,41.88570367542325
14849,2010-12-01 12:22:00,2011-11-18 10:58:00,25,7930.54,13,Активные ценные,2.86512928022362,41.981856651616994
13969,2010-12-09 19:32:00,2011-11-23 08:43:00,16,7912.04,8,Активные ценные,2.888423014209178,42.07778532655766
14527,2010-12-05 13:17:00,2011-11-27 12:01:00,53,7875.87,4,Активные ценные,2.9117167481947357,42.17327546223758
16672,2011-03-18 10:15:00,2011-11-04 09:44:00,19,7864.9400000000005,27,Активные ценные,2.9350104821802936,42.2686330783123
13093,2010-12-01 15:00:00,2011-03-09 12:14:00,8,7832.47,267,Давно не покупавшие повторные,2.9583042161658515,42.36359701537688
12435,2011-03-17 07:40:00,2011-09-21 09:06:00,2,7829.89,71,Остальные,2.9815979501514094,42.45852967150997
13854,2010-12-09 10:48:00,2011-11-15 16:34:00,24,7807.24,16,Активные ценные,3.0048916841369673,42.55318771016292
13629,2011-01-05 12:09:00,2011-11-16 13:21:00,11,7792.36,15,Активные ценные,3.028185418122525,42.64766533786206
14056,2011-02-28 15:19:00,2011-11-24 13:25:00,22,7789.63,7,Активные ценные,3.051479152108083,42.74210986597087
16558,2010-12-08 12:01:00,2011-11-17 17:30:00,19,7739.52,14,Активные ценные,3.074772886093641,42.83594684079364
17243,2010-12-05 10:03:00,2011-11-25 12:29:00,24,7732.87,6,Активные ценные,3.098066620079199,42.92970318840923
15044,2010-12-12 14:27:00,2011-11-20 13:20:00,17,7700.2300000000005,11,Активные ценные,3.1213603540647568,43.023063795868026
14796,2010-12-08 10:40:00,2011-11-17 13:30:00,16,7593.7,14,Активные ценные,3.1446540880503147,43.115132791840864
18172,2011-02-23 10:44:00,2011-11-25 11:12:00,20,7561.68,6,Активные ценные,3.1679478220358726,43.20681356478
15358,2010-12-09 10:04:00,2011-11-04 13:44:00,20,7517.14,27,Активные ценные,3.1912415560214304,43.297954317296856
17811,2011-01-10 10:58:00,2011-11-28 14:26:00,37,7506.45,3,Активные ценные,3.214535290006988,43.388965460062614
12980,2010-12-16 11:36:00,2011-07-05 09:34:00,9,7374.900000000001,149,Давно не покупавшие повторные,3.237829023992546,43.4783816390531
15465,2010-12-05 10:12:00,2011-11-20 10:11:00,18,7354.62,11,Активные ценные,3.2611227579781037,43.56755193537265
17396,2010-12-03 09:45:00,2011-10-31 14:12:00,7,7312.799999999999,31,Активные повторные,3.2844164919636616,43.65621518961632
13018,2011-02-17 11:05:00,2011-11-23 13:28:00,28,7277.7,8,Активные ценные,3.3077102259492195,43.74445287769874
18229,2010-12-01 16:25:00,2011-11-28 09:48:00,20,7276.9,3,Активные ценные,3.3310039599347774,43.83268086626752
16923,2010-12-12 11:06:00,2011-11-27 13:00:00,19,7247.61,4,Активные ценные,3.3542976939203353,43.920553731392914
16729,2011-04-12 14:22:00,2011-11-01 14:29:00,21,7236.6,30,Активные ценные,3.377591427905893,44.008293106961744
16745,2011-02-01 11:31:00,2011-09-14 11:58:00,17,7194.3,78,Остальные,3.400885161891451,44.09551962074651
13324,2010-12-14 09:50:00,2011-11-03 16:28:00,10,7121.95,28,Активные ценные,3.424178895877009,44.18186893476586
13263,2011-01-18 16:31:00,2011-11-28 13:20:00,32,7084.65,3,Активные ценные,3.447472629862567,44.26776600896144
14961,2010-12-14 11:38:00,2011-11-29 09:42:00,9,7044.68,2,Активные ценные,3.4707663638481248,44.35317847120644
12798,2011-06-22 10:11:00,2011-11-29 15:52:00,3,6977.04,2,Активные ценные,3.4940600978336827,44.43777083957263
15502,2010-12-05 15:40:00,2011-11-24 12:48:00,10,6923.9800000000005,7,Активные ценные,3.5173538318192406,44.52171988769621
16713,2010-12-08 13:01:00,2011-11-21 12:36:00,15,6923.13,10,Активные ценные,3.5406475658047984,44.60565863008653
13985,2011-03-20 13:48:00,2011-11-25 10:02:00,14,6912.57,6,Активные ценные,3.5639412997903563,44.68946933889673
13027,2010-12-20 12:45:00,2011-08-18 09:39:00,6,6912.0,105,Давно не покупавшие повторные,3.5872350337759142,44.77327313680344
16187,2011-02-28 13:34:00,2011-11-08 09:50:00,15,6911.4400000000005,23,Активные ценные,3.610528767761472,44.8570701450506
15194,2010-12-06 15:00:00,2011-11-08 10:26:00,14,6909.89,23,Активные ценные,3.63382250174703,44.94084836049009
12683,2010-12-09 10:37:00,2011-10-20 14:30:00,13,6905.09,42,Активные повторные,3.657116235732588,45.02456837884767
17416,2011-03-03 13:45:00,2011-11-10 12:47:00,7,6893.42,21,Активные ценные,3.680409969718146,45.108146905549944
12830,2011-06-21 10:53:00,2011-11-02 11:54:00,6,6814.64,29,Активные ценные,3.7037037037037037,45.19077027264587
12989,2010-12-10 13:24:00,2011-11-18 11:47:00,13,6794.9800000000005,13,Активные ценные,3.7269974376892616,45.27315527419393
15601,2010-12-02 10:39:00,2011-11-28 15:15:00,14,6776.56,3,Активные ценные,3.7502911716748195,45.35531694444028
16652,2011-03-11 13:13:00,2011-10-12 09:38:00,7,6773.97,50,Активные повторные,3.7735849056603774,45.4374472125112
16532,2011-01-05 12:37:00,2011-11-22 11:08:00,3,6748.8,9,Активные ценные,3.7968786396459353,45.51927230963401
12474,2011-01-14 10:06:00,2011-11-22 14:39:00,18,6745.79,9,Активные ценные,3.820172373631493,45.60106091233673
13576,2010-12-01 17:24:00,2011-11-29 15:34:00,18,6717.34,2,Активные ценные,3.843466107617051,45.68250457608537
15249,2011-03-28 12:49:00,2011-11-08 11:45:00,13,6688.46,23,Активные ценные,3.866759841602609,45.76359808739139
18109,2010-12-05 10:58:00,2011-11-25 15:32:00,23,6684.46,6,Активные ценные,3.890053575588167,45.84464310112917
17338,2010-12-13 12:57:00,2011-11-22 14:23:00,8,6635.14,9,Активные ценные,3.913347309573725,45.92509013985064
16182,2011-02-18 10:11:00,2011-09-28 13:23:00,4,6617.65,64,Остальные,3.9366410435592827,46.00532512295501
16814,2010-12-05 11:45:00,2011-11-25 13:27:00,21,6499.2,6,Активные ценные,3.9599347775448406,46.08412397182008
15290,2010-12-15 16:03:00,2011-11-08 17:19:00,15,6405.51,23,Активные ценные,3.9832285115303985,46.1617868863932
12428,2011-03-01 09:33:00,2011-11-14 08:22:00,8,6405.26,17,Активные ценные,4.006522245515956,46.239446769868316
13871,2011-02-04 09:30:00,2011-11-17 10:49:00,13,6403.25,14,Активные ценные,4.029815979501514,46.317082283315386
12431,2010-12-01 10:03:00,2011-11-04 11:55:00,15,6382.45,27,Активные ценные,4.053109713487072,46.39446560940765
12705,2010-12-17 15:58:00,2011-11-24 13:17:00,8,6382.29,7,Активные ценные,4.07640344747263,46.47184699559719
12359,2011-01-12 12:43:00,2011-10-13 12:47:00,4,6372.58,49,Активные повторные,4.099697181458188,46.549110653939834
15005,2010-12-08 14:36:00,2011-11-24 12:25:00,28,6314.87,7,Активные ценные,4.122990915443745,46.62567461361681
16126,2011-02-16 11:18:00,2011-11-10 16:03:00,4,6287.77,21,Активные ценные,4.146284649429304,46.701910002269
16746,2010-12-16 11:43:00,2011-11-28 15:17:00,17,6247.74,3,Активные ценные,4.169578383414861,46.7776600515071
14057,2010-12-14 12:11:00,2011-11-16 10:32:00,17,6217.96,15,Активные ценные,4.1928721174004195,46.853049036349695
12357,2011-11-06 16:07:00,2011-11-06 16:07:00,1,6207.67,25,Недавние однократные,4.216165851385977,46.92831326119802
13418,2010-12-02 10:45:00,2011-11-28 10:23:00,18,6127.43,3,Активные ценные,4.239459585371535,47.00260462482758
17509,2011-10-07 13:14:00,2011-10-13 10:26:00,8,6115.14,49,Активные повторные,4.262753319357093,47.07674697967875
15939,2011-01-12 12:43:00,2011-09-11 11:30:00,14,6100.01,81,Остальные,4.286047053342651,47.15070589247808
15023,2010-12-05 13:49:00,2011-10-31 17:13:00,10,6092.22,31,Активные повторные,4.309340787328209,47.22457035626328
16353,2010-12-05 12:09:00,2011-11-22 10:39:00,21,6081.71,9,Активные ценные,4.332634521313767,47.29830739268794
12472,2010-12-05 14:19:00,2011-11-07 14:01:00,7,6068.110000000001,24,Активные ценные,4.355928255299324,47.37187953738061
12583,2010-12-01 08:45:00,2011-11-21 11:16:00,14,6064.61,10,Активные ценные,4.379221989284883,47.445409246701075
17315,2010-12-17 12:24:00,2011-11-22 10:20:00,35,6062.0,9,Активные ценные,4.40251572327044,47.51890731135827
15144,2011-01-31 13:17:00,2011-11-15 08:32:00,16,6054.54,16,Активные ценные,4.4258094572559985,47.59231492805071
13668,2010-12-12 12:35:00,2011-11-29 12:50:00,20,6030.57,2,Активные ценные,4.449103191241556,47.66543192306551
13097,2010-12-14 15:13:00,2011-11-07 10:43:00,10,6010.42,24,Активные ценные,4.472396925227114,47.73830461158033
13316,2011-03-30 13:01:00,2011-11-02 13:40:00,4,5977.73,29,Активные ценные,4.495690659212672,47.810780953718776
14101,2011-01-17 13:09:00,2011-09-27 12:28:00,6,5976.79,65,Остальные,4.51898439319823,47.883245898928685
15382,2011-02-17 12:01:00,2011-11-25 10:58:00,6,5955.71,6,Активные ценные,4.5422781271837875,47.95545526195401
12626,2011-01-17 11:01:00,2011-11-16 16:06:00,9,5954.48,15,Активные ценные,4.565571861169346,48.0276497119771
13102,2010-12-09 13:38:00,2011-11-16 15:01:00,22,5921.96,15,Активные ценные,4.588865595154903,48.09944987677045
18055,2010-12-05 10:52:00,2011-10-31 12:02:00,9,5920.42,31,Активные повторные,4.612159329140461,48.17123137000004
18223,2010-12-16 16:42:00,2011-10-31 09:48:00,13,5905.82,31,Активные повторные,4.635453063126019,48.24283584710557
14505,2010-12-12 16:14:00,2011-11-22 15:45:00,8,5905.64,9,Активные ценные,4.658746797111577,48.31443814182053
14944,2011-02-16 12:47:00,2011-11-10 09:10:00,12,5900.250000000001,21,Активные ценные,4.682040531097135,48.3859750860623
12476,2010-12-13 14:39:00,2011-11-24 12:40:00,11,5898.42,7,Активные ценные,4.705334265082692,48.457489842666604
13209,2010-12-13 10:31:00,2011-11-09 13:54:00,8,5891.61,22,Активные ценные,4.728627999068251,48.52892203216099
12766,2010-12-08 13:53:00,2011-10-13 11:50:00,6,5851.2,49,Активные повторные,4.751921733053808,48.599864274972305
14060,2010-12-02 12:11:00,2011-11-17 12:59:00,18,5842.9400000000005,14,Активные ценные,4.7752154670393665,48.67070637030522
13050,2010-12-08 09:30:00,2011-11-25 09:18:00,17,5833.11,6,Активные ценные,4.798509201024924,48.741429282864196
12637,2011-01-20 10:47:00,2011-10-03 13:46:00,8,5823.900000000001,59,Активные повторные,4.821802935010482,48.81204052977232
13709,2011-01-28 14:57:00,2011-11-03 11:32:00,11,5799.74,28,Активные ценные,4.84509666899604,48.88235885136831
15218,2011-01-25 11:20:00,2011-11-29 11:48:00,11,5756.889999999999,2,Активные ценные,4.868390402981598,48.952157642764604
13178,2010-12-14 12:22:00,2011-11-13 16:14:00,11,5725.47,18,Активные ценные,4.8916841369671555,49.02157548576244
16553,2010-12-14 13:58:00,2011-06-29 15:42:00,12,5719.82,155,Давно не покупавшие повторные,4.914977870952714,49.09092482594513
14049,2011-01-26 11:27:00,2011-11-23 12:20:00,4,5681.719999999999,8,Активные ценные,4.938271604938271,49.159812226790415
17716,2011-03-17 10:38:00,2011-11-17 12:00:00,11,5655.99,14,Активные ценные,4.96156533892383,49.22838766702803
13004,2010-12-17 08:20:00,2011-11-28 11:27:00,18,5655.91,3,Активные ценные,4.984859072909387,49.29696213731429
18118,2010-12-05 12:13:00,2011-11-29 11:32:00,26,5651.42,2,Активные ценные,5.0081528068949455,49.365482169080195
15694,2010-12-02 07:49:00,2011-11-14 13:33:00,11,5592.72,17,Активные ценные,5.031446540880503,49.43329049903229
16767,2011-01-27 13:38:00,2011-11-09 09:42:00,11,5580.6,22,Активные ценные,5.054740274866061,49.50095188135264
12539,2011-01-10 09:11:00,2011-11-17 13:30:00,4,5568.35,14,Активные ценные,5.078034008851619,49.56846473987027
15805,2010-12-10 09:33:00,2011-11-16 16:32:00,17,5528.48,15,Активные ценные,5.101327742837177,49.63549419887654
13534,2010-12-16 15:23:00,2011-11-07 09:40:00,24,5512.88,24,Активные ценные,5.1246214768227345,49.70233451736671
16609,2011-04-01 10:11:00,2011-11-24 13:32:00,7,5493.46,7,Активные ценные,5.147915210808293,49.76893938016309
14735,2010-12-16 16:05:00,2011-11-28 12:32:00,30,5493.25,3,Активные ценные,5.17120894479385,49.83554169683714
16985,2010-12-16 10:38:00,2011-11-22 13:33:00,10,5464.12,9,Активные ценные,5.194502678779409,49.90179082997055
13468,2010-12-01 15:08:00,2011-11-21 16:40:00,35,5424.03,10,Активные ценные,5.217796412764966,49.96755389622633
17809,2010-12-01 09:41:00,2011-11-23 12:59:00,12,5411.91,8,Активные ценные,5.241090146750524,50.03317001485037
17719,2011-03-29 11:29:00,2011-11-02 10:36:00,15,5396.04,29,Активные ценные,5.264383880736082,50.098593719372445
17850,2010-12-01 08:26:00,2010-12-02 15:27:00,34,5391.21,364,Давно не покупавшие повторные,5.28767761472164,50.16395886308087
16303,2011-01-10 14:16:00,2011-11-14 10:49:00,3,5360.63,17,Активные ценные,5.310971348707198,50.22895324288016
14110,2011-03-18 09:59:00,2011-11-18 08:59:00,11,5357.71,13,Активные ценные,5.334265082692756,50.29391221945463
16265,2010-12-10 10:21:00,2011-11-30 16:41:00,9,5347.0,1,Активные ценные,5.3575588166783135,50.35874134379017
15150,2011-03-15 14:21:00,2011-11-22 12:52:00,10,5314.469999999999,9,Активные ценные,5.380852550663872,50.42317606165206
16873,2010-12-10 15:45:00,2011-10-09 12:20:00,5,5268.79,53,Активные повторные,5.404146284649429,50.48705693728472
17049,2011-03-09 08:33:00,2011-11-18 13:18:00,8,5263.9800000000005,13,Активные ценные,5.427440018634988,50.55087949459158
16161,2010-12-06 10:03:00,2011-11-25 12:17:00,18,5257.05,6,Активные ценные,5.450733752620545,50.61461802986146
17061,2011-04-21 13:29:00,2011-09-27 11:24:00,11,5232.2300000000005,65,Остальные,5.474027486606103,50.67805563772047
18226,2011-01-06 09:00:00,2011-10-26 13:36:00,11,5228.05,36,Активные повторные,5.497321220591661,50.74144256562068
16258,2011-05-04 14:33:00,2011-10-25 13:30:00,5,5203.51,37,Активные повторные,5.520614954577218,50.80453196093977
15046,2011-01-05 15:30:00,2011-11-30 15:50:00,15,5194.82,1,Активные ценные,5.543908688562777,50.867515995291875
17757,2010-12-02 17:17:00,2011-11-25 17:27:00,28,5184.79,6,Активные ценные,5.567202422548334,50.93037842199164
15727,2010-12-15 15:47:00,2011-11-23 12:36:00,7,5178.96,8,Активные ценные,5.590496156533892,50.9931701634857
18225,2010-12-09 15:46:00,2011-11-18 13:16:00,11,5178.84,13,Активные ценные,5.61378989051945,51.05596045005272
15903,2011-02-17 14:04:00,2011-11-30 08:08:00,7,5126.76,1,Активные ценные,5.637083624505008,51.11811929828134
13941,2010-12-02 10:17:00,2011-11-18 09:43:00,5,5112.96,13,Активные ценные,5.660377358490566,51.18011082989956
17686,2011-02-10 10:18:00,2011-09-20 11:39:00,6,5110.09,72,Остальные,5.683671092476124,51.24206756451257
18198,2011-01-07 13:39:00,2011-11-08 15:35:00,16,5107.110000000001,23,Активные ценные,5.7069648264616815,51.30398816843726
13225,2010-12-13 09:49:00,2011-10-10 14:06:00,6,5100.64,52,Активные повторные,5.73025856044724,51.36583032754531
15301,2010-12-06 12:21:00,2011-10-20 09:57:00,12,5070.35,42,Активные повторные,5.753552294432797,51.42730523881793
13139,2011-03-25 11:57:00,2011-11-23 13:54:00,7,5064.94,8,Активные ценные,5.776846028418356,51.488714557129505
15719,2011-01-06 12:31:00,2011-11-07 12:29:00,13,5043.96,24,Активные ценные,5.800139762403913,51.5498695056957
12481,2010-12-09 10:13:00,2011-11-17 08:29:00,10,5020.32,14,Активные ценные,5.823433496389471,51.61073783363366
14329,2011-01-14 13:42:00,2011-11-22 15:50:00,7,5014.84,9,Активные ценные,5.846727230375029,51.671539719903116
13269,2010-12-05 11:51:00,2011-11-28 13:11:00,14,5012.55,3,Активные ценные,5.870020964360587,51.73231384131476
14755,2011-01-09 14:02:00,2011-11-30 11:24:00,11,5010.28,1,Активные ценные,5.893314698346145,51.79306044035644
14688,2010-12-01 09:37:00,2011-10-31 08:29:00,19,4971.0,31,Активные повторные,5.916608432331703,51.853330793278076
15032,2010-12-08 12:57:00,2011-03-28 15:03:00,3,4959.1,248,Давно не покупавшие повторные,5.93990216631726,51.9134568659342
16191,2010-12-14 12:38:00,2011-11-28 09:08:00,12,4935.86,3,Активные ценные,5.963195900302819,51.97330116771891
15786,2011-08-17 13:33:00,2011-10-24 14:13:00,3,4932.2,38,Активные повторные,5.986489634288376,52.03310109422868
14709,2010-12-16 13:43:00,2011-11-24 15:41:00,13,4921.04,7,Активные ценные,6.009783368273935,52.092765712523075
16701,2010-12-13 11:51:00,2011-10-26 12:31:00,12,4899.86,36,Активные повторные,6.033077102259492,52.152173536193686
17133,2011-03-18 13:47:00,2011-11-24 12:27:00,7,4892.240000000001,7,Активные ценные,6.05637083624505,52.21148897199681
12688,2011-08-18 08:49:00,2011-08-18 08:49:00,1,4873.81,105,Остальные,6.079664570230608,52.27058095525428
17652,2011-03-03 14:05:00,2011-11-14 12:55:00,12,4867.72,17,Активные ценные,6.102958304216166,52.32959910096413
12839,2010-12-07 15:48:00,2011-11-28 12:33:00,13,4839.03,3,Активные ценные,6.126252038201724,52.388269397865834
13599,2010-12-08 10:11:00,2011-11-29 09:15:00,19,4833.99,2,Активные ценные,6.149545772187282,52.44687858783156
12720,2010-12-05 15:21:00,2011-11-24 15:03:00,24,4823.26,7,Активные ценные,6.172839506172839,52.5053576830705
15738,2010-12-02 12:50:00,2011-11-21 08:26:00,16,4812.42,10,Активные ценные,6.196133240158398,52.56370534989953
14415,2010-12-14 13:31:00,2011-11-20 15:52:00,12,4804.33,11,Активные ценные,6.219426974143955,52.621954930396804
15555,2010-12-05 14:45:00,2011-11-27 16:19:00,16,4802.18,4,Активные ценные,6.2427207081295135,52.680178443451155
17365,2011-01-11 12:11:00,2011-11-27 12:13:00,8,4796.52,4,Активные ценные,6.266014442115071,52.73833333244645
16700,2010-12-08 16:34:00,2011-11-10 10:10:00,12,4792.74,21,Активные ценные,6.289308176100629,52.79644239123977
17690,2010-12-01 16:15:00,2011-11-09 15:17:00,15,4757.95,22,Активные ценные,6.312601910086187,52.8541296424334
14562,2011-02-08 14:45:00,2011-11-28 14:39:00,16,4751.45,3,Активные ценные,6.335895644071745,52.91173808507863
14180,2010-12-02 13:08:00,2011-11-29 10:56:00,25,4748.52,2,Активные ценные,6.3591893780573026,52.969311003255136
15152,2011-06-05 15:36:00,2011-11-30 12:32:00,13,4745.6900000000005,1,Активные ценные,6.382483112042861,53.02684960940212
16722,2010-12-06 12:59:00,2011-11-22 13:28:00,13,4730.8099999999995,9,Активные ценные,6.405776846028418,53.084207804595266
14159,2010-12-12 11:17:00,2011-11-20 12:36:00,11,4690.639999999999,11,Активные ценные,6.429070580013976,53.14107896295944
14390,2010-12-02 11:57:00,2011-11-29 13:49:00,9,4652.82,2,Активные ценные,6.452364313999534,53.19749157681597
17730,2011-01-17 14:49:00,2011-11-11 11:02:00,12,4635.78,20,Активные ценные,6.475658047985092,53.25369759103184
14286,2011-04-11 08:16:00,2011-11-16 10:34:00,3,4628.75,15,Активные ценные,6.49895178197065,53.309818370771524
15291,2010-12-01 09:32:00,2011-11-14 11:02:00,14,4623.3,17,Активные ценные,6.522245515956207,53.36587307257449
13802,2011-02-01 12:03:00,2011-07-24 10:54:00,3,4599.42,130,Давно не покупавшие повторные,6.545539249941766,53.4216382438951
15093,2010-12-02 18:25:00,2011-11-21 13:09:00,6,4597.02,10,Активные ценные,6.568832983927323,53.47737431667478
14004,2011-02-24 09:28:00,2011-10-27 14:40:00,7,4582.64,35,Активные повторные,6.5921267179128815,53.532936040696654
17613,2011-02-07 11:20:00,2011-11-17 10:51:00,14,4559.150000000001,14,Активные ценные,6.615420451898439,53.5882129627491
17068,2010-12-06 13:58:00,2011-11-27 13:14:00,21,4545.89,4,Активные ценные,6.638714185883997,53.64332911536283
13013,2010-12-03 12:28:00,2011-11-18 14:25:00,12,4515.84,13,Активные ценные,6.662007919869555,53.69808092999522
15298,2010-12-08 13:55:00,2011-11-29 10:23:00,11,4487.68,2,Активные ценные,6.685301653855113,53.75249132174724
17975,2010-12-08 11:38:00,2011-11-24 13:27:00,13,4485.51,7,Активные ценные,6.7085953878406706,53.806875403568505
14426,2011-01-31 09:51:00,2011-11-16 12:25:00,10,4481.67,15,Активные ценные,6.731889121826229,53.86121292772426
16984,2011-08-01 17:37:00,2011-09-12 13:43:00,2,4481.35,80,Остальные,6.755182855811786,53.915546572074554
14292,2011-03-02 08:26:00,2011-10-31 09:51:00,7,4458.61,31,Активные повторные,6.778476589797345,53.96960450774945
12490,2011-01-14 09:13:00,2011-11-22 11:19:00,9,4451.63,9,Активные ценные,6.801770323782902,54.02357781516778
15547,2010-12-12 13:26:00,2011-10-30 15:19:00,13,4432.43,32,Активные повторные,6.8250640577684605,54.077318334258585
15955,2010-12-02 11:22:00,2011-11-15 14:15:00,14,4416.26,16,Активные ценные,6.848357791754018,54.130862801929815
15874,2011-02-28 13:28:00,2011-10-07 12:31:00,7,4405.88,55,Активные повторные,6.871651525739576,54.184281418411466
17858,2010-12-05 13:08:00,2011-10-17 12:33:00,11,4391.94,45,Активные повторные,6.894945259725134,54.23753102086784
12752,2011-09-19 13:32:00,2011-09-19 13:32:00,1,4366.78,73,Остальные,6.918238993710692,54.290475573620036
12432,2011-06-20 13:27:00,2011-10-28 11:43:00,4,4359.32,34,Активные повторные,6.9415327276962495,54.343329678407464
14189,2010-12-06 11:42:00,2011-11-23 16:43:00,14,4352.52,8,Активные ценные,6.964826461681808,54.39610133732889
16945,2010-12-16 17:49:00,2011-11-18 11:39:00,19,4345.5,13,Активные ценные,6.988120195667365,54.44878788301808
13756,2010-12-07 11:41:00,2011-11-17 10:02:00,12,4343.12,14,Активные ценные,7.011413929652924,54.50144557265417
14800,2010-12-05 11:10:00,2011-10-23 12:46:00,12,4339.74,39,Активные повторные,7.034707663638481,54.5540622818451
12437,2011-01-12 14:13:00,2011-11-30 16:47:00,17,4335.51,1,Активные ценные,7.058001397624039,54.60662770485762
14525,2010-12-13 17:40:00,2011-11-20 11:37:00,9,4332.2,11,Активные ценные,7.081295131609597,54.65915299613243
18251,2011-09-13 15:03:00,2011-09-13 15:03:00,1,4314.72,79,Остальные,7.104588865595155,54.711466353034055
14534,2011-01-25 12:33:00,2011-11-22 11:24:00,17,4314.58,9,Активные ценные,7.127882599580713,54.7637780125208
15034,2010-12-21 09:47:00,2011-11-24 12:11:00,8,4308.61,7,Активные ценные,7.151176333566271,54.81601728938696
12714,2011-02-18 10:53:00,2011-11-30 15:43:00,5,4294.860000000001,1,Активные ценные,7.1744700675518285,54.86808985586232
14016,2010-12-17 14:21:00,2011-07-01 11:29:00,4,4291.21,153,Давно не покупавшие повторные,7.197763801537387,54.920118168306665
17426,2011-03-02 16:34:00,2011-09-09 15:51:00,4,4280.59,83,Остальные,7.221057535522944,54.97201771970734
12536,2011-10-11 14:52:00,2011-10-11 14:52:00,1,4279.71,51,Остальные,7.244351269508503,55.023906601643006
12362,2011-02-17 10:30:00,2011-11-04 09:07:00,9,4262.19,27,Активные ценные,7.26764500349406,55.075583064229825
14191,2011-05-03 10:30:00,2011-11-29 17:23:00,12,4258.64,2,Активные ценные,7.290938737479618,55.12721648522482
14135,2010-12-02 10:27:00,2011-11-07 16:30:00,13,4247.41,24,Активные ценные,7.314232471465176,55.17871374929702
17419,2010-12-07 15:03:00,2011-11-28 13:47:00,12,4226.57,3,Активные ценные,7.337526205450734,55.22995834103872
13267,2010-12-08 09:20:00,2011-11-22 11:04:00,18,4220.29,9,Активные ценные,7.360819939436292,55.28112679159828
12757,2011-05-12 19:01:00,2011-11-24 12:30:00,9,4199.2,7,Активные ценные,7.384113673421849,55.332039538729354
15971,2011-02-01 16:47:00,2011-11-22 12:50:00,12,4194.9,9,Активные ценные,7.407407407407407,55.382900150974564
16931,2010-12-05 11:40:00,2011-11-20 14:43:00,20,4192.78,11,Активные ценные,7.430701141392965,55.433735059508614
18041,2010-12-02 11:21:00,2011-11-28 11:39:00,21,4183.39,3,Активные ценные,7.453994875378523,55.48445612000123
14277,2011-05-11 13:20:00,2011-11-24 15:01:00,3,4180.2,7,Активные ценные,7.477288609364081,55.53513850368318
12949,2011-04-01 13:20:00,2011-11-09 11:25:00,8,4167.22,22,Активные ценные,7.500582343349639,55.58566351275622
13069,2010-12-05 11:02:00,2011-11-25 15:47:00,23,4155.88,6,Активные ценные,7.5238760773351965,55.63605103122332
16549,2011-01-09 14:03:00,2011-11-29 15:06:00,10,4154.639999999999,2,Активные ценные,7.547169811320755,55.686423515444254
13384,2011-06-14 12:47:00,2011-11-09 11:04:00,7,4151.93,22,Активные ценные,7.570463545306312,55.736763142562715
13555,2011-05-22 11:06:00,2011-09-27 12:36:00,4,4149.28,65,Остальные,7.593757279291871,55.78707064004223
13988,2011-03-30 11:48:00,2011-11-20 10:15:00,6,4147.96,11,Активные ценные,7.617051013277428,55.83736213332423
15514,2010-12-10 13:50:00,2011-11-27 14:40:00,11,4139.46,4,Активные ценные,7.640344747262986,55.88755056927373
15570,2010-12-05 12:57:00,2011-11-29 15:24:00,11,4130.12,2,Активные ценные,7.663638481248544,55.9376257634014
17377,2010-12-01 12:35:00,2011-11-16 11:17:00,20,4100.92,15,Активные ценные,7.686932215234102,55.987346925280974
16670,2010-12-16 10:30:00,2011-11-23 09:34:00,11,4095.9,8,Активные ценные,7.71022594921966,56.037007222712425
12444,2011-06-21 14:00:00,2011-11-18 13:23:00,5,4085.46,13,Активные ценные,7.733519683205218,56.086540941490775
12347,2010-12-07 14:57:00,2011-10-31 12:25:00,6,4085.18,31,Активные повторные,7.756813417190775,56.13607126543935
12627,2011-07-22 13:59:00,2011-11-29 12:07:00,6,4082.5299999999997,2,Активные ценные,7.780107151176334,56.185569459748976
12500,2011-01-10 09:48:00,2011-11-16 16:20:00,11,4059.82,15,Активные ценные,7.803400885161891,56.23479230911496
12867,2010-12-14 16:39:00,2011-11-13 15:30:00,7,4036.82,18,Активные ценные,7.82669461914745,56.283736297463605
12957,2011-01-04 12:18:00,2011-11-30 09:53:00,8,4017.54,1,Активные ценные,7.849988353133007,56.332446527533364
17602,2011-01-19 16:18:00,2011-11-16 15:58:00,5,4014.28,15,Активные ценные,7.873282087118565,56.38111723208501
12378,2011-08-02 10:34:00,2011-08-02 10:34:00,1,4008.62,121,Остальные,7.896575821104123,56.4297193125776
16186,2010-12-02 14:40:00,2011-11-17 12:43:00,12,4006.94,14,Активные ценные,7.919869555089681,56.47830102409155
17769,2011-01-23 11:15:00,2011-11-27 11:18:00,10,3997.98,4,Активные ценные,7.943163289075239,56.52677410105265
15529,2010-12-08 12:24:00,2011-11-17 11:29:00,11,3992.6800000000003,14,Активные ценные,7.966457023060797,56.575182918735834
15416,2011-03-02 08:41:00,2011-10-06 09:38:00,4,3984.32,56,Активные повторные,7.989750757046354,56.62349037650142
12779,2010-12-03 13:40:00,2011-11-02 11:43:00,8,3981.36,29,Активные ценные,8.013044491031913,56.67176194606651
13523,2010-12-08 14:22:00,2011-11-06 15:11:00,5,3964.88,25,Активные ценные,8.03633822501747,56.71983370565048
12484,2011-01-07 14:04:00,2011-11-04 15:18:00,4,3953.7200000000003,27,Активные ценные,8.059631959003028,56.76777015701908
12955,2011-03-17 09:03:00,2011-11-23 10:08:00,9,3949.9399999999996,8,Активные ценные,8.082925692988587,56.815660778185695
12524,2011-01-10 10:35:00,2011-11-30 15:31:00,8,3945.72,1,Активные ценные,8.106219426974144,56.86350023441783
17651,2011-06-15 15:57:00,2011-11-28 10:29:00,10,3945.0,3,Активные ценные,8.129513160959702,56.91133096108768
17937,2010-12-12 14:43:00,2011-11-08 15:45:00,6,3940.92,23,Активные ценные,8.15280689494526,56.95911222023793
15187,2011-05-11 13:49:00,2011-11-24 13:28:00,12,3929.7,7,Активные ценные,8.176100628930818,57.00675744370929
12712,2010-12-03 14:30:00,2011-11-11 08:19:00,13,3928.13,20,Активные ценные,8.199394362916376,57.054383631885116
17567,2010-12-02 15:18:00,2011-10-13 12:52:00,7,3913.48,49,Активные повторные,8.222688096901933,57.10183219771729
15299,2010-12-02 16:48:00,2011-10-03 14:19:00,6,3907.01,59,Активные повторные,8.24598183088749,57.14920231873284
13999,2010-12-13 11:23:00,2011-11-29 13:40:00,12,3901.81,2,Активные ценные,8.269275564873048,57.1965093929097
16626,2011-03-18 12:27:00,2011-11-17 15:41:00,15,3888.8900000000003,14,Активные ценные,8.292569298858607,57.24365981994115
14422,2011-03-17 17:26:00,2011-11-22 14:59:00,5,3881.63,9,Активные ценные,8.315863032844165,57.29072222388627
18073,2011-05-26 19:38:00,2011-08-17 14:02:00,12,3877.5200000000004,106,Давно не покупавшие повторные,8.339156766829722,57.33773479658002
15804,2011-05-25 10:12:00,2011-11-28 15:50:00,12,3877.34,3,Активные ценные,8.36245050081528,57.38474518688321
12841,2010-12-03 10:43:00,2011-11-25 12:20:00,23,3871.34,6,Активные ценные,8.385744234800839,57.43168283083404
13124,2010-12-15 15:00:00,2011-09-11 12:45:00,3,3866.33,81,Остальные,8.409037968786397,57.478559731580674
16717,2010-12-08 16:48:00,2011-11-16 12:16:00,6,3858.38,15,Активные ценные,8.432331702771954,57.525340243410426
13266,2011-03-28 10:14:00,2011-11-28 14:39:00,12,3834.2599999999998,3,Активные ценные,8.455625436757511,57.57182831490375
14085,2010-12-06 12:39:00,2011-11-30 16:54:00,15,3817.55,1,Активные ценные,8.47891917074307,57.61811378780577
16327,2010-12-05 12:43:00,2011-11-25 13:23:00,6,3813.62,6,Активные ценные,8.502212904728628,57.664351611847
12755,2010-12-09 10:44:00,2011-03-04 12:42:00,2,3811.95,272,Давно не покупавшие повторные,8.525506638714186,57.7105691881535
16655,2011-01-12 10:16:00,2011-11-22 11:25:00,6,3794.52,9,Активные ценные,8.548800372699743,57.75657543630643
17364,2011-01-12 16:57:00,2011-11-24 14:40:00,8,3788.67,7,Активные ценные,8.572094106685302,57.8025107567658
16168,2010-12-05 11:38:00,2011-11-29 12:45:00,27,3787.6,2,Активные ценные,8.59538784067086,57.848433104125675
16019,2010-12-10 12:29:00,2011-10-24 11:51:00,9,3786.2400000000002,38,Активные повторные,8.618681574656417,57.89433896231236
16401,2011-01-16 10:56:00,2011-11-25 12:57:00,11,3785.58,6,Активные ценные,8.641975308641975,57.94023681840028
12747,2010-12-05 15:38:00,2011-11-17 17:13:00,10,3757.5099999999998,14,Активные ценные,8.665269042627534,57.985794342803125
14145,2011-05-06 13:01:00,2011-10-24 12:10:00,4,3742.2,38,Активные повторные,8.688562776613091,58.03116624276356
13552,2011-01-28 10:10:00,2011-10-04 15:19:00,12,3740.07,58,Активные повторные,8.711856510598649,58.076512317768916
16570,2011-02-01 10:37:00,2011-11-24 17:02:00,10,3738.4,7,Активные ценные,8.735150244584206,58.12183814503953
15808,2010-12-05 13:05:00,2011-02-06 14:33:00,4,3734.9700000000003,298,Давно не покупавшие повторные,8.758443978569765,58.167122385645385
14092,2010-12-16 15:47:00,2011-11-16 12:08:00,12,3722.45,15,Активные ценные,8.781737712555323,58.21225482886267
16240,2011-09-23 13:44:00,2011-11-15 14:30:00,2,3718.8,16,Остальные,8.80503144654088,58.257343018048935
14364,2011-05-12 12:56:00,2011-08-23 11:01:00,8,3717.35,100,Давно не покупавшие повторные,8.828325180526438,58.302413626866716
15845,2011-01-06 17:19:00,2011-11-22 09:42:00,8,3711.77,9,Активные ценные,8.851618914511997,58.347416581576816
15622,2011-03-02 13:42:00,2011-10-27 16:44:00,9,3709.56,35,Активные повторные,8.874912648497554,58.39239274138046
13148,2010-12-10 13:06:00,2011-11-10 15:23:00,12,3707.12,21,Активные ценные,8.898206382483112,58.437339317667494
17819,2010-12-03 14:26:00,2011-09-29 10:52:00,7,3704.87,63,Остальные,8.92150011646867,58.48225861407239
15379,2010-12-16 13:02:00,2011-06-23 13:13:00,7,3703.29,161,Давно не покупавшие повторные,8.944793850454229,58.52715875393784
17920,2010-12-01 11:49:00,2011-11-28 10:46:00,15,3701.13,3,Активные ценные,8.968087584439786,58.57203270511644
14401,2010-12-15 09:07:00,2011-11-01 13:37:00,12,3697.7,30,Активные ценные,8.991381318425343,58.61686506963028
16253,2011-03-29 13:33:00,2011-10-04 09:09:00,2,3683.86,58,Остальные,9.014675052410901,58.66152963255804
17611,2010-12-13 13:52:00,2011-11-09 09:01:00,13,3678.17,22,Активные ценные,9.03796878639646,58.70612520769499
14299,2010-12-09 10:30:00,2011-11-18 12:49:00,8,3676.1,13,Активные ценные,9.061262520382018,58.75069568534036
15296,2011-01-17 11:57:00,2011-10-20 11:47:00,6,3672.8599999999997,42,Активные повторные,9.084556254367575,58.795226879955486
13815,2011-01-25 12:16:00,2011-11-17 14:19:00,4,3667.36,14,Активные ценные,9.107849988353133,58.83969139041427
18079,2011-04-15 12:14:00,2011-10-25 15:27:00,4,3651.97,37,Активные повторные,9.131143722338692,58.883969306479294
13137,2011-02-04 11:54:00,2011-11-29 12:09:00,8,3650.41,2,Активные ценные,9.15443745632425,58.9282283084927
13381,2011-02-14 10:10:00,2011-11-08 11:58:00,6,3639.31,23,Активные ценные,9.177731190309807,58.97235272975425
17230,2010-12-15 11:22:00,2011-03-20 16:12:00,8,3638.41,256,Давно не покупавшие повторные,9.201024924295364,59.016466239062964
16712,2011-03-08 15:07:00,2011-11-30 13:48:00,11,3637.7799999999997,1,Активные ценные,9.224318658280922,59.06057211000468
13505,2011-04-21 12:07:00,2011-09-28 11:56:00,4,3633.63,64,Остальные,9.24761239226648,59.104627664719345
13327,2010-12-09 15:32:00,2011-11-01 10:21:00,8,3627.77,30,Активные ценные,9.270906126252038,59.14861217049654
12656,2011-04-20 09:20:00,2011-11-22 13:42:00,5,3619.17,9,Активные ценные,9.294199860237596,59.19249240650205
14040,2011-01-12 14:57:00,2011-10-30 12:42:00,12,3614.92,32,Активные повторные,9.317493594223153,59.236321113841306
13082,2011-01-05 15:42:00,2011-08-05 16:16:00,9,3613.63,118,Давно не покупавшие повторные,9.340787328208712,59.28013418071481
15505,2011-07-07 13:33:00,2011-10-18 07:56:00,5,3610.96,44,Активные повторные,9.36408106219427,59.32391487546152
15113,2011-10-16 15:27:00,2011-11-30 08:23:00,3,3608.94,1,Активные ценные,9.387374796179827,59.36767107893627
12449,2011-06-05 15:37:00,2011-11-17 13:46:00,4,3596.29,14,Активные ценные,9.410668530165385,59.41127390885148
14543,2010-12-10 11:51:00,2011-11-11 12:45:00,16,3590.68,20,Активные ценные,9.433962264150944,59.45480872092725
17001,2010-12-16 09:35:00,2011-11-17 15:24:00,10,3581.89,14,Активные ценные,9.457255998136501,59.49823695959682
12664,2011-01-21 11:42:00,2011-11-23 15:02:00,8,3581.88,8,Активные ценные,9.480549732122059,59.541665077022465
17203,2011-10-10 14:37:00,2011-11-04 12:27:00,6,3563.85,27,Активные ценные,9.503843466107616,59.58487459165931
15544,2010-12-02 12:47:00,2011-11-30 16:43:00,9,3546.71,1,Активные ценные,9.527137200093176,59.62787629421627
13448,2010-12-01 10:52:00,2011-11-23 12:33:00,6,3539.37,8,Активные ценные,9.550430934078733,59.67078900373553
13334,2011-02-07 11:42:00,2011-09-18 15:21:00,3,3536.82,74,Остальные,9.57372466806429,59.713670796055034
13183,2011-01-09 10:50:00,2011-11-02 14:50:00,8,3528.7200000000003,29,Активные ценные,9.597018402049848,59.75645438079887
12454,2011-10-14 17:13:00,2011-10-14 17:13:00,1,3528.34,48,Остальные,9.620312136035407,59.799233358273725
14547,2011-10-16 14:35:00,2011-11-27 13:49:00,6,3528.04,4,Активные ценные,9.643605870020965,59.842008698430966
15867,2010-12-05 14:17:00,2011-11-17 16:39:00,14,3520.52,14,Активные ценные,9.666899604006522,59.88469286315991
17160,2011-04-12 12:00:00,2011-11-08 14:05:00,6,3518.03,23,Активные ценные,9.69019333799208,59.927346838152644
16131,2011-04-14 08:32:00,2011-10-19 11:53:00,6,3506.54,43,Активные повторные,9.713487071977639,59.96986150388063
13993,2011-01-13 10:43:00,2011-10-28 09:06:00,9,3466.36,34,Активные повторные,9.736780805963196,60.01188901153572
13014,2011-03-03 18:28:00,2011-11-29 12:27:00,10,3466.2799999999997,2,Активные ценные,9.760074539948754,60.05391554923944
17758,2011-04-03 15:22:00,2011-11-20 14:45:00,8,3456.7,11,Активные ценные,9.783368273934311,60.09582593526724
15410,2011-03-23 10:15:00,2011-09-16 14:47:00,8,3450.84,76,Остальные,9.80666200791987,60.13766527235758
15129,2011-02-21 09:09:00,2011-10-20 14:40:00,11,3447.4,42,Активные повторные,9.829955741905428,60.17946290153924
15974,2011-02-24 10:10:00,2011-10-31 13:13:00,7,3442.15,31,Активные повторные,9.853249475890985,60.2211968776626
12727,2011-01-23 15:17:00,2011-11-29 11:46:00,7,3440.7,2,Активные ценные,9.876543209876543,60.26291327341747
17725,2011-03-17 19:47:00,2011-11-23 16:34:00,11,3439.08,8,Активные ценные,9.899836943862102,60.304610027657205
15676,2011-03-01 10:19:00,2011-11-21 12:40:00,3,3435.76,10,Активные ценные,9.92313067784766,60.3462665289153
14221,2011-01-04 15:33:00,2011-10-28 13:42:00,9,3432.8,34,Активные повторные,9.946424411833217,60.387887141972904
16145,2010-12-15 09:09:00,2011-10-30 13:17:00,10,3432.1,32,Активные повторные,9.969718145818774,60.42949926795607
17528,2011-09-29 13:04:00,2011-11-22 10:21:00,7,3428.0,9,Активные ценные,9.993011879804333,60.471061683931794
12370,2010-12-14 12:58:00,2011-10-19 14:51:00,4,3425.69,43,Активные повторные,10.016305613789891,60.51259609256187
12406,2011-06-09 10:23:00,2011-11-17 19:22:00,2,3415.3,14,Остальные,10.039599347775448,60.554004528758455
15981,2011-02-01 13:50:00,2011-11-15 08:00:00,8,3408.48,16,Активные ценные,10.062893081761006,60.59533027660122
13437,2011-06-02 14:30:00,2011-11-25 14:00:00,7,3408.06,6,Активные ценные,10.086186815746565,60.636650932199295
17669,2011-04-04 10:11:00,2011-10-28 08:53:00,7,3406.7200000000003,34,Активные повторные,10.109480549732123,60.67795534111202
13198,2010-12-13 09:29:00,2011-11-29 15:17:00,6,3401.24,2,Активные ценные,10.13277428371768,60.71919330835627
12429,2010-12-09 12:05:00,2011-11-30 17:22:00,4,3388.4,1,Активные ценные,10.156068017703237,60.760275598406494
15228,2011-02-18 09:04:00,2011-10-04 13:56:00,4,3386.71,58,Активные повторные,10.179361751688795,60.80133739823414
16904,2010-12-07 13:29:00,2011-11-10 13:46:00,14,3386.45,21,Активные ценные,10.202655485674354,60.842396045719845
13842,2010-12-08 10:39:00,2011-10-12 10:51:00,9,3385.62,50,Активные повторные,10.225949219659912,60.883444629960145
17091,2010-12-07 09:55:00,2011-11-08 10:17:00,8,3376.96,23,Активные ценные,10.249242953645469,60.92438821696522
14282,2010-12-07 12:21:00,2011-11-20 15:27:00,13,3371.64,11,Активные ценные,10.272536687631026,60.96526730220454
13435,2011-06-03 17:07:00,2011-11-15 15:23:00,6,3367.59,16,Активные ценные,10.295830421616586,61.006097283656025
14739,2010-12-07 14:58:00,2011-11-20 10:37:00,6,3367.32,11,Активные ценные,10.319124155602143,61.04692399152166
15708,2010-12-05 11:12:00,2011-10-30 10:54:00,7,3364.2400000000002,32,Активные повторные,10.3424178895877,61.087713356259755
14227,2011-02-28 12:27:00,2011-11-13 15:48:00,10,3350.96,18,Активные ценные,10.365711623573258,61.128341709071314
16818,2011-05-18 11:42:00,2011-11-29 10:41:00,11,3349.57,2,Активные ценные,10.389005357558817,61.16895320897792
13426,2010-12-15 12:43:00,2011-11-29 13:29:00,9,3349.54,2,Активные ценные,10.412299091544375,61.20956434515276
16607,2010-12-16 08:41:00,2011-11-22 10:24:00,14,3347.71,9,Активные ценные,10.435592825529932,61.250153293690126
13015,2011-04-04 14:28:00,2011-10-17 13:19:00,5,3346.2799999999997,45,Активные повторные,10.45888655951549,61.29072490434685
12700,2011-05-08 16:10:00,2011-10-05 09:57:00,3,3337.24,57,Активные повторные,10.482180293501049,61.33118691049937
12662,2010-12-01 13:04:00,2011-11-16 17:26:00,10,3336.83,15,Активные ценные,10.505474027486606,61.37164394565115
14291,2011-03-09 15:20:00,2011-10-13 09:16:00,9,3325.56,49,Активные повторные,10.528767761472164,61.411964338904426
16556,2010-12-14 13:32:00,2011-10-04 11:36:00,7,3313.79,58,Активные повторные,10.552061495457721,61.45214202806318
13373,2011-03-08 14:35:00,2011-10-10 10:51:00,3,3312.25,52,Активные повторные,10.57535522944328,61.49230104565816
16458,2010-12-14 11:51:00,2011-11-25 08:23:00,17,3307.2400000000002,6,Активные ценные,10.598648963428838,61.53239932004893
14841,2010-12-16 10:28:00,2011-10-17 15:03:00,6,3295.76,45,Активные повторные,10.621942697414395,61.57235840641888
15632,2011-03-10 08:29:00,2011-11-24 09:51:00,8,3285.31,7,Активные ценные,10.645236431399953,61.6121907928918
15764,2011-03-08 09:23:00,2011-09-12 17:58:00,6,3279.9700000000003,80,Остальные,10.668530165385512,61.65195843511115
12749,2011-05-10 15:25:00,2011-11-17 12:05:00,4,3277.82,14,Активные ценные,10.69182389937107,61.69170000988756
17723,2011-05-09 14:44:00,2011-08-04 18:37:00,6,3276.4000000000005,119,Давно не покупавшие повторные,10.715117633356627,61.73142436802726
14132,2011-06-09 12:04:00,2011-11-25 10:03:00,10,3270.9,6,Активные ценные,10.738411367342184,61.77108204201065
13952,2011-04-15 09:27:00,2011-05-06 09:00:00,2,3251.071,209,Давно не покупавшие повторные,10.761705101327744,61.8104993014239
17593,2010-12-22 10:29:00,2011-09-09 09:52:00,4,3249.14,83,Остальные,10.784998835313301,61.84989314863608
13047,2010-12-01 08:34:00,2011-10-14 11:15:00,9,3232.59,48,Активные повторные,10.808292569298859,61.8890863371597
17050,2011-02-13 12:41:00,2011-09-04 13:48:00,6,3228.84,88,Остальные,10.831586303284416,61.9282340592131
17576,2010-12-09 16:57:00,2011-11-01 17:20:00,18,3227.68,30,Активные ценные,10.854880037269975,61.967367716971715
14175,2011-01-14 12:22:00,2011-10-11 11:55:00,3,3222.3,51,Активные повторные,10.878173771255533,62.006436145501056
13880,2010-12-07 14:00:00,2011-11-18 13:44:00,13,3219.77,13,Активные ценные,10.90146750524109,62.04547389931849
14388,2010-12-02 11:02:00,2011-11-29 13:32:00,8,3212.84,2,Активные ценные,10.924761239226648,62.08442763109896
17173,2011-07-31 15:26:00,2011-11-29 14:38:00,7,3209.4,2,Активные ценные,10.948054973212207,62.123339654970756
12594,2011-01-21 09:52:00,2011-11-02 12:20:00,9,3208.2200000000003,29,Активные ценные,10.971348707197764,62.16223737205991
16107,2011-06-09 18:42:00,2011-11-22 09:40:00,7,3204.1600000000003,9,Активные ценные,10.994642441183322,62.201085864117324
18087,2011-02-22 10:43:00,2011-02-22 10:43:00,1,3202.9199999999996,282,Остальные,11.01793617516888,62.23991932192857
17220,2010-12-10 14:54:00,2011-11-15 13:47:00,14,3198.25,16,Активные ценные,11.041229909154437,62.278696158828915
16592,2011-02-25 10:19:00,2011-11-27 13:07:00,15,3195.52,4,Активные ценные,11.064523643139996,62.317439896138936
12597,2011-03-16 14:00:00,2011-11-20 13:33:00,4,3195.2200000000003,11,Активные ценные,11.087817377125553,62.35617999613133
13268,2011-03-17 13:20:00,2011-11-22 11:34:00,10,3192.65,9,Активные ценные,11.11111111111111,62.39488893643615
17685,2010-12-02 14:42:00,2011-11-23 11:36:00,7,3191.53,8,Активные ценные,11.134404845096668,62.433584297421866
13758,2010-12-01 12:08:00,2011-11-28 11:11:00,7,3190.55,3,Активные ценные,11.157698579082227,62.47226777650336
14844,2011-04-12 13:10:00,2011-10-07 10:41:00,4,3189.81,55,Активные повторные,11.180992313067785,62.51094228353472
17672,2011-02-03 13:29:00,2011-10-20 14:18:00,2,3178.17,42,Остальные,11.204286047053342,62.549475662642536
12668,2010-12-19 12:46:00,2011-11-28 10:56:00,4,3177.1499999999996,3,Активные ценные,11.2275797810389,62.58799667487045
17231,2010-12-13 14:16:00,2011-11-27 15:18:00,10,3174.3199999999997,4,Активные ценные,11.250873515024459,62.62648337506884
16837,2011-04-08 08:48:00,2011-11-08 14:27:00,11,3170.98,23,Активные ценные,11.274167249010016,62.66492957979776
16041,2011-07-21 16:27:00,2011-11-09 12:25:00,3,3166.4,22,Активные ценные,11.297460982995574,62.703320254811054
15861,2011-03-17 20:12:00,2011-11-27 15:59:00,8,3165.36,4,Активные ценные,11.320754716981131,62.7416983204566
17863,2010-12-05 13:21:00,2011-10-11 13:45:00,6,3160.0,51,Активные повторные,11.34404845096669,62.78001139936071
15065,2011-02-21 12:54:00,2011-11-02 09:45:00,4,3158.13,29,Активные ценные,11.367342184952248,62.81830180565167
12647,2010-12-05 14:02:00,2011-11-17 12:56:00,12,3146.82,14,Активные ценные,11.390635918937805,62.85645508506847
14235,2011-03-24 13:23:00,2011-09-25 14:37:00,5,3144.86,67,Остальные,11.413929652923363,62.894584600676815
13742,2011-01-23 14:59:00,2011-11-23 11:07:00,12,3131.02,8,Активные ценные,11.437223386908922,62.932546314699074
17491,2010-12-07 12:18:00,2011-11-25 13:10:00,9,3115.97,6,Активные ценные,11.46051712089448,62.970325556620864
13869,2010-12-17 15:14:00,2011-08-08 13:53:00,4,3104.95,115,Давно не покупавшие повторные,11.483810854880037,63.00797118774217
13953,2010-12-22 10:29:00,2011-10-18 10:55:00,6,3104.36,44,Активные повторные,11.507104588865595,63.04560966547216
17238,2010-12-03 15:05:00,2011-11-22 12:09:00,15,3104.1800000000003,9,Активные ценные,11.530398322851154,63.08324596081158
14099,2010-12-20 11:14:00,2011-11-23 13:53:00,11,3104.17,8,Активные ценные,11.553692056836711,63.12088213490708
15491,2011-04-18 10:04:00,2011-09-05 15:56:00,6,3100.09,87,Остальные,11.576985790822269,63.158468841482986
14257,2011-01-25 10:49:00,2011-10-06 16:54:00,5,3099.7200000000003,56,Активные повторные,11.600279524807826,63.196051062033824
13135,2011-05-27 10:52:00,2011-05-27 10:52:00,1,3096.0,188,Остальные,11.623573258793385,63.23358817984621
17059,2010-12-05 12:35:00,2011-11-10 12:27:00,5,3095.04,21,Активные ценные,11.646866992778943,63.271113658242214
12613,2011-03-22 15:42:00,2011-10-13 14:59:00,4,3092.38,49,Активные повторные,11.6701607267645,63.30860688575534
13362,2011-02-25 11:33:00,2011-11-30 14:41:00,4,3090.7400000000002,1,Активные ценные,11.693454460750058,63.3460802292655
15998,2010-12-12 13:32:00,2011-11-03 12:45:00,5,3089.9700000000003,28,Активные ценные,11.716748194735617,63.38354423699377
16218,2010-12-01 11:29:00,2011-11-10 09:59:00,7,3084.68,21,Активные ценные,11.740041928721174,63.420944106688054
13680,2011-01-04 14:12:00,2011-10-31 13:22:00,3,3084.04,31,Активные повторные,11.763335662706732,63.45833621677142
12910,2011-04-12 10:01:00,2011-11-16 14:28:00,8,3075.04,15,Активные ценные,11.78662939669229,63.495619207326264
13631,2011-03-17 17:13:00,2011-09-01 09:57:00,11,3070.42,91,Давно не покупавшие повторные,11.809923130677848,63.5328461831898
16686,2010-12-19 14:41:00,2011-10-23 13:49:00,7,3062.83,39,Активные повторные,11.833216864663406,63.56998113491761
17799,2010-12-13 13:10:00,2011-11-17 15:16:00,10,3055.93,14,Активные ценные,11.856510598648963,63.60703242834021
16242,2011-03-07 17:04:00,2011-11-21 14:26:00,6,3054.3,10,Активные ценные,11.87980433263452,63.644063959003766
16940,2011-02-23 12:27:00,2011-10-18 13:15:00,3,3049.88,44,Активные повторные,11.90309806662008,63.68104189985443
12643,2011-01-11 11:48:00,2011-08-03 12:56:00,6,3041.6400000000003,120,Давно не покупавшие повторные,11.926391800605638,63.71791993571451
16709,2011-03-03 10:55:00,2011-09-16 10:56:00,5,3029.87,76,Остальные,11.949685534591195,63.754655267480096
14907,2010-12-07 10:14:00,2011-11-11 13:25:00,6,3024.7400000000002,20,Активные ценные,11.972979268576752,63.791328401114406
12553,2011-01-14 10:42:00,2011-11-14 13:40:00,9,3019.26,17,Активные ценные,11.99627300256231,63.827935093080235
18094,2011-02-21 08:50:00,2011-09-19 09:28:00,7,3017.3,73,Остальные,12.01956673654787,63.86451802123763
12754,2011-02-04 10:31:00,2011-04-18 09:00:00,3,3010.74,227,Давно не покупавшие повторные,12.042860470533427,63.901021413383134
12916,2011-01-23 10:43:00,2011-07-24 10:35:00,4,3006.15,130,Давно не покупавшие повторные,12.066154204518984,63.93746915456909
15521,2011-03-30 09:15:00,2011-10-30 13:42:00,8,3000.2,32,Активные повторные,12.089447938504541,63.973844755622295
17659,2010-12-02 16:46:00,2011-11-22 13:29:00,12,2999.46,9,Активные ценные,12.1127416724901,64.01021138462536
17504,2011-01-21 11:09:00,2011-05-17 12:59:00,9,2997.03,198,Давно не покупавшие повторные,12.136035406475658,64.04654855135576
12502,2011-02-03 10:41:00,2011-09-05 11:52:00,5,2995.87,87,Остальные,12.159329140461216,64.08287165379134
14307,2010-12-01 11:41:00,2011-09-12 09:38:00,6,2995.7200000000003,80,Остальные,12.182622874446773,64.11919293756812
14639,2010-12-13 13:50:00,2011-10-18 15:06:00,6,2984.49,44,Активные повторные,12.205916608432332,64.1553780644221
13520,2010-12-03 10:36:00,2011-10-12 10:20:00,6,2984.35,50,Активные повторные,12.22921034241789,64.19156149386116
13451,2011-01-09 15:35:00,2011-11-13 15:58:00,5,2976.15,18,Активные ценные,12.252504076403447,64.22764550328537
16011,2010-12-08 16:34:00,2011-11-10 12:32:00,15,2968.79,21,Активные ценные,12.275797810389005,64.26364027718402
14146,2010-12-17 15:52:00,2011-09-19 15:01:00,4,2965.84,73,Остальные,12.299091544374564,64.2995992841261
16497,2011-01-10 13:20:00,2011-10-21 10:55:00,6,2965.69,41,Активные повторные,12.322385278360121,64.33555647240938
14702,2010-12-09 19:23:00,2011-11-21 11:50:00,15,2962.56,10,Активные ценные,12.345679012345679,64.3714757113455
17924,2010-12-01 10:51:00,2011-11-28 09:11:00,7,2962.5,3,Активные ценные,12.368972746331236,64.40739422281811
17084,2011-11-04 14:49:00,2011-11-04 14:54:00,2,2949.75,27,Остальные,12.392266480316795,64.44315814829197
14565,2010-12-13 13:25:00,2011-09-05 09:07:00,4,2949.12,87,Остальные,12.415560214302353,64.47891443539883
14395,2010-12-02 18:15:00,2011-10-10 17:26:00,8,2948.7200000000003,52,Активные повторные,12.43885394828791,64.51466587274888
12619,2011-03-31 13:10:00,2011-11-23 14:52:00,8,2945.56,8,Активные ценные,12.462147682273468,64.55037899702002
16316,2010-12-16 14:26:00,2011-10-06 13:48:00,8,2938.91,56,Активные повторные,12.485441416259027,64.58601149408396
14530,2011-02-16 10:47:00,2011-11-14 10:38:00,6,2925.91,17,Активные ценные,12.508735150244584,64.62148637405116
17512,2011-02-11 12:22:00,2011-11-11 12:11:00,10,2924.99,20,Активные ценные,12.532028884230142,64.65695009957767
15606,2011-01-19 12:07:00,2011-10-09 15:47:00,9,2920.16,53,Активные повторные,12.5553226182157,64.69235526429053
15484,2011-09-22 13:31:00,2011-11-21 17:00:00,3,2920.06,10,Активные ценные,12.578616352201259,64.72775921656417
12906,2011-09-22 15:03:00,2011-11-28 09:55:00,5,2919.81,3,Активные ценные,12.601910086186816,64.7631601377398
14112,2011-03-09 11:28:00,2011-11-17 12:30:00,7,2915.15,14,Активные ценные,12.625203820172374,64.79850455924846
12417,2010-12-17 11:51:00,2011-10-31 16:02:00,8,2901.37,31,Активные повторные,12.648497554157931,64.83368190663454
12480,2011-01-07 15:27:00,2011-11-11 14:52:00,4,2885.63,20,Активные ценные,12.67179128814349,64.86866841608963
13735,2011-04-19 13:49:00,2011-11-15 11:14:00,4,2885.24,16,Активные ценные,12.695085022129048,64.90365019703182
16633,2011-04-19 14:36:00,2011-11-22 13:41:00,6,2883.1,9,Активные ценные,12.718378756114605,64.938606031775
15673,2011-01-16 16:25:00,2011-09-12 16:12:00,4,2881.02,80,Остальные,12.741672490100163,64.97353664778268
14005,2011-05-08 10:33:00,2011-11-30 12:41:00,5,2874.7200000000003,1,Активные ценные,12.764966224085722,65.00839088012042
14711,2011-03-22 13:32:00,2011-11-29 14:58:00,11,2868.8,2,Активные ценные,12.78825995807128,65.04317333605717
13901,2011-01-25 09:01:00,2011-09-28 14:48:00,5,2867.2,64,Остальные,12.811553692056837,65.07793639296662
14535,2011-04-05 12:50:00,2011-10-10 15:39:00,3,2864.19,52,Активные повторные,12.834847426042394,65.11266295545597
18145,2011-01-31 12:10:00,2011-11-27 11:22:00,4,2861.55,4,Активные ценные,12.858141160027952,65.1473575095503
15443,2011-01-23 13:25:00,2011-11-27 12:29:00,6,2857.4,4,Активные ценные,12.88143489401351,65.18200174741759
15854,2010-12-13 11:47:00,2011-09-14 12:25:00,10,2839.94,78,Остальные,12.904728627999068,65.21643429339953
16928,2010-12-01 15:21:00,2011-09-20 15:10:00,17,2839.65,72,Остальные,12.928022361984626,65.2508633233078
14852,2011-04-01 13:22:00,2011-10-12 13:20:00,6,2836.69,50,Активные повторные,12.951316095970183,65.28525646501555
17596,2010-12-06 12:34:00,2011-11-16 14:11:00,7,2827.9300000000003,15,Активные ценные,12.974609829955742,65.31954339704888
16326,2011-01-09 12:01:00,2011-11-24 11:57:00,13,2827.42,7,Активные ценные,12.9979035639413,65.35382414564225
14842,2011-02-04 15:32:00,2011-10-27 12:37:00,4,2824.69,35,Активные повторные,13.021197297926857,65.38807179464531
13174,2010-12-05 16:24:00,2011-11-23 14:35:00,3,2813.0299999999997,8,Активные ценные,13.044491031912415,65.42217807323696
16871,2011-03-14 10:31:00,2011-11-17 19:27:00,6,2812.34,14,Активные ценные,13.067784765897974,65.4562759859981
14903,2011-03-06 11:50:00,2011-11-18 16:07:00,5,2810.63,13,Активные ценные,13.091078499883531,65.49035316604882
18230,2011-02-10 13:06:00,2011-11-30 13:22:00,7,2810.2000000000003,1,Активные ценные,13.114372233869089,65.52442513261096
12598,2011-02-28 11:58:00,2011-11-30 12:18:00,7,2807.08,1,Активные ценные,13.137665967854646,65.55845927106986
16081,2010-12-08 11:16:00,2011-10-14 13:06:00,5,2806.8999999999996,48,Активные повторные,13.160959701840206,65.5924912271382
16156,2011-02-02 12:02:00,2011-11-15 17:14:00,8,2806.4300000000003,16,Активные ценные,13.184253435825763,65.62651748474228
14032,2010-12-08 10:53:00,2011-11-23 16:24:00,10,2792.4700000000003,8,Активные ценные,13.20754716981132,65.66037448583322
12758,2011-03-08 12:05:00,2011-08-15 10:22:00,2,2791.59,108,Давно не покупавшие повторные,13.230840903796878,65.69422081745914
17739,2010-12-14 14:26:00,2011-11-28 09:12:00,7,2791.35,3,Активные ценные,13.254134637782437,65.72806423923097
14626,2011-04-20 13:18:00,2011-11-16 10:37:00,4,2791.27,15,Активные ценные,13.277428371767995,65.76190669105144
16678,2011-03-02 09:24:00,2011-11-29 13:17:00,11,2786.05,2,Активные ценные,13.300722105753552,65.79568585354535
12562,2011-05-25 12:44:00,2011-11-17 11:34:00,6,2785.37,14,Активные ценные,13.32401583973911,65.82945677145268
17213,2010-12-08 13:03:00,2011-10-30 14:53:00,7,2781.23,32,Активные повторные,13.347309573724669,65.8631774943769
12388,2011-01-17 11:12:00,2011-11-24 12:30:00,6,2780.6600000000003,7,Активные ценные,13.370603307710226,65.89689130639763
17838,2010-12-02 15:55:00,2011-11-13 11:20:00,5,2779.3,18,Активные ценные,13.393897041695784,65.93058862924516
14503,2011-06-14 10:00:00,2011-11-29 12:15:00,4,2772.39,2,Активные ценные,13.417190775681341,65.96420217254357
16905,2010-12-03 10:43:00,2011-11-20 13:37:00,6,2767.73,11,Активные ценные,13.4404845096669,65.997759216175
15356,2010-12-06 14:05:00,2011-11-08 13:11:00,10,2766.5,23,Активные ценные,13.463778243652458,66.03130134680418
15114,2011-02-11 08:45:00,2011-11-09 15:05:00,10,2760.56,22,Активные ценные,13.487071977638015,66.06477145854453
14854,2011-03-10 12:22:00,2011-09-22 17:00:00,7,2759.83,70,Остальные,13.510365711623573,66.09823271947869
13971,2011-02-27 12:27:00,2011-11-21 12:06:00,8,2758.26,10,Активные ценные,13.533659445609132,66.13167494511731
15321,2011-02-21 11:10:00,2011-09-30 09:40:00,3,2748.31,62,Остальные,13.55695317959469,66.16499653305496
16360,2011-09-12 13:50:00,2011-11-20 11:56:00,5,2748.19,11,Активные ценные,13.580246913580247,66.19831666606555
12670,2011-04-21 10:16:00,2011-11-29 15:23:00,5,2744.05,2,Активные ценные,13.603540647565804,66.23158660409304
15687,2011-01-13 15:13:00,2011-11-16 10:57:00,8,2741.51,15,Активные ценные,13.626834381551364,66.26482574616469
14808,2011-06-20 12:53:00,2011-10-31 12:21:00,8,2741.17,31,Активные повторные,13.650128115536921,66.29806076594303
14125,2011-09-22 15:40:00,2011-11-29 12:47:00,3,2740.43,2,Активные ценные,13.673421849522478,66.33128681367124
16393,2010-12-05 13:10:00,2011-11-28 13:58:00,12,2739.51,3,Активные ценные,13.696715583508036,66.36450170695878
15696,2011-01-17 11:24:00,2011-11-06 14:02:00,8,2736.46,25,Активные ценные,13.720009317493595,66.39767962085054
16003,2010-12-15 12:09:00,2011-11-10 09:57:00,5,2735.37,21,Активные ценные,13.743303051479153,66.43084431915494
12840,2011-04-27 12:21:00,2011-07-19 09:29:00,4,2726.77,135,Давно не покупавшие повторные,13.76659678546471,66.46390474768766
18272,2011-04-07 09:35:00,2011-10-25 11:52:00,5,2710.7,37,Активные повторные,13.789890519450267,66.49677033724
17069,2010-12-01 16:49:00,2011-11-11 17:13:00,9,2709.7,20,Активные ценные,13.813184253435825,66.52962380240027
13285,2011-02-22 17:13:00,2011-11-16 13:19:00,4,2709.12,15,Активные ценные,13.836477987421384,66.56247023541316
13654,2011-03-11 12:54:00,2011-10-27 16:24:00,6,2707.33,35,Активные повторные,13.859771721406942,66.59529496576425
14107,2010-12-10 13:29:00,2011-10-19 12:12:00,7,2703.23,43,Активные повторные,13.883065455392499,66.62806998610793
14572,2011-01-19 17:23:00,2011-10-30 14:04:00,6,2697.79,32,Активные повторные,13.906359189378056,66.66077904975879
12395,2010-12-03 16:35:00,2011-11-20 15:21:00,12,2682.63,11,Активные ценные,13.929652923363616,66.69330430762605
14456,2011-07-20 13:06:00,2011-11-17 17:18:00,8,2676.48,14,Активные ценные,13.952946657349173,66.72575500048215
13883,2011-03-31 17:17:00,2011-11-29 10:45:00,5,2674.48,2,Активные ценные,13.97624039133473,66.75818144455415
12569,2011-04-01 13:47:00,2011-11-23 14:39:00,26,2673.67,8,Активные ценные,13.999534125320288,66.79059806786856
15628,2010-12-08 09:51:00,2011-11-15 09:15:00,8,2667.29,16,Активные ценные,14.022827859305847,66.82293733756164
14713,2010-12-09 18:58:00,2011-11-30 16:26:00,11,2666.36,1,Активные ценные,14.046121593291405,66.85526533157012
16440,2011-05-09 12:25:00,2011-11-10 14:16:00,4,2665.24,21,Активные ценные,14.069415327276962,66.88757974625949
14439,2011-01-24 11:39:00,2011-01-24 11:39:00,1,2661.24,311,Остальные,14.09270906126252,66.91984566338063
15671,2011-03-14 09:37:00,2011-11-21 12:43:00,7,2657.13,10,Активные ценные,14.116002795248079,66.9520617492504
18144,2010-12-01 13:45:00,2011-11-09 09:22:00,11,2656.75,22,Активные ценные,14.139296529233636,66.98427322785119
13851,2011-02-24 17:18:00,2011-09-05 12:36:00,3,2651.46,87,Остальные,14.162590263219194,67.016420568418
16618,2011-01-21 11:55:00,2011-11-08 13:52:00,5,2647.59,23,Активные ценные,14.185883997204751,67.04852098758754
18260,2010-12-16 18:23:00,2011-06-20 12:37:00,6,2643.2000000000003,164,Давно не покупавшие повторные,14.20917773119031,67.08056818067594
13658,2011-05-19 17:15:00,2011-11-30 10:13:00,5,2639.17,1,Активные ценные,14.232471465175868,67.11256651246434
17655,2010-12-08 16:45:00,2011-11-29 11:34:00,7,2638.94,2,Активные ценные,14.255765199161425,67.14456205564258
15752,2010-12-02 09:43:00,2011-10-31 11:37:00,7,2637.38,31,Активные повторные,14.279058933146983,67.1765386847692
13804,2011-02-23 09:09:00,2011-11-09 12:32:00,7,2635.79,22,Активные ценные,14.302352667132542,67.20849603611245
13771,2011-04-06 15:47:00,2011-10-06 14:18:00,4,2634.45,56,Активные повторные,14.3256464011181,67.24043714077034
17183,2011-08-26 15:25:00,2011-11-17 14:41:00,5,2633.53,14,Активные ценные,14.348940135103657,67.27236709098756
13422,2011-10-06 13:42:00,2011-10-06 13:42:00,1,2626.3,56,Остальные,14.372233869089214,67.30420938185016
13644,2011-08-26 11:53:00,2011-11-23 14:07:00,4,2624.26,8,Активные ценные,14.395527603074774,67.33602693895298
17965,2010-12-05 15:54:00,2011-11-02 09:31:00,14,2622.57,29,Активные ценные,14.418821337060331,67.36782400583323
16255,2010-12-09 14:25:00,2011-11-23 12:40:00,8,2619.91,8,Активные ценные,14.442115071045889,67.3995888218306
12408,2011-03-24 14:46:00,2011-11-07 12:27:00,5,2618.55,24,Активные ценные,14.465408805031446,67.43133714865475
13870,2011-02-25 09:09:00,2011-10-30 16:11:00,7,2618.19,32,Активные повторные,14.488702539017005,67.46308111069779
15782,2011-09-11 14:29:00,2011-11-30 10:49:00,3,2614.7400000000002,1,Активные ценные,14.511996273002563,67.49478324358822
12836,2011-02-01 11:19:00,2011-10-11 15:10:00,4,2612.86,51,Активные повторные,14.53529000698812,67.52646258262158
18075,2010-12-14 10:48:00,2011-11-16 15:21:00,10,2611.75,15,Активные ценные,14.558583740973678,67.55812846357973
16241,2010-12-05 11:04:00,2011-11-30 11:08:00,13,2607.87,1,Активные ценные,14.581877474959237,67.58974730189672
13136,2011-05-11 12:47:00,2011-10-14 13:41:00,5,2607.6099999999997,48,Активные повторные,14.605171208944794,67.62136298787179
14408,2011-03-20 14:41:00,2011-11-29 11:41:00,7,2606.53,2,Активные ценные,14.628464942930352,67.65296557950342
13983,2010-12-08 10:38:00,2011-11-10 11:06:00,12,2603.4300000000003,21,Активные ценные,14.65175867691591,67.68453058551965
17317,2011-09-11 12:45:00,2011-10-24 17:19:00,3,2600.34,38,Активные повторные,14.675052410901468,67.71605812716444
16919,2010-12-06 12:52:00,2011-07-06 13:35:00,11,2596.4500000000003,148,Давно не покупавшие повторные,14.698346144887026,67.74753850492412
16764,2011-07-19 17:17:00,2011-11-30 11:30:00,12,2596.38,1,Активные ценные,14.721639878872583,67.77901803397636
12473,2011-06-01 10:15:00,2011-10-17 11:27:00,3,2596.23,45,Активные повторные,14.74493361285814,67.81049574436977
13895,2011-06-28 10:17:00,2011-11-11 16:57:00,4,2593.07,20,Активные ценные,14.768227346843698,67.8419351416843
12456,2011-03-30 09:12:00,2011-10-26 14:41:00,3,2581.04,36,Активные повторные,14.791521080829257,67.87322868256237
13911,2011-02-04 14:46:00,2011-10-13 15:43:00,9,2580.91,49,Активные повторные,14.814814814814815,67.90452064726945
16912,2011-01-20 15:42:00,2011-11-11 12:18:00,11,2575.38,20,Активные ценные,14.838108548800372,67.93574556408846
12685,2011-09-07 10:28:00,2011-11-11 13:46:00,6,2575.08,20,Активные ценные,14.86140228278593,67.96696684358986
15485,2010-12-01 13:23:00,2011-11-09 14:31:00,3,2575.0,22,Активные ценные,14.884696016771489,67.9981871531399
14868,2011-04-20 13:36:00,2011-11-18 14:40:00,7,2563.5,13,Активные ценные,14.907989750757046,68.02926803218125
17644,2011-03-24 09:44:00,2011-11-03 15:02:00,10,2562.88,28,Активные ценные,14.931283484742604,68.06034139409952
16308,2011-03-23 14:46:00,2011-11-02 11:24:00,4,2560.0,29,Активные ценные,14.954577218728161,68.09137983776868
15993,2011-10-26 16:21:00,2011-11-23 12:45:00,5,2553.43,8,Активные ценные,14.97787095271372,68.12233862418202
14334,2010-12-16 17:37:00,2011-11-23 10:01:00,8,2552.21,8,Активные ценные,15.001164686699278,68.15328261883704
14701,2011-01-27 12:40:00,2011-11-29 12:38:00,9,2549.37,2,Активные ценные,15.024458420684836,68.18419218021862
14676,2011-03-01 14:26:00,2011-11-08 13:29:00,6,2548.2400000000002,23,Активные ценные,15.047752154670393,68.21508804103716
13344,2011-03-07 10:28:00,2011-10-03 09:45:00,3,2543.7200000000003,59,Активные повторные,15.071045888655952,68.24592909960361
17346,2010-12-01 14:34:00,2011-11-28 11:54:00,14,2539.4700000000003,3,Активные ценные,15.09433962264151,68.2767186295038
14776,2011-01-31 13:17:00,2011-10-19 15:34:00,11,2538.3,43,Активные повторные,15.117633356627067,68.3074939738653
17700,2011-03-03 16:34:00,2011-11-23 11:51:00,4,2534.6400000000003,8,Активные ценные,15.140927090612625,68.33822494295184
17314,2011-01-31 11:25:00,2011-11-15 09:41:00,8,2527.92,16,Активные ценные,15.164220824598184,68.36887443612376
13975,2011-03-08 12:19:00,2011-11-08 13:19:00,6,2526.28,23,Активные ценные,15.187514558583741,68.39950404529273
15245,2011-03-23 13:42:00,2011-07-28 18:56:00,3,2515.84,126,Давно не покупавшие повторные,15.210808292569299,68.43000707580858
13695,2011-03-25 11:31:00,2011-11-08 14:26:00,15,2504.13,23,Активные ценные,15.234102026554856,68.46036812969344
16477,2010-12-03 12:48:00,2011-10-07 09:44:00,7,2494.46,55,Активные повторные,15.257395760540415,68.4906119407071
12356,2011-01-18 09:50:00,2011-11-17 08:40:00,3,2487.43,14,Активные ценные,15.280689494525973,68.52077051724459
16710,2010-12-06 13:13:00,2011-11-20 14:50:00,10,2483.04,11,Активные ценные,15.30398322851153,68.55087586770094
14243,2010-12-09 08:34:00,2011-11-01 13:20:00,9,2481.35,30,Активные ценные,15.327276962497088,68.58096072793471
14315,2011-03-18 12:59:00,2011-10-26 12:06:00,6,2481.13,36,Активные повторные,15.350570696482647,68.61104292080222
13588,2011-03-29 15:53:00,2011-11-24 10:42:00,9,2478.95,7,Активные ценные,15.373864430468204,68.64109868249506
13769,2010-12-07 13:28:00,2011-11-02 13:37:00,9,2478.59,29,Активные ценные,15.397158164453762,68.67115007940674
17682,2010-12-06 13:35:00,2011-11-29 15:59:00,6,2474.33,2,Активные ценные,15.42045189843932,68.70114982640827
17188,2010-12-12 12:56:00,2011-11-28 13:53:00,7,2474.23,3,Активные ценные,15.443745632424879,68.7311483609706
14502,2011-01-30 15:52:00,2011-11-20 11:50:00,11,2467.63,11,Активные ценные,15.467039366410436,68.76106687454532
17164,2011-03-11 14:26:00,2011-11-07 09:14:00,7,2467.35,24,Активные ценные,15.490333100395993,68.79098199329027
12438,2011-07-22 13:29:00,2011-11-25 13:28:00,2,2466.85,6,Остальные,15.51362683438155,68.82089104983919
13784,2011-01-11 14:38:00,2011-11-30 09:33:00,11,2462.79,1,Активные ценные,15.53692056836711,68.85075088135636
14163,2011-04-14 17:33:00,2011-09-13 15:18:00,4,2445.91,79,Остальные,15.560214302352668,68.8804060531356
18210,2011-03-17 16:58:00,2011-11-30 08:43:00,5,2443.4800000000005,1,Активные ценные,15.583508036338225,68.91003176264213
12708,2010-12-06 10:43:00,2011-11-10 09:52:00,10,2442.91,21,Активные ценные,15.606801770323782,68.93965056124519
13536,2011-09-25 13:30:00,2011-11-30 14:42:00,5,2439.29,1,Активные ценные,15.63009550430934,68.96922546954899
15527,2010-12-20 14:15:00,2011-11-21 12:17:00,8,2429.78,10,Активные ценные,15.6533892382949,68.9986850748843
17071,2011-02-03 08:18:00,2011-11-11 16:31:00,9,2429.03,20,Активные ценные,15.676682972280457,69.02813558692561
12380,2011-06-07 09:49:00,2011-11-18 11:27:00,4,2427.81,13,Активные ценные,15.699976706266014,69.05757130720858
17722,2010-12-08 12:41:00,2011-09-04 15:22:00,4,2424.04,88,Остальные,15.723270440251572,69.08696131853348
15089,2011-08-03 14:14:00,2011-11-29 16:31:00,6,2420.84,2,Активные ценные,15.74656417423713,69.11631253180381
15033,2011-01-14 13:28:00,2011-11-14 13:12:00,9,2415.57,17,Активные ценные,15.769857908222688,69.145599849528
12625,2011-01-24 13:27:00,2011-05-12 09:54:00,2,2413.8199999999997,203,Давно не покупавшие повторные,15.793151642208246,69.17486594956608
12726,2010-12-17 12:56:00,2011-11-11 13:35:00,7,2411.1,20,Активные ценные,15.816445376193803,69.20409907125774
16938,2011-02-04 09:34:00,2011-06-13 11:24:00,3,2410.75,171,Давно не покупавшие повторные,15.839739110179362,69.23332794941221
13230,2010-12-09 19:28:00,2011-11-10 20:01:00,13,2409.71,21,Активные ценные,15.86303284416492,69.26254421819893
17589,2011-04-13 13:47:00,2011-10-10 16:58:00,4,2402.92,52,Активные повторные,15.886326578150477,69.29167816236357
12578,2011-01-13 15:34:00,2011-11-18 13:30:00,2,2402.51,13,Остальные,15.909620312136035,69.32080713552746
15980,2011-03-30 15:05:00,2011-09-12 09:41:00,3,2398.8599999999997,80,Остальные,15.932914046121594,69.34989185466036
14251,2011-10-13 12:46:00,2011-11-29 12:07:00,4,2397.42,2,Активные ценные,15.956207780107151,69.37895911466867
17444,2011-06-20 09:04:00,2011-07-11 10:33:00,2,2389.1,143,Давно не покупавшие повторные,15.979501514092709,69.40792549973507
13141,2011-01-28 13:04:00,2011-09-16 09:54:00,5,2388.75,76,Остальные,16.002795248078268,69.43688764126425
12721,2010-12-20 11:38:00,2011-11-08 12:13:00,6,2386.13,23,Активные ценные,16.026088982063825,69.46581801688623
15370,2011-01-11 11:32:00,2011-10-30 10:58:00,7,2386.05,32,Активные повторные,16.049382716049383,69.49474742255686
14554,2011-10-18 13:04:00,2011-11-29 16:44:00,4,2381.04,2,Активные ценные,16.07267645003494,69.52361608502326
14239,2011-01-27 14:45:00,2011-10-27 14:40:00,11,2380.85,35,Активные повторные,16.095970184020498,69.55248244385517
14659,2011-01-28 12:43:00,2011-11-04 10:46:00,8,2380.5299999999997,27,Активные ценные,16.119263918006055,69.58134492288164
15270,2011-02-02 13:25:00,2011-11-24 09:24:00,7,2379.49,7,Активные ценные,16.142557651991613,69.61019479254036
18077,2010-12-08 10:21:00,2011-11-06 10:44:00,10,2377.67,25,Активные ценные,16.165851385977174,69.63902259580553
13722,2011-03-02 11:43:00,2011-07-31 12:44:00,3,2375.41,123,Давно не покупавшие повторные,16.18914511996273,69.66782299794464
14930,2011-03-10 14:42:00,2011-08-23 10:31:00,3,2372.86,100,Давно не покупавшие повторные,16.21243885394829,69.69659248288401
15755,2011-02-18 11:53:00,2011-11-29 14:57:00,6,2364.25,2,Активные ценные,16.235732587933846,69.72525757680776
17634,2011-01-06 12:45:00,2011-11-03 13:09:00,9,2361.97,28,Активные ценные,16.259026321919404,69.75389502711762
14030,2010-12-08 16:11:00,2011-11-21 16:48:00,8,2360.09,10,Активные ценные,16.28232005590496,69.78250968357041
15572,2011-03-06 14:44:00,2011-11-14 12:14:00,6,2357.88,17,Активные ценные,16.30561378989052,69.81109754511675
15140,2011-03-20 14:37:00,2011-10-18 14:07:00,7,2354.25,44,Активные повторные,16.328907523876076,69.83964139511991
12520,2011-03-11 11:35:00,2011-09-21 15:23:00,5,2346.26,71,Остальные,16.352201257861637,69.86808837123053
12455,2011-02-16 09:56:00,2011-09-27 15:31:00,5,2339.86,65,Остальные,16.375494991847194,69.89645775123199
18259,2010-12-08 13:38:00,2011-11-15 12:34:00,3,2338.6000000000004,16,Активные ценные,16.398788725832752,69.92481185449942
18257,2011-02-16 15:13:00,2011-10-31 14:48:00,8,2337.6299999999997,31,Активные повторные,16.42208245981831,69.95315419710658
15281,2011-01-10 15:51:00,2011-10-12 09:10:00,9,2332.15,50,Активные повторные,16.445376193803867,69.98143009804528
15785,2011-02-17 14:17:00,2011-11-07 11:33:00,5,2328.9700000000003,24,Активные ценные,16.468669927789424,70.0096674434172
17313,2011-11-08 15:45:00,2011-11-08 15:45:00,1,2328.84,23,Недавние однократные,16.49196366177498,70.03790321261816
12517,2011-06-02 15:13:00,2011-11-11 13:57:00,4,2322.84,20,Активные ценные,16.51525739576054,70.06606623546678
13908,2011-03-08 12:04:00,2011-09-21 11:49:00,4,2319.55,71,Остальные,16.538551129746097,70.09418936906553
17211,2010-12-05 12:44:00,2011-11-13 12:03:00,8,2317.2200000000003,18,Активные ценные,16.561844863731658,70.12228425283078
15271,2010-12-09 13:47:00,2011-11-13 13:26:00,14,2314.99,18,Активные ценные,16.585138597717215,70.15035209920174
14290,2010-12-13 10:24:00,2011-11-28 14:02:00,5,2314.65,3,Активные ценные,16.608432331702772,70.1784158232794
15365,2011-01-28 13:08:00,2011-11-14 08:29:00,7,2314.32,17,Активные ценные,16.63172606568833,70.2064755463077
14262,2011-04-13 12:23:00,2011-11-22 10:35:00,7,2313.5299999999997,9,Активные ценные,16.655019799673887,70.23452569106625
17402,2010-12-05 13:53:00,2011-11-09 13:12:00,11,2312.0499999999997,22,Активные ценные,16.678313533659445,70.26255789172455
12600,2010-12-03 12:57:00,2011-11-11 10:29:00,10,2311.04,20,Активные ценные,16.701607267645002,70.29057784674688
13021,2010-12-16 10:12:00,2011-11-14 10:28:00,8,2310.9500000000003,17,Активные ценные,16.72490100163056,70.31859671057393
15288,2010-12-09 13:59:00,2011-10-27 16:58:00,5,2306.52,35,Активные повторные,16.74819473561612,70.34656186334414
12360,2011-05-23 09:43:00,2011-10-18 15:22:00,3,2302.06,44,Активные повторные,16.771488469601678,70.37447294132579
16735,2011-01-09 12:53:00,2011-09-22 11:49:00,5,2300.56,70,Остальные,16.794782203587236,70.40236583271935
16550,2010-12-06 13:53:00,2011-08-23 11:12:00,5,2298.9700000000003,100,Давно не покупавшие повторные,16.818075937572793,70.43023944632954
15105,2011-07-28 10:09:00,2011-11-21 16:54:00,7,2298.93,10,Активные ценные,16.84136967155835,70.45811257496402
13115,2011-06-08 16:15:00,2011-11-28 12:38:00,4,2294.78,3,Активные ценные,16.864663405543908,70.4859353873715
15704,2011-05-08 12:42:00,2011-07-22 13:35:00,4,2293.62,132,Давно не покупавшие повторные,16.887957139529465,70.51374413548417
17728,2011-09-14 11:39:00,2011-10-05 08:17:00,2,2288.16,57,Остальные,16.911250873515023,70.54148668441621
13527,2011-01-17 11:17:00,2011-11-06 12:04:00,7,2287.51,25,Активные ценные,16.934544607500584,70.56922135249341
17696,2010-12-10 09:51:00,2011-11-01 13:43:00,8,2285.71,30,Активные ценные,16.95783834148614,70.5969341966649
16782,2010-12-09 11:28:00,2011-11-29 13:20:00,13,2279.9,2,Активные ценные,16.9811320754717,70.62457659811854
13317,2010-12-16 09:22:00,2011-10-04 13:35:00,6,2273.6800000000003,58,Активные повторные,17.004425809457256,70.65214358585357
14466,2010-12-02 13:36:00,2011-11-10 14:07:00,7,2272.4,21,Активные ценные,17.027719543442814,70.67969505436677
13700,2011-01-16 13:18:00,2011-11-13 13:00:00,10,2265.12,18,Активные ценные,17.05101327742837,70.70715825730578
16057,2011-02-28 10:35:00,2011-11-23 15:23:00,7,2263.12,8,Активные ценные,17.07430701141393,70.73459721146068
15796,2011-02-10 15:40:00,2011-11-22 13:41:00,7,2262.91,9,Активные ценные,17.097600745399486,70.76203361949325
16209,2011-04-07 12:23:00,2011-09-12 11:58:00,5,2262.62,80,Остальные,17.120894479385047,70.78946651145212
14432,2011-09-11 14:09:00,2011-11-30 08:04:00,6,2255.51,1,Активные ценные,17.144188213370605,70.81681319898345
16293,2010-12-07 15:02:00,2011-11-18 09:58:00,10,2248.9900000000002,13,Активные ценные,17.167481947356162,70.84408083547856
17442,2011-02-22 13:02:00,2011-11-03 09:17:00,6,2248.56,28,Активные ценные,17.19077568134172,70.8713432584851
15235,2010-12-01 17:22:00,2011-05-06 09:44:00,12,2247.51,209,Давно не покупавшие повторные,17.214069415327277,70.89859295087996
15665,2011-04-10 15:09:00,2011-06-24 14:57:00,2,2242.01,160,Давно не покупавшие повторные,17.237363149312834,70.92577595911851
14211,2011-02-17 15:50:00,2011-10-17 13:23:00,9,2241.1,45,Активные повторные,17.26065688329839,70.95294793416026
17940,2011-02-10 09:29:00,2011-10-21 13:27:00,9,2238.58,41,Активные повторные,17.28395061728395,70.98008935573405
14732,2011-01-04 14:40:00,2011-11-09 10:32:00,7,2238.38,22,Активные ценные,17.30724435126951,71.00722835242944
16743,2010-12-16 12:15:00,2011-11-10 13:13:00,7,2238.09,21,Активные ценные,17.330538085255068,71.03436383305112
14700,2011-04-15 13:16:00,2011-11-07 14:40:00,3,2235.2999999999997,24,Активные ценные,17.353831819240625,71.06146548661894
16771,2011-01-05 13:57:00,2011-11-06 13:28:00,5,2234.8100000000004,25,Активные ценные,17.377125553226183,71.08856119923468
18242,2011-05-10 11:20:00,2011-09-28 13:43:00,4,2232.49,64,Остальные,17.40041928721174,71.11562878326083
14226,2011-03-15 15:36:00,2011-11-11 11:34:00,5,2232.19,20,Активные ценные,17.423713021197297,71.14269272996937
15834,2011-03-07 17:52:00,2011-09-30 14:41:00,4,2231.25,62,Остальные,17.447006755182855,71.16974527974936
17591,2010-12-07 15:39:00,2011-09-27 13:42:00,7,2225.9700000000003,65,Остальные,17.470300489168412,71.1967338127393
13365,2011-05-06 12:00:00,2011-11-06 12:36:00,2,2225.37,25,Остальные,17.49359422315397,71.22371507109399
15722,2011-02-22 12:24:00,2011-11-04 11:43:00,5,2222.56,27,Активные ценные,17.51688795713953,71.250662259907
15811,2010-12-09 15:29:00,2011-11-17 15:31:00,6,2218.62,14,Активные ценные,17.54018169112509,71.27756167861531
13394,2011-02-03 10:39:00,2011-10-17 10:17:00,7,2217.92,45,Активные повторные,17.563475425110646,71.30445261024917
12397,2011-07-27 14:21:00,2011-11-04 09:52:00,2,2214.8999999999996,27,Остальные,17.586769159096203,71.33130692621903
12653,2011-02-16 10:53:00,2011-07-14 10:41:00,2,2209.85,140,Давно не покупавшие повторные,17.61006289308176,71.35810001400898
13862,2011-01-11 15:13:00,2011-11-21 16:24:00,8,2209.36,10,Активные ценные,17.633356627067318,71.38488716084683
15179,2011-01-24 13:48:00,2011-11-21 12:53:00,5,2206.95,10,Активные ценные,17.656650361052876,71.41164508789981
13831,2010-12-05 12:13:00,2011-11-23 15:41:00,6,2202.99,8,Активные ценные,17.679944095038433,71.43835500236024
17406,2010-12-08 10:35:00,2011-01-10 15:07:00,3,2200.42,325,Давно не покупавшие повторные,17.703237829023994,71.46503375713309
13994,2011-07-14 18:28:00,2011-10-31 11:10:00,5,2197.04,31,Активные повторные,17.72653156300955,71.49167153146078
14560,2010-12-17 09:22:00,2011-11-23 09:35:00,21,2196.97,8,Активные ценные,17.74982529699511,71.51830845708102
15932,2011-02-23 14:50:00,2011-09-12 14:24:00,7,2195.65,80,Остальные,17.773119030980666,71.54492937850375
15797,2011-02-08 10:17:00,2011-08-18 17:04:00,3,2192.4,105,Давно не покупавшие повторные,17.796412764966224,71.5715108956523
16628,2011-04-19 08:55:00,2011-11-10 12:45:00,5,2188.05,21,Активные ценные,17.81970649895178,71.59803967169537
14397,2011-05-10 12:25:00,2011-11-28 12:30:00,17,2183.76,3,Активные ценные,17.84300023293734,71.62451643409652
15394,2010-12-16 12:46:00,2011-11-30 11:49:00,4,2183.54,1,Активные ценные,17.866293966922896,71.65099052913142
14341,2011-01-25 13:55:00,2011-10-25 15:48:00,8,2182.28,37,Активные повторные,17.889587700908457,71.67744934743234
12909,2011-03-31 12:51:00,2011-10-31 12:43:00,5,2178.67,31,Активные повторные,17.912881434894015,71.70386439667791
17530,2010-12-09 20:01:00,2011-11-23 17:32:00,9,2164.6,8,Активные ценные,17.936175168879572,71.73010885572722
16456,2010-12-01 14:11:00,2011-09-01 13:50:00,5,2158.37,91,Давно не покупавшие повторные,17.95946890286513,71.75627777981401
13224,2011-07-11 14:10:00,2011-10-10 14:55:00,2,2152.95,52,Остальные,17.982762636850687,71.78238098969587
17272,2011-03-22 12:05:00,2011-10-28 16:37:00,4,2148.63,34,Активные повторные,18.006056370836244,71.808431822204
13704,2011-09-12 14:40:00,2011-11-17 14:30:00,8,2143.38,14,Активные ценные,18.029350104821802,71.83441900165384
14407,2011-03-08 11:59:00,2011-08-24 14:02:00,5,2142.73,99,Давно не покупавшие повторные,18.05264383880736,71.86039830024886
14828,2011-01-07 09:50:00,2011-05-27 10:16:00,3,2139.76,188,Давно не покупавшие повторные,18.07593757279292,71.88634158939945
17400,2010-12-21 17:16:00,2011-08-05 15:38:00,5,2129.96,118,Давно не покупавшие повторные,18.099231306778478,71.91216605950785
13517,2011-06-13 08:44:00,2011-10-11 11:43:00,3,2128.42,51,Активные повторные,18.122525040764035,71.9379718580525
14360,2011-09-06 11:58:00,2011-11-08 09:12:00,4,2128.23,23,Активные ценные,18.145818774749593,71.96377535296268
16407,2011-01-31 14:02:00,2011-11-27 11:05:00,10,2126.93,4,Активные ценные,18.16911250873515,71.98956308616316
14825,2010-12-06 12:30:00,2011-11-24 10:07:00,11,2125.82,7,Активные ценные,18.192406242720708,72.01533736128846
15750,2010-12-08 10:36:00,2011-11-24 19:30:00,7,2125.09,7,Активные ценные,18.215699976706265,72.04110278560755
14640,2011-04-26 12:31:00,2011-11-15 13:07:00,6,2125.08,16,Активные ценные,18.238993710691823,72.06686808868272
15058,2011-01-31 15:35:00,2011-11-14 14:57:00,11,2124.9900000000002,17,Активные ценные,18.262287444677384,72.09263230056261
13632,2011-04-10 15:07:00,2011-11-15 10:51:00,5,2121.27,16,Активные ценные,18.28558117866294,72.11835140970405
18061,2010-12-08 13:03:00,2011-11-18 11:20:00,10,2119.41,13,Активные ценные,18.3088749126485,72.14404796747625
18008,2011-01-25 12:26:00,2011-09-30 15:17:00,9,2116.19,62,Остальные,18.332168646634056,72.16970548470603
14691,2011-05-11 09:55:00,2011-11-09 12:30:00,5,2114.33,22,Активные ценные,18.355462380619613,72.19534045056658
15674,2011-03-30 09:19:00,2011-09-27 15:17:00,4,2111.8900000000003,65,Остальные,18.37875611460517,72.2209458329105
13265,2011-03-11 09:54:00,2011-10-17 15:02:00,5,2107.6600000000003,45,Активные повторные,18.40204984859073,72.24649992907602
18173,2011-03-10 11:56:00,2011-09-14 11:26:00,4,2106.84,78,Остальные,18.425343582576286,72.27204408324006
18093,2011-02-10 12:15:00,2011-09-07 15:43:00,4,2106.52,85,Остальные,18.448637316561843,72.29758435759862
14461,2011-03-23 12:15:00,2011-07-14 17:11:00,3,2102.67,140,Давно не покупавшие повторные,18.471931050547404,72.32307795304777
14515,2011-05-05 12:13:00,2011-11-22 11:37:00,6,2102.09,9,Активные ценные,18.49522478453296,72.34856451634953
15815,2011-03-25 08:43:00,2011-10-07 12:42:00,5,2100.6,55,Активные повторные,18.51851851851852,72.37403301430712
16875,2011-01-04 10:37:00,2011-10-03 13:39:00,5,2095.53,59,Активные повторные,18.541812252504076,72.39944004159696
17191,2010-12-06 14:36:00,2011-11-11 16:58:00,7,2095.13,20,Активные ценные,18.565105986489634,72.42484221913
14306,2011-09-15 10:31:00,2011-10-19 13:23:00,2,2093.32,43,Остальные,18.58839972047519,72.4502224515134
13571,2011-03-31 12:43:00,2011-11-27 10:47:00,12,2092.32,4,Активные ценные,18.61169345446075,72.47559055950477
17449,2010-12-15 10:57:00,2011-10-25 17:22:00,6,2092.17,37,Активные повторные,18.634987188446306,72.50095684883728
15984,2010-12-06 13:21:00,2011-09-29 19:30:00,8,2091.96,63,Остальные,18.658280922431867,72.52632059204748
14810,2010-12-05 12:08:00,2011-10-30 11:19:00,11,2087.88,32,Активные повторные,18.681574656417425,72.5516348677381
18231,2011-02-24 09:08:00,2011-05-31 14:18:00,5,2083.27,184,Давно не покупавшие повторные,18.704868390402982,72.57689324998131
14546,2011-04-05 12:37:00,2011-10-30 11:47:00,4,2078.1,32,Активные повторные,18.72816212438854,72.60208894911759
16076,2011-05-15 12:31:00,2011-11-17 17:16:00,9,2073.75,14,Активные ценные,18.751455858374097,72.62723190714841
14209,2011-01-11 12:56:00,2011-11-29 10:18:00,6,2073.4300000000003,2,Активные ценные,18.774749592359655,72.65237098537376
18241,2011-05-06 09:22:00,2011-11-30 12:10:00,17,2073.09,1,Активные ценные,18.798043326345212,72.67750594130584
15373,2010-12-03 14:40:00,2011-11-21 09:55:00,11,2070.38,10,Активные ценные,18.82133706033077,72.70260804013542
14482,2011-04-14 16:41:00,2011-11-21 13:14:00,6,2068.15,10,Активные ценные,18.84463079431633,72.72768310157072
12948,2011-03-20 10:17:00,2011-11-23 17:10:00,7,2064.95,8,Активные ценные,18.867924528301888,72.75271936495145
12928,2010-12-15 15:45:00,2011-11-04 14:24:00,5,2062.7,27,Активные ценные,18.891218262287445,72.77772834845003
16281,2011-09-28 14:57:00,2011-09-28 14:57:00,1,2062.06,64,Остальные,18.914511996273003,72.80272957233767
14409,2010-12-06 15:03:00,2011-09-29 18:18:00,6,2059.4500000000003,63,Остальные,18.93780573025856,72.82769915156207
17667,2011-02-14 09:24:00,2011-10-04 14:32:00,5,2055.51,58,Активные повторные,18.961099464244118,72.85262096068175
14188,2011-02-02 13:46:00,2011-11-09 12:45:00,6,2054.36,22,Активные ценные,18.984393198229675,72.87752882675058
12584,2011-03-04 15:15:00,2011-11-22 08:34:00,8,2053.7,9,Активные ценные,19.007686932215233,72.90242869072063
12876,2011-05-27 13:34:00,2011-10-13 12:26:00,2,2053.02,49,Остальные,19.030980666200794,72.92732031010407
16150,2010-12-02 18:27:00,2011-10-28 12:39:00,5,2053.02,34,Активные повторные,19.05427440018635,72.95221192948753
17434,2011-09-15 13:54:00,2011-11-30 15:58:00,6,2052.48,1,Активные ценные,19.07756813417191,72.97709700169928
14766,2010-12-08 15:33:00,2011-09-20 09:45:00,5,2050.85,72,Остальные,19.100861868157466,73.00196231115196
17612,2011-02-15 10:40:00,2011-10-17 14:59:00,6,2048.45,45,Активные повторные,19.124155602143023,73.02679852206371
14232,2011-03-20 12:44:00,2011-10-28 11:09:00,5,2048.07,34,Активные повторные,19.14744933612858,73.0516301257065
17625,2011-03-27 12:21:00,2011-11-21 13:36:00,4,2047.0,10,Активные ценные,19.17074307011414,73.07644875624976
17597,2011-05-10 11:54:00,2011-05-10 11:54:00,1,2044.3700000000001,205,Остальные,19.194036804099696,73.10123549964192
13450,2011-05-05 19:48:00,2011-11-13 11:54:00,6,2043.72,18,Активные ценные,19.217330538085257,73.12601436217922
12457,2011-04-14 18:57:00,2011-10-04 13:13:00,6,2043.23,58,Активные повторные,19.240624272070814,73.15078728376443
14001,2010-12-01 12:58:00,2011-10-25 10:31:00,3,2043.08,37,Активные повторные,19.26391800605637,73.17555838669082
17954,2010-12-03 14:18:00,2011-10-02 15:52:00,11,2039.76,60,Активные повторные,19.28721174004193,73.2002892366356
13593,2011-01-07 16:32:00,2011-08-23 13:35:00,5,2037.0800000000002,100,Давно не покупавшие повторные,19.310505474027487,73.22498759320965
18069,2011-01-16 15:50:00,2011-11-13 16:03:00,5,2036.67,18,Активные ценные,19.333799208013044,73.24968097878295
16409,2011-01-26 14:51:00,2011-11-03 16:45:00,5,2028.88,28,Активные ценные,19.3570929419986,73.27427991534212
17337,2011-02-02 17:06:00,2011-07-11 14:55:00,4,2026.42,143,Давно не покупавшие повторные,19.38038667598416,73.29884902589683
12501,2011-01-07 12:28:00,2011-01-07 12:28:00,1,2025.39,328,Остальные,19.403680409969716,73.3234056483277
14544,2010-12-13 12:50:00,2011-11-15 15:06:00,2,2024.45,16,Остальные,19.426974143955277,73.34795087383004
13507,2011-07-17 11:50:00,2011-09-02 15:45:00,3,2022.79,90,Остальные,19.450267877940835,73.37247597284158
15341,2011-09-20 09:40:00,2011-09-20 09:40:00,1,2020.52,72,Остальные,19.473561611926392,73.39697354948315
14506,2010-12-05 14:25:00,2011-11-22 13:02:00,5,2012.17,9,Активные ценные,19.49685534591195,73.42136988745102
18097,2010-12-20 14:49:00,2011-08-05 10:32:00,5,2011.4,118,Давно не покупавшие повторные,19.520149079897507,73.44575688963701
14121,2011-10-11 10:39:00,2011-11-29 13:43:00,3,2008.99,2,Активные ценные,19.543442813883065,73.47011467203815
15372,2011-07-25 16:39:00,2011-07-25 16:39:00,1,2007.3999999999999,129,Остальные,19.566736547868622,73.49445317665591
16098,2010-12-01 09:45:00,2011-09-13 09:59:00,7,2005.63,79,Остальные,19.59003028185418,73.51877022109973
13755,2011-10-07 15:45:00,2011-11-30 13:29:00,8,2004.45,1,Активные ценные,19.61332401583974,73.54307295876092
17082,2011-01-25 14:36:00,2011-11-06 15:17:00,2,2003.8500000000001,25,Остальные,19.636617749825298,73.56736842178687
16754,2010-12-02 17:38:00,2010-12-02 17:38:00,1,2002.4,364,Остальные,19.659911483810856,73.59164630444434
15493,2011-03-14 11:44:00,2011-11-07 12:04:00,5,2001.8,24,Активные ценные,19.683205217796413,73.61591691246657
18188,2011-02-22 14:43:00,2011-11-24 16:46:00,3,2001.04,7,Активные ценные,19.70649895178197,73.64017830595084
14462,2011-01-04 12:45:00,2011-10-04 15:55:00,11,1999.02,58,Активные повторные,19.729792685767528,73.66441520816313
16698,2011-03-31 13:33:00,2011-04-27 10:52:00,2,1998.0,218,Давно не покупавшие повторные,19.753086419753085,73.68863974349554
18204,2011-05-31 15:26:00,2011-09-29 16:44:00,3,1993.6999999999998,63,Остальные,19.776380153738643,73.71281214394212
17679,2011-09-15 10:35:00,2011-10-18 07:43:00,2,1992.1100000000001,44,Остальные,19.799673887724204,73.73696526660531
17088,2011-03-31 09:48:00,2011-11-11 14:23:00,4,1991.01,20,Активные ценные,19.82296762170976,73.76110505243723
13246,2011-01-13 13:36:00,2011-11-21 16:50:00,6,1987.3,10,Активные ценные,19.84626135569532,73.7851998567746
13590,2011-02-09 13:25:00,2011-11-28 12:54:00,6,1981.92,3,Активные ценные,19.869555089680876,73.80922943188271
13725,2011-02-04 12:18:00,2011-10-21 10:03:00,8,1980.56,41,Активные повторные,19.892848823666434,73.83324251781762
17422,2011-02-16 14:44:00,2011-11-23 13:27:00,6,1979.37,8,Активные ценные,19.91614255765199,73.85724117572599
16341,2011-05-22 13:20:00,2011-11-15 09:12:00,4,1971.87,16,Активные ценные,19.93943629163755,73.88114890069392
17997,2011-06-28 17:28:00,2011-09-26 16:13:00,8,1970.6699999999998,66,Остальные,19.962730025623106,73.90504207639138
12856,2011-10-07 12:38:00,2011-11-21 11:34:00,5,1966.83,10,Активные ценные,19.986023759608667,73.92888869442334
17790,2010-12-10 10:47:00,2011-11-13 11:30:00,14,1965.5500000000002,18,Активные ценные,20.009317493594224,73.95271979323346
14309,2010-12-16 13:05:00,2011-11-11 09:46:00,8,1962.66,20,Активные ценные,20.032611227579782,73.97651585255052
15351,2010-12-05 11:49:00,2011-11-27 12:52:00,7,1960.1100000000001,4,Активные ценные,20.05590496156534,74.00028099466786
14498,2010-12-13 11:29:00,2011-10-28 12:09:00,5,1957.32,34,Активные повторные,20.079198695550897,74.02401230973135
12853,2011-01-28 10:28:00,2011-07-28 11:29:00,6,1957.1000000000001,126,Давно не покупавшие повторные,20.102492429536454,74.04774095742856
14533,2010-12-22 11:07:00,2011-11-15 12:05:00,7,1949.72,16,Активные ценные,20.12578616352201,74.07138012711239
16143,2010-12-05 15:18:00,2011-08-23 16:01:00,5,1949.3600000000001,100,Давно не покупавшие повторные,20.14907989750757,74.0950149320151
18065,2010-12-10 12:44:00,2011-09-14 11:36:00,11,1949.19,78,Остальные,20.17237363149313,74.11864767577116
12913,2010-12-06 16:36:00,2011-11-24 10:39:00,4,1948.5300000000002,7,Активные ценные,20.195667365478688,74.14227241742844
15814,2011-10-20 09:04:00,2011-11-23 08:17:00,4,1945.33,8,Активные ценные,20.218961099464245,74.16585836103114
15518,2011-01-11 12:55:00,2011-10-06 13:05:00,8,1942.45,56,Активные повторные,20.242254833449802,74.18940938638471
14472,2010-12-19 14:03:00,2011-08-28 11:01:00,8,1936.84,95,Давно не покупавшие повторные,20.26554856743536,74.21289239389884
15864,2011-01-27 16:43:00,2011-11-17 13:32:00,6,1936.32,14,Активные ценные,20.288842301420917,74.2363690967291
13685,2011-10-10 12:59:00,2011-10-25 13:14:00,3,1934.45,37,Активные повторные,20.312136035406475,74.25982312694623
14978,2011-01-13 12:03:00,2011-09-28 13:07:00,5,1931.42,64,Остальные,20.335429769392032,74.2832404202554
16983,2010-12-05 12:34:00,2011-11-27 12:10:00,7,1931.25,4,Активные ценные,20.35872350337759,74.30665565241792
12633,2011-02-25 08:44:00,2011-10-12 11:40:00,4,1929.98,50,Активные повторные,20.38201723736315,74.33005548660252
13094,2010-12-06 10:34:00,2011-11-18 14:07:00,12,1927.3200000000002,13,Активные ценные,20.405310971348708,74.35342306990425
16942,2011-04-26 11:59:00,2011-11-27 12:40:00,9,1920.5900000000001,4,Активные ценные,20.428604705334266,74.37670905604743
17368,2011-01-06 11:57:00,2011-11-16 15:26:00,8,1912.6699999999998,15,Активные ценные,20.451898439319823,74.39989901700552
12684,2011-05-10 12:55:00,2011-11-15 10:50:00,5,1912.23,16,Активные ценные,20.47519217330538,74.4230836432311
12483,2011-01-04 14:20:00,2011-11-22 17:02:00,8,1910.98,9,Активные ценные,20.498485907290938,74.4462531139666
14217,2010-12-08 13:28:00,2011-11-28 12:08:00,16,1910.5,3,Активные ценные,20.521779641276495,74.46941676499392
14285,2011-06-16 12:36:00,2011-11-18 14:50:00,4,1910.0100000000002,13,Активные ценные,20.545073375262053,74.49257447506912
13949,2011-09-06 11:55:00,2011-11-15 11:30:00,5,1909.0900000000001,16,Активные ценные,20.568367109247614,74.51572103070362
17228,2010-12-02 16:00:00,2011-11-24 10:24:00,8,1906.09,7,Активные ценные,20.59166084323317,74.53883121316196
14210,2010-12-03 12:43:00,2011-08-26 12:36:00,6,1905.8400000000001,97,Давно не покупавшие повторные,20.61495457721873,74.56193836452228
15819,2011-03-08 09:45:00,2011-10-21 14:50:00,4,1905.45,41,Активные повторные,20.638248311204286,74.58504078736969
17463,2011-01-30 15:48:00,2011-11-23 13:40:00,5,1896.4099999999999,8,Активные ценные,20.661542045189844,74.6080336057129
14934,2011-03-02 11:48:00,2011-09-19 10:10:00,2,1890.94,73,Остальные,20.6848357791754,74.63096010363157
15641,2010-12-15 14:45:00,2011-08-26 14:04:00,4,1887.2000000000003,97,Давно не покупавшие повторные,20.70812951316096,74.65384125632393
16170,2011-04-05 13:42:00,2011-10-20 08:21:00,6,1885.05,42,Активные повторные,20.731423247146516,74.67669634157336
18283,2011-01-06 14:14:00,2011-11-30 12:59:00,15,1880.93,1,Активные ценные,20.754716981132077,74.6995014743275
16128,2011-03-02 12:21:00,2011-11-22 11:14:00,5,1880.22,9,Активные ценные,20.778010715117635,74.72229799876328
17738,2011-03-02 16:26:00,2011-11-20 15:05:00,4,1879.05,11,Активные ценные,20.801304449103192,74.74508033766035
18044,2010-12-14 12:25:00,2011-11-03 08:56:00,9,1877.7,28,Активные ценные,20.82459818308875,74.76784630862817
15367,2011-03-09 13:53:00,2011-10-13 14:13:00,4,1877.5900000000001,49,Активные повторные,20.847891917074307,74.79061094591283
16986,2011-11-09 15:52:00,2011-11-10 11:55:00,2,1873.2,21,Остальные,20.871185651059864,74.81332235711638
13982,2010-12-09 13:57:00,2011-10-31 16:24:00,4,1871.81,31,Активные повторные,20.894479385045422,74.83601691541496
17469,2011-05-19 08:55:00,2011-11-23 13:15:00,5,1870.97,8,Активные ценные,20.91777311903098,74.8587012892242
16841,2011-02-25 12:40:00,2011-11-03 11:51:00,6,1869.82,28,Активные ценные,20.94106685301654,74.88137171998258
14524,2010-12-14 11:01:00,2011-11-08 12:29:00,9,1867.68,23,Активные ценные,20.964360587002098,74.90401620454196
14493,2011-07-07 16:59:00,2011-11-23 10:21:00,4,1867.54,8,Активные ценные,20.987654320987655,74.92665899168645
17787,2010-12-03 13:43:00,2011-07-10 11:24:00,4,1865.19,144,Давно не покупавшие повторные,21.010948054973213,74.94927328650961
14887,2011-09-21 15:32:00,2011-09-21 15:32:00,1,1862.0,71,Остальные,21.03424178895877,74.97184890452209
14305,2011-07-27 14:14:00,2011-09-29 15:29:00,3,1858.96,63,Остальные,21.057535522944328,74.99438766438273
17218,2010-12-06 15:25:00,2011-11-28 13:27:00,9,1852.03,3,Активные ценные,21.080829256929885,75.0168424022064
12674,2011-05-16 09:10:00,2011-11-01 12:12:00,4,1844.6,30,Активные ценные,21.104122990915442,75.03920705579706
17519,2010-12-06 15:18:00,2011-11-22 16:43:00,6,1844.02,9,Активные ценные,21.127416724901,75.06156467724034
17015,2011-06-07 13:19:00,2011-11-11 10:45:00,3,1842.56,20,Активные ценные,21.15071045888656,75.0839045970712
16102,2011-08-03 12:50:00,2011-10-28 13:19:00,3,1842.14,34,Активные повторные,21.17400419287212,75.10623942465742
16455,2010-12-03 16:44:00,2011-10-07 12:17:00,7,1841.1799999999998,55,Активные повторные,21.197297926857676,75.12856261282724
13421,2011-02-22 15:46:00,2011-10-30 14:21:00,2,1840.58,32,Остальные,21.220591660843233,75.15087852636185
14459,2011-07-07 13:35:00,2011-07-07 13:35:00,1,1837.92,147,Остальные,21.24388539482879,75.17316218901357
18287,2011-05-22 10:39:00,2011-10-28 09:29:00,3,1837.28,34,Активные повторные,21.267179128814348,75.19543809205437
13650,2011-03-17 12:37:00,2011-11-23 12:22:00,6,1836.3400000000001,8,Активные ценные,21.290472862799906,75.21770259816664
15827,2010-12-02 13:06:00,2011-09-27 15:35:00,14,1836.0900000000001,65,Остальные,21.313766596785463,75.2399640731809
13048,2011-01-16 14:36:00,2011-11-25 13:23:00,4,1835.91,6,Активные ценные,21.337060330771024,75.26222336580459
14665,2011-02-02 09:08:00,2011-10-10 09:14:00,5,1835.6999999999998,52,Активные повторные,21.36035406475658,75.28448011230594
16152,2011-03-16 09:47:00,2011-03-16 09:47:00,1,1829.04,260,Остальные,21.38364779874214,75.30665611035619
15203,2011-02-01 12:29:00,2011-11-14 08:16:00,6,1827.8,17,Активные ценные,21.406941532727696,75.32881707416028
18219,2010-12-06 10:05:00,2011-10-27 18:02:00,9,1827.4,35,Активные повторные,21.430235266713254,75.35097318820756
17702,2011-05-17 16:23:00,2011-11-09 16:03:00,4,1824.37,22,Активные ценные,21.45352900069881,75.3730925653469
16153,2010-12-20 09:22:00,2011-10-21 10:50:00,5,1824.23,41,Активные повторные,21.47682273468437,75.39521024507135
12585,2010-12-23 12:58:00,2011-04-19 13:39:00,2,1824.1,226,Давно не покупавшие повторные,21.500116468669926,75.41732634862481
17090,2010-12-20 13:52:00,2011-10-18 12:59:00,6,1819.91,44,Активные повторные,21.523410202655487,75.43939165097558
12935,2011-01-24 13:58:00,2011-11-13 11:24:00,5,1816.92,18,Активные ценные,21.546703936641045,75.46142070139408
15260,2010-12-02 12:09:00,2011-08-31 13:55:00,7,1810.77,92,Давно не покупавшие повторные,21.569997670626602,75.48337518680141
13481,2011-03-28 09:07:00,2011-10-25 09:07:00,5,1804.56,37,Активные повторные,21.59329140461216,75.50525437973407
17663,2011-02-25 14:11:00,2011-11-14 08:56:00,7,1802.91,17,Активные ценные,21.616585138597717,75.52711356741983
15812,2011-01-26 12:12:00,2011-08-24 14:19:00,5,1801.14,99,Давно не покупавшие повторные,21.639878872583274,75.54895129493165
16249,2011-04-14 13:50:00,2011-10-18 10:07:00,5,1800.0700000000002,44,Активные повторные,21.663172606568832,75.57077604934398
13630,2011-02-27 12:49:00,2011-09-25 10:30:00,6,1799.78,67,Остальные,21.68646634055439,75.5925972876826
13562,2011-04-08 12:42:00,2011-09-19 10:51:00,3,1799.33,73,Остальные,21.70976007453995,75.61441307004479
13196,2011-03-22 14:24:00,2011-11-28 13:54:00,4,1797.78,3,Активные ценные,21.733053808525508,75.63621005959929
17648,2011-04-04 10:29:00,2011-10-10 09:41:00,4,1797.5,52,Активные повторные,21.756347542511065,75.65800365432402
18235,2011-05-06 13:35:00,2011-09-29 08:27:00,3,1796.48,63,Остальные,21.779641276496623,75.67978488216887
13134,2011-04-13 12:57:00,2011-09-15 10:35:00,4,1793.58,77,Остальные,21.80293501048218,75.70153094927673
18179,2011-01-07 14:22:00,2011-11-30 16:23:00,6,1793.17,1,Активные ценные,21.826228744467738,75.72327204538385
16719,2010-12-06 12:06:00,2011-11-25 09:27:00,7,1790.42,6,Активные ценные,21.849522478453295,75.7449797994128
14215,2010-12-06 15:34:00,2011-11-28 12:19:00,6,1789.72,3,Активные ценные,21.872816212438853,75.7666790663673
13305,2010-12-02 12:10:00,2011-11-18 11:07:00,9,1787.6999999999998,13,Активные ценные,21.896109946424414,75.78835384204987
13875,2011-02-11 15:39:00,2011-10-17 09:36:00,5,1786.79,45,Активные повторные,21.91940368040997,75.81001758453566
14935,2011-02-15 14:44:00,2011-02-15 14:44:00,1,1784.71,289,Остальные,21.94269741439553,75.83165610828597
15050,2011-09-29 13:22:00,2011-11-14 16:17:00,3,1782.0900000000001,17,Активные ценные,21.965991148381086,75.85326286612906
16380,2011-10-09 15:40:00,2011-10-09 15:40:00,1,1780.59,53,Остальные,21.989284882366643,75.87485143738408
15220,2011-03-04 10:24:00,2011-10-19 12:39:00,6,1778.96,43,Активные повторные,22.0125786163522,75.89642024588005
14696,2010-12-01 15:37:00,2011-09-29 15:04:00,6,1778.41,63,Остальные,22.03587235033776,75.91798238596039
17092,2011-03-07 14:51:00,2011-10-20 19:51:00,4,1777.78,42,Активные повторные,22.059166084323316,75.93953688767374
15594,2011-04-19 10:08:00,2011-11-24 08:53:00,5,1771.78,7,Активные ценные,22.082459818308873,75.96101864303473
15473,2011-10-10 11:12:00,2011-11-25 15:15:00,7,1771.2,6,Активные ценные,22.105753552294434,75.98249336624833
17813,2011-09-29 15:57:00,2011-11-25 16:13:00,5,1770.88,6,Активные ценные,22.12904728627999,76.00396420965647
14387,2011-08-22 14:13:00,2011-11-07 12:29:00,3,1770.56,24,Активные ценные,22.15234102026555,76.02543117325915
16681,2011-03-31 13:46:00,2011-09-28 11:11:00,6,1770.34,64,Остальные,22.175634754251107,76.04689546949557
16966,2011-04-13 14:17:00,2011-11-24 09:13:00,6,1769.17,7,Активные ценные,22.198928488236664,76.06834558019328
13456,2011-05-16 15:34:00,2011-11-22 09:18:00,6,1766.72,9,Активные ценные,22.22222222222222,76.08976598613046
13297,2011-10-03 15:08:00,2011-11-16 09:28:00,3,1766.33,15,Активные ценные,22.24551595620778,76.11118166355473
15950,2010-12-15 11:56:00,2011-11-08 11:09:00,4,1765.51,23,Активные ценные,22.268809690193336,76.1325873989775
16751,2011-11-09 10:48:00,2011-11-09 10:48:00,1,1764.72,22,Недавние однократные,22.292103424178897,76.15398355613057
12424,2011-06-30 12:06:00,2011-06-30 12:06:00,2,1760.96,154,Давно не покупавшие повторные,22.315397158164455,76.17533412556949
14730,2011-03-08 12:49:00,2011-10-05 13:47:00,7,1760.13,57,Активные повторные,22.338690892150012,76.196674631763
12823,2011-02-16 12:15:00,2011-09-26 07:35:00,5,1759.5,66,Остальные,22.36198462613557,76.21800749958952
15241,2011-03-01 11:02:00,2011-10-04 09:05:00,8,1756.44,58,Активные повторные,22.385278360121127,76.23930326677633
16379,2011-09-22 09:33:00,2011-11-21 15:27:00,3,1755.76,10,Активные ценные,22.408572094106685,76.26059078937655
16474,2011-07-17 14:51:00,2011-11-22 14:04:00,6,1750.23,9,Активные ценные,22.431865828092242,76.28181126408869
12610,2011-08-05 13:52:00,2011-11-17 09:34:00,4,1747.54,14,Активные ценные,22.4551595620778,76.30299912418619
15067,2011-03-02 12:10:00,2011-09-22 13:20:00,3,1744.7599999999998,70,Остальные,22.47845329606336,76.32415327847376
13157,2011-02-14 14:03:00,2011-10-21 13:50:00,4,1741.22,41,Активные повторные,22.501747030048918,76.34526451241345
14595,2011-01-30 13:36:00,2011-11-20 12:12:00,6,1740.6,11,Активные ценные,22.525040764034475,76.36636822923006
17930,2011-04-14 15:46:00,2011-11-04 10:23:00,5,1740.48,27,Активные ценные,22.548334498020033,76.38747049111963
14440,2010-12-09 12:49:00,2011-10-28 15:54:00,4,1740.43,34,Активные повторные,22.57162823200559,76.4085721467896
17353,2011-07-08 16:17:00,2011-08-02 17:19:00,2,1740.0,121,Давно не покупавшие повторные,22.594921965991148,76.42966858897097
17457,2011-01-04 14:33:00,2011-08-05 12:48:00,5,1737.6999999999998,118,Давно не покупавшие повторные,22.618215699976705,76.45073714505061
17043,2011-03-18 14:53:00,2011-11-07 15:33:00,4,1735.18,24,Активные ценные,22.641509433962263,76.47177514766227
13495,2010-12-06 15:14:00,2011-11-04 10:29:00,4,1732.23,27,Активные ценные,22.664803167947824,76.49277738331736
13126,2010-12-08 11:42:00,2011-10-26 10:43:00,7,1730.2,36,Активные повторные,22.68809690193338,76.51375500645656
17873,2010-12-01 14:54:00,2011-09-20 16:41:00,5,1729.7800000000002,72,Остальные,22.71139063591894,76.53472753735112
14834,2011-04-13 15:00:00,2011-11-22 10:30:00,6,1720.3,9,Активные ценные,22.734684369904496,76.55558512900895
15267,2011-06-10 10:24:00,2011-11-17 15:59:00,5,1717.36,14,Активные ценные,22.757978103890053,76.57640707495412
17162,2011-02-07 12:27:00,2011-11-11 11:34:00,10,1715.46,20,Активные ценные,22.78127183787561,76.59720598455439
13763,2011-10-07 15:13:00,2011-10-07 15:13:00,1,1714.96,55,Остальные,22.80456557186117,76.61799883195863
12782,2010-12-17 11:30:00,2011-07-13 10:30:00,4,1714.67,141,Давно не покупавшие повторные,22.827859305846726,76.63878816328918
17147,2011-02-01 09:36:00,2011-11-17 12:32:00,4,1714.5900000000001,14,Активные ценные,22.851153039832287,76.65957652466835
17554,2011-07-14 20:01:00,2011-11-23 08:42:00,4,1714.15,8,Активные ценные,22.874446773817844,76.68035955131504
16791,2011-01-11 15:42:00,2011-11-10 19:12:00,7,1709.03,21,Активные ценные,22.8977405078034,76.70108050107437
15947,2011-09-18 10:46:00,2011-09-18 10:46:00,1,1708.24,74,Остальные,22.92103424178896,76.72179187256398
16902,2011-08-15 14:17:00,2011-08-15 14:17:00,1,1706.88,108,Остальные,22.944327975774517,76.74248675488039
15240,2011-02-01 08:23:00,2011-10-26 09:50:00,5,1706.57,36,Активные повторные,22.967621709760074,76.76317787863526
12615,2011-06-24 13:35:00,2011-11-03 10:45:00,3,1706.3400000000001,28,Активные ценные,22.99091544374563,76.78386621377996
16398,2011-03-31 09:38:00,2011-07-08 15:16:00,2,1705.8000000000002,146,Давно не покупавшие повторные,23.01420917773119,76.80454800175295
16954,2010-12-15 10:41:00,2011-11-23 11:42:00,7,1703.96,8,Активные ценные,23.037502911716746,76.82520748084454
17282,2011-02-13 11:36:00,2011-08-01 14:29:00,3,1703.41,122,Давно не покупавшие повторные,23.060796645702307,76.84586029152051
12843,2011-03-20 14:38:00,2011-10-05 12:09:00,8,1702.26,57,Активные повторные,23.084090379687865,76.8664991591456
16007,2011-05-08 13:32:00,2011-10-23 11:05:00,4,1701.94,39,Активные повторные,23.107384113673422,76.88713414696525
13184,2011-02-22 17:25:00,2011-11-25 12:02:00,10,1700.29,6,Активные ценные,23.13067784765898,76.90774912953799
12523,2011-01-12 09:43:00,2011-11-20 12:55:00,11,1699.77,11,Активные ценные,23.153971581644537,76.92835780742686
17193,2011-06-16 10:04:00,2011-11-04 12:47:00,7,1699.3,27,Активные ценные,23.177265315630095,76.94896078685147
13824,2011-02-02 13:07:00,2011-11-07 12:41:00,5,1698.94,24,Активные ценные,23.200559049615652,76.96955940149495
17386,2011-06-27 12:11:00,2011-09-01 13:47:00,5,1697.3400000000001,91,Давно не покупавшие повторные,23.22385278360121,76.99013861711111
16775,2010-12-07 15:15:00,2011-11-29 15:22:00,11,1695.66,2,Активные ценные,23.24714651758677,77.01069746374863
12764,2011-01-27 10:19:00,2011-01-27 10:19:00,1,1693.88,308,Остальные,23.270440251572328,77.03123472896829
14245,2011-03-21 10:41:00,2011-05-04 08:40:00,2,1693.45,211,Давно не покупавшие повторные,23.293733985557886,77.05176678069935
16671,2011-06-28 11:20:00,2011-11-11 13:40:00,3,1692.2700000000002,20,Активные ценные,23.317027719543443,77.07228452564779
15549,2011-01-27 15:38:00,2011-09-23 16:22:00,3,1689.51,69,Остальные,23.340321453529,77.09276880727413
17152,2011-03-21 16:20:00,2011-05-29 12:19:00,3,1689.5,186,Давно не покупавшие повторные,23.363615187514558,77.11325296765656
13162,2011-01-09 10:43:00,2011-08-09 15:59:00,4,1688.29,114,Давно не покупавшие повторные,23.386908921500115,77.13372245752461
13577,2011-04-12 10:33:00,2011-11-14 15:19:00,4,1687.6,17,Активные ценные,23.410202655485673,77.15418358156214
17293,2010-12-13 14:55:00,2011-11-09 13:46:00,8,1680.98,22,Активные ценные,23.433496389471234,77.17456444212424
16638,2010-12-06 10:19:00,2011-11-17 11:09:00,10,1680.72,14,Активные ценные,23.45679012345679,77.1949421503444
13647,2011-04-19 09:49:00,2011-11-30 12:00:00,4,1678.1200000000001,1,Активные ценные,23.48008385744235,77.21528833514522
13149,2011-02-23 13:57:00,2011-11-25 13:09:00,4,1676.06,6,Активные ценные,23.503377591427906,77.23560954369839
17656,2011-08-03 10:45:00,2011-09-27 13:04:00,5,1674.69,65,Остальные,23.526671325413464,77.25591414183444
15021,2010-12-08 12:17:00,2011-11-13 12:31:00,8,1672.85,18,Активные ценные,23.54996505939902,77.2761964310891
18245,2010-12-19 14:58:00,2011-07-13 14:29:00,6,1672.81,141,Давно не покупавшие повторные,23.57325879338458,77.2964782353681
16115,2011-02-20 12:14:00,2011-11-30 11:32:00,8,1667.97,1,Активные ценные,23.596552527370136,77.3167013575895
17750,2011-06-28 15:44:00,2011-11-03 15:16:00,8,1667.96,28,Активные ценные,23.619846261355697,77.336924358567
17861,2011-01-24 11:34:00,2011-11-15 13:01:00,7,1662.22,16,Активные ценные,23.643139995341254,77.35707776553409
13012,2011-02-18 09:43:00,2011-11-30 13:05:00,8,1661.8400000000001,1,Активные ценные,23.666433729326812,77.37722656523219
15024,2010-12-07 13:20:00,2011-11-30 12:06:00,10,1661.3300000000002,1,Активные ценные,23.68972746331237,77.39736918149035
15332,2010-12-05 12:00:00,2010-12-08 14:43:00,4,1661.06,358,Давно не покупавшие повторные,23.713021197297927,77.41750852416264
12967,2010-12-03 09:49:00,2010-12-16 19:10:00,2,1660.9,350,Давно не покупавшие повторные,23.736314931283484,77.43764592693222
14045,2010-12-01 11:32:00,2011-08-22 15:27:00,4,1659.75,101,Давно не покупавшие повторные,23.75960866526904,77.45776938665092
15953,2010-12-05 15:15:00,2011-11-24 15:32:00,8,1659.3799999999999,7,Активные ценные,23.7829023992546,77.47788836034456
15826,2011-05-13 10:44:00,2011-10-14 16:05:00,3,1654.31,48,Активные повторные,23.80619613324016,77.49794586337048
14573,2010-12-02 19:59:00,2011-06-13 11:15:00,9,1653.42,171,Давно не покупавшие повторные,23.829489867225718,77.51799257568744
17284,2011-01-07 14:31:00,2011-10-10 14:38:00,6,1652.58,52,Активные повторные,23.852783601211275,77.53802910351509
14837,2011-05-22 12:49:00,2011-09-11 10:58:00,4,1649.5,81,Остальные,23.876077335196833,77.5580282882152
13750,2011-01-07 11:49:00,2011-10-17 12:16:00,5,1647.26,45,Активные повторные,23.89937106918239,77.57800031427709
12528,2011-01-31 09:05:00,2011-11-30 14:40:00,6,1645.48,1,Активные ценные,23.922664803167947,77.59795075892112
15002,2010-12-07 13:16:00,2011-08-16 10:44:00,4,1641.76,107,Давно не покупавшие повторные,23.945958537153505,77.6178561008267
16359,2011-01-12 10:49:00,2011-10-05 13:00:00,8,1640.19,57,Активные повторные,23.969252271139062,77.63774240743673
13627,2010-12-17 09:52:00,2011-10-11 14:20:00,5,1638.47,51,Активные повторные,23.99254600512462,77.65760786009244
15122,2011-02-15 09:59:00,2011-08-17 16:48:00,3,1633.78,106,Давно не покупавшие повторные,24.01583973911018,77.6774164493494
14164,2011-09-20 12:18:00,2011-09-30 12:24:00,2,1631.77,62,Остальные,24.03913347309574,77.6972006685783
12645,2011-01-27 13:08:00,2011-11-06 12:38:00,4,1631.18,25,Активные ценные,24.062427207081296,77.71697773441589
17870,2010-12-08 08:12:00,2011-11-25 11:20:00,11,1629.44,6,Активные ценные,24.085720941066853,77.73673370381132
12383,2010-12-22 14:28:00,2011-06-08 08:02:00,5,1628.56,176,Давно не покупавшие повторные,24.10901467505241,77.75647900374172
16515,2011-02-01 13:09:00,2011-10-18 13:10:00,5,1627.13,44,Активные повторные,24.132308409037968,77.77620696579147
13425,2011-02-18 08:34:00,2011-08-23 17:13:00,3,1624.21,100,Давно не покупавшие повторные,24.155602143023525,77.79589952461643
14937,2011-08-01 14:16:00,2011-10-14 12:29:00,3,1621.8799999999999,48,Активные повторные,24.178895877009083,77.81556383360788
17101,2011-06-14 14:49:00,2011-11-29 13:57:00,4,1621.73,2,Активные ценные,24.202189610994644,77.83522632394055
16979,2011-02-15 09:20:00,2011-11-22 13:20:00,5,1620.26,9,Активные ценные,24.2254833449802,77.85487099141686
16801,2011-03-11 13:56:00,2011-06-29 15:33:00,4,1619.73,155,Давно не покупавшие повторные,24.24877707896576,77.8745092329654
18161,2011-01-24 11:56:00,2011-11-24 16:40:00,5,1618.69,7,Активные ценные,24.272070812951316,77.89413486514619
14336,2011-03-08 16:48:00,2011-11-23 11:40:00,4,1614.91,8,Активные ценные,24.295364546936874,77.913714667125
16992,2011-02-28 10:37:00,2011-11-29 11:50:00,5,1614.31,2,Активные ценные,24.31865828092243,77.93328719446858
15791,2011-05-19 15:15:00,2011-10-27 10:14:00,2,1612.69,35,Остальные,24.34195201490799,77.95284008029702
14312,2011-01-06 16:35:00,2011-10-24 09:46:00,6,1611.5900000000001,38,Активные повторные,24.365245748893546,77.9723796292942
13614,2011-01-13 12:37:00,2011-11-15 14:47:00,4,1610.46,16,Активные ценные,24.388539482879107,77.99190547772834
14918,2011-07-08 12:50:00,2011-08-16 11:50:00,2,1610.15,107,Давно не покупавшие повторные,24.411833216864665,78.01142756760096
12868,2010-12-01 12:50:00,2011-06-07 10:42:00,6,1607.0600000000002,177,Давно не покупавшие повторные,24.435126950850222,78.03091219310211
17705,2011-02-11 10:57:00,2011-11-09 15:50:00,8,1605.52,22,Активные ценные,24.45842068483578,78.0503781470395
12947,2010-12-01 16:21:00,2011-07-19 10:06:00,6,1603.99,135,Давно не покупавшие повторные,24.481714418821337,78.06982555065703
16466,2011-02-20 11:39:00,2011-11-06 11:35:00,7,1603.46,25,Активные ценные,24.505008152806894,78.08926652834677
14587,2011-01-12 13:16:00,2011-11-21 11:34:00,9,1601.1399999999999,10,Активные ценные,24.528301886792452,78.10867937744693
15660,2010-12-09 09:49:00,2011-11-14 16:58:00,9,1600.8600000000001,17,Активные ценные,24.55159562077801,78.12808883171733
13850,2011-08-02 14:04:00,2011-08-02 14:04:00,1,1595.48,121,Остальные,24.57488935476357,78.14743305675844
16358,2011-06-08 15:05:00,2011-10-07 10:50:00,3,1594.3400000000001,55,Активные повторные,24.598183088749128,78.16676345999262
16332,2011-02-07 14:16:00,2011-11-11 14:22:00,7,1593.2,20,Активные ценные,24.621476822734685,78.18608004141984
16676,2011-01-06 13:00:00,2011-11-06 12:01:00,4,1592.12,25,Активные ценные,24.644770556720243,78.20538352850365
14970,2011-01-27 12:23:00,2011-10-02 13:44:00,4,1592.06,60,Активные повторные,24.6680642907058,78.22468628812393
17744,2010-12-16 14:17:00,2011-11-14 09:05:00,5,1592.02,17,Активные ценные,24.691358024691358,78.24398856276852
12963,2010-12-09 09:14:00,2011-11-29 16:44:00,7,1591.98,2,Активные ценные,24.714651758676915,78.26329035243744
18178,2010-12-10 12:42:00,2011-08-03 09:30:00,4,1590.81,120,Давно не покупавшие повторные,24.737945492662472,78.28257795656765
17086,2011-10-07 11:22:00,2011-11-15 13:07:00,5,1590.22,16,Активные ценные,24.761239226648033,78.30185840730653
14442,2011-01-27 09:33:00,2011-05-19 11:36:00,2,1589.8200000000002,196,Давно не покупавшие повторные,24.78453296063359,78.32113400828861
17837,2011-06-29 16:44:00,2011-10-28 16:13:00,8,1587.48,34,Активные повторные,24.80782669461915,78.34038123819326
17827,2010-12-10 10:18:00,2011-04-11 16:56:00,4,1583.81,234,Давно не покупавшие повторные,24.831120428604706,78.35958397157906
12393,2011-01-11 09:47:00,2011-09-28 15:41:00,4,1582.6,64,Остальные,24.854414162590263,78.37877203445045
12704,2011-06-23 10:20:00,2011-11-17 14:51:00,7,1582.08,14,Активные ценные,24.87770789657582,78.39795379263799
12607,2011-10-10 16:06:00,2011-10-10 16:06:00,1,1579.51,52,Остальные,24.901001630561378,78.41710439113794
13814,2011-07-25 13:54:00,2011-09-08 13:48:00,2,1579.12,84,Остальные,24.924295364546936,78.43625026112498
16889,2011-01-07 10:47:00,2011-05-29 11:05:00,3,1578.6699999999998,186,Давно не покупавшие повторные,24.947589098532493,78.4553906751356
13186,2011-08-03 09:09:00,2011-10-31 11:40:00,3,1575.89,31,Активные повторные,24.970882832518054,78.4744973833363
13634,2011-01-16 15:30:00,2011-11-06 13:40:00,5,1575.1599999999999,25,Активные ценные,24.99417656650361,78.4935952407308
13659,2011-01-23 12:08:00,2011-05-18 12:37:00,2,1573.2,197,Давно не покупавшие повторные,25.01747030048917,78.51266933431685
17671,2010-12-09 14:27:00,2011-11-24 12:21:00,4,1572.71,7,Активные повторные,25.040764034474726,78.5317374869508
17754,2011-03-24 13:54:00,2011-11-02 12:37:00,4,1571.27,29,Активные повторные,25.064057768460284,78.55078818046019
15532,2010-12-16 16:45:00,2011-11-14 14:51:00,4,1571.03,17,Активные повторные,25.08735150244584,78.56983596411548
15611,2011-01-09 11:32:00,2011-11-30 12:36:00,11,1570.45,1,Активные повторные,25.1106452364314,78.58887671562339
14655,2011-05-01 14:59:00,2011-11-17 10:24:00,3,1569.32,14,Активные повторные,25.133938970416956,78.60790376656827
12865,2011-08-08 10:11:00,2011-11-13 14:31:00,2,1568.23,18,Остальные,25.157232704402517,78.62691760192581
15906,2011-03-29 13:28:00,2011-11-20 12:24:00,7,1567.6899999999998,11,Активные повторные,25.180526438388075,78.64592489011163
15111,2010-12-02 11:45:00,2011-11-10 16:58:00,3,1567.48,21,Активные повторные,25.203820172373632,78.66492963217513
17085,2010-12-12 12:24:00,2011-08-08 14:15:00,5,1566.65,115,Давно не покупавшие повторные,25.22711390635919,78.6839243109932
17204,2011-03-21 12:42:00,2011-06-17 14:46:00,4,1564.5600000000002,167,Давно не покупавшие повторные,25.250407640344747,78.70289364983188
18239,2010-12-02 17:48:00,2011-05-05 12:38:00,5,1561.6100000000001,210,Давно не покупавшие повторные,25.273701374330305,78.721827221714
14038,2011-05-16 14:05:00,2011-09-22 13:37:00,3,1560.38,70,Остальные,25.296995108315862,78.74074588059386
16394,2011-02-23 10:58:00,2011-10-14 09:48:00,5,1555.3400000000001,48,Активные повторные,25.32028884230142,78.75960343253776
13313,2011-01-04 10:00:00,2011-11-17 16:48:00,5,1555.3200000000002,14,Активные повторные,25.34358257628698,78.77846074199383
15620,2010-12-16 14:34:00,2011-10-14 12:41:00,3,1553.1799999999998,48,Активные повторные,25.366876310272538,78.79729210525088
15117,2011-05-08 12:38:00,2011-11-25 08:12:00,5,1551.78,6,Активные повторные,25.390170044258095,78.81610649435905
16369,2011-05-27 09:39:00,2011-11-21 16:25:00,3,1551.58,10,Активные повторные,25.413463778243653,78.8349184585888
13320,2011-05-10 10:29:00,2011-09-22 18:07:00,4,1548.7,70,Остальные,25.43675751222921,78.85369550456944
12377,2010-12-20 09:37:00,2011-01-28 15:45:00,2,1548.12,307,Давно не покупавшие повторные,25.460051246214768,78.87246551840268
14229,2011-01-10 12:03:00,2011-10-19 10:03:00,3,1547.1999999999998,43,Активные повторные,25.483344980200325,78.89122437779523
13471,2011-10-23 13:10:00,2011-11-18 09:57:00,2,1546.4,13,Остальные,25.506638714185883,78.90997353767413
16813,2011-05-19 13:28:00,2011-10-20 15:20:00,9,1544.44,42,Активные повторные,25.529932448171444,78.9286989337446
13397,2011-01-04 13:50:00,2011-09-28 10:56:00,5,1544.13,64,Остальные,25.553226182157,78.94742057125353
16365,2010-12-07 17:19:00,2011-11-22 11:24:00,9,1540.42,9,Активные повторные,25.57651991614256,78.96609722726792
17159,2011-06-21 09:49:00,2011-11-18 10:52:00,3,1538.88,13,Активные повторные,25.599813650128116,78.98475521171854
13849,2011-06-22 10:11:00,2011-10-19 10:59:00,2,1537.9499999999998,43,Остальные,25.623107384113673,79.00340192048455
12518,2011-08-21 13:18:00,2011-11-11 11:18:00,4,1537.75,20,Активные повторные,25.64640111809923,79.02204620437215
13924,2011-09-28 15:07:00,2011-11-22 11:28:00,5,1536.45,9,Активные повторные,25.66969485208479,79.04067472655007
14653,2011-01-05 13:40:00,2011-11-30 10:14:00,6,1534.57,1,Активные повторные,25.692988586070346,79.05928045487092
15625,2011-04-18 14:01:00,2011-08-28 10:21:00,4,1534.2599999999998,95,Давно не покупавшие повторные,25.716282320055903,79.07788242463022
18180,2011-07-20 08:59:00,2011-10-11 11:38:00,5,1533.02,51,Активные повторные,25.739576054041464,79.09646936014337
15214,2011-04-11 09:46:00,2011-11-29 14:51:00,7,1532.68,2,Активные повторные,25.76286978802702,79.11505217336322
13107,2011-01-10 12:28:00,2011-10-26 14:52:00,4,1531.6200000000001,36,Активные повторные,25.78616352201258,79.13362213472752
14321,2011-01-10 11:35:00,2011-11-29 09:47:00,5,1530.75,2,Активные повторные,25.809457255998137,79.1521815478707
14567,2011-08-01 13:48:00,2011-10-14 10:21:00,2,1530.3600000000001,48,Остальные,25.832750989983694,79.17073623250099
15916,2010-12-08 13:07:00,2011-11-23 13:46:00,8,1528.0900000000001,8,Активные повторные,25.85604472396925,79.1892633947613
12371,2011-10-11 10:43:00,2011-10-11 10:43:00,1,1527.96,51,Остальные,25.87933845795481,79.20778898085065
16244,2010-12-02 11:41:00,2011-05-12 10:18:00,2,1522.75,203,Давно не покупавшие повторные,25.902632191940366,79.22625139885737
15531,2011-11-09 17:47:00,2011-11-09 17:47:00,1,1522.31,22,Недавние однократные,25.925925925925927,79.24470848213157
16434,2011-02-13 12:17:00,2011-11-10 14:28:00,7,1522.25,21,Активные повторные,25.949219659911485,79.26316483794226
16066,2011-08-07 14:33:00,2011-11-23 11:54:00,5,1521.87,8,Активные повторные,25.972513393897042,79.28161658648396
13213,2011-05-24 12:22:00,2011-10-14 11:42:00,5,1520.5800000000002,48,Активные повторные,25.9958071278826,79.30005269455994
16880,2011-06-03 16:45:00,2011-11-09 11:33:00,7,1519.08,22,Активные повторные,26.019100861868157,79.3184706160478
13764,2011-01-06 14:53:00,2011-09-30 12:03:00,3,1518.76,62,Остальные,26.042394595853715,79.3368846577302
13808,2011-09-04 12:07:00,2011-10-24 12:38:00,4,1518.5,38,Активные повторные,26.065688329839272,79.35529554707067
17673,2011-01-23 15:16:00,2011-10-04 12:25:00,5,1516.65,58,Активные повторные,26.08898206382483,79.37368400628586
14267,2011-03-24 11:38:00,2011-06-30 10:09:00,3,1516.24,154,Давно не покупавшие повторные,26.11227579781039,79.39206749450027
13791,2011-06-24 16:38:00,2011-08-04 11:44:00,2,1516.0,119,Давно не покупавшие повторные,26.135569531795948,79.4104480728606
16748,2011-01-09 13:50:00,2011-11-22 10:17:00,5,1515.9,9,Активные повторные,26.158863265781505,79.42882743878172
14704,2011-06-12 13:59:00,2011-11-20 12:20:00,7,1514.5700000000002,11,Активные повторные,26.182156999767063,79.44719067926141
16053,2011-08-09 14:57:00,2011-11-07 11:21:00,2,1511.95,24,Остальные,26.20545073375262,79.46552215383392
16279,2011-06-16 11:50:00,2011-11-18 15:00:00,3,1509.58,13,Активные повторные,26.228744467738178,79.48382489359723
12635,2011-07-08 08:43:00,2011-09-11 11:04:00,2,1509.1799999999998,81,Остальные,26.252038201723735,79.5021227836037
12407,2011-03-20 13:21:00,2011-10-21 10:11:00,5,1507.12,41,Активные повторные,26.275331935709293,79.52039569736255
15265,2011-04-18 12:16:00,2011-07-11 14:46:00,2,1506.12,143,Давно не покупавшие повторные,26.298625669694854,79.53865648672935
15157,2010-12-16 13:44:00,2011-07-08 13:26:00,2,1505.3700000000001,146,Давно не покупавшие повторные,26.32191940368041,79.5569081828021
12937,2011-03-17 14:19:00,2011-11-24 15:05:00,4,1504.27,7,Активные повторные,26.34521313766597,79.57514654204357
15530,2011-04-07 11:16:00,2011-11-18 12:25:00,4,1502.35,13,Активные повторные,26.368506871651526,79.5933616224523
16762,2011-07-18 12:52:00,2011-11-20 11:43:00,3,1501.38,11,Активные повторные,26.391800605637084,79.61156494220074
12530,2011-01-07 10:04:00,2011-10-11 12:34:00,4,1500.28,51,Активные повторные,26.41509433962264,79.62975492511792
17571,2011-02-14 15:15:00,2011-10-20 15:57:00,4,1497.2600000000002,42,Активные повторные,26.4383880736082,79.64790829237107
14414,2010-12-16 11:11:00,2011-09-09 12:09:00,7,1496.98,83,Остальные,26.461681807593756,79.66605826479446
16755,2011-01-28 10:47:00,2011-08-17 13:21:00,3,1496.83,106,Давно не покупавшие повторные,26.484975541579317,79.68420641855901
17002,2011-02-22 11:46:00,2011-09-15 12:40:00,3,1493.73,77,Остальные,26.508269275564874,79.70231698670823
15057,2011-01-28 09:09:00,2011-03-09 15:17:00,2,1489.5,267,Давно не покупавшие повторные,26.531563009550432,79.720376268679
13110,2011-02-01 15:24:00,2011-11-08 14:30:00,7,1488.67,23,Активные повторные,26.55485674353599,79.73842548740438
13692,2011-04-17 12:57:00,2011-11-15 11:17:00,3,1488.3200000000002,16,Активные повторные,26.578150477521547,79.75647046259255
14963,2011-06-09 12:30:00,2011-11-30 12:16:00,5,1487.8,1,Активные повторные,26.601444211507104,79.77450913309683
17553,2011-08-02 10:00:00,2011-08-02 10:00:00,1,1487.6,121,Остальные,26.62473794549266,79.79254537872268
16395,2011-01-13 12:10:00,2011-10-10 12:50:00,5,1486.9,52,Активные повторные,26.64803167947822,79.81057313727413
14878,2010-12-16 12:11:00,2011-11-27 11:15:00,9,1485.54,4,Активные повторные,26.671325413463776,79.82858440665237
14621,2010-12-16 13:00:00,2011-11-09 15:02:00,4,1485.5,22,Активные повторные,26.694619147449338,79.84659519105492
14758,2011-03-25 12:10:00,2011-07-18 08:21:00,4,1484.06,136,Давно не покупавшие повторные,26.717912881434895,79.86458851633289
16169,2011-09-25 11:33:00,2011-11-10 15:23:00,3,1483.95,21,Активные повторные,26.741206615420452,79.88258050792776
18016,2010-12-10 17:14:00,2011-11-07 13:25:00,5,1483.56,24,Активные повторные,26.76450034940601,79.9005677710097
15427,2011-10-23 14:47:00,2011-11-06 14:29:00,3,1483.1399999999999,25,Активные повторные,26.787794083391567,79.91854994184699
14403,2011-04-06 14:23:00,2011-08-01 12:57:00,4,1475.81,122,Давно не покупавшие повторные,26.811087817377125,79.9364432408905
15983,2010-12-01 12:15:00,2011-11-17 17:34:00,4,1475.02,14,Активные повторные,26.834381551362682,79.95432696166426
17629,2010-12-15 09:58:00,2011-11-21 17:04:00,7,1474.67,10,Активные повторные,26.85767528534824,79.97220643890083
14404,2010-12-05 16:00:00,2011-11-06 12:30:00,6,1474.32,25,Активные повторные,26.8809690193338,79.99008167260017
14246,2011-04-08 08:25:00,2011-08-21 11:50:00,3,1474.06,102,Давно не покупавшие повторные,26.904262753319358,80.00795375395757
15128,2011-05-04 12:32:00,2011-10-10 13:54:00,4,1471.0,52,Активные повторные,26.927556487304916,80.02578873467527
16348,2011-04-13 15:49:00,2011-11-07 15:44:00,7,1467.11,24,Активные повторные,26.950850221290473,80.04357655150787
14875,2011-03-22 11:53:00,2011-08-24 12:20:00,2,1465.32,99,Давно не покупавшие повторные,26.97414395527603,80.06134266567871
12882,2011-11-06 11:22:00,2011-11-30 16:18:00,2,1463.04,1,Остальные,26.997437689261588,80.07908113623563
14233,2011-01-26 12:43:00,2011-10-21 15:54:00,4,1462.72,41,Активные повторные,27.020731423247145,80.09681572698707
14541,2011-01-24 14:16:00,2011-10-12 10:08:00,8,1461.65,50,Активные повторные,27.044025157232703,80.11453734463905
17063,2011-02-23 13:44:00,2011-11-18 16:19:00,7,1461.1399999999999,13,Активные повторные,27.067318891218264,80.13225277885107
16059,2010-12-07 10:36:00,2011-10-05 09:56:00,6,1459.8600000000001,57,Активные повторные,27.09061262520382,80.14995269384124
12349,2011-11-21 09:51:00,2011-11-21 09:51:00,1,1457.55,10,Недавние однократные,27.11390635918938,80.16762460148576
16996,2010-12-21 13:22:00,2011-11-09 16:43:00,6,1456.96,22,Активные повторные,27.137200093174936,80.18528935573897
13477,2011-02-21 12:29:00,2011-11-02 12:04:00,6,1454.58,29,Активные повторные,27.160493827160494,80.20292525393907
15987,2010-12-06 08:34:00,2011-11-27 15:38:00,7,1451.2800000000002,4,Активные повторные,27.18378756114605,80.22052114164539
13510,2011-06-09 09:32:00,2011-10-25 13:51:00,3,1449.7,37,Активные повторные,27.20708129513161,80.23809787281226
14740,2011-03-01 08:35:00,2011-05-26 18:17:00,3,1448.21,189,Давно не покупавшие повторные,27.230375029117166,80.25565653863495
15426,2010-12-05 13:55:00,2011-11-20 15:36:00,5,1447.39,11,Активные повторные,27.253668763102727,80.27320526245617
14591,2011-05-10 14:09:00,2011-11-24 13:57:00,4,1447.14,7,Активные повторные,27.276962497088284,80.29075095517935
13717,2011-02-14 13:21:00,2011-11-07 14:13:00,6,1445.01,24,Активные повторные,27.300256231073842,80.30827082294746
13461,2011-06-29 10:23:00,2011-11-01 09:01:00,3,1445.0,30,Активные повторные,27.3235499650594,80.32579056947165
17073,2011-08-22 14:37:00,2011-11-22 11:47:00,4,1444.8400000000001,9,Активные повторные,27.346843699044957,80.3433083760931
17175,2011-02-16 14:56:00,2011-10-26 15:31:00,4,1443.69,36,Активные повторные,27.370137433030514,80.3608122396637
15478,2011-10-14 11:09:00,2011-10-30 14:19:00,2,1441.42,32,Остальные,27.39343116701607,80.37828858086434
12423,2010-12-21 10:54:00,2011-08-31 08:55:00,7,1440.67,92,Давно не покупавшие повторные,27.41672490100163,80.3957558287709
15858,2010-12-07 14:31:00,2011-11-24 12:48:00,5,1438.8500000000001,7,Активные повторные,27.44001863498719,80.41320101028394
12348,2010-12-16 19:09:00,2011-09-25 13:13:00,4,1437.24,67,Остальные,27.463312368972748,80.43062667152576
12877,2010-12-16 12:23:00,2011-11-15 13:21:00,11,1436.1100000000001,16,Активные повторные,27.486606102958305,80.44803863220457
12398,2011-10-25 10:27:00,2011-10-25 10:27:00,1,1435.66,37,Остальные,27.509899836943863,80.46544513690694
14566,2011-08-21 11:05:00,2011-08-21 11:05:00,1,1432.0,102,Остальные,27.53319357092942,80.48280726633436
16503,2010-12-14 13:50:00,2011-08-25 11:46:00,4,1431.93,98,Давно не покупавшие повторные,27.556487304914977,80.50016854705434
13475,2011-02-14 12:36:00,2011-06-01 13:52:00,4,1431.78,183,Давно не покупавшие повторные,27.579781038900535,80.51752800911554
14035,2011-02-15 12:48:00,2011-11-11 10:03:00,5,1428.02,20,Активные повторные,27.603074772886092,80.53484188346256
12669,2011-03-28 10:15:00,2011-07-12 09:54:00,2,1427.73,142,Давно не покупавшие повторные,27.62636850687165,80.55215224173593
17451,2011-08-26 11:54:00,2011-11-24 11:19:00,6,1427.22,7,Активные повторные,27.64966224085721,80.56945641656931
12657,2011-09-22 11:40:00,2011-11-28 15:47:00,4,1427.18,3,Активные повторные,27.67295597484277,80.58676010642702
15681,2011-03-04 13:46:00,2011-11-14 16:30:00,5,1426.16,17,Активные повторные,27.696249708828326,80.60405142940483
15106,2011-03-15 12:52:00,2011-11-22 09:16:00,5,1422.52,9,Активные повторные,27.719543442813883,80.62129861959555
16463,2011-05-19 14:45:00,2011-11-18 14:01:00,4,1422.4,13,Активные повторные,27.74283717679944,80.63854435485922
16571,2011-03-03 09:41:00,2011-11-13 11:46:00,3,1421.69,18,Активные повторные,27.766130910784998,80.65578148180455
14019,2011-07-24 15:39:00,2011-10-24 10:13:00,3,1421.61,38,Активные повторные,27.789424644770556,80.6730176387985
14901,2010-12-02 11:20:00,2011-11-28 17:09:00,9,1421.29,3,Активные повторные,27.812718378756113,80.690249915987
14443,2010-12-06 11:03:00,2011-10-17 10:10:00,4,1420.2,45,Активные повторные,27.836012112741674,80.70746897758814
17288,2010-12-16 13:33:00,2011-11-30 16:09:00,7,1419.73,1,Активные повторные,27.85930584672723,80.72468234072501
16173,2011-09-02 15:23:00,2011-11-24 10:53:00,6,1418.3200000000002,7,Активные повторные,27.88259958071279,80.74187860846911
15444,2011-10-30 16:12:00,2011-11-30 17:37:00,2,1418.2599999999998,1,Остальные,27.905893314698346,80.75907414874965
14748,2010-12-06 10:19:00,2011-11-10 18:33:00,5,1415.75,21,Активные повторные,27.929187048683904,80.77623925680614
16012,2011-07-07 18:02:00,2011-11-04 13:25:00,3,1415.29,27,Активные повторные,27.95248078266946,80.79339878764227
18116,2010-12-10 12:14:00,2011-10-03 11:00:00,8,1414.43,59,Активные повторные,27.97577451665502,80.81054789150124
16271,2010-12-16 16:36:00,2011-11-24 12:12:00,4,1414.24,7,Активные повторные,27.999068250640576,80.82769469172572
16245,2011-03-28 09:30:00,2011-11-16 10:14:00,3,1413.66,15,Активные повторные,28.022361984626137,80.84483445980281
16103,2011-04-20 12:28:00,2011-09-21 11:55:00,5,1413.14,71,Остальные,28.045655718611695,80.86196792319602
17004,2011-09-08 12:16:00,2011-10-24 14:25:00,2,1412.94,38,Остальные,28.068949452597252,80.87909896171084
12759,2011-03-09 08:09:00,2011-10-18 14:49:00,3,1411.44,44,Активные повторные,28.09224318658281,80.89621181363755
17768,2011-06-26 13:46:00,2011-11-06 14:14:00,2,1411.33,25,Остальные,28.115536920568367,80.91332333188114
14441,2011-03-29 12:01:00,2011-10-27 14:27:00,3,1407.19,35,Активные повторные,28.138830654553924,80.93038465514161
15596,2010-12-09 16:10:00,2011-08-31 10:55:00,5,1406.59,92,Давно не покупавшие повторные,28.162124388539482,80.94743870376684
17083,2011-02-09 11:38:00,2011-08-22 15:43:00,3,1405.78,101,Давно не покупавшие повторные,28.18541812252504,80.9644829316345
14741,2010-12-02 08:43:00,2011-11-28 08:48:00,6,1400.3400000000001,3,Активные повторные,28.2087118565106,80.98146120280937
18202,2011-02-01 13:36:00,2011-05-24 12:12:00,3,1396.99,191,Давно не покупавшие повторные,28.232005590496158,80.99839885727086
17131,2011-09-25 12:42:00,2011-11-06 15:43:00,4,1395.84,25,Активные повторные,28.255299324481715,81.01532256868146
13995,2011-04-08 08:20:00,2011-11-24 14:22:00,5,1393.69,7,Активные повторные,28.278593058467273,81.03222021264915
16987,2011-05-18 15:55:00,2011-10-28 17:26:00,6,1393.1200000000001,34,Активные повторные,28.30188679245283,81.04911094571337
17354,2011-10-20 10:34:00,2011-10-20 10:34:00,1,1393.06,42,Остальные,28.325180526438388,81.06600095131402
15810,2011-02-16 09:11:00,2011-09-22 09:38:00,4,1391.98,70,Остальные,28.348474260423945,81.08287786257131
15051,2011-07-12 15:29:00,2011-11-16 15:38:00,3,1391.61,15,Активные повторные,28.371767994409502,81.0997502878035
13414,2011-02-16 12:13:00,2011-07-29 11:45:00,3,1390.5,125,Давно не покупавшие повторные,28.395061728395063,81.11660925496052
12405,2011-07-14 08:52:00,2011-07-14 08:52:00,1,1390.39,140,Остальные,28.41835546238062,81.13346688843441
13516,2011-04-15 11:06:00,2011-11-18 13:15:00,3,1389.41,13,Активные повторные,28.44164919636618,81.15031264000409
15134,2011-04-13 11:05:00,2011-11-25 08:55:00,8,1387.99,6,Активные повторные,28.464942930351736,81.16714117493703
16817,2010-12-06 14:19:00,2011-11-07 12:39:00,8,1387.42,24,Активные повторные,28.488236664337293,81.1839627989665
12352,2011-02-16 12:33:00,2011-11-03 14:37:00,7,1385.74,28,Активные повторные,28.51153039832285,81.20076405401733
13308,2011-05-20 13:13:00,2011-11-17 09:31:00,3,1385.51,14,Активные повторные,28.534824132308408,81.21756252045797
18167,2011-08-26 11:40:00,2011-11-16 15:56:00,3,1384.8600000000001,15,Активные повторные,28.558117866293966,81.23435310604378
17311,2011-01-27 10:56:00,2011-09-22 14:11:00,2,1384.85,70,Остальные,28.581411600279523,81.25114357038566
13572,2011-05-18 11:59:00,2011-05-18 11:59:00,1,1384.25,197,Остальные,28.604705334265084,81.26792676009232
18122,2011-07-12 11:37:00,2011-11-17 14:29:00,5,1383.87,14,Активные повторные,28.62799906825064,81.28470534252999
14507,2011-03-08 17:23:00,2011-11-16 12:21:00,6,1383.18,15,Активные повторные,28.6512928022362,81.30147555913713
14116,2011-08-10 12:44:00,2011-11-20 10:29:00,5,1382.74,11,Активные повторные,28.674586536221756,81.31824044101178
16389,2011-03-01 15:47:00,2011-10-17 14:41:00,4,1382.07,45,Активные повторные,28.697880270207314,81.33499719954374
16726,2010-12-13 13:28:00,2011-11-13 14:53:00,5,1382.02,18,Активные повторные,28.72117400419287,81.3517533518561
17621,2010-12-20 13:31:00,2011-11-18 17:11:00,3,1379.9,13,Активные повторные,28.74446773817843,81.3684838004573
12886,2011-05-04 11:21:00,2011-10-03 10:09:00,2,1378.4,59,Остальные,28.767761472163986,81.38519606247043
15569,2011-01-11 13:26:00,2011-08-28 10:15:00,5,1375.71,95,Давно не покупавшие повторные,28.791055206149547,81.4018757098689
14434,2011-09-28 15:31:00,2011-11-18 08:56:00,6,1372.8,13,Активные повторные,28.814348940135105,81.41852007528647
15095,2011-05-20 14:27:00,2011-08-28 12:01:00,4,1370.6,95,Давно не покупавшие повторные,28.837642674120662,81.43513776704152
16669,2011-09-22 14:13:00,2011-11-16 12:26:00,2,1370.47,15,Остальные,28.86093640810622,81.45175388262561
14673,2010-12-07 12:49:00,2011-11-30 12:36:00,4,1369.63,1,Активные повторные,28.884230142091777,81.46835981372037
14113,2010-12-20 12:14:00,2011-11-17 10:59:00,3,1368.52,14,Активные повторные,28.907523876077335,81.48495228673994
16016,2010-12-08 12:36:00,2011-11-24 19:07:00,7,1368.1599999999999,7,Активные повторные,28.930817610062892,81.50154039497838
12381,2011-08-12 09:57:00,2011-11-06 13:36:00,2,1367.8,25,Остальные,28.95411134404845,81.51812413843567
13890,2010-12-16 09:31:00,2011-11-17 14:46:00,7,1367.61,14,Активные повторные,28.97740507803401,81.53470557825848
16790,2011-11-02 11:23:00,2011-11-23 14:37:00,5,1366.1200000000001,8,Активные повторные,29.000698812019568,81.55126895273712
15563,2010-12-16 11:27:00,2011-11-17 12:59:00,3,1361.44,14,Активные повторные,29.023992546005125,81.56777558506091
13396,2011-01-24 13:37:00,2011-11-10 16:59:00,2,1360.99,21,Остальные,29.047286279990683,81.58427676140829
15411,2011-06-10 12:30:00,2011-11-13 15:19:00,4,1358.88,18,Активные повторные,29.07058001397624,81.60075235528842
13232,2011-04-10 13:48:00,2011-11-27 10:39:00,7,1357.0,4,Активные повторные,29.093873747961798,81.6172051553115
17054,2011-04-08 13:14:00,2011-11-11 12:56:00,5,1356.33,20,Активные повторные,29.117167481947355,81.63364983199187
16711,2010-12-17 12:43:00,2011-11-13 11:51:00,4,1355.43,18,Активные повторные,29.140461215932913,81.65008359671941
16201,2011-08-22 10:47:00,2011-11-18 17:20:00,3,1354.07,13,Активные повторные,29.163754949918474,81.66650087227374
14859,2011-05-19 14:42:00,2011-11-27 11:18:00,4,1353.74,4,Активные повторные,29.18704868390403,81.68291414677869
14064,2011-03-10 12:59:00,2011-11-10 13:14:00,5,1353.7399999999998,21,Активные повторные,29.21034241788959,81.69932742128366
16426,2011-03-08 15:45:00,2011-11-18 13:33:00,7,1353.65,13,Активные повторные,29.233636151875146,81.71573960459332
15116,2011-05-19 08:50:00,2011-11-22 12:25:00,4,1352.75,9,Активные повторные,29.256929885860703,81.73214087595015
16079,2011-10-30 13:06:00,2011-11-23 12:48:00,3,1352.0,8,Активные повторные,29.28022361984626,81.74853305401292
16493,2011-01-14 08:16:00,2011-09-21 11:10:00,4,1351.63,71,Остальные,29.30351735383182,81.76492074605063
12770,2011-05-13 09:33:00,2011-05-13 09:33:00,1,1351.45,202,Остальные,29.326811087817376,81.78130625569777
14154,2011-04-14 15:58:00,2011-04-14 16:26:00,2,1345.62,231,Давно не покупавшие повторные,29.350104821802937,81.79762108013921
15398,2011-09-22 14:56:00,2011-11-23 16:47:00,2,1345.5300000000002,8,Остальные,29.373398555788494,81.81393481338536
17372,2010-12-12 12:00:00,2011-10-30 11:37:00,8,1342.68,32,Активные повторные,29.39669228977405,81.83021399211415
16317,2011-02-15 14:30:00,2011-08-12 12:46:00,3,1341.65,111,Давно не покупавшие повторные,29.41998602375961,81.84648068271912
18177,2011-03-29 08:46:00,2011-11-08 14:44:00,6,1341.42,23,Активные повторные,29.443279757745167,81.86274458471392
16045,2011-02-22 14:55:00,2011-08-12 12:41:00,4,1340.7,111,Давно не покупавшие повторные,29.466573491730724,81.87899975714643
13501,2011-02-24 18:59:00,2011-02-24 18:59:00,1,1340.32,280,Остальные,29.48986722571628,81.89525032230998
15734,2011-05-23 14:59:00,2011-08-17 10:50:00,2,1339.4500000000003,106,Давно не покупавшие повторные,29.51316095970184,81.91149033925242
15059,2011-01-09 11:54:00,2011-10-30 11:35:00,9,1337.72,32,Активные повторные,29.536454693687396,81.9277093809966
16110,2011-02-01 14:01:00,2011-10-25 14:35:00,3,1337.48,37,Активные повторные,29.559748427672957,81.9439255128867
15680,2010-12-08 14:43:00,2011-11-30 13:46:00,3,1333.68,1,Активные повторные,29.583042161658515,81.96009557208696
12826,2010-12-09 15:21:00,2011-11-10 15:37:00,6,1332.12,21,Активные повторные,29.606335895644072,81.97624671723561
17932,2011-05-12 13:58:00,2011-11-10 19:49:00,3,1331.57,21,Активные повторные,29.62962962962963,81.99239119396863
15237,2011-04-26 15:04:00,2011-09-22 15:28:00,3,1328.72,70,Остальные,29.652923363615187,82.00850111618429
16295,2011-10-06 10:45:00,2011-11-30 08:17:00,4,1328.55,1,Активные повторные,29.676217097600745,82.0246089772533
16283,2011-05-15 13:37:00,2011-10-02 13:49:00,4,1328.44,60,Активные повторные,29.699510831586302,82.04071550463917
15146,2011-02-21 13:07:00,2011-06-28 12:09:00,2,1327.16,156,Давно не покупавшие повторные,29.72280456557186,82.05680651280322
17633,2011-08-11 15:43:00,2011-11-08 13:25:00,4,1324.8400000000001,23,Активные повторные,29.74609829955742,82.07286939237768
12854,2011-01-25 13:35:00,2011-09-22 12:15:00,3,1324.5,70,Остальные,29.769392033542978,82.08892814965886
17095,2011-01-09 11:05:00,2011-11-17 12:21:00,3,1324.16,14,Активные повторные,29.792685767528535,82.10498278464672
16910,2011-09-09 14:14:00,2011-11-30 14:33:00,7,1323.26,1,Активные повторные,29.815979501514093,82.12102650768175
17490,2011-06-16 09:15:00,2011-10-06 17:52:00,4,1321.22,56,Активные повторные,29.83927323549965,82.13704549695696
16370,2011-04-28 16:40:00,2011-09-18 15:55:00,4,1320.56,74,Остальные,29.862566969485208,82.15305648413342
13168,2011-01-25 13:55:00,2011-11-03 12:56:00,4,1319.19,28,Активные повторные,29.885860703470765,82.16905086089277
16083,2010-12-14 11:51:00,2011-08-31 10:47:00,2,1317.62,92,Давно не покупавшие повторные,29.909154437456323,82.18502620235657
14921,2011-05-22 12:51:00,2011-11-09 13:17:00,2,1316.07,22,Остальные,29.932448171441884,82.20098275101269
12576,2011-02-08 11:31:00,2011-11-04 10:11:00,5,1315.83,27,Активные повторные,29.95574190542744,82.21693638981472
14511,2011-07-29 12:13:00,2011-11-28 17:05:00,5,1314.81,3,Активные повторные,29.979035639413,82.23287766173685
16464,2011-07-20 13:53:00,2011-11-20 12:11:00,3,1314.68,11,Активные повторные,30.002329373398556,82.24881735748801
14738,2011-01-27 14:10:00,2011-10-28 08:56:00,7,1314.45,34,Активные повторные,30.025623107384114,82.26475426462899
14973,2011-04-28 12:22:00,2011-08-24 15:51:00,3,1314.45,99,Давно не покупавшие повторные,30.04891684136967,82.28069117176997
16040,2011-03-16 09:58:00,2011-10-05 13:47:00,3,1313.55,57,Активные повторные,30.07221057535523,82.2966171669581
14856,2011-10-14 09:35:00,2011-11-03 14:53:00,3,1311.38,28,Активные повторные,30.095504309340786,82.31251685221547
14477,2011-02-15 15:44:00,2011-11-20 11:11:00,4,1309.6,11,Активные повторные,30.118798043326347,82.32839495605495
16120,2011-10-11 14:10:00,2011-10-11 14:22:00,4,1309.14,51,Активные повторные,30.142091777311904,82.34426748267411
13328,2011-01-27 15:22:00,2011-01-27 15:22:00,1,1308.48,308,Остальные,30.165385511297462,82.36013200719451
14297,2011-03-10 08:31:00,2011-11-22 09:06:00,4,1305.33,9,Активные повторные,30.18867924528302,82.37595833987993
15380,2010-12-09 15:01:00,2011-10-24 10:30:00,4,1304.96,38,Активные повторные,30.211972979268577,82.39178018654029
16744,2011-06-19 15:13:00,2011-11-28 13:06:00,7,1304.76,3,Активные повторные,30.235266713254134,82.40759960832222
17919,2011-09-12 13:41:00,2011-09-12 13:41:00,1,1304.04,80,Остальные,30.25856044723969,82.42341030054187
15813,2011-04-14 09:09:00,2011-05-16 08:13:00,2,1303.9099999999999,199,Давно не покупавшие повторные,30.28185418122525,82.43921941659056
14898,2010-12-03 15:25:00,2011-11-16 14:54:00,6,1303.52,15,Активные повторные,30.305147915210807,82.45502380412636
12620,2011-05-19 12:10:00,2011-11-25 10:20:00,3,1303.4099999999999,6,Активные повторные,30.328441649196368,82.470826857979
15494,2011-08-10 15:29:00,2011-11-18 14:51:00,2,1299.23,13,Остальные,30.351735383181925,82.48657923187288
17961,2010-12-02 19:18:00,2011-11-18 16:55:00,39,1296.44,13,Активные повторные,30.375029117167482,82.5022977787129
16224,2011-04-04 12:00:00,2011-10-13 17:51:00,4,1295.3000000000002,49,Активные повторные,30.39832285115304,82.51800250374596
12560,2011-07-19 15:55:00,2011-07-19 15:55:00,1,1292.31,135,Остальные,30.421616585138597,82.53367097684676
16101,2011-09-30 10:18:00,2011-09-30 10:18:00,1,1290.7,62,Остальные,30.444910319124155,82.54931992967639
15171,2011-01-12 15:36:00,2011-01-12 15:36:00,1,1289.5,323,Остальные,30.468204053109712,82.56495433323552
17802,2010-12-02 13:44:00,2011-09-18 14:56:00,3,1285.04,74,Остальные,30.49149778709527,82.58053466200606
13878,2011-10-16 12:19:00,2011-10-16 12:19:00,1,1281.53,46,Остальные,30.51479152108083,82.59607243416049
12775,2011-02-01 13:45:00,2011-11-22 16:33:00,5,1281.04,9,Активные повторные,30.538085255066388,82.61160426536281
13538,2011-01-28 10:40:00,2011-10-27 16:34:00,7,1280.8500000000001,35,Активные повторные,30.561378989051946,82.62713379293064
16951,2011-02-08 14:58:00,2011-07-28 12:05:00,3,1277.75,126,Давно не покупавшие повторные,30.584672723037503,82.64262573488308
14608,2010-12-12 14:49:00,2011-11-10 18:37:00,3,1277.6,21,Активные повторные,30.60796645702306,82.6581158581767
17019,2010-12-06 12:55:00,2011-11-28 13:06:00,4,1272.61,3,Активные повторные,30.631260191008618,82.67354548075399
14669,2011-01-11 12:30:00,2011-04-12 11:43:00,3,1269.99,233,Давно не покупавшие повторные,30.654553924994175,82.68894333742406
13492,2011-05-09 10:06:00,2011-07-26 14:25:00,3,1269.8400000000001,128,Давно не покупавшие повторные,30.677847658979733,82.70433937543532
14071,2011-03-20 11:33:00,2011-11-20 14:07:00,6,1269.42,11,Активные повторные,30.701141392965294,82.71973032120192
13431,2011-09-12 11:25:00,2011-10-03 13:49:00,2,1269.1,59,Остальные,30.72443512695085,82.73511738716306
14916,2011-01-19 15:30:00,2011-09-30 09:20:00,4,1268.98,62,Остальные,30.74772886093641,82.75050299819716
15199,2011-02-04 14:04:00,2011-10-11 15:12:00,4,1268.6999999999998,51,Активные повторные,30.771022594921966,82.76588521440148
16660,2011-01-24 12:44:00,2011-11-23 14:53:00,4,1267.6499999999999,8,Активные повторные,30.794316328907524,82.78125469999414
17037,2011-09-13 12:49:00,2011-09-13 12:49:00,1,1267.32,79,Остальные,30.81761006289308,82.79662018453742
17158,2010-12-14 13:03:00,2011-11-07 15:15:00,3,1266.97,24,Активные повторные,30.84090379687864,82.81198142554348
14105,2011-04-14 17:58:00,2011-04-14 17:58:00,1,1266.23,231,Остальные,30.864197530864196,82.82733369449942
13989,2011-04-14 15:39:00,2011-10-05 09:47:00,2,1266.08,57,Остальные,30.887491264849757,82.84268414479655
16842,2011-02-10 14:51:00,2011-08-31 10:42:00,3,1264.19,92,Давно не покупавшие повторные,30.910784998835314,82.85801167999269
15497,2011-01-24 10:01:00,2011-11-22 11:51:00,2,1262.2,9,Остальные,30.934078732820872,82.87331508764863
15009,2011-11-14 17:40:00,2011-11-27 13:35:00,3,1261.7800000000002,4,Активные повторные,30.95737246680643,82.8886134030599
17388,2011-02-25 12:28:00,2011-09-23 10:31:00,4,1259.56,69,Остальные,30.980666200791987,82.90388480232082
13151,2011-02-17 12:29:00,2011-02-17 12:29:00,1,1257.8700000000001,287,Остальные,31.003959934777544,82.91913571135915
16639,2011-04-18 09:31:00,2011-11-08 13:20:00,3,1257.5100000000002,23,Активные повторные,31.0272536687631,82.93438225561633
13848,2010-12-08 15:10:00,2011-09-08 12:58:00,3,1255.0,84,Остальные,31.05054740274866,82.94959836764944
17262,2010-12-08 13:30:00,2011-10-18 12:56:00,5,1253.3600000000001,44,Активные повторные,31.07384113673422,82.96479459567959
15453,2011-06-05 12:37:00,2011-11-04 12:21:00,6,1253.09,27,Активные повторные,31.097134870719778,82.97998755012388
14216,2011-11-02 10:51:00,2011-11-23 13:24:00,2,1252.74,8,Остальные,31.120428604705335,82.99517626103095
15172,2011-04-17 11:56:00,2011-09-30 13:15:00,4,1247.95,62,Остальные,31.143722338690893,83.01030689610006
14383,2011-06-29 10:18:00,2011-11-01 15:53:00,3,1247.69,30,Активные повторные,31.16701607267645,83.02543437882726
13029,2010-12-21 13:53:00,2011-11-09 09:13:00,3,1247.5,22,Активные повторные,31.190309806662007,83.04055955791993
15004,2011-07-15 14:05:00,2011-07-15 14:05:00,1,1245.93,139,Остальные,31.213603540647565,83.05566570171707
12488,2011-09-25 10:34:00,2011-11-30 08:50:00,3,1244.66,1,Активные повторные,31.236897274633122,83.07075644753633
16531,2010-12-14 13:19:00,2011-11-17 16:29:00,7,1244.59,14,Активные повторные,31.26019100861868,83.0858463446481
14102,2011-10-26 12:46:00,2011-11-28 10:20:00,4,1241.78,3,Активные повторные,31.28348474260424,83.10090217221823
17588,2011-04-21 10:31:00,2011-08-31 13:37:00,3,1240.2,92,Давно не покупавшие повторные,31.3067784765898,83.11593884324888
17731,2011-06-09 14:18:00,2011-09-21 15:02:00,4,1240.1100000000001,71,Остальные,31.330072210575356,83.13097442308427
13476,2011-03-03 14:43:00,2011-06-14 12:00:00,2,1238.47,170,Давно не покупавшие повторные,31.353365944560913,83.14599011891666
14893,2011-11-28 10:49:00,2011-11-30 12:31:00,2,1237.85,1,Остальные,31.37665967854647,83.16099829762598
13931,2011-03-04 08:43:00,2011-09-05 10:12:00,2,1237.5300000000002,87,Остальные,31.399953412532028,83.17600259652984
15201,2011-04-06 14:02:00,2011-09-13 14:53:00,5,1236.54,79,Остальные,31.423247146517586,83.19099489228557
14684,2010-12-12 12:44:00,2011-11-14 11:33:00,5,1236.28,17,Активные повторные,31.446540880503143,83.20598403569936
15376,2011-05-01 13:45:00,2011-10-30 15:04:00,3,1233.36,32,Активные повторные,31.469834614488704,83.22093777588834
18080,2011-04-11 10:10:00,2011-11-21 08:02:00,2,1231.5,10,Остальные,31.49312834847426,83.23586896470809
18171,2011-01-10 09:55:00,2011-10-12 09:13:00,5,1231.31,50,Активные повторные,31.51642208245982,83.25079784989336
15392,2010-12-14 15:50:00,2011-11-09 13:37:00,3,1231.12,22,Активные повторные,31.539715816445376,83.26572443144413
14250,2011-09-11 13:44:00,2011-09-11 13:44:00,1,1228.83,81,Остальные,31.563009550430934,83.28062324813708
14913,2010-12-15 14:35:00,2011-11-04 08:29:00,4,1227.43,27,Активные повторные,31.58630328441649,83.29550509068115
12997,2011-01-26 15:49:00,2011-11-17 15:47:00,4,1226.89,14,Активные повторные,31.60959701840205,83.31038038605351
17774,2011-02-07 13:13:00,2011-09-04 12:49:00,4,1225.41,88,Остальные,31.632890752387606,83.32523773732564
15841,2011-01-05 11:25:00,2011-09-28 12:15:00,4,1224.06,64,Остальные,31.656184486373167,83.34007872066846
15701,2011-08-21 12:36:00,2011-10-02 14:00:00,3,1223.2,60,Активные повторные,31.679478220358725,83.35490927703414
13309,2011-02-04 12:29:00,2011-10-25 13:16:00,4,1221.9099999999999,37,Активные повторные,31.702771954344282,83.36972419293406
14745,2011-02-27 15:25:00,2011-08-19 10:05:00,5,1220.26,104,Давно не покупавшие повторные,31.72606568832984,83.38451910358705
15227,2011-01-26 15:31:00,2011-11-03 11:59:00,5,1219.4,28,Активные повторные,31.749359422315397,83.39930358726292
13491,2010-12-02 14:30:00,2011-10-19 08:32:00,10,1215.82,43,Активные повторные,31.772653156300954,83.4140446656152
17410,2011-05-08 15:21:00,2011-11-23 15:46:00,5,1214.72,8,Активные повторные,31.795946890286512,83.42877240713621
13055,2011-05-10 08:58:00,2011-09-22 14:26:00,3,1214.41,70,Остальные,31.81924062427207,83.44349639009569
18263,2011-04-01 11:48:00,2011-11-14 09:00:00,3,1213.1599999999999,17,Активные повторные,31.84253435825763,83.45820521756508
13918,2011-03-31 18:05:00,2011-10-21 12:25:00,2,1212.84,41,Остальные,31.865828092243188,83.47291016522902
16653,2011-09-29 13:38:00,2011-11-23 14:51:00,2,1212.6599999999999,8,Остальные,31.889121826228745,83.48761293050241
17653,2011-08-11 15:24:00,2011-11-03 12:46:00,4,1207.5600000000002,28,Активные повторные,31.912415560214303,83.50225386137627
15737,2011-04-11 10:01:00,2011-11-25 11:21:00,8,1205.12,6,Активные повторные,31.93570929419986,83.51686520873353
16949,2011-01-27 12:11:00,2011-10-30 11:55:00,5,1204.23,32,Активные повторные,31.959003028185418,83.53146576538185
16800,2011-11-28 14:06:00,2011-11-28 14:06:00,1,1201.49,3,Недавние однократные,31.982296762170975,83.54603310119595
13158,2011-01-25 09:58:00,2011-09-06 11:58:00,4,1201.06,86,Остальные,32.005590496156536,83.56059522352145
12463,2011-04-12 12:47:00,2011-10-17 13:44:00,4,1200.78,45,Активные повторные,32.02888423014209,83.57515395101716
17320,2010-12-06 15:38:00,2011-08-31 13:31:00,3,1200.62,92,Давно не покупавшие повторные,32.05217796412765,83.58971073861015
13208,2011-02-03 19:32:00,2011-10-11 16:25:00,5,1199.42,51,Активные повторные,32.075471698113205,83.60425297693267
13564,2010-12-06 17:26:00,2010-12-20 16:50:00,2,1198.38,346,Давно не покупавшие повторные,32.098765432098766,83.61878260588746
15605,2010-12-01 13:38:00,2011-11-03 14:17:00,5,1198.23,28,Активные повторные,32.12205916608432,83.63331041618345
17800,2011-01-09 13:50:00,2011-11-02 12:57:00,9,1198.01,29,Активные повторные,32.14535290006988,83.64783555911315
13118,2011-02-24 12:32:00,2011-11-20 12:46:00,5,1197.81,11,Активные повторные,32.16864663405544,83.66235827716446
13211,2010-12-13 16:17:00,2011-11-29 14:43:00,3,1197.42,2,Активные повторные,32.191940368040996,83.67687626670286
16042,2011-01-11 13:25:00,2011-11-17 17:50:00,5,1197.27,14,Активные повторные,32.21523410202656,83.69139243758246
17867,2011-02-24 12:25:00,2011-11-09 14:15:00,6,1197.1000000000001,22,Активные повторные,32.23852783601211,83.7059065473154
14487,2010-12-06 13:22:00,2011-11-13 12:17:00,6,1196.33,18,Активные повторные,32.26182156999767,83.72041132126645
12372,2011-02-16 12:46:00,2011-09-29 12:12:00,3,1196.04,63,Остальные,32.285115303983225,83.73491257914382
17720,2010-12-07 10:43:00,2011-11-13 15:04:00,4,1195.94,18,Активные повторные,32.30840903796879,83.74941262458199
14719,2011-04-04 14:17:00,2011-11-29 12:52:00,4,1195.71,2,Активные повторные,32.33170277195435,83.76390988140999
12611,2011-10-18 13:12:00,2011-10-18 13:12:00,1,1193.32,44,Остальные,32.3549965059399,83.77837816094096
14178,2011-06-10 12:51:00,2011-11-11 12:10:00,6,1190.81,20,Активные повторные,32.37829023992546,83.79281600824785
16612,2011-02-01 10:38:00,2011-11-07 07:38:00,4,1187.66,24,Активные повторные,32.401583973911016,83.80721566371977
15630,2011-05-19 10:16:00,2011-10-25 15:36:00,2,1186.35,37,Остальные,32.42487770789658,83.82159943623807
13752,2011-04-07 12:04:00,2011-08-07 14:16:00,6,1186.2800000000002,116,Давно не покупавшие повторные,32.44817144188213,83.83598236004897
12516,2011-06-12 11:37:00,2011-09-23 09:13:00,2,1186.06,69,Остальные,32.47146517586769,83.85036261649358
16496,2011-01-27 09:42:00,2011-05-16 10:48:00,2,1185.04,199,Давно не покупавшие повторные,32.494758909853246,83.86473050605831
12818,2011-03-23 12:06:00,2011-03-23 12:06:00,1,1182.0800000000002,253,Остальные,32.51805264383881,83.87906250742253
17058,2011-04-14 09:18:00,2011-09-19 10:13:00,3,1179.89,73,Остальные,32.54134637782437,83.89336795636817
16950,2010-12-07 15:20:00,2011-10-14 09:06:00,3,1178.56,48,Активные повторные,32.56464011180992,83.90765727987235
12885,2011-08-08 11:45:00,2011-10-07 13:40:00,3,1175.22,55,Активные повторные,32.58793384579548,83.92190610790705
15306,2011-07-14 15:22:00,2011-10-06 12:56:00,3,1174.35,56,Активные повторные,32.61122757978104,83.93614438772067
14857,2011-07-14 15:03:00,2011-10-11 09:23:00,2,1173.12,51,Остальные,32.6345213137666,83.95036775453205
13611,2010-12-15 10:31:00,2011-09-11 14:51:00,3,1171.8000000000002,81,Остальные,32.65781504775215,83.96457511714593
18168,2010-12-02 18:08:00,2011-06-16 19:21:00,6,1169.94,168,Давно не покупавшие повторные,32.68110878173771,83.97875992839057
13813,2011-07-28 10:33:00,2011-10-31 10:38:00,4,1168.8600000000001,31,Активные повторные,32.704402515723274,83.99293164529182
13500,2011-08-09 12:20:00,2011-11-16 15:35:00,3,1166.77,15,Активные повторные,32.72769624970883,84.00707802221362
17828,2011-06-08 08:31:00,2011-11-17 08:41:00,4,1165.09,14,Активные повторные,32.75098998369439,84.02120403015678
14261,2011-09-22 10:47:00,2011-10-20 10:04:00,2,1163.45,42,Остальные,32.77428371767994,84.03531015409696
14447,2011-03-04 10:49:00,2011-11-21 08:28:00,5,1163.23,10,Активные повторные,32.797577451665504,84.04941361067091
15088,2011-10-03 14:05:00,2011-11-18 13:14:00,2,1160.0700000000002,13,Остальные,32.82087118565106,84.06347875416594
17348,2011-02-15 10:49:00,2011-11-25 11:25:00,5,1159.52,6,Активные повторные,32.84416491963662,84.07753722924534
15108,2011-04-26 10:54:00,2011-07-21 10:24:00,3,1159.25,133,Давно не покупавшие повторные,32.86745865362217,84.09159243073888
13499,2011-03-15 08:52:00,2011-11-22 11:21:00,5,1159.1100000000001,9,Активные повторные,32.89075238760773,84.10564593481755
16184,2011-05-12 13:33:00,2011-10-06 17:43:00,6,1158.79,56,Активные повторные,32.914046121593294,84.11969555909073
17590,2011-10-30 14:05:00,2011-11-22 16:06:00,2,1157.04,9,Остальные,32.93733985557885,84.13372396567783
14723,2010-12-03 14:18:00,2011-11-29 15:23:00,6,1156.6,2,Активные повторные,32.96063358956441,84.14774703753241
13744,2011-02-20 14:08:00,2011-09-05 15:19:00,2,1156.36,87,Остальные,32.98392732354996,84.1617671995329
13159,2011-08-16 11:44:00,2011-10-20 13:20:00,3,1155.29,42,Активные повторные,33.007221057535524,84.1757743884339
16637,2011-04-28 10:20:00,2011-11-07 13:17:00,4,1154.47,24,Активные повторные,33.03051479152108,84.1897716353334
16062,2010-12-10 12:00:00,2011-11-30 12:15:00,4,1153.62,1,Активные повторные,33.05380852550664,84.20375857649965
16714,2011-01-26 13:40:00,2011-01-26 13:46:00,2,1146.53,309,Давно не покупавшие повторные,33.07710225949219,84.21765955572621
17505,2011-05-18 09:01:00,2011-07-01 12:50:00,2,1145.8400000000001,153,Давно не покупавшие повторные,33.100395993477754,84.23155216912227
16766,2011-03-11 13:34:00,2011-03-11 15:22:00,2,1145.6,265,Давно не покупавшие повторные,33.123689727463315,84.2454418726642
12769,2011-04-15 10:25:00,2011-04-15 10:25:00,1,1143.6,230,Остальные,33.14698346144887,84.25930732742202
17770,2011-03-02 13:35:00,2011-05-25 12:34:00,5,1143.27,190,Давно не покупавшие повторные,33.17027719543443,84.27316878113048
18125,2011-01-27 15:02:00,2011-11-10 12:29:00,4,1142.99,21,Активные повторные,33.193570929419984,84.28702684000915
12412,2011-06-23 13:51:00,2011-09-26 10:16:00,3,1142.88,66,Остальные,33.216864663405545,84.3008835652047
17856,2011-03-03 11:40:00,2011-04-20 13:13:00,3,1142.63,225,Давно не покупавшие повторные,33.2401583973911,84.31473725930223
15985,2011-04-17 11:04:00,2011-08-08 16:31:00,2,1142.42,115,Давно не покупавшие повторные,33.26345213137666,84.32858840727744
16270,2010-12-21 14:26:00,2010-12-21 14:26:00,1,1141.24,345,Остальные,33.28674586536222,84.34242524847001
13330,2011-01-28 10:08:00,2011-09-08 12:27:00,3,1140.9299999999998,84,Остальные,33.310039599347775,84.35625833110105
13819,2011-01-24 10:38:00,2011-02-11 10:38:00,3,1140.35,293,Давно не покупавшие повторные,33.333333333333336,84.37008438158468
16172,2011-04-12 12:02:00,2011-09-05 13:22:00,5,1140.21,87,Остальные,33.35662706731889,84.38390873465343
17135,2010-12-03 09:31:00,2011-11-23 16:48:00,7,1139.73,8,Активные повторные,33.37992080130445,84.397727268014
12689,2011-08-04 10:04:00,2011-11-14 08:31:00,2,1139.6100000000001,17,Остальные,33.403214535290005,84.41154434644751
17500,2011-11-10 09:08:00,2011-11-22 14:25:00,3,1138.0,9,Активные повторные,33.426508269275566,84.42534190460982
17302,2011-02-07 10:14:00,2011-11-25 09:36:00,5,1135.63,6,Активные повторные,33.44980200326112,84.43911072796294
17242,2011-06-12 13:04:00,2011-08-23 14:55:00,2,1135.04,100,Давно не покупавшие повторные,33.47309573724668,84.45287239792475
15489,2011-05-12 12:54:00,2011-11-17 08:53:00,3,1134.28,14,Активные повторные,33.49638947123224,84.4666248533486
17585,2011-01-05 15:09:00,2011-08-22 13:30:00,4,1133.07,101,Давно не покупавшие повторные,33.519683205217795,84.48036263825807
13282,2011-05-03 12:03:00,2011-11-21 15:33:00,3,1132.14,10,Активные повторные,33.542976939203356,84.49408914748291
13772,2011-04-14 12:31:00,2011-11-06 11:43:00,3,1132.13,25,Активные повторные,33.56627067318891,84.50781553546382
13310,2011-01-19 14:50:00,2011-11-11 17:23:00,3,1132.03,20,Активные повторные,33.58956440717447,84.52154071100554
13610,2011-02-27 14:44:00,2011-11-27 15:38:00,7,1131.88,4,Активные повторные,33.612858141160025,84.53526406788845
13447,2011-11-04 10:10:00,2011-11-16 13:38:00,3,1129.14,15,Активные повторные,33.636151875145586,84.54895420393711
14824,2011-09-09 14:12:00,2011-11-29 14:20:00,4,1127.71,2,Активные повторные,33.65944560913115,84.56262700210515
16692,2011-02-23 15:41:00,2011-03-28 14:46:00,2,1126.0,248,Давно не покупавшие повторные,33.6827393431167,84.57627906756275
17470,2010-12-07 09:57:00,2011-10-26 12:42:00,5,1125.07,36,Активные повторные,33.70603307710226,84.58991985733573
15436,2011-04-19 16:52:00,2011-11-27 16:05:00,3,1122.53,4,Активные повторные,33.729326811087816,84.6035298511529
13486,2011-07-07 17:19:00,2011-09-22 13:13:00,3,1122.4099999999999,70,Остальные,33.75262054507338,84.61713839004302
17562,2011-06-19 13:06:00,2011-11-25 14:21:00,7,1122.38,6,Активные повторные,33.77591427905893,84.63074656520136
16807,2011-03-14 09:46:00,2011-07-20 12:00:00,3,1121.5900000000001,134,Давно не покупавшие повторные,33.79920801304449,84.64434516208999
16086,2010-12-07 13:45:00,2011-10-11 13:09:00,5,1121.3899999999999,51,Активные повторные,33.822501747030046,84.65794133410022
15730,2011-05-17 12:43:00,2011-10-05 12:31:00,3,1120.88,57,Активные повторные,33.84579548101561,84.67153132267048
16794,2011-06-12 14:15:00,2011-11-29 12:46:00,9,1120.03,2,Активные повторные,33.86908921500117,84.6851110055075
14276,2011-02-23 09:38:00,2011-09-02 09:45:00,3,1119.74,90,Остальные,33.89238294898672,84.69868717227082
13064,2011-01-16 13:41:00,2011-11-27 12:31:00,4,1119.49,4,Активные повторные,33.91567668297228,84.71226030793613
17894,2010-12-08 14:50:00,2011-09-29 09:23:00,8,1119.39,63,Остальные,33.93897041695784,84.72583223116222
12842,2011-02-04 12:36:00,2011-09-30 15:33:00,2,1118.99,62,Остальные,33.9622641509434,84.7393993046315
15716,2010-12-05 12:26:00,2011-07-17 11:59:00,4,1118.81,137,Давно не покупавшие повторные,33.98555788492895,84.7529641957102
13591,2011-03-18 12:18:00,2011-10-06 12:26:00,3,1117.1299999999999,56,Активные повторные,34.00885161891451,84.76650871781025
15602,2010-12-06 15:35:00,2011-11-17 19:52:00,8,1117.03,14,Активные повторные,34.032145352900066,84.7800520274711
14971,2011-10-27 13:33:00,2011-11-04 17:07:00,3,1116.57,27,Активные повторные,34.05543908688563,84.7935897599116
16350,2011-01-10 09:44:00,2011-11-18 15:53:00,4,1116.47,13,Активные повторные,34.07873282087119,84.80712627991288
16688,2011-10-10 12:23:00,2011-11-29 17:12:00,3,1115.1599999999999,2,Активные повторные,34.10202655485674,84.82064691696057
14794,2011-01-09 16:11:00,2011-11-30 09:00:00,6,1115.05,1,Активные повторные,34.1253202888423,84.83416622032514
17788,2011-08-02 10:38:00,2011-09-27 10:09:00,2,1112.95,65,Остальные,34.14861402282786,84.84766006246639
16049,2011-09-25 14:33:00,2011-10-30 13:19:00,3,1111.79,32,Активные повторные,34.17190775681342,84.86113984031284
14161,2010-12-05 13:18:00,2011-05-08 11:41:00,3,1110.52,207,Давно не покупавшие повторные,34.19520149079897,84.87460422018138
15069,2011-06-13 14:16:00,2011-06-13 14:16:00,1,1109.53,171,Остальные,34.21849522478453,84.88805659690179
15933,2011-09-14 12:05:00,2011-11-18 13:14:00,3,1107.46,13,Активные повторные,34.241788958770094,84.90148387613063
12857,2011-02-10 12:32:00,2011-05-13 10:20:00,2,1106.4,202,Давно не покупавшие повторные,34.26508269275565,84.9148983035039
17609,2011-01-16 16:23:00,2011-10-30 12:28:00,5,1104.72,32,Активные повторные,34.28837642674121,84.9282923618985
14410,2011-02-07 09:36:00,2011-09-08 15:08:00,9,1104.07,84,Остальные,34.31167016072676,84.94167853943829
14948,2011-05-04 14:52:00,2011-11-16 17:16:00,6,1101.97,15,Активные повторные,34.334963894712324,84.95503925575471
17047,2011-05-18 16:50:00,2011-09-15 13:27:00,3,1100.9,77,Остальные,34.35825762869788,84.96838699897167
14744,2010-12-08 10:21:00,2011-11-23 12:51:00,7,1099.98,8,Активные повторные,34.38155136268344,84.98172358774792
15910,2011-01-27 11:55:00,2011-11-24 16:59:00,7,1098.83,7,Активные повторные,34.40484509666899,84.9950462334733
15978,2011-09-23 15:21:00,2011-09-23 15:21:00,1,1098.78,69,Остальные,34.428138830654554,85.00836827297908
17966,2011-03-23 17:25:00,2011-11-02 10:26:00,5,1098.4299999999998,29,Активные повторные,34.451432564640115,85.02168606894763
16225,2011-03-07 12:17:00,2011-10-26 08:30:00,5,1096.3200000000002,36,Активные повторные,34.47472629862567,85.03497828244895
16533,2011-10-02 15:07:00,2011-11-20 13:08:00,3,1095.56,11,Активные повторные,34.49802003261123,85.04826128141231
13652,2010-12-06 09:21:00,2011-10-25 08:51:00,3,1095.08,37,Активные повторные,34.52131376659678,85.06153846066746
15745,2011-04-17 13:04:00,2011-11-20 13:45:00,4,1094.5900000000001,11,Активные повторные,34.544607500582345,85.07480969897053
15608,2011-08-11 09:56:00,2011-11-11 13:20:00,4,1093.68,20,Активные повторные,34.5679012345679,85.0880699040768
16989,2011-07-12 09:11:00,2011-11-24 17:32:00,5,1093.65,7,Активные повторные,34.59119496855346,85.10132974545132
14698,2011-10-19 12:54:00,2011-11-24 11:10:00,4,1093.6000000000001,7,Активные повторные,34.61448870253902,85.11458898060624
12676,2011-02-01 15:41:00,2011-11-15 12:25:00,6,1091.39,16,Активные повторные,34.637782436524574,85.1278214208547
18189,2011-03-17 09:49:00,2011-09-23 12:40:00,2,1090.24,69,Остальные,34.661076170510135,85.14103991805231
13853,2011-10-13 14:18:00,2011-10-13 14:18:00,1,1090.14,49,Остальные,34.68436990449569,85.1542572028107
12952,2011-09-22 16:37:00,2011-10-27 17:00:00,3,1090.06,35,Активные повторные,34.70766363848125,85.16747351761772
16929,2011-07-07 12:39:00,2011-11-22 15:36:00,6,1089.45,9,Активные повторные,34.730957372466804,85.1806824365456
15763,2011-09-23 12:10:00,2011-11-08 09:44:00,2,1086.92,23,Остальные,34.754251106452365,85.19386068076156
12494,2010-12-09 11:31:00,2011-11-24 09:34:00,7,1084.1000000000001,7,Активные повторные,34.77754484043792,85.20700473419193
13467,2011-11-03 16:56:00,2011-11-29 10:01:00,2,1083.71,2,Остальные,34.80083857442348,85.22014405910939
17481,2011-09-07 09:57:00,2011-11-24 09:06:00,3,1083.19,7,Активные повторные,34.82413230840904,85.23327707934298
14737,2010-12-21 13:49:00,2011-08-03 10:04:00,2,1081.75,120,Давно не покупавшие повторные,34.847426042394595,85.246392640452
17041,2010-12-14 11:43:00,2011-11-13 11:21:00,3,1081.57,18,Активные повторные,34.870719776380156,85.25950601917046
14561,2011-06-08 13:26:00,2011-09-25 12:39:00,3,1080.76,67,Остальные,34.89401351036571,85.27260957713135
12394,2011-05-06 14:01:00,2011-10-07 08:08:00,2,1080.48,55,Остальные,34.91730724435127,85.28570974026248
13726,2011-08-31 11:06:00,2011-11-01 10:49:00,2,1079.66,30,Остальные,34.940600978336825,85.2987999613921
15197,2010-12-16 18:01:00,2011-11-29 10:00:00,3,1079.6100000000001,2,Активные повторные,34.963894712322386,85.31188957630212
12354,2011-04-21 13:11:00,2011-04-21 13:11:00,1,1079.4,224,Остальные,34.98718844630794,85.32497664508982
13715,2010-12-02 08:52:00,2011-03-03 19:21:00,5,1079.34,273,Давно не покупавшие повторные,35.0104821802935,85.33806298641399
14352,2011-03-11 14:58:00,2011-07-05 15:41:00,4,1078.96,149,Давно не покупавшие повторные,35.03377591427906,85.35114472046916
16980,2011-02-21 12:58:00,2011-03-29 16:36:00,2,1078.96,247,Давно не покупавшие повторные,35.057069648264616,85.36422645452436
16094,2011-05-04 13:57:00,2011-11-28 12:45:00,4,1078.23,3,Активные повторные,35.08036338225018,85.37729933777334
16563,2011-10-17 11:51:00,2011-10-17 11:51:00,1,1077.74,45,Остальные,35.10365711623573,85.39036628007023
13131,2011-06-05 10:54:00,2011-11-16 13:21:00,3,1073.3,15,Активные повторные,35.12695085022129,85.40337939006633
15712,2011-02-25 11:32:00,2011-11-30 14:09:00,5,1072.3600000000001,1,Активные повторные,35.150244584206845,85.41638110313396
15238,2011-06-08 16:00:00,2011-11-10 14:28:00,3,1071.99,21,Активные повторные,35.173538318192406,85.42937833017649
17412,2010-12-02 16:29:00,2011-11-16 12:21:00,6,1071.66,15,Активные повторные,35.19683205217797,85.44237155616965
13635,2011-10-03 10:55:00,2011-10-03 10:55:00,1,1071.03,59,Остальные,35.22012578616352,85.45535714379581
13761,2011-06-13 08:43:00,2011-10-20 14:01:00,2,1070.65,42,Остальные,35.24341952014908,85.46833812415301
14212,2011-09-11 12:45:00,2011-09-11 12:45:00,1,1070.48,81,Остальные,35.266713254134636,85.48131704336353
15123,2011-05-17 14:57:00,2011-05-17 14:57:00,1,1069.47,198,Остальные,35.2900069881202,85.49428371693809
17214,2010-12-15 15:14:00,2011-10-10 13:17:00,6,1069.12,52,Активные повторные,35.31330072210575,85.50724614697542
16918,2011-01-26 17:37:00,2011-10-21 12:50:00,6,1068.8200000000002,41,Активные повторные,35.33659445609131,85.52020493969513
15027,2011-04-15 14:14:00,2011-11-09 10:16:00,4,1066.1499999999999,22,Активные повторные,35.359888190076866,85.53313136028805
13743,2011-03-25 14:46:00,2011-09-12 12:19:00,6,1065.84,80,Остальные,35.38318192406243,85.54605402231942
17277,2011-01-21 12:37:00,2011-04-26 12:47:00,2,1065.35,219,Давно не покупавшие повторные,35.40647565804799,85.5589707433987
14488,2011-10-03 09:30:00,2011-10-03 09:30:00,1,1064.28,59,Остальные,35.42976939203354,85.57187449137847
17287,2010-12-02 12:22:00,2011-11-13 13:27:00,7,1064.11,18,Активные повторные,35.4530631260191,85.58477617821158
15801,2011-08-22 09:53:00,2011-10-24 13:52:00,3,1063.95,38,Активные повторные,35.47635686000466,85.59767592514198
12936,2011-09-22 13:51:00,2011-11-22 17:32:00,4,1063.9,9,Активные повторные,35.49965059399022,85.61057506585279
14411,2011-02-02 10:56:00,2011-02-02 10:56:00,1,1063.0,302,Остальные,35.52294432797577,85.62346329461072
16214,2011-03-15 13:23:00,2011-06-22 11:30:00,3,1062.75,162,Давно не покупавшие повторные,35.54623806196133,85.63634849227063
15996,2010-12-08 15:59:00,2011-09-12 15:14:00,6,1060.68,80,Остальные,35.569531795946894,85.649208592439
15706,2011-08-15 14:32:00,2011-10-07 10:09:00,4,1060.56,55,Активные повторные,35.59282552993245,85.66206723768029
17727,2011-11-24 17:06:00,2011-11-24 17:06:00,1,1060.25,7,Недавние однократные,35.61611926391801,85.67492212436007
18130,2011-10-13 15:58:00,2011-11-24 14:40:00,3,1059.3899999999999,7,Активные повторные,35.63941299790356,85.68776658406267
14465,2011-02-10 12:13:00,2011-04-07 12:38:00,3,1058.62,238,Давно не покупавшие повторные,35.66270673188912,85.70060170798338
13455,2010-12-08 13:11:00,2011-11-15 11:21:00,2,1058.3400000000001,16,Остальные,35.68600046587468,85.71343343707433
14419,2010-12-10 10:56:00,2011-11-29 11:22:00,6,1058.06,2,Активные повторные,35.70929419986024,85.7262617713355
15407,2011-02-07 13:18:00,2011-11-06 11:55:00,4,1056.44,25,Активные повторные,35.73258793384579,85.73907046408152
14514,2011-01-12 15:22:00,2011-10-09 16:05:00,3,1055.35,53,Активные повторные,35.75588166783135,85.75186594124021
15977,2011-10-31 16:24:00,2011-11-22 13:29:00,2,1054.73,9,Остальные,35.779175401816914,85.76465390127582
16728,2011-03-20 13:28:00,2011-10-24 14:36:00,4,1054.67,38,Активные повторные,35.80246913580247,85.77744113384792
16539,2010-12-01 15:40:00,2011-05-04 09:52:00,3,1053.61,211,Давно не покупавшие повторные,35.82576286978803,85.79021551456442
12507,2011-02-14 09:24:00,2011-07-28 17:09:00,3,1052.81,126,Давно не покупавшие повторные,35.84905660377358,85.80298019576729
16416,2011-10-14 13:35:00,2011-11-13 12:50:00,3,1051.4,18,Активные повторные,35.872350337759144,85.81572778157734
14224,2011-01-23 13:58:00,2011-08-21 13:24:00,4,1050.12,102,Давно не покупавшие повторные,35.8956440717447,85.82845984816556
15329,2011-06-21 10:37:00,2011-10-31 15:36:00,3,1049.7,31,Активные повторные,35.91893780573026,85.84118682250914
14078,2010-12-01 12:54:00,2011-08-30 12:16:00,6,1049.37,93,Давно не покупавшие повторные,35.94223153971581,85.85390979580332
15464,2011-01-05 15:56:00,2011-01-05 15:56:00,1,1048.85,330,Остальные,35.965525273701374,85.86662646441361
15839,2011-07-14 16:35:00,2011-11-06 13:54:00,3,1048.49,25,Активные повторные,35.988819007686935,85.8793387682428
12919,2011-06-23 09:22:00,2011-11-23 10:38:00,5,1047.29,8,Активные повторные,36.01211274167249,85.8920365228015
15777,2010-12-13 16:38:00,2011-04-12 16:43:00,4,1047.11,233,Давно не покупавшие повторные,36.03540647565805,85.90473209496963
16520,2010-12-09 13:08:00,2011-06-06 13:24:00,3,1046.57,178,Давно не покупавшие повторные,36.058700209643604,85.91742111996604
15621,2011-11-18 11:49:00,2011-11-28 15:16:00,2,1044.96,3,Остальные,36.081993943629165,85.93009062469125
15192,2010-12-09 14:56:00,2011-08-12 11:41:00,3,1044.32,111,Давно не покупавшие повторные,36.10528767761472,85.94275236980553
14389,2011-06-02 12:04:00,2011-10-05 15:17:00,2,1043.46,57,Остальные,36.12858141160028,85.95540368794265
15073,2011-06-06 09:59:00,2011-11-30 10:44:00,3,1043.41,1,Активные повторные,36.15187514558584,85.96805439986016
14428,2011-01-18 16:39:00,2011-11-03 16:30:00,4,1042.97,28,Активные повторные,36.175168879571395,85.98069977704517
14584,2011-05-25 17:31:00,2011-06-23 18:33:00,4,1042.26,161,Давно не покупавшие повторные,36.198462613556956,85.99333654591182
13719,2011-04-19 13:56:00,2011-11-24 15:26:00,5,1041.68,7,Активные повторные,36.22175634754251,86.00596628263106
18221,2011-05-12 14:13:00,2011-11-17 14:40:00,5,1041.6100000000001,14,Активные повторные,36.24505008152807,86.01859517064287
17676,2010-12-08 13:49:00,2011-10-12 14:21:00,5,1040.08,50,Активные повторные,36.268343815513624,86.03120550833484
14418,2011-08-23 17:18:00,2011-11-14 13:55:00,2,1039.9,17,Остальные,36.291637549499185,86.04381366363621
16320,2011-05-10 15:31:00,2011-06-20 15:25:00,2,1038.46,164,Давно не покупавшие повторные,36.31493128348474,86.05640435981304
16175,2011-04-13 14:38:00,2011-09-06 14:32:00,4,1037.59,86,Остальные,36.3382250174703,86.06898450776877
15145,2011-04-05 15:20:00,2011-10-27 12:33:00,3,1036.37,35,Активные повторные,36.36151875145586,86.0815498639662
16260,2011-10-20 09:40:00,2011-10-20 09:40:00,1,1035.45,42,Остальные,36.384812485441415,86.09410406572293
12399,2011-03-23 09:42:00,2011-08-12 13:15:00,4,1033.65,111,Давно не покупавшие повторные,36.408106219426976,86.10663644357398
13639,2011-09-26 13:36:00,2011-09-26 13:36:00,1,1033.34,66,Остальные,36.43139995341253,86.11916506286346
12849,2011-03-16 12:26:00,2011-11-08 13:41:00,2,1033.25,23,Остальные,36.45469368739809,86.13169259095766
17724,2011-07-24 13:26:00,2011-09-29 15:26:00,3,1033.0,63,Остальные,36.477987421383645,86.14421708795385
13235,2011-05-11 17:13:00,2011-05-11 17:13:00,1,1031.07,204,Остальные,36.501281155369206,86.15671818487336
12630,2011-10-27 10:41:00,2011-11-30 10:48:00,2,1030.88,1,Остальные,36.52457488935477,86.16921697815837
13253,2011-01-04 15:43:00,2011-07-06 10:09:00,2,1030.3999999999999,148,Давно не покупавшие повторные,36.54786862334032,86.18170995173521
17033,2010-12-15 13:21:00,2011-09-14 14:34:00,3,1030.1399999999999,78,Остальные,36.57116235732588,86.19419977297011
15136,2011-09-04 16:05:00,2011-11-17 16:35:00,2,1029.8,14,Остальные,36.594456091311436,86.20668547191171
15333,2011-05-15 13:27:00,2011-05-15 13:27:00,1,1028.56,200,Остальные,36.617749825297,86.21915613660714
15104,2011-03-02 14:16:00,2011-05-27 12:29:00,2,1027.44,188,Давно не покупавшие повторные,36.64104355928255,86.23161322198351
16160,2011-09-15 10:53:00,2011-10-05 14:19:00,2,1025.44,57,Остальные,36.66433729326811,86.24404605857573
15658,2010-12-02 10:53:00,2011-06-02 15:22:00,5,1024.1,182,Давно не покупавшие повторные,36.687631027253666,86.2564626484826
12710,2011-05-22 14:05:00,2011-09-04 12:00:00,3,1023.0200000000001,88,Остальные,36.71092476123923,86.26886614404603
17096,2011-03-23 12:05:00,2011-11-24 15:01:00,4,1022.13,7,Активные повторные,36.73421849522479,86.28125884890053
14346,2011-02-15 13:52:00,2011-08-11 09:47:00,2,1021.5799999999999,112,Давно не покупавшие повторные,36.75751222921034,86.29364488533942
12546,2011-09-23 09:44:00,2011-10-24 12:09:00,2,1021.5,38,Остальные,36.7808059631959,86.30602995182694
13165,2010-12-23 14:06:00,2011-10-24 15:05:00,2,1021.48,38,Остальные,36.80409969718146,86.31841477582662
18142,2011-05-08 12:31:00,2011-07-05 13:19:00,2,1019.52,149,Давно не покупавшие повторные,36.82739343116702,86.33077583601785
12514,2011-03-17 16:38:00,2011-03-17 16:38:00,1,1017.68,259,Остальные,36.85068716515257,86.3431145873277
13728,2011-02-02 12:09:00,2011-11-03 10:49:00,6,1016.14,28,Активные повторные,36.87398089913813,86.3554346670738
13867,2011-05-05 17:28:00,2011-11-08 15:48:00,3,1015.29,23,Активные повторные,36.897274633123686,86.36774444108663
17197,2011-11-10 10:32:00,2011-11-10 10:32:00,1,1013.01,21,Недавние однократные,36.92056836710925,86.38002657148557
14195,2011-04-01 16:50:00,2011-05-22 10:29:00,2,1012.0,193,Давно не покупавшие повторные,36.94386210109481,86.39229645624853
14775,2010-12-02 16:38:00,2011-10-12 15:27:00,3,1011.9,50,Активные повторные,36.96715583508036,86.40456512857229
16229,2011-05-11 10:18:00,2011-09-13 17:16:00,2,1010.5999999999999,79,Остальные,36.99044956906592,86.41681803918637
14817,2011-03-07 13:51:00,2011-05-23 13:35:00,2,1010.3399999999999,192,Давно не покупавшие повторные,37.01374330305148,86.42906779745852
13032,2011-09-13 16:40:00,2011-10-18 15:54:00,2,1010.1800000000001,44,Остальные,37.03703703703704,86.44131561582792
16572,2011-03-09 12:04:00,2011-08-04 16:34:00,3,1009.5999999999999,119,Давно не покупавшие повторные,37.06033077102259,86.45355640204994
16174,2011-07-11 09:23:00,2011-08-05 13:26:00,3,1009.55,118,Давно не покупавшие повторные,37.08362450500815,86.46579658205236
17951,2010-12-01 12:40:00,2011-10-31 12:30:00,3,1008.5400000000001,31,Активные повторные,37.106918238993714,86.4780245164188
17646,2010-12-09 14:28:00,2011-05-04 13:17:00,3,1008.3900000000001,211,Давно не покупавшие повторные,37.13021197297927,86.49025063212643
12783,2011-09-25 15:35:00,2011-11-07 11:57:00,3,1007.29,24,Активные повторные,37.15350570696483,86.50246341100281
14631,2011-02-14 09:31:00,2011-10-20 11:17:00,3,1006.98,42,Активные повторные,37.17679944095038,86.51467243131763
13429,2011-09-25 15:59:00,2011-11-29 09:10:00,4,1006.8000000000001,2,Активные повторные,37.200093174935944,86.52687926924189
17126,2010-12-12 11:26:00,2011-07-10 13:52:00,5,1004.75,144,Давно не покупавшие повторные,37.2233869089215,86.53906125216243
14214,2011-03-07 12:26:00,2011-11-09 10:31:00,5,1004.38,22,Активные повторные,37.24668064290706,86.55123874905792
13410,2011-02-21 14:38:00,2011-11-15 15:33:00,5,1003.06,16,Активные повторные,37.26997437689261,86.56340024175586
15898,2010-12-06 11:01:00,2011-04-27 10:03:00,4,1002.99,218,Давно не покупавшие повторные,37.293268110878174,86.57556088574638
12446,2011-10-13 12:50:00,2011-10-13 12:50:00,1,1002.3100000000001,49,Остальные,37.316561844863735,86.58771328515029
15508,2011-04-18 15:31:00,2011-06-03 15:43:00,6,1000.27,181,Давно не покупавшие повторные,37.33985557884929,86.59984095079442
18143,2011-07-21 10:44:00,2011-08-15 12:07:00,2,1000.1600000000001,108,Давно не покупавшие повторные,37.36314931283485,86.6119672827554
13882,2011-10-06 15:28:00,2011-11-28 13:08:00,4,998.05,3,Активные повторные,37.3864430468204,86.62406803224916
14540,2011-02-03 15:02:00,2011-11-30 10:15:00,3,996.26,1,Активные повторные,37.409736780805964,86.63614707908113
15110,2011-01-25 11:41:00,2011-11-16 11:16:00,4,996.1,15,Активные повторные,37.43303051479152,86.64822418601034
12640,2011-09-19 12:01:00,2011-11-16 11:52:00,3,994.58,15,Активные повторные,37.45632424877708,86.66028286386366
17594,2011-03-30 10:32:00,2011-09-15 16:34:00,2,993.18,77,Остальные,37.47961798276264,86.67232456756808
16009,2011-07-03 11:26:00,2011-11-17 16:51:00,4,992.71,14,Активные повторные,37.502911716748194,86.68436057280823
14223,2011-03-20 16:02:00,2011-09-08 13:38:00,3,991.13,84,Остальные,37.526205450733755,86.69637742150894
16232,2011-05-08 14:05:00,2011-10-27 12:16:00,4,990.8799999999999,35,Активные повторные,37.54949918471931,86.70839123911163
17324,2010-12-08 12:45:00,2011-11-22 10:34:00,4,990.2299999999999,9,Активные повторные,37.57279291870487,86.72039717585949
15062,2010-12-15 15:37:00,2011-09-29 16:51:00,4,987.86,63,Остальные,37.596086652690424,86.73237437779818
13117,2010-12-02 13:11:00,2011-11-18 12:02:00,8,984.9100000000001,13,Активные повторные,37.619380386675985,86.74431581278029
15133,2011-02-11 10:38:00,2011-08-04 10:44:00,3,982.42,119,Давно не покупавшие повторные,37.64267412066154,86.75622705802617
15071,2011-03-09 10:19:00,2011-09-07 11:43:00,2,982.0699999999999,85,Остальные,37.6659678546471,86.76813405973482
16188,2011-04-11 09:44:00,2011-10-26 12:19:00,4,981.86,36,Активные повторные,37.68926158863266,86.78003851532115
16907,2010-12-09 16:52:00,2011-11-10 18:04:00,5,981.65,21,Активные повторные,37.712555322618215,86.79194042478514
16085,2011-01-23 12:07:00,2011-11-16 13:24:00,5,981.51,15,Активные повторные,37.735849056603776,86.80384063683425
12534,2011-08-01 10:26:00,2011-08-01 10:26:00,1,981.18,122,Остальные,37.75914279058933,86.81573684783397
18170,2011-05-06 15:13:00,2011-11-06 14:35:00,3,980.31,25,Активные повторные,37.78243652457489,86.82762251061261
12722,2011-07-12 11:55:00,2011-09-15 14:50:00,4,979.63,77,Остальные,37.805730258560445,86.83949992880466
15506,2011-07-24 11:45:00,2011-11-17 12:11:00,3,979.26,14,Активные повторные,37.829023992546006,86.85137286097161
15132,2011-03-22 12:02:00,2011-11-21 17:10:00,5,977.9300000000001,10,Активные повторные,37.85231772653156,86.86322966769715
14920,2011-05-11 10:31:00,2011-05-11 10:32:00,2,977.77,204,Давно не покупавшие повторные,37.87561146051712,86.87508453451996
15860,2010-12-06 11:38:00,2011-10-30 11:25:00,8,977.21,32,Активные повторные,37.89890519450268,86.8869326116832
12739,2011-09-01 17:45:00,2011-09-01 17:45:00,1,975.54,91,Остальные,37.922198928488235,86.89876044111173
14522,2011-05-25 16:01:00,2011-11-15 13:24:00,4,974.54,16,Активные повторные,37.9454926624738,86.91057614614819
15449,2011-03-23 10:43:00,2011-11-13 15:02:00,3,974.52,18,Активные повторные,37.96878639645935,86.9223916086968
15747,2011-06-20 11:30:00,2011-11-27 12:26:00,3,974.04,4,Активные повторные,37.99208013044491,86.93420125153723
18194,2011-09-18 13:29:00,2011-09-18 13:29:00,1,973.8399999999999,74,Остальные,38.015373864430465,86.94600846949925
16419,2011-02-01 12:25:00,2011-08-19 12:33:00,6,972.2299999999999,104,Давно не покупавшие повторные,38.038667598416026,86.95779616719007
13155,2010-12-06 12:44:00,2011-11-06 15:41:00,4,971.76,25,Активные повторные,38.06196133240159,86.9695781664166
17100,2011-11-21 16:36:00,2011-11-21 16:36:00,2,971.74,10,Остальные,38.08525506638714,86.9813599231553
14129,2011-03-24 08:44:00,2011-11-22 12:09:00,4,971.2800000000001,9,Активные повторные,38.1085488003727,86.99313610267366
16899,2010-12-14 13:11:00,2011-11-20 14:31:00,5,969.98,11,Активные повторные,38.131842534358256,87.00489652048233
14256,2010-12-10 11:44:00,2011-03-24 13:17:00,2,969.06,252,Давно не покупавшие повторные,38.15513626834382,87.01664578385031
15793,2011-03-16 10:45:00,2011-11-25 09:31:00,3,965.61,6,Активные повторные,38.17843000232937,87.02835321806569
12609,2011-01-25 15:13:00,2011-09-22 16:34:00,3,964.85,70,Остальные,38.20172373631493,87.0400514377431
13138,2010-12-02 15:03:00,2011-11-17 16:51:00,6,962.39,14,Активные повторные,38.225017470300486,87.05171983141605
14006,2011-01-31 15:11:00,2011-08-16 09:39:00,3,962.19,107,Давно не покупавшие повторные,38.24831120428605,87.0633858002106
18192,2011-09-29 09:53:00,2011-09-29 09:53:00,1,957.97,63,Остальные,38.27160493827161,87.07500060407065
13823,2011-09-09 10:42:00,2011-11-21 10:22:00,2,957.66,10,Остальные,38.29489867225716,87.08661164936917
14047,2010-12-02 10:09:00,2011-09-27 14:08:00,4,957.46,65,Остальные,38.31819240624272,87.09822026978928
12464,2011-02-03 13:30:00,2011-11-29 13:33:00,8,957.05,2,Активные повторные,38.34148614022828,87.10982391920864
17244,2011-10-17 15:19:00,2011-10-17 15:19:00,1,954.9,45,Остальные,38.36477987421384,87.12140150118508
15835,2011-01-13 10:35:00,2011-10-26 15:47:00,4,954.09,36,Активные повторные,38.38807360819939,87.13296926240393
12497,2011-09-19 12:29:00,2011-09-19 12:29:00,1,953.1,73,Остальные,38.41136734218495,87.14452502047467
12679,2011-03-01 12:26:00,2011-10-12 12:30:00,4,951.02,50,Активные повторные,38.434661076170514,87.1560555598099
16934,2011-10-16 12:25:00,2011-10-16 12:40:00,2,950.9300000000001,46,Остальные,38.45795481015607,87.16758500794987
15421,2011-02-02 14:36:00,2011-10-12 09:20:00,4,950.36,50,Активные повторные,38.48124854414163,87.17910754518635
13636,2011-02-27 14:29:00,2011-11-03 10:30:00,5,949.12,28,Активные повторные,38.50454227812718,87.1906150481767
12822,2011-09-13 13:46:00,2011-09-30 10:04:00,2,948.88,62,Остальные,38.52783601211274,87.20211964131295
17044,2011-11-14 14:28:00,2011-11-14 14:28:00,1,948.48,17,Недавние однократные,38.5511297460983,87.21361938469238
16511,2011-03-18 11:24:00,2011-11-18 10:41:00,3,948.26,13,Активные повторные,38.57442348008386,87.22511646070554
13748,2010-12-01 09:00:00,2011-09-05 09:45:00,5,948.25,87,Остальные,38.59771721406941,87.23661341547478
15787,2011-10-09 13:11:00,2011-11-13 14:55:00,3,948.0500000000001,18,Активные повторные,38.62101094805497,87.24810794536562
15707,2011-09-14 14:19:00,2011-11-04 14:35:00,4,945.5799999999999,27,Активные повторные,38.644304682040534,87.25957252800808
17289,2011-06-12 13:51:00,2011-11-08 12:01:00,3,944.4100000000001,23,Активные повторные,38.66759841602609,87.27102292511182
13261,2011-02-27 10:41:00,2011-03-16 12:22:00,2,944.1,260,Давно не покупавшие повторные,38.69089215001165,87.28246956365403
15576,2011-11-02 12:03:00,2011-11-02 12:03:00,1,940.6700000000001,29,Недавние однократные,38.7141858839972,87.29387461553148
15289,2011-04-04 12:44:00,2011-11-10 13:49:00,3,939.78,21,Активные повторные,38.737479617982764,87.30526887669998
17527,2011-05-05 13:43:00,2011-10-17 12:32:00,4,939.37,45,Активные повторные,38.76077335196832,87.31665816686775
17227,2010-12-06 11:16:00,2011-11-21 10:51:00,6,939.3199999999999,10,Активные повторные,38.78406708595388,87.32804685081594
12462,2011-02-09 14:44:00,2011-11-21 09:11:00,2,937.5899999999999,10,Остальные,38.80736081993943,87.33941455956584
16584,2011-03-30 13:14:00,2011-09-20 13:45:00,2,936.08,72,Остальные,38.830654553924994,87.35076396048375
16027,2011-02-10 12:19:00,2011-09-09 10:47:00,6,934.62,83,Остальные,38.853948287910555,87.36209565978925
14081,2010-12-05 15:47:00,2011-02-10 16:17:00,2,934.52,294,Давно не покупавшие повторные,38.87724202189611,87.37342614665552
16657,2011-03-30 12:02:00,2011-11-30 11:48:00,4,933.62,1,Активные повторные,38.90053575588167,87.38474572156895
13655,2011-04-12 09:53:00,2011-08-17 14:25:00,2,932.97,106,Давно не покупавшие повторные,38.923829489867224,87.39605741562755
14532,2010-12-22 13:48:00,2011-04-17 13:05:00,4,932.8500000000001,228,Давно не покупавшие повторные,38.947123223852785,87.4073676547591
12526,2011-09-06 14:19:00,2011-10-17 09:37:00,2,931.58,45,Остальные,38.97041695783834,87.41866249591274
18133,2011-05-11 14:14:00,2011-05-11 14:14:00,1,931.4999999999999,204,Остальные,38.9937106918239,87.42995636711501
17552,2010-12-02 18:45:00,2011-10-10 17:00:00,4,930.41,52,Активные повторные,39.01700442580946,87.44123702272994
12691,2010-12-17 14:46:00,2011-11-11 16:49:00,5,927.8,20,Активные повторные,39.040298159795014,87.4524860336816
13860,2011-09-14 09:27:00,2011-11-25 13:42:00,4,926.45,6,Активные повторные,39.063591893780576,87.46371867670398
14475,2011-02-08 10:12:00,2011-09-29 10:46:00,3,925.85,63,Остальные,39.08688562776613,87.47494404509112
12924,2011-01-16 11:49:00,2011-09-12 13:55:00,4,925.75,80,Остальные,39.11017936175169,87.48616820103906
14231,2011-02-24 11:55:00,2011-06-09 11:05:00,3,925.71,175,Давно не покупавшие повторные,39.133473095737244,87.4973918720113
17048,2011-01-12 16:51:00,2011-08-14 11:49:00,3,925.35,109,Давно не покупавшие повторные,39.156766829722805,87.50861117820241
15312,2010-12-20 12:51:00,2011-09-25 13:10:00,4,924.85,67,Остальные,39.18006056370836,87.5198244221975
13805,2011-08-02 15:29:00,2011-10-18 14:50:00,2,924.6,44,Остальные,39.20335429769392,87.53103463509457
17042,2011-04-06 14:53:00,2011-08-10 13:19:00,4,922.8199999999999,113,Давно не покупавшие повторные,39.22664803167948,87.54222326657377
15654,2011-11-13 15:15:00,2011-11-30 13:08:00,2,922.53,1,Остальные,39.249941765665035,87.55340838197928
13122,2011-04-13 14:12:00,2011-09-06 15:53:00,2,922.39,86,Остальные,39.273235499650596,87.5645917999699
16551,2011-01-07 10:24:00,2011-09-05 09:38:00,3,922.12,87,Остальные,39.29652923363615,87.57577194437467
13934,2011-03-21 08:39:00,2011-03-21 08:39:00,1,922.1,255,Остальные,39.31982296762171,87.5869518462916
13035,2011-03-24 09:21:00,2011-09-27 08:57:00,2,921.88,65,Остальные,39.343116701607265,87.59812908084227
13984,2010-12-08 15:58:00,2011-11-13 12:38:00,5,920.51,18,Активные повторные,39.366410435592826,87.60928970497581
17018,2011-01-18 08:46:00,2011-10-30 11:42:00,2,920.1,32,Остальные,39.38970416957839,87.62044535810861
13075,2011-08-02 10:19:00,2011-08-02 10:19:00,1,919.61,121,Остальные,39.41299790356394,87.63159507028932
13549,2011-04-11 13:42:00,2011-11-14 09:20:00,7,918.2,17,Активные повторные,39.4362916375495,87.64272768707723
15253,2011-06-23 12:19:00,2011-11-23 16:22:00,5,918.2,8,Активные повторные,39.459585371535056,87.65386030386513
17323,2011-02-20 14:38:00,2011-11-24 17:29:00,7,917.67,7,Активные повторные,39.48287910552062,87.66498649472523
14015,2011-10-18 10:02:00,2011-10-18 10:02:00,1,917.34,44,Остальные,39.50617283950617,87.67610868453596
16682,2011-06-05 11:02:00,2011-10-13 15:47:00,4,917.14,49,Активные повторные,39.52946657349173,87.68722844946826
14712,2011-08-19 13:33:00,2011-11-10 12:59:00,3,917.07,21,Активные повторные,39.552760307477286,87.69834736569314
17236,2010-12-12 11:49:00,2011-11-27 12:00:00,6,916.13,4,Активные повторные,39.57605404146285,87.70945488498947
16216,2011-03-17 15:34:00,2011-03-17 15:34:00,1,914.9300000000001,259,Остальные,39.59934777544841,87.72054785501534
16809,2011-03-22 15:20:00,2011-11-16 15:45:00,5,914.69,15,Активные повторные,39.62264150943396,87.73163791518711
15587,2010-12-23 09:59:00,2011-10-20 13:37:00,4,913.68,42,Активные повторные,39.64593524341952,87.7427157297229
12940,2011-09-13 10:16:00,2011-10-16 12:09:00,2,913.54,46,Остальные,39.669228977405076,87.75379184684381
15364,2011-03-30 13:39:00,2011-09-05 09:46:00,2,913.19,87,Остальные,39.69252271139064,87.76486372042751
12364,2011-08-19 15:24:00,2011-10-30 15:43:00,3,912.78,32,Активные повторные,39.71581644537619,87.77593062301045
14359,2011-09-13 09:03:00,2011-11-20 13:17:00,3,912.18,11,Активные повторные,39.73911017936175,87.78699025095816
13782,2011-01-16 11:08:00,2011-11-27 11:54:00,6,912.0,4,Активные повторные,39.762403913347306,87.7980476965153
13192,2011-05-18 14:57:00,2011-09-05 14:13:00,2,911.94,87,Остальные,39.78569764733287,87.80910441460891
18096,2011-10-07 11:55:00,2011-11-28 12:44:00,3,911.15,3,Активные повторные,39.80899138131843,87.8201515544328
13689,2011-10-07 13:21:00,2011-10-07 13:21:00,1,910.0,55,Остальные,39.83228511530398,87.83118475120581
15511,2011-09-15 15:05:00,2011-11-28 09:43:00,5,909.23,3,Активные повторные,39.85557884928954,87.84220861219697
13038,2011-02-22 11:43:00,2011-09-20 14:37:00,3,908.46,72,Остальные,39.8788725832751,87.85322313740622
17522,2011-05-05 16:31:00,2011-07-24 12:29:00,4,907.6899999999999,130,Давно не покупавшие повторные,39.90216631726066,87.86422832683358
14449,2010-12-02 14:09:00,2011-11-21 12:06:00,4,907.1,10,Активные повторные,39.92546005124621,87.87522636286963
15480,2011-08-15 14:32:00,2011-08-15 14:32:00,1,905.5,108,Остальные,39.94875378523177,87.88620499987839
12642,2011-08-24 09:23:00,2011-11-14 15:03:00,3,905.26,17,Активные повторные,39.972047519217334,87.89718072703303
15022,2011-10-23 15:47:00,2011-11-28 12:35:00,4,905.04,3,Активные повторные,39.99534125320289,87.90815378682144
15807,2011-09-23 14:43:00,2011-10-20 14:10:00,3,903.9000000000001,42,Активные повторные,40.01863498718845,87.91911302480293
14649,2011-05-11 14:37:00,2011-09-28 15:42:00,3,903.3,64,Остальные,40.041928721174,87.93006498814916
16716,2011-02-01 15:35:00,2011-03-18 10:03:00,2,901.2,258,Давно не покупавшие повторные,40.065222455159564,87.94099149027207
17848,2010-12-16 18:38:00,2011-09-19 16:49:00,9,901.1999999999999,73,Остальные,40.08851618914512,87.95191799239497
14625,2010-12-13 15:36:00,2011-05-27 15:32:00,2,899.63,188,Давно не покупавшие повторные,40.11180992313068,87.96282545922234
17886,2011-04-04 12:34:00,2011-11-08 10:09:00,3,899.61,23,Активные повторные,40.13510365711623,87.97373268356188
13662,2011-03-25 13:23:00,2011-09-15 12:04:00,3,897.76,77,Остальные,40.15839739110179,87.98461747777611
17537,2011-02-09 13:37:00,2011-11-10 10:56:00,2,897.6200000000001,21,Остальные,40.181691125087355,87.99550057457544
16361,2011-09-29 13:13:00,2011-11-30 12:32:00,4,896.66,1,Активные повторные,40.20498485907291,88.0063720319584
15079,2010-12-09 09:25:00,2011-05-11 12:45:00,4,895.61,204,Давно не покупавшие повторные,40.22827859305847,88.01723075872971
15865,2011-05-10 11:44:00,2011-10-30 12:43:00,3,895.1300000000001,32,Активные повторные,40.25157232704402,88.02808366579282
15211,2010-12-09 16:08:00,2011-10-10 13:31:00,2,894.4100000000001,52,Остальные,40.274866061029584,88.03892784329365
15066,2011-10-17 13:25:00,2011-10-17 13:25:00,1,893.59,45,Остальные,40.29815979501514,88.049762078793
13363,2011-10-27 10:46:00,2011-11-22 12:40:00,2,892.5,9,Остальные,40.3214535290007,88.060583098705
13515,2011-04-06 10:33:00,2011-09-28 11:26:00,4,891.12,64,Остальные,40.34474726298626,88.07138738695596
17350,2011-10-19 16:05:00,2011-10-25 12:06:00,2,891.09,37,Остальные,40.368040996971814,88.08219131147516
15255,2011-10-04 12:43:00,2011-10-04 12:43:00,1,890.85,58,Остальные,40.391334730957375,88.09299232614026
15434,2011-05-23 14:18:00,2011-11-08 08:18:00,4,890.5799999999999,23,Активные повторные,40.41462846494293,88.1037900672195
14240,2011-04-28 11:40:00,2011-11-09 13:45:00,2,890.34,22,Остальные,40.43792219892849,88.11458489844466
17027,2011-01-26 14:19:00,2011-09-22 12:24:00,6,890.29,70,Остальные,40.461215932914044,88.12537912345022
14344,2010-12-06 11:58:00,2011-08-04 13:51:00,8,889.9300000000001,119,Давно не покупавшие повторные,40.484509666899605,88.13616898367462
17007,2010-12-17 13:57:00,2011-10-20 10:47:00,6,889.9300000000001,42,Активные повторные,40.50780340088516,88.14695884389903
17829,2011-02-14 12:46:00,2011-02-14 12:46:00,1,889.24,290,Остальные,40.53109713487072,88.15774033829292
12599,2011-02-08 13:28:00,2011-11-10 13:34:00,7,888.58,21,Активные повторные,40.55439086885628,88.16851383058805
16347,2011-11-03 13:01:00,2011-11-28 13:14:00,2,887.6500000000001,3,Остальные,40.577684602841835,88.17927604719857
17704,2011-04-14 09:28:00,2011-06-24 09:40:00,2,885.19,160,Давно не покупавшие повторные,40.600978336827396,88.19000843780464
17109,2011-04-21 15:46:00,2011-11-10 16:59:00,6,885.04,21,Активные повторные,40.62427207081295,88.20073900975187
14623,2011-04-18 13:54:00,2011-11-07 13:56:00,5,884.5699999999999,24,Активные повторные,40.64756580479851,88.21146388323487
15799,2011-01-09 15:13:00,2011-09-25 12:46:00,3,884.14,67,Остальные,40.670859538784065,88.22218354322925
14597,2011-06-01 12:33:00,2011-11-28 13:13:00,2,883.15,3,Остальные,40.694153272769626,88.23289120007551
17405,2011-07-12 14:17:00,2011-09-28 10:27:00,2,883.01,64,Остальные,40.71744700675518,88.24359715950688
18236,2011-04-13 09:52:00,2011-11-10 08:06:00,6,882.24,21,Активные повторные,40.74074074074074,88.25429378315637
16900,2011-10-07 13:17:00,2011-11-23 10:32:00,3,882.1600000000001,8,Активные повторные,40.7640344747263,88.26498943685449
13037,2011-03-28 15:42:00,2011-07-24 15:46:00,3,881.07,130,Давно не покупавшие повторные,40.787328208711855,88.27567187496525
15076,2011-06-20 08:23:00,2011-06-20 08:23:00,1,880.85,164,Остальные,40.810621942697416,88.28635164570979
13350,2011-09-21 13:33:00,2011-11-23 16:33:00,2,879.1200000000001,8,Остальные,40.83391567668297,88.29701044125605
15653,2011-08-16 09:50:00,2011-09-08 10:49:00,2,877.4399999999999,84,Остальные,40.85720941066853,88.30764886782364
14770,2011-01-20 15:00:00,2011-04-21 14:21:00,2,876.42,224,Давно не покупавшие повторные,40.880503144654085,88.31827492751135
15100,2010-12-01 09:09:00,2011-01-10 10:35:00,3,876.0,325,Давно не покупавшие повторные,40.903796878639646,88.32889589495439
13566,2011-09-18 12:40:00,2011-10-30 11:59:00,2,874.71,32,Остальные,40.92709061262521,88.33950122193167
16376,2011-11-22 16:47:00,2011-11-22 16:47:00,1,874.25,9,Недавние однократные,40.95038434661076,88.3501009716886
13294,2011-04-04 12:37:00,2011-06-03 08:54:00,2,873.74,181,Давно не покупавшие повторные,40.97367808059632,88.36069453800559
17526,2010-12-09 12:20:00,2011-02-22 09:10:00,3,872.8,282,Давно не покупавшие повторные,40.996971814581876,88.37127670739405
12847,2011-11-17 13:16:00,2011-11-17 13:16:00,1,871.54,14,Недавние однократные,41.02026554856744,88.38184360004851
14759,2011-04-21 10:55:00,2011-08-19 08:57:00,2,870.85,104,Давно не покупавшие повторные,41.04355928255299,88.39240212687244
13200,2011-08-05 14:50:00,2011-11-20 15:35:00,4,870.09,11,Активные повторные,41.06685301653855,88.40295143915841
13956,2011-03-13 12:51:00,2011-10-16 15:56:00,4,869.92,46,Активные повторные,41.090146750524106,88.41349869029774
13979,2011-09-27 13:32:00,2011-09-27 13:32:00,1,869.87,65,Остальные,41.11344048450967,88.42404533521747
13376,2011-04-19 13:03:00,2011-09-01 16:16:00,3,869.76,91,Давно не покупавшие повторные,41.13673421849523,88.43459064645407
13203,2011-04-11 14:40:00,2011-11-30 10:45:00,4,869.46,1,Активные повторные,41.16002795248078,88.44513232037303
17649,2011-07-24 15:53:00,2011-07-24 15:53:00,1,868.49,130,Остальные,41.18332168646634,88.45566223363173
14912,2011-04-07 11:06:00,2011-11-23 09:20:00,2,867.8499999999999,8,Остальные,41.2066154204519,88.46618438727947
14715,2011-01-12 13:27:00,2011-11-15 12:10:00,4,867.38,16,Активные повторные,41.22990915443746,88.47670084246296
16121,2011-05-08 11:52:00,2011-10-13 12:59:00,2,867.11,49,Остальные,41.25320288842301,88.48721402406062
13509,2011-02-28 13:27:00,2011-10-18 11:41:00,5,866.62,44,Активные повторные,41.27649662240857,88.49772126470616
14332,2011-07-15 10:33:00,2011-11-17 11:54:00,3,866.3100000000001,14,Активные повторные,41.299790356394126,88.50822474679013
16567,2011-01-07 09:31:00,2011-05-29 13:57:00,2,865.5999999999999,186,Давно не покупавшие повторные,41.32308409037969,88.51871962055577
15500,2011-09-19 13:47:00,2011-11-21 08:40:00,3,865.3000000000001,10,Активные повторные,41.34637782436525,88.52921085700379
13846,2010-12-14 16:07:00,2011-11-15 12:07:00,3,865.06,16,Активные повторные,41.3696715583508,88.5396991835977
16221,2010-12-07 13:13:00,2011-11-03 11:43:00,3,864.86,28,Активные повторные,41.39296529233636,88.55018508531322
12815,2011-05-25 13:34:00,2011-07-15 10:21:00,2,863.46,139,Давно не покупавшие повторные,41.41625902632192,88.56065401287984
16266,2011-05-17 14:50:00,2011-09-27 12:08:00,7,861.89,65,Остальные,41.43955276030748,88.57110390515093
18237,2011-07-28 13:05:00,2011-10-05 13:33:00,4,861.3499999999999,57,Активные повторные,41.46284649429303,88.58154725025031
12794,2011-09-02 12:01:00,2011-10-17 14:54:00,2,860.41,45,Остальные,41.48614022827859,88.59197919842116
13339,2011-05-23 08:31:00,2011-05-23 08:31:00,1,860.12,192,Остальные,41.509433962264154,88.60240763051831
14577,2010-12-12 11:26:00,2011-11-27 12:47:00,4,859.71,4,Активные повторные,41.53272769624971,88.61283109161472
17064,2011-01-16 16:10:00,2011-10-12 10:18:00,3,859.3500000000001,50,Активные повторные,41.55602143023527,88.62325018793
14553,2011-01-04 15:40:00,2011-11-20 13:20:00,5,859.27,11,Активные повторные,41.57931516422082,88.6336683142939
12912,2011-10-30 11:35:00,2011-11-25 13:58:00,3,858.0600000000001,6,Активные повторные,41.602608898206384,88.6440717701434
16235,2011-01-11 15:42:00,2011-10-30 10:56:00,4,857.3100000000001,32,Активные повторные,41.62590263219194,88.65446613269887
16163,2010-12-09 16:28:00,2011-04-21 15:15:00,2,856.6000000000001,224,Давно не покупавшие повторные,41.6491963661775,88.66485188693598
16037,2010-12-16 10:18:00,2011-03-15 09:13:00,3,855.02,261,Давно не покупавшие повторные,41.67249010016305,88.67521848463362
12878,2011-03-18 14:02:00,2011-04-17 13:07:00,2,854.99,228,Давно не покупавшие повторные,41.695783834148614,88.68558471859953
13991,2011-07-19 12:58:00,2011-11-27 16:18:00,6,854.97,4,Активные повторные,41.719077568134175,88.69595071007757
17560,2011-02-02 11:14:00,2011-09-06 09:18:00,4,854.95,86,Остальные,41.74237130211973,88.70631645906778
16877,2011-05-15 16:13:00,2011-11-27 13:47:00,6,853.72,4,Активные повторные,41.76566503610529,88.71666729505576
14193,2011-03-15 11:38:00,2011-10-03 09:34:00,2,853.3900000000001,59,Остальные,41.788958770090844,88.72701412999436
16070,2011-11-07 16:36:00,2011-11-17 15:50:00,2,852.1500000000001,14,Остальные,41.812252504076405,88.73734593068681
16020,2011-10-05 13:54:00,2011-11-23 11:18:00,3,851.01,8,Активные повторные,41.83554623806196,88.74766390957231
14657,2011-01-17 15:19:00,2011-11-22 12:47:00,4,848.22,9,Активные повторные,41.85883997204752,88.75794806140398
16924,2011-09-16 12:54:00,2011-11-18 12:53:00,3,846.75,13,Активные повторные,41.88213370603308,88.76821439037931
16222,2011-01-25 13:38:00,2011-01-25 13:38:00,1,846.72,310,Остальные,41.905427440018634,88.77848035562288
15965,2010-12-07 13:18:00,2011-11-22 16:44:00,4,845.6400000000001,9,Активные повторные,41.928721174004195,88.78873322652302
14803,2011-02-20 13:21:00,2011-06-30 13:58:00,3,845.55,154,Давно не покупавшие повторные,41.95201490798975,88.79898500622788
13221,2010-12-15 13:24:00,2011-04-13 16:58:00,2,844.86,232,Давно не покупавшие повторные,41.97530864197531,88.80922842010223
17624,2011-05-05 17:59:00,2011-11-25 10:52:00,2,843.48,6,Остальные,41.998602375960864,88.81945510231554
15164,2011-01-04 14:21:00,2011-10-02 12:05:00,3,843.05,60,Активные повторные,42.021896109946425,88.82967657104027
17929,2011-02-04 11:40:00,2011-11-28 16:01:00,4,843.0,3,Активные повторные,42.04518984393198,88.83989743354537
13929,2011-01-17 15:11:00,2011-06-23 15:26:00,2,842.6500000000001,161,Давно не покупавшие повторные,42.06848357791754,88.85011405251328
16108,2011-09-16 11:48:00,2011-09-16 11:48:00,1,842.5,76,Остальные,42.0917773119031,88.86032885282236
16560,2010-12-16 14:36:00,2011-11-13 10:35:00,2,841.4100000000001,18,Остальные,42.115071045888655,88.8705304375441
14862,2011-07-14 11:20:00,2011-11-14 10:01:00,2,841.2,17,Остальные,42.138364779874216,88.88072947614351
12541,2011-03-04 09:32:00,2011-11-10 10:40:00,3,841.1800000000001,21,Активные повторные,42.16165851385977,88.8909282722551
17076,2010-12-10 10:08:00,2011-11-03 17:53:00,3,841.0799999999999,28,Активные повторные,42.18495224784533,88.90112585592745
13940,2011-07-18 16:05:00,2011-11-22 15:15:00,4,839.14,9,Активные повторные,42.208245981830885,88.91129991827923
14446,2011-04-07 12:10:00,2011-11-11 12:02:00,3,837.69,20,Активные повторные,42.231539715816446,88.92145640026251
16554,2011-01-12 12:41:00,2011-10-28 14:51:00,3,837.1,34,Активные повторные,42.254833449802,88.93160572885448
15832,2011-03-30 15:29:00,2011-03-30 15:29:00,1,836.79,246,Остальные,42.27812718378756,88.94175129888492
16747,2011-10-03 10:18:00,2011-11-02 11:37:00,2,836.06,29,Остальные,42.30142091777312,88.95188801810914
17169,2011-06-09 13:16:00,2011-10-13 10:25:00,2,835.78,49,Остальные,42.324714651758676,88.9620213425036
13835,2011-05-08 15:22:00,2011-11-14 15:37:00,4,834.5699999999999,17,Активные повторные,42.34800838574424,88.97213999638367
17075,2011-01-26 13:20:00,2011-11-22 11:58:00,4,834.12,9,Активные повторные,42.37130211972979,88.98225319428731
16644,2011-05-11 12:53:00,2011-06-15 12:39:00,2,833.78,169,Давно не покупавшие повторные,42.39459585371535,88.99236226989765
17759,2011-06-23 13:35:00,2011-11-22 16:02:00,3,833.74,9,Активные повторные,42.417889587700905,89.00247086053231
14289,2011-02-23 12:33:00,2011-07-28 10:24:00,5,832.7800000000001,126,Давно не покупавшие повторные,42.44118332168647,89.0125678117506
12545,2011-03-25 12:04:00,2011-09-25 13:39:00,2,832.39,67,Остальные,42.46447705567203,89.02266003445597
12717,2011-04-08 10:32:00,2011-07-11 14:47:00,2,830.98,143,Давно не покупавшие повторные,42.48777078965758,89.03273516176856
14644,2011-02-14 14:14:00,2011-10-03 08:30:00,2,830.76,59,Остальные,42.51106452364314,89.04280762171487
13681,2011-07-07 15:21:00,2011-11-22 11:13:00,4,827.83,9,Активные повторные,42.534358257628696,89.05284455719247
13810,2011-10-14 12:57:00,2011-11-11 08:33:00,2,827.51,20,Остальные,42.55765199161426,89.0628776128646
16494,2011-02-16 12:49:00,2011-02-16 12:49:00,1,826.53,288,Остальные,42.58094572559981,89.07289878663252
17921,2011-03-18 13:19:00,2011-10-06 18:56:00,4,826.52,56,Активные повторные,42.60423945958537,89.0829198391565
16869,2011-06-17 13:01:00,2011-11-17 12:02:00,4,825.4200000000001,14,Активные повторные,42.627533193570926,89.09292755484924
12550,2011-09-21 14:35:00,2011-09-21 14:35:00,1,824.83,71,Остальные,42.65082692755649,89.10292811715065
16284,2011-10-20 13:54:00,2011-11-08 16:12:00,2,823.97,23,Остальные,42.67412066154205,89.1129182524749
16164,2011-10-28 09:12:00,2011-11-22 15:04:00,3,822.48,9,Активные повторные,42.6974143955276,89.12289032245499
13893,2011-02-15 11:30:00,2011-02-15 11:30:00,1,821.1,289,Остальные,42.72070812951316,89.13284566077402
13220,2011-04-17 10:59:00,2011-09-22 13:38:00,4,819.29,70,Остальные,42.74400186349872,89.14277905394343
17764,2011-05-12 16:11:00,2011-10-20 11:03:00,2,818.82,42,Остальные,42.76729559748428,89.15270674864858
16092,2011-03-30 15:38:00,2011-08-17 10:46:00,3,817.86,106,Давно не покупавшие повторные,42.79058933146983,89.16262280393737
16943,2011-01-25 14:00:00,2011-05-12 11:57:00,3,816.73,203,Давно не покупавшие повторные,42.81388306545539,89.1725251586631
15649,2010-12-07 10:06:00,2011-01-07 13:34:00,2,816.0,328,Давно не покупавшие повторные,42.837176799440954,89.18241866258266
14499,2011-03-06 11:55:00,2011-11-13 13:01:00,3,815.32,18,Активные повторные,42.86047053342651,89.1923039219156
13280,2011-01-06 17:10:00,2011-08-09 13:14:00,3,814.86,114,Давно не покупавшие повторные,42.88376426741207,89.2021836040282
16460,2011-09-19 10:15:00,2011-11-11 13:46:00,3,814.72,20,Активные повторные,42.90705800139762,89.2120615887259
12510,2011-01-18 14:04:00,2011-07-20 10:15:00,2,814.5699999999999,134,Давно не покупавшие повторные,42.930351735383184,89.22193775476482
18064,2011-04-18 15:08:00,2011-07-29 16:39:00,2,814.0,125,Давно не покупавшие повторные,42.95364546936874,89.23180700990025
16621,2011-03-07 11:32:00,2011-10-19 11:38:00,4,813.48,43,Активные повторные,42.9769392033543,89.2416699603518
14421,2011-05-12 10:49:00,2011-10-13 13:24:00,2,813.11,49,Остальные,43.00023293733985,89.2515284247783
15644,2011-03-23 15:37:00,2011-06-26 14:54:00,4,813.0,158,Давно не покупавшие повторные,43.02352667132541,89.26138555552167
17980,2010-12-15 15:50:00,2011-06-27 12:01:00,3,811.45,157,Давно не покупавшие повторные,43.046820405310974,89.27122389345736
16276,2011-06-16 09:34:00,2011-06-16 09:34:00,1,810.6000000000001,168,Остальные,43.07011413929653,89.28105192565977
16624,2011-05-26 14:20:00,2011-09-20 12:39:00,2,810.5699999999999,72,Остальные,43.09340787328209,89.29087959413044
17097,2010-12-09 14:55:00,2011-11-29 16:23:00,7,810.27,2,Активные повторные,43.11670160726764,89.30070362528349
13637,2011-04-27 13:06:00,2011-10-18 13:32:00,3,809.25,44,Активные повторные,43.139995341253204,89.31051528955663
15533,2011-09-11 15:41:00,2011-11-20 15:35:00,3,807.5699999999999,11,Активные повторные,43.16328907523876,89.32030658485112
15952,2011-04-28 12:55:00,2011-11-06 11:18:00,4,806.57,25,Активные повторные,43.18658280922432,89.33008575575357
13707,2011-01-28 13:27:00,2011-03-17 18:03:00,2,806.41,259,Давно не покупавшие повторные,43.20987654320987,89.33986298675327
12434,2011-03-24 13:05:00,2011-09-16 12:38:00,2,806.14,76,Остальные,43.233170277195434,89.34963694416712
16367,2010-12-12 12:01:00,2011-11-02 13:13:00,2,804.49,29,Остальные,43.256464011180995,89.35939089633408
18248,2011-06-06 13:18:00,2011-08-09 10:19:00,2,804.02,114,Давно не покупавшие повторные,43.27975774516655,89.36913915003676
15831,2011-01-19 14:52:00,2011-10-12 13:14:00,3,801.76,50,Активные повторные,43.30305147915211,89.3788600026134
18265,2011-07-04 15:26:00,2011-09-28 14:10:00,2,801.51,64,Остальные,43.326345213137664,89.38857782409201
15561,2011-05-08 11:38:00,2011-11-28 11:07:00,4,800.59,3,Активные повторные,43.349638947123225,89.39828449112993
17905,2010-12-01 13:21:00,2011-09-29 17:33:00,4,800.24,63,Остальные,43.37293268110878,89.40798691463064
13720,2011-03-30 09:17:00,2011-08-15 12:46:00,4,799.9,108,Давно не покупавшие повторные,43.39622641509434,89.41768521583803
13030,2010-12-06 14:31:00,2011-11-28 14:30:00,2,799.48,3,Остальные,43.4195201490799,89.42737842480079
17703,2011-07-24 13:30:00,2011-11-04 15:51:00,3,798.74,27,Активные повторные,43.442813883065455,89.43706266171341
13389,2011-04-21 12:12:00,2011-11-28 14:01:00,3,797.96,3,Активные повторные,43.466107617051016,89.44673744160022
17180,2011-01-27 18:05:00,2011-10-14 15:46:00,4,796.03,48,Активные повторные,43.48940135103657,89.45638882141037
13336,2011-09-23 14:05:00,2011-09-23 14:05:00,1,795.12,69,Остальные,43.51269508502213,89.46602916802374
12652,2011-01-12 15:00:00,2011-01-12 15:00:00,1,793.98,323,Остальные,43.535988819007684,89.47565569283014
15990,2011-02-25 15:35:00,2011-10-26 15:58:00,2,792.11,36,Остальные,43.559282552993245,89.48525954502344
13016,2011-08-08 15:00:00,2011-09-27 14:08:00,3,789.89,65,Остальные,43.5825762869788,89.49483648106633
13329,2010-12-08 10:11:00,2011-11-08 10:29:00,2,789.0,23,Остальные,43.60587002096436,89.50440262640029
14557,2011-09-15 15:48:00,2011-09-15 15:48:00,1,788.38,77,Остальные,43.62916375494992,89.51396125461119
13212,2011-10-09 14:48:00,2011-11-20 12:40:00,3,788.08,11,Активные повторные,43.652457488935475,89.52351624550447
14583,2011-05-18 11:28:00,2011-07-18 12:53:00,4,787.64,136,Давно не покупавшие повторные,43.675751222921036,89.53306590166524
12458,2011-02-28 10:55:00,2011-09-29 15:25:00,2,787.4000000000001,63,Остальные,43.69904495690659,89.54261264797191
16546,2010-12-02 12:07:00,2011-02-22 11:20:00,2,787.1500000000001,282,Давно не покупавшие повторные,43.72233869089215,89.55215636318059
12781,2011-02-28 08:43:00,2011-10-07 10:37:00,2,786.74,55,Остальные,43.745632424877705,89.5616951073885
13109,2011-07-05 14:56:00,2011-10-11 10:16:00,2,786.54,51,Остальные,43.768926158863266,89.57123142671801
15806,2011-03-08 09:24:00,2011-10-24 14:35:00,3,784.58,38,Активные повторные,43.79221989284883,89.58074398223908
15743,2011-06-08 10:14:00,2011-11-23 17:19:00,4,784.46,8,Активные повторные,43.81551362683438,89.59025508283311
18136,2011-01-24 12:08:00,2011-10-07 15:40:00,3,784.33,55,Активные повторные,43.83880736081994,89.59976460725616
17387,2011-11-06 11:25:00,2011-11-20 11:00:00,2,784.11,11,Остальные,43.862101094805496,89.60927146431297
16054,2011-07-17 13:08:00,2011-07-17 13:08:00,1,783.9,137,Остальные,43.88539482879106,89.61877577524746
17341,2010-12-08 12:46:00,2011-07-06 12:33:00,3,781.36,148,Давно не покупавшие повторные,43.90868856277661,89.62824929022611
15679,2011-06-10 08:24:00,2011-11-15 16:19:00,4,781.28,16,Активные повторные,43.93198229676217,89.63772183525339
13583,2011-07-07 10:40:00,2011-07-07 10:40:00,1,781.03,147,Остальные,43.955276030747726,89.64719134918265
15239,2011-09-22 09:53:00,2011-11-29 14:14:00,2,780.59,2,Остальные,43.97856976473329,89.65665552837942
17797,2011-06-10 11:29:00,2011-11-17 13:21:00,3,780.4300000000001,14,Активные повторные,44.00186349871885,89.66611776767344
18228,2011-09-21 10:48:00,2011-10-14 09:21:00,2,779.9,48,Остальные,44.0251572327044,89.67557358103969
16725,2010-12-03 16:02:00,2011-02-10 16:52:00,6,779.57,294,Давно не покупавшие повторные,44.04845096668996,89.68502539335655
13167,2011-07-19 12:13:00,2011-11-21 12:24:00,4,779.3299999999999,10,Активные повторные,44.07174470067552,89.69447429581932
17411,2011-03-23 13:44:00,2011-11-27 14:25:00,3,778.94,4,Активные повторные,44.09503843466108,89.70391846976919
13375,2011-09-12 10:19:00,2011-09-12 10:19:00,1,778.65,80,Остальные,44.11833216864663,89.71335912764536
14815,2011-10-03 11:36:00,2011-11-03 11:36:00,2,778.5,28,Остальные,44.14162590263219,89.72279796686271
17414,2011-06-08 11:43:00,2011-10-27 12:13:00,2,778.0,35,Остальные,44.164919636617746,89.73223074388405
16505,2011-11-08 12:14:00,2011-11-08 12:14:00,1,777.6,23,Недавние однократные,44.18821337060331,89.74165867114854
13563,2011-07-22 17:21:00,2011-09-16 14:45:00,2,777.53,76,Остальные,44.21150710458887,89.75108574970561
12379,2011-06-22 16:32:00,2011-09-19 10:09:00,2,777.24,73,Остальные,44.23480083857442,89.76050931218897
12425,2011-09-22 17:31:00,2011-09-22 17:31:00,1,777.2,70,Остальные,44.25809457255998,89.76993238969668
15353,2010-12-07 11:49:00,2011-03-30 12:15:00,2,777.02,246,Давно не покупавшие повторные,44.28138830654554,89.77935328481377
15618,2011-07-26 10:13:00,2011-11-07 08:34:00,4,776.851,24,Активные повторные,44.3046820405311,89.78877213090863
13341,2011-03-24 09:50:00,2011-03-24 09:50:00,1,775.85,252,Остальные,44.32797577451665,89.79817884048701
16806,2011-04-14 19:59:00,2011-08-28 15:27:00,4,775.54,95,Давно не покупавшие повторные,44.35126950850221,89.80758179150389
14234,2011-10-13 13:58:00,2011-11-17 17:53:00,4,775.4599999999999,14,Активные повторные,44.374563242487774,89.81698377256939
16825,2011-06-07 09:44:00,2011-11-01 11:51:00,2,775.1800000000001,30,Остальные,44.39785697647333,89.8263823588051
15414,2011-04-11 13:45:00,2011-11-30 09:50:00,3,774.9000000000001,1,Активные повторные,44.42115071045889,89.83577755021108
14976,2011-01-17 11:09:00,2011-10-13 16:33:00,6,774.86,49,Активные повторные,44.44444444444444,89.84517225664133
13026,2011-03-09 11:35:00,2011-11-08 07:52:00,4,774.8399999999999,23,Активные повторные,44.467738178430004,89.85456672058376
16043,2011-01-26 11:14:00,2011-11-02 12:50:00,4,773.99,29,Активные повторные,44.49103191241556,89.86395087879293
15075,2011-09-23 12:27:00,2011-09-23 12:27:00,1,773.03,69,Остальные,44.51432564640112,89.87332339758574
12965,2011-09-11 15:31:00,2011-09-11 15:31:00,1,771.91,81,Остальные,44.53761938038667,89.88268233705944
17409,2011-04-05 16:42:00,2011-06-08 10:36:00,2,771.85,176,Давно не покупавшие повторные,44.560913114372234,89.8920405490696
14662,2011-01-27 17:41:00,2011-11-11 12:13:00,4,771.1700000000001,20,Активные повторные,44.584206848357795,89.90139051649317
16770,2010-12-02 15:49:00,2011-10-13 12:21:00,5,770.1,49,Активные повторные,44.60750058234335,89.91072751081724
14412,2011-09-28 08:48:00,2011-10-28 10:45:00,2,770.03,34,Остальные,44.63079431632891,89.92006365643387
16480,2011-09-25 11:40:00,2011-09-25 11:40:00,1,769.29,67,Остальные,44.65408805031446,89.92939083000037
13356,2011-09-20 14:33:00,2011-09-20 14:33:00,1,768.24,72,Остальные,44.677381784300024,89.9387052729552
17516,2011-02-27 12:41:00,2011-11-24 16:51:00,5,768.0799999999999,7,Активные повторные,44.70067551828558,89.94801777600732
14550,2011-10-26 12:14:00,2011-11-29 12:12:00,2,765.62,2,Остальные,44.72396925227114,89.95730045305497
14672,2011-01-07 15:48:00,2011-04-19 10:19:00,2,765.55,226,Давно не покупавшие повторные,44.7472629862567,89.96658228139518
17695,2011-06-21 12:35:00,2011-07-31 10:40:00,2,765.34,123,Давно не покупавшие повторные,44.770556720242254,89.97586156361304
14885,2011-07-31 12:05:00,2011-07-31 12:05:00,1,765.3199999999999,123,Остальные,44.793850454227815,89.98514060334307
17268,2011-04-08 13:20:00,2011-08-24 10:06:00,4,763.64,99,Давно не покупавшие повторные,44.81714418821337,89.99439927409445
17466,2011-09-22 09:16:00,2011-11-29 13:15:00,2,763.28,2,Остальные,44.84043792219893,90.00365358006468
16470,2010-12-16 11:53:00,2011-10-19 12:11:00,4,762.39,43,Активные повторные,44.863731656184484,90.01289709532598
15599,2011-05-19 13:05:00,2011-11-13 11:44:00,2,761.74,18,Остальные,44.887025390170045,90.02213272973243
12694,2011-06-09 17:48:00,2011-09-30 13:06:00,2,761.6700000000001,62,Остальные,44.9103191241556,90.03136751543146
14883,2011-05-12 09:49:00,2011-11-21 10:23:00,6,761.5899999999999,10,Активные повторные,44.93361285814116,90.0406013311791
17425,2011-10-10 11:37:00,2011-11-20 15:30:00,2,759.1700000000001,11,Остальные,44.95690659212672,90.04980580589798
13104,2010-12-20 11:58:00,2011-10-24 10:11:00,5,759.0,38,Активные повторные,44.980200326112275,90.0590082194702
16036,2011-03-21 13:01:00,2011-09-13 14:53:00,2,758.9200000000001,79,Остальные,45.003494060097836,90.06820966309105
12697,2011-06-23 15:44:00,2011-11-11 08:47:00,3,757.5899999999999,20,Активные повторные,45.02678779408339,90.07739498127047
17461,2011-11-10 12:01:00,2011-11-17 10:21:00,3,757.46,14,Активные повторные,45.05008152806895,90.08657872327892
15223,2011-04-04 12:17:00,2011-04-28 11:31:00,2,755.75,217,Давно не покупавшие повторные,45.073375262054505,90.09574173257695
13370,2010-12-03 10:26:00,2010-12-03 10:26:00,1,754.87,363,Остальные,45.096668996040066,90.10489407240999
16205,2011-06-13 11:33:00,2011-11-09 09:32:00,4,754.78,22,Активные повторные,45.11996273002562,90.11404532104773
18104,2011-11-02 14:07:00,2011-11-02 14:07:00,1,754.64,29,Недавние однократные,45.14325646401118,90.12319487227057
12985,2011-11-11 12:44:00,2011-11-11 12:44:00,1,754.38,20,Недавние однократные,45.16655019799674,90.13234127115147
17979,2011-03-25 11:34:00,2011-11-04 12:05:00,4,754.31,27,Активные повторные,45.189843931982296,90.14148682132493
13730,2011-07-01 12:47:00,2011-07-27 08:35:00,2,752.5999999999999,127,Давно не покупавшие повторные,45.21313766596786,90.15061163878799
12772,2011-10-11 09:19:00,2011-10-11 09:19:00,1,752.47,51,Остальные,45.23643139995341,90.15973488008007
16256,2011-03-18 12:18:00,2011-03-18 12:18:00,1,752.4300000000001,258,Остальные,45.25972513393897,90.16885763639645
12951,2011-01-13 10:33:00,2011-06-19 10:35:00,5,751.78,165,Давно не покупавшие повторные,45.283018867924525,90.17797251185802
12908,2011-01-31 12:37:00,2011-06-16 15:39:00,2,750.0,168,Давно не покупавшие повторные,45.306312601910086,90.18706580590171
17146,2010-12-16 12:20:00,2011-08-26 12:44:00,3,749.78,97,Давно не покупавшие повторные,45.32960633589565,90.19615643257917
17584,2011-08-04 14:12:00,2011-08-04 14:12:00,1,749.45,119,Остальные,45.3529000698812,90.20524305820723
14923,2011-10-20 11:51:00,2011-10-20 11:51:00,1,749.1,42,Остальные,45.37619380386676,90.21432544029808
15074,2011-08-26 14:45:00,2011-08-26 14:45:00,1,748.87,97,Остальные,45.399487537852316,90.22340503377876
15656,2011-02-28 15:32:00,2011-10-25 14:56:00,4,748.5,37,Активные повторные,45.42278127183788,90.23248014123436
16859,2011-03-23 13:39:00,2011-07-18 12:19:00,2,747.81,136,Давно не покупавшие повторные,45.44607500582343,90.24154688285944
13623,2011-02-15 13:08:00,2011-11-09 12:00:00,5,747.78,22,Активные повторные,45.46936873980899,90.25061326075279
14201,2010-12-15 13:25:00,2011-10-10 13:27:00,7,747.44,52,Активные повторные,45.492662473794546,90.25967551635281
16261,2011-04-07 19:05:00,2011-11-22 17:23:00,4,746.83,9,Активные повторные,45.51595620778011,90.26873037607369
14050,2011-08-25 13:46:00,2011-11-08 10:00:00,2,746.36,23,Остальные,45.53924994176567,90.27777953733029
14897,2011-02-16 08:37:00,2011-10-18 09:54:00,3,746.3199999999999,44,Активные повторные,45.56254367575122,90.28682821361122
17034,2011-02-25 10:10:00,2011-11-23 15:14:00,3,745.52,8,Активные повторные,45.58583740973678,90.29586719037849
13950,2011-04-07 11:29:00,2011-11-28 14:44:00,4,745.06,3,Активные повторные,45.60913114372234,90.30490058992542
14790,2011-03-31 11:49:00,2011-11-23 09:28:00,4,745.06,8,Активные повторные,45.6324248777079,90.31393398947233
13236,2011-08-25 08:58:00,2011-11-15 12:50:00,2,744.85,16,Остальные,45.65571861169345,90.32296484289694
13354,2011-09-29 13:17:00,2011-09-29 13:17:00,1,743.53,63,Остальные,45.67901234567901,90.33197969212401
16730,2011-01-24 14:01:00,2011-10-18 14:11:00,3,743.11,44,Активные повторные,45.702306079664574,90.34098944910644
13753,2011-02-25 12:48:00,2011-02-25 12:48:00,1,741.26,279,Остальные,45.72559981365013,90.34997677596354
13900,2011-03-22 10:13:00,2011-06-09 19:26:00,3,740.95,175,Давно не покупавшие повторные,45.74889354763569,90.35896034425912
17974,2011-05-04 11:50:00,2011-11-15 11:37:00,3,740.7900000000001,16,Активные повторные,45.77218728162124,90.36794197265196
15252,2011-06-09 14:15:00,2011-11-03 13:30:00,2,740.78,28,Остальные,45.7954810156068,90.37692347980088
14293,2010-12-06 10:18:00,2011-07-15 15:28:00,3,739.41,139,Давно не покупавшие повторные,45.81877474959236,90.38588837653269
14756,2011-11-24 18:13:00,2011-11-24 18:13:00,1,738.96,7,Недавние однократные,45.84206848357792,90.39484781728805
12976,2011-05-12 09:55:00,2011-05-12 09:55:00,1,738.6,203,Остальные,45.86536221756347,90.4038028932623
15045,2011-03-27 11:44:00,2011-07-11 11:33:00,2,735.66,143,Давно не покупавшие повторные,45.88865595154903,90.41272232352388
15215,2011-09-04 12:24:00,2011-10-24 11:41:00,3,734.94,38,Активные повторные,45.911949685534594,90.42163302422317
18156,2010-12-05 12:29:00,2011-11-27 12:24:00,2,734.94,4,Остальные,45.93524341952015,90.43054372492247
16362,2011-09-09 14:47:00,2011-11-07 13:01:00,5,734.77,24,Активные повторные,45.95853715350571,90.43945236447513
16146,2011-04-21 15:25:00,2011-07-05 14:20:00,3,734.13,149,Давно не покупавшие повторные,45.98183088749126,90.44835324441686
12724,2011-01-11 15:00:00,2011-09-19 12:36:00,3,733.1700000000001,73,Остальные,46.005124621476824,90.45724248494221
17812,2010-12-06 15:27:00,2011-11-27 11:47:00,4,732.16,4,Активные повторные,46.02841835546238,90.46611947983159
13575,2011-06-16 14:24:00,2011-11-16 13:14:00,5,732.0699999999999,15,Активные повторные,46.05171208944794,90.4749953835257
12820,2011-01-17 12:34:00,2011-10-26 13:27:00,3,731.99,36,Активные повторные,46.07500582343349,90.48387031726841
16099,2011-04-28 08:34:00,2011-10-20 13:13:00,3,731.9000000000001,42,Активные повторные,46.098299557419054,90.49274415981587
12646,2011-10-21 12:52:00,2011-10-21 12:52:00,1,731.6899999999999,41,Остальные,46.121593291404615,90.50161545624098
16491,2011-10-24 10:18:00,2011-10-24 10:18:00,1,731.5,38,Остальные,46.14488702539017,90.51048444903161
14778,2011-02-04 11:43:00,2011-08-04 15:23:00,2,730.86,119,Давно не покупавшие повторные,46.16818075937573,90.51934568221131
18035,2011-10-27 17:48:00,2011-11-04 12:39:00,3,730.4,27,Активные повторные,46.191474493361284,90.52820133817067
12728,2011-01-11 13:31:00,2011-09-29 15:31:00,4,728.33,63,Остальные,46.214768227346845,90.53703189663847
17888,2010-12-17 13:56:00,2011-11-18 13:45:00,8,726.05,13,Активные повторные,46.2380619613324,90.54583481149237
12701,2011-04-11 13:02:00,2011-09-21 10:47:00,2,725.71,71,Остальные,46.26135569531796,90.55463360405298
14055,2011-08-25 15:04:00,2011-08-25 15:04:00,1,725.6400000000001,98,Остальные,46.28464942930352,90.56343154790612
17692,2010-12-15 13:37:00,2011-08-04 14:01:00,4,725.5799999999999,119,Давно не покупавшие повторные,46.307943163289075,90.57222876429576
16140,2010-12-03 14:40:00,2011-10-05 12:15:00,2,725.18,57,Остальные,46.331236897274636,90.58102113092856
15584,2011-06-30 16:39:00,2011-11-16 10:55:00,4,725.11,15,Активные повторные,46.35453063126019,90.58981264885394
15636,2011-03-02 14:50:00,2011-09-11 11:17:00,2,724.76,81,Остальные,46.37782436524575,90.59859992324208
17521,2011-05-24 15:14:00,2011-11-10 11:22:00,3,723.21,21,Активные повторные,46.401118099231304,90.60736840482254
15272,2011-09-14 16:36:00,2011-10-13 12:59:00,2,721.94,49,Остальные,46.424411833216865,90.61612148842508
15581,2010-12-08 14:38:00,2011-07-06 14:04:00,10,721.6300000000001,148,Давно не покупавшие повторные,46.44770556720242,90.62487081346609
18062,2011-01-06 10:03:00,2011-06-19 14:47:00,3,720.52,165,Давно не покупавшие повторные,46.47099930118798,90.63360668043191
16023,2011-03-18 13:32:00,2011-10-24 16:34:00,3,719.8100000000001,38,Активные повторные,46.49429303517354,90.64233393907936
14179,2011-10-18 14:00:00,2011-10-30 12:07:00,2,719.78,32,Остальные,46.517586769159095,90.65106083399506
14725,2011-11-15 12:42:00,2011-11-15 12:42:00,1,718.08,16,Недавние однократные,46.540880503144656,90.65976711744426
17114,2011-01-09 11:39:00,2011-11-06 13:37:00,7,717.73,25,Активные повторные,46.56417423713021,90.66846915735624
12535,2011-06-06 12:47:00,2011-09-09 08:48:00,2,716.3499999999999,83,Остальные,46.58746797111577,90.67715446560717
15400,2011-03-06 11:27:00,2011-09-08 13:57:00,5,716.2,84,Остальные,46.610761705101325,90.6858379551993
17029,2011-04-17 10:57:00,2011-08-21 11:06:00,2,716.0,102,Давно не покупавшие повторные,46.634055439086886,90.69451901991302
15330,2011-10-10 12:30:00,2011-11-07 17:50:00,2,714.96,24,Остальные,46.65734917307245,90.703187475259
15757,2011-05-06 11:40:00,2011-10-05 12:14:00,2,714.4200000000001,57,Остальные,46.680642907058,90.71184938343326
13169,2011-04-01 14:24:00,2011-10-07 12:11:00,2,712.88,55,Остальные,46.70393664104356,90.72049262004376
13147,2011-09-01 12:28:00,2011-11-29 13:59:00,4,712.8000000000001,2,Активные повторные,46.727230375029116,90.72913488670288
17761,2011-11-07 10:23:00,2011-11-07 10:23:00,1,712.78,24,Недавние однократные,46.75052410901468,90.73777691087417
13416,2011-09-19 14:43:00,2011-10-27 08:56:00,2,712.5,35,Остальные,46.77381784300023,90.7464155402157
13587,2011-10-07 12:31:00,2011-10-07 12:31:00,1,712.4,55,Остальные,46.79711157698579,90.755052957118
17642,2011-06-16 12:55:00,2011-08-12 09:11:00,2,712.29,111,Давно не покупавшие повторные,46.820405310971346,90.76368904033717
15855,2011-03-21 12:32:00,2011-07-26 10:20:00,5,712.24,128,Давно не покупавшие повторные,46.84369904495691,90.77232451733677
12693,2011-01-24 12:58:00,2011-08-04 17:51:00,4,711.9100000000001,119,Давно не покупавшие повторные,46.86699277894247,90.78095599328697
17179,2010-12-13 14:24:00,2011-06-14 16:48:00,3,711.79,170,Давно не покупавшие повторные,46.89028651292802,90.78958601431012
13249,2011-03-23 15:26:00,2011-09-08 13:26:00,3,711.4100000000001,84,Остальные,46.91358024691358,90.79821142806429
17472,2011-02-13 14:40:00,2011-06-01 14:57:00,3,710.29,183,Давно не покупавшие повторные,46.936873980899136,90.80682326249935
14867,2011-01-07 16:34:00,2011-06-07 11:39:00,3,710.28,177,Давно не покупавшие повторные,46.9601677148847,90.8154349756905
14127,2011-02-02 12:26:00,2011-08-09 10:49:00,3,709.71,114,Давно не покупавшие повторные,46.98346144887025,90.82403977797817
16136,2011-03-07 09:52:00,2011-10-11 09:10:00,3,709.38,51,Активные повторные,47.00675518285581,90.83264057921646
16449,2011-03-04 12:15:00,2011-05-26 10:25:00,2,707.69,189,Давно не покупавшие повторные,47.030048916841366,90.84122089023217
12453,2011-07-28 14:08:00,2011-07-28 14:08:00,1,707.09,126,Остальные,47.05334265082693,90.84979392661265
16364,2011-07-25 14:35:00,2011-11-28 11:27:00,2,707.04,3,Остальные,47.07663638481249,90.85836635677352
16309,2011-04-13 11:46:00,2011-08-25 15:35:00,2,706.5699999999999,98,Давно не покупавшие повторные,47.09993011879804,90.86693308847015
14880,2011-02-24 12:27:00,2011-09-23 13:42:00,3,706.19,69,Остальные,47.1232238527836,90.87549521289776
15038,2010-12-05 10:54:00,2011-10-12 11:33:00,6,705.49,50,Активные повторные,47.14651758676916,90.88404885025095
16882,2011-01-26 17:43:00,2011-10-04 10:42:00,3,705.12,58,Активные повторные,47.16981132075472,90.89259800157907
17934,2011-10-12 10:50:00,2011-10-19 11:16:00,2,704.25,43,Остальные,47.19310505474027,90.9011366046861
12883,2011-09-11 15:18:00,2011-11-15 09:32:00,4,703.47,16,Активные повторные,47.21639878872583,90.90966575076733
18082,2011-11-14 12:45:00,2011-11-14 12:45:00,1,703.37,17,Недавние однократные,47.239692522711394,90.91819368440936
15103,2011-09-14 13:54:00,2011-11-08 14:53:00,2,703.36,23,Остальные,47.26298625669695,90.92672149680746
15574,2010-12-02 15:46:00,2011-06-15 12:01:00,4,702.25,169,Давно не покупавшие повторные,47.28627999068251,90.93523585113037
16997,2011-01-18 11:51:00,2011-02-24 17:28:00,3,702.0,280,Давно не покупавшие повторные,47.30957372466806,90.94374717435527
14198,2011-04-14 14:54:00,2011-11-21 16:35:00,4,701.4000000000001,10,Активные повторные,47.332867458653624,90.95225122294495
14356,2011-09-19 14:43:00,2011-09-21 09:18:00,2,701.23,71,Остальные,47.35616119263918,90.96075321038796
14708,2010-12-06 12:23:00,2011-07-08 16:08:00,2,701.1800000000001,146,Давно не покупавшие повторные,47.37945492662474,90.96925459161137
13238,2010-12-14 14:37:00,2011-11-22 15:37:00,4,700.73,9,Активные повторные,47.40274866061029,90.97775051685836
17734,2011-04-20 10:04:00,2011-10-17 12:33:00,3,700.63,45,Активные повторные,47.426042394595854,90.98624522966615
12427,2010-12-03 10:44:00,2011-11-18 08:56:00,3,699.8,13,Активные повторные,47.449336128581415,90.99472987922853
15800,2011-04-07 12:39:00,2011-08-24 14:23:00,2,699.0799999999999,99,Давно не покупавшие повторные,47.47262986256697,91.00320579922861
13258,2011-05-18 13:11:00,2011-11-28 09:31:00,3,698.58,3,Активные повторные,47.49592359655253,91.01167565703267
17423,2011-05-06 09:14:00,2011-10-24 13:36:00,2,698.4100000000001,38,Остальные,47.51921733053808,91.02014345369008
17796,2010-12-05 12:23:00,2011-10-30 15:38:00,4,697.9,32,Активные повторные,47.542511064523644,91.02860506690755
14829,2010-12-02 16:12:00,2011-11-10 16:16:00,4,697.55,21,Активные повторные,47.5658047985092,91.03706243658779
15700,2011-06-19 15:36:00,2011-06-20 16:53:00,2,696.68,164,Давно не покупавшие повторные,47.58909853249476,91.04550925804695
17397,2011-11-17 13:58:00,2011-11-17 14:08:00,2,696.41,14,Остальные,47.61239226648032,91.05395280592023
14009,2011-05-18 13:00:00,2011-05-25 15:47:00,2,695.61,190,Давно не покупавшие повторные,47.635686000465874,91.06238665427989
14959,2011-02-16 13:00:00,2011-10-06 18:23:00,4,695.42,56,Активные повторные,47.658979734451435,91.07081819900505
15304,2010-12-06 11:42:00,2011-10-10 10:23:00,8,694.4,52,Активные повторные,47.68227346843699,91.07923737685032
14643,2010-12-16 17:53:00,2011-06-22 14:41:00,2,693.81,162,Давно не покупавшие повторные,47.70556720242255,91.08764940130425
16891,2010-12-03 11:35:00,2011-11-03 13:50:00,4,693.75,28,Активные повторные,47.728860936408104,91.09606069829466
13601,2011-05-12 16:52:00,2011-10-25 17:31:00,2,693.3199999999999,37,Остальные,47.752154670393665,91.10446678179652
12778,2011-01-31 14:35:00,2011-11-20 11:30:00,6,693.23,11,Активные повторные,47.77544840437922,91.11287177410307
14111,2011-04-12 11:36:00,2011-11-25 13:44:00,4,692.85,6,Активные повторные,47.79874213836478,91.12127215914063
17198,2010-12-03 14:54:00,2011-11-16 10:39:00,3,692.22,15,Активные повторные,47.82203587235034,91.1296649058112
17733,2011-03-23 09:54:00,2011-11-01 08:16:00,2,692.19,30,Остальные,47.845329606335895,91.13805728875002
16212,2011-03-01 12:51:00,2011-11-20 13:00:00,2,690.34,11,Остальные,47.868623340321456,91.14642724156352
18085,2010-12-01 12:08:00,2011-01-13 15:17:00,2,689.95,322,Давно не покупавшие повторные,47.89191707430701,91.15479246586412
12735,2011-01-06 14:26:00,2011-01-28 13:37:00,2,689.5699999999999,307,Давно не покупавшие повторные,47.91521080829257,91.16315308289573
15181,2011-03-15 12:03:00,2011-10-04 13:58:00,3,689.48,58,Активные повторные,47.938504542278125,91.17151260873206
18196,2011-02-22 16:13:00,2011-09-05 16:22:00,2,689.13,87,Остальные,47.961798276263686,91.17986789103118
17502,2011-11-10 16:39:00,2011-11-30 13:13:00,4,689.1,1,Активные повторные,47.98509201024924,91.18822280959853
13799,2011-02-18 14:18:00,2011-08-15 12:07:00,2,688.8599999999999,108,Давно не покупавшие повторные,48.0083857442348,91.19657481831177
14141,2011-08-26 14:40:00,2011-10-11 12:17:00,3,688.7800000000001,51,Активные повторные,48.03167947822036,91.20492585707368
12413,2011-01-06 16:12:00,2011-10-04 09:00:00,3,686.1,58,Активные повторные,48.054973212205915,91.21324440246485
16122,2010-12-08 11:41:00,2011-09-27 15:34:00,4,684.4200000000001,65,Остальные,48.07826694619148,91.22154257887736
15669,2011-03-21 09:13:00,2011-10-30 16:03:00,4,684.34,32,Активные повторные,48.10156068017703,91.22983978533851
12942,2010-12-09 09:34:00,2011-07-31 14:39:00,3,683.9,123,Давно не покупавшие повторные,48.12485441416259,91.23813165706716
12422,2011-01-19 09:13:00,2011-09-05 09:48:00,3,683.56,87,Остальные,48.148148148148145,91.24641940650251
17874,2011-03-29 11:25:00,2011-06-07 12:54:00,6,683.46,177,Давно не покупавшие повторные,48.171441882133706,91.25470594349865
14222,2011-06-15 16:42:00,2011-06-15 16:42:00,1,683.17,169,Остальные,48.19473561611927,91.2629889644211
12838,2010-12-01 11:57:00,2011-11-06 12:20:00,2,683.1300000000001,25,Остальные,48.21802935010482,91.27127150036786
15582,2011-05-03 13:36:00,2011-11-15 09:55:00,3,682.9100000000001,16,Активные повторные,48.24132308409038,91.27955136894836
13548,2011-04-10 11:35:00,2011-09-04 14:50:00,2,682.41,88,Остальные,48.264616818075936,91.28782517533284
12465,2011-06-23 13:37:00,2011-11-22 16:34:00,2,682.19,9,Остальные,48.2879105520615,91.29609631435108
18135,2011-06-02 14:04:00,2011-11-10 19:32:00,5,681.9100000000001,21,Активные повторные,48.31120428604705,91.30436405853952
13524,2011-05-04 12:26:00,2011-10-30 12:34:00,5,680.1800000000001,32,Активные повторные,48.33449802003261,91.31261082752971
16872,2011-06-08 14:32:00,2011-09-23 16:05:00,3,680.02,69,Остальные,48.357791754018166,91.32085565661717
15322,2011-09-15 09:34:00,2011-09-15 09:34:00,1,679.68,77,Остальные,48.38108548800373,91.32909636341132
13430,2011-09-14 14:26:00,2011-11-21 08:19:00,2,679.45,10,Остальные,48.40437922198929,91.33733428159532
17994,2011-02-22 11:02:00,2011-08-10 11:41:00,4,678.49,113,Давно не покупавшие повторные,48.42767295597484,91.34556056036293
13925,2011-07-28 12:09:00,2011-09-08 12:47:00,4,678.25,84,Остальные,48.4509666899604,91.35378392927645
13607,2011-10-30 16:17:00,2011-10-30 16:17:00,1,678.01,32,Остальные,48.47426042394596,91.36200438833588
13388,2011-07-31 12:52:00,2011-07-31 12:52:00,2,677.0999999999999,123,Давно не покупавшие повторные,48.49755415793152,91.37021381419851
16377,2011-03-17 15:41:00,2011-03-17 15:41:00,1,676.2,259,Остальные,48.52084789191707,91.37841232810831
15626,2011-01-14 10:10:00,2011-09-26 10:03:00,2,675.8,66,Остальные,48.54414162590263,91.38660599226128
17462,2011-02-28 17:01:00,2011-10-10 13:56:00,2,675.69,52,Остальные,48.567435359888194,91.39479832273113
13325,2011-09-19 10:36:00,2011-09-19 10:36:00,1,675.3,73,Остальные,48.59072909387375,91.40298592468808
16418,2011-04-27 16:54:00,2011-10-26 12:39:00,3,675.27,36,Активные повторные,48.61402282785931,91.41117316291326
13355,2011-08-09 14:48:00,2011-08-09 14:48:00,1,674.7,114,Остальные,48.63731656184486,91.41935349023497
13464,2011-10-12 15:01:00,2011-10-12 15:01:00,1,674.68,50,Остальные,48.66061029583042,91.42753357506884
17749,2011-03-28 13:39:00,2011-06-14 15:45:00,2,674.52,170,Давно не покупавшие повторные,48.68390402981598,91.43571171999997
13951,2011-02-18 15:21:00,2011-06-16 16:43:00,3,674.45,168,Давно не покупавшие повторные,48.70719776380154,91.44388901622366
14504,2011-03-06 14:38:00,2011-10-23 16:00:00,4,673.26,39,Активные повторные,48.73049149778709,91.45205188442081
18121,2011-07-08 12:14:00,2011-07-13 12:53:00,2,673.1,141,Давно не покупавшие повторные,48.75378523177265,91.46021281271521
14628,2011-04-11 14:43:00,2011-09-09 14:58:00,2,671.96,83,Остальные,48.777078965758214,91.4683599192027
16833,2011-01-09 13:02:00,2011-03-25 08:53:00,3,671.2900000000001,251,Давно не покупавшие повторные,48.80037269974377,91.47649890234749
12475,2011-10-17 10:10:00,2011-10-17 10:10:00,1,669.38,45,Остальные,48.82366643372933,91.48461472790345
17299,2011-06-19 16:04:00,2011-11-28 12:01:00,4,669.11,3,Активные повторные,48.84696016771488,91.49272727987356
12418,2011-08-19 11:08:00,2011-08-19 11:08:00,1,668.58,104,Остальные,48.870253901700444,91.50083340591587
14342,2011-05-13 13:50:00,2011-11-18 13:21:00,4,668.56,13,Активные повторные,48.893547635686,91.50893928947033
13741,2011-05-06 13:43:00,2011-09-29 09:19:00,3,668.4300000000001,63,Остальные,48.91684136967156,91.51704359685384
16383,2011-03-16 13:00:00,2011-09-26 12:45:00,2,668.36,66,Остальные,48.94013510365711,91.5251470555299
18022,2011-11-04 12:45:00,2011-11-04 12:45:00,1,668.11,27,Недавние однократные,48.963428837642674,91.53324748310796
12612,2011-09-26 15:35:00,2011-09-26 15:35:00,1,668.0400000000001,66,Остальные,48.986722571628235,91.54134706197857
17618,2010-12-12 16:05:00,2011-04-05 13:07:00,2,666.78,240,Давно не покупавшие повторные,49.01001630561379,91.54943136411518
14931,2011-04-13 09:32:00,2011-11-17 09:25:00,3,666.28,14,Активные повторные,49.03331003959935,91.55750960405575
17777,2011-08-31 14:35:00,2011-11-15 12:02:00,3,665.86,16,Активные повторные,49.056603773584904,91.56558275175166
17105,2011-02-06 14:46:00,2011-07-03 15:53:00,2,665.78,151,Давно не покупавшие повторные,49.079897507570465,91.57365492949623
16056,2011-10-25 15:19:00,2011-10-25 15:19:00,1,664.85,37,Остальные,49.10319124155602,91.58171583155615
13963,2010-12-07 09:21:00,2011-02-04 14:43:00,4,664.54,300,Давно не покупавшие повторные,49.12648497554158,91.58977297505456
16208,2011-02-23 13:37:00,2011-10-26 11:36:00,2,664.26,36,Остальные,49.14977870952714,91.59782672372317
15643,2011-03-02 14:34:00,2011-06-01 07:38:00,3,664.0,183,Давно не покупавшие повторные,49.173072443512694,91.60587732004986
16573,2011-02-22 15:14:00,2011-09-16 09:13:00,2,663.61,76,Остальные,49.196366177498255,91.61392318786365
16513,2011-10-27 14:56:00,2011-11-20 13:39:00,2,662.7900000000001,11,Остальные,49.21965991148381,91.62195911367596
14451,2011-05-29 12:35:00,2011-10-10 13:38:00,2,662.59,52,Остальные,49.24295364546937,91.62999261460983
15208,2010-12-21 13:03:00,2011-11-08 14:39:00,4,662.52,23,Активные повторные,49.266247379454924,91.63802526683627
16014,2011-02-21 17:42:00,2011-11-02 12:04:00,3,662.38,29,Активные повторные,49.289541113440485,91.64605622164783
18218,2011-03-03 12:24:00,2011-05-12 12:53:00,2,662.0799999999999,203,Давно не покупавшие повторные,49.31283484742604,91.65408353914175
16774,2011-06-14 12:45:00,2011-10-03 12:41:00,4,661.52,59,Активные повторные,49.3361285814116,91.66210406697614
13028,2011-10-25 14:09:00,2011-11-17 11:10:00,2,661.3199999999999,14,Остальные,49.35942231539716,91.67012216993211
12828,2011-08-01 16:16:00,2011-10-05 10:53:00,4,661.31,57,Активные повторные,49.382716049382715,91.67814015164414
14603,2011-03-10 10:27:00,2011-03-10 10:27:00,1,660.0,266,Остальные,49.406009783368276,91.6861422504026
15862,2010-12-01 11:21:00,2011-08-19 16:34:00,3,659.73,104,Давно не покупавшие повторные,49.42930351735383,91.69414107557522
17321,2011-10-03 11:34:00,2011-10-03 11:34:00,1,659.61,59,Остальные,49.45259725133939,91.70213844582076
15492,2011-09-26 14:02:00,2011-11-11 14:53:00,2,659.46,20,Остальные,49.475890985324945,91.71013399740751
13518,2011-09-15 10:29:00,2011-09-15 10:29:00,1,659.4399999999999,77,Остальные,49.499184719310506,91.71812930650641
13759,2011-09-29 15:40:00,2011-11-06 14:47:00,2,659.41,25,Остальные,49.52247845329607,91.72612425187356
16357,2011-05-10 10:35:00,2011-11-06 16:04:00,3,658.88,25,Активные повторные,49.54577218728162,91.73411277131291
14150,2010-12-15 10:04:00,2011-11-04 10:05:00,2,658.6400000000001,27,Остальные,49.56906592126718,91.74209838089816
17779,2011-07-19 12:19:00,2011-11-18 14:15:00,3,658.5699999999999,13,Активные повторные,49.592359655252736,91.75008314177596
16696,2011-04-05 15:20:00,2011-07-27 14:23:00,4,657.9000000000001,127,Давно не покупавшие повторные,49.6156533892383,91.75805977931111
14818,2011-03-31 12:28:00,2011-09-27 11:01:00,3,657.8,65,Остальные,49.63894712322385,91.76603520440703
12468,2011-01-27 13:29:00,2011-06-05 11:36:00,2,657.5400000000001,179,Давно не покупавшие повторные,49.66224085720941,91.77400747716102
15648,2011-03-17 18:59:00,2011-05-19 15:53:00,2,657.35,196,Давно не покупавшие повторные,49.685534591194966,91.78197744628051
17459,2011-10-10 17:00:00,2011-10-27 13:25:00,2,657.3,35,Остальные,49.70882832518053,91.7899468091804
15677,2011-10-21 15:36:00,2011-10-21 15:36:00,1,657.23,41,Остальные,49.73212205916609,91.79791532337288
16157,2011-09-28 11:48:00,2011-11-24 11:41:00,3,656.69,7,Активные повторные,49.75541579315164,91.80587729039361
13049,2011-01-25 16:33:00,2011-10-06 15:31:00,2,656.68,56,Остальные,49.7787095271372,91.81383913617043
16708,2011-10-25 12:20:00,2011-10-25 12:20:00,1,656.63,37,Остальные,49.802003261122756,91.82180037572765
16127,2011-10-31 13:58:00,2011-10-31 13:58:00,1,656.25,31,Остальные,49.82529699510832,91.82975700801589
14894,2011-09-15 13:51:00,2011-09-15 13:51:00,1,655.75,77,Остальные,49.84859072909387,91.8377075781081
16444,2011-03-20 12:14:00,2011-10-24 13:50:00,4,654.67,38,Активные повторные,49.87188446307943,91.84564505385688
14651,2011-05-12 16:29:00,2011-10-03 15:52:00,2,654.6,59,Остальные,49.895178197064986,91.8535816808982
12577,2010-12-15 16:21:00,2011-11-04 13:24:00,3,653.8499999999999,27,Активные повторные,49.91847193105055,91.8615092146455
17398,2011-03-29 13:04:00,2011-08-17 09:48:00,3,653.38,106,Давно не покупавшие повторные,49.94176566503611,91.86943104992852
18151,2011-02-23 08:29:00,2011-07-28 11:35:00,2,653.35,126,Давно не покупавшие повторные,49.96505939902166,91.87735252147978
13496,2010-12-15 10:17:00,2011-11-29 10:58:00,2,653.3299999999999,2,Остальные,49.98835313300722,91.88527375054322
15205,2011-08-04 16:07:00,2011-09-15 19:36:00,2,653.24,77,Остальные,50.01164686699278,91.89319388841136
14044,2011-02-03 11:39:00,2011-11-13 12:05:00,4,652.82,18,Активные повторные,50.03494060097834,91.90110893403484
14548,2011-01-26 08:38:00,2011-07-12 12:19:00,2,652.8,142,Давно не покупавшие повторные,50.05823433496389,91.90902373717047
17523,2011-11-20 13:40:00,2011-11-28 13:20:00,4,652.74,3,Активные повторные,50.08152806894945,91.91693781284258
14034,2011-07-05 13:06:00,2011-11-17 14:02:00,3,651.82,14,Активные повторные,50.104821802935014,91.924840734074
16734,2011-08-17 15:00:00,2011-10-18 13:44:00,3,650.51,44,Активные повторные,50.12811553692057,91.93272777235183
15571,2011-09-22 13:15:00,2011-11-28 10:02:00,4,650.4300000000001,3,Активные повторные,50.15140927090613,91.94061384067828
16469,2011-04-07 13:11:00,2011-11-16 12:25:00,4,650.4300000000001,15,Активные повторные,50.17470300489168,91.94849990900472
16969,2011-06-01 12:10:00,2011-10-31 13:12:00,3,650.41,31,Активные повторные,50.197996738877244,91.95638573484335
13240,2010-12-09 12:49:00,2011-09-04 14:08:00,4,648.7,88,Остальные,50.2212904728628,91.96425082797154
16438,2011-09-18 13:31:00,2011-11-13 11:39:00,4,648.54,18,Активные повторные,50.24458420684836,91.97211398119701
12723,2011-10-05 15:52:00,2011-11-23 14:01:00,4,647.79,8,Активные повторные,50.26787794083391,91.97996804112843
17373,2011-01-31 11:46:00,2011-10-30 15:28:00,4,646.9200000000001,32,Активные повторные,50.29117167481947,91.98781155283876
15651,2011-03-24 08:56:00,2011-11-03 08:41:00,3,646.3000000000001,28,Активные повторные,50.314465408805034,91.99564754742602
17545,2011-10-27 13:48:00,2011-10-27 14:04:00,3,645.96,35,Активные повторные,50.33775914279059,92.00347941971998
14855,2011-07-28 12:06:00,2011-08-12 14:02:00,2,645.6500000000001,111,Давно не покупавшие повторные,50.36105287677615,92.0113075334524
12994,2011-03-16 08:31:00,2011-08-11 17:02:00,2,645.47,112,Давно не покупавшие повторные,50.3843466107617,92.01913346479424
17312,2011-07-03 13:12:00,2011-07-24 11:52:00,3,644.3,130,Давно не покупавшие повторные,50.407640344747264,92.02694521059738
15948,2011-10-27 08:35:00,2011-10-27 08:35:00,1,644.24,35,Остальные,50.43093407873282,92.034756228937
14126,2011-11-29 12:21:00,2011-11-29 12:22:00,2,643.6300000000001,2,Остальные,50.45422781271838,92.04255985139746
16431,2011-02-15 14:02:00,2011-05-10 14:09:00,3,642.81,205,Давно не покупавшие повторные,50.47752154670393,92.05035353185642
14020,2011-09-12 15:32:00,2011-11-23 09:22:00,2,642.8,8,Остальные,50.500815280689494,92.05814709107146
13034,2010-12-05 14:52:00,2011-10-16 12:21:00,2,642.77,46,Остальные,50.524109014675055,92.06594028655475
15384,2010-12-15 11:34:00,2011-06-23 10:57:00,2,642.41,161,Давно не покупавшие повторные,50.54740274866061,92.0737291172569
17046,2011-07-05 14:24:00,2011-07-05 14:24:00,1,642.02,149,Остальные,50.57069648264617,92.08151321944615
15297,2011-10-07 09:42:00,2011-11-29 16:32:00,3,641.94,2,Активные повторные,50.593990216631724,92.08929635168403
12616,2011-02-15 14:17:00,2011-09-05 15:17:00,2,641.3,87,Остальные,50.617283950617285,92.097071724311
14301,2011-08-14 15:33:00,2011-08-14 15:33:00,1,640.14,109,Остальные,50.64057768460284,92.10483303264316
15919,2010-12-06 11:26:00,2011-11-20 11:28:00,2,639.89,11,Остальные,50.6638714185884,92.11259130987732
12421,2011-01-24 15:09:00,2011-11-24 09:07:00,4,639.04,7,Активные повторные,50.68716515257396,92.12033928137824
17515,2011-01-25 14:33:00,2011-11-08 14:04:00,4,639.02,23,Активные повторные,50.710458886559515,92.12808701039131
14138,2011-10-07 09:38:00,2011-10-07 09:38:00,1,638.21,55,Остальные,50.733752620545076,92.1358249186468
18160,2011-05-23 13:41:00,2011-10-13 15:50:00,2,638.06,49,Остальные,50.75704635453063,92.1435610082435
14754,2011-02-17 12:21:00,2011-10-26 12:01:00,2,638.05,36,Остальные,50.78034008851619,92.15129697659627
14664,2011-11-06 14:56:00,2011-11-20 10:59:00,2,637.89,11,Остальные,50.803633822501745,92.15903100504632
14128,2011-03-29 10:49:00,2011-10-10 12:00:00,2,637.5,52,Остальные,50.826927556487306,92.16676030498346
14481,2011-02-25 13:53:00,2011-06-28 10:38:00,2,636.51,156,Давно не покупавшие повторные,50.85022129047286,92.17447760177247
15829,2011-07-22 10:23:00,2011-09-01 16:45:00,2,636.14,91,Давно не покупавшие повторные,50.87351502445842,92.1821904125364
14000,2011-05-12 16:50:00,2011-05-12 16:50:00,1,635.66,203,Остальные,50.89680875844398,92.18989740359216
16139,2011-05-17 10:23:00,2011-11-21 08:37:00,3,635.41,10,Активные повторные,50.920102492429535,92.19760136354991
17985,2011-11-17 14:24:00,2011-11-17 14:24:00,1,634.95,14,Недавние однократные,50.943396226415096,92.2052997462873
13892,2011-04-07 12:04:00,2011-11-13 11:50:00,4,632.9699999999999,18,Активные повторные,50.96668996040065,92.21297412272841
14220,2010-12-16 18:18:00,2011-04-06 13:23:00,2,632.4000000000001,239,Давно не покупавшие повторные,50.98998369438621,92.22064158826606
16306,2010-12-07 15:18:00,2011-05-10 12:12:00,6,632.27,205,Давно не покупавшие повторные,51.013277428371765,92.22830747763274
18183,2011-03-10 10:08:00,2011-04-26 15:26:00,2,632.07,219,Давно не покупавшие повторные,51.036571162357326,92.235970942121
12658,2011-11-21 10:22:00,2011-11-21 10:22:00,1,632.05,10,Недавние однократные,51.05986489634289,92.24363416412143
14021,2011-03-28 15:10:00,2011-07-07 15:46:00,3,631.9,147,Давно не покупавшие повторные,51.08315863032844,92.25129556746305
15244,2011-04-05 15:12:00,2011-10-05 13:19:00,2,631.5699999999999,57,Остальные,51.106452364314,92.25895296975528
13539,2011-02-03 15:23:00,2011-09-15 10:18:00,3,631.34,77,Остальные,51.129746098299556,92.26660758343735
17990,2010-12-13 12:10:00,2011-04-17 11:44:00,3,630.84,228,Давно не покупавшие повторные,51.15303983228512,92.27425613492339
13046,2011-03-18 15:43:00,2011-11-09 08:36:00,2,629.3100000000001,22,Остальные,51.17633356627067,92.28188613608957
13525,2011-04-05 15:36:00,2011-11-25 12:01:00,2,628.78,6,Остальные,51.19962730025623,92.28950971132797
14687,2011-08-25 11:59:00,2011-08-25 11:59:00,1,628.38,98,Остальные,51.222921034241786,92.29712843680954
16022,2011-03-24 13:16:00,2011-03-24 13:16:00,1,628.28,252,Остальные,51.24621476822735,92.3047459498519
13546,2011-05-23 12:14:00,2011-11-27 14:50:00,3,626.99,4,Активные повторные,51.26950850221291,92.3123478224285
12461,2011-07-08 10:23:00,2011-07-08 10:23:00,1,626.88,146,Остальные,51.29280223619846,92.31994836132199
14036,2011-02-28 09:26:00,2011-02-28 09:26:00,1,626.65,276,Остальные,51.31609597018402,92.32754611160532
13914,2011-11-03 16:28:00,2011-11-28 10:35:00,2,626.45,3,Остальные,51.33938970416958,92.33514143701022
15402,2011-05-27 13:32:00,2011-07-14 12:17:00,2,626.35,140,Давно не покупавшие повторные,51.36268343815514,92.3427355499759
14382,2011-11-13 16:18:00,2011-11-13 16:18:00,1,626.0699999999999,18,Недавние однократные,51.38597717214069,92.35032626811183
14075,2011-03-23 16:35:00,2011-11-20 12:32:00,2,625.48,11,Остальные,51.40927090612625,92.35790983285644
16750,2011-04-21 16:53:00,2011-10-26 12:48:00,5,623.93,36,Активные повторные,51.432564640111806,92.36547460479335
12716,2011-07-29 13:28:00,2011-07-29 13:28:00,1,623.9,125,Остальные,51.45585837409737,92.3730390129985
16718,2010-12-05 13:03:00,2010-12-05 13:03:00,1,623.75,361,Остальные,51.47915210808293,92.38060160254484
15147,2011-04-13 15:57:00,2011-04-13 15:57:00,1,623.5,232,Остальные,51.50244584206848,92.38816116099316
15258,2011-05-06 14:16:00,2011-06-24 12:30:00,2,623.16,160,Давно не покупавшие повторные,51.52573957605404,92.3957165971482
12374,2011-11-14 15:37:00,2011-11-14 15:37:00,1,622.9300000000001,17,Недавние однократные,51.5490333100396,92.40326924469305
17499,2011-02-23 09:14:00,2011-02-23 09:14:00,1,622.88,281,Остальные,51.57232704402516,92.4108212860183
15182,2011-03-16 12:42:00,2011-07-08 13:37:00,2,622.85,146,Давно не покупавшие повторные,51.59562077801071,92.41837296361177
17460,2010-12-01 16:24:00,2011-09-06 15:04:00,6,622.4300000000001,86,Остальные,51.61891451199627,92.42591954896061
15768,2011-04-28 09:20:00,2011-08-16 10:48:00,3,621.83,107,Давно не покупавшие повторные,51.642208245981834,92.43345885967419
18217,2011-09-30 10:44:00,2011-11-10 13:18:00,2,621.75,21,Остальные,51.66550197996739,92.44099720043641
16915,2011-03-01 09:52:00,2011-11-30 16:39:00,6,621.6800000000001,1,Активные повторные,51.68879571395295,92.4485346924912
17640,2011-09-14 09:13:00,2011-09-14 09:13:00,1,621.66,78,Остальные,51.7120894479385,92.45607194205813
14152,2011-04-19 15:46:00,2011-09-25 12:54:00,2,621.29,67,Остальные,51.735383181924064,92.46360470560002
13402,2010-12-02 17:12:00,2011-08-04 15:51:00,2,621.23,119,Давно не покупавшие повторные,51.75867691590962,92.4711367416784
16141,2011-09-12 13:11:00,2011-09-12 13:11:00,1,620.4,80,Остальные,51.78197064989518,92.47865871451133
14529,2011-08-21 14:10:00,2011-10-10 15:27:00,3,620.04,52,Активные повторные,51.80526438388073,92.48617632256314
16613,2011-09-30 15:52:00,2011-09-30 15:52:00,1,618.59,62,Остальные,51.828558117866294,92.49367635024646
13145,2010-12-02 18:06:00,2011-10-31 12:45:00,4,618.52,31,Активные повторные,51.851851851851855,92.50117552922232
16134,2010-12-15 14:00:00,2011-11-18 10:05:00,2,618.09,13,Остальные,51.87514558583741,92.50866949470961
14593,2011-05-25 11:14:00,2011-11-18 12:48:00,3,617.99,13,Активные повторные,51.89843931982297,92.5161622477577
16268,2011-09-29 18:30:00,2011-09-29 18:30:00,2,617.65,63,Остальные,51.92173305380852,92.5236508785125
14377,2011-03-22 13:38:00,2011-06-01 13:32:00,2,617.05,183,Давно не покупавшие повторные,51.945026787794085,92.53113223463205
16311,2011-10-21 13:13:00,2011-11-22 08:54:00,2,616.26,9,Остальные,51.96832052177964,92.53860401248187
14905,2011-04-20 10:48:00,2011-07-05 12:41:00,2,616.1500000000001,149,Давно не покупавшие повторные,51.9916142557652,92.54607445664858
16005,2011-03-14 11:46:00,2011-11-27 13:47:00,4,615.39,4,Активные повторные,52.01490798975076,92.5535356862773
15275,2011-11-02 11:20:00,2011-11-02 11:20:00,1,615.14,29,Недавние однократные,52.038201723736314,92.56099388480801
16566,2011-02-20 10:29:00,2011-11-24 16:34:00,5,614.66,7,Активные повторные,52.061495457721875,92.56844626363055
12603,2011-11-18 10:42:00,2011-11-18 10:42:00,1,613.1999999999999,13,Недавние однократные,52.08478919170743,92.57588094084068
17115,2011-04-20 14:46:00,2011-06-10 08:54:00,2,612.8199999999999,174,Давно не покупавшие повторные,52.10808292569299,92.58331101078184
16116,2011-05-12 12:01:00,2011-05-12 12:01:00,1,612.78,203,Остальные,52.131376659678544,92.5907405957473
18149,2011-03-11 12:44:00,2011-10-20 12:04:00,3,612.0799999999999,42,Активные повторные,52.154670393664105,92.59816169363832
15232,2011-07-22 12:21:00,2011-08-18 16:27:00,2,612.06,105,Давно не покупавшие повторные,52.17796412764966,92.6055825490415
16109,2011-02-04 12:37:00,2011-05-05 09:17:00,2,611.8799999999999,210,Давно не покупавшие повторные,52.20125786163522,92.61300122205411
16763,2011-05-25 11:52:00,2011-05-25 11:52:00,1,611.85,190,Остальные,52.22455159562078,92.62041953133495
15645,2011-11-21 11:55:00,2011-11-21 11:55:00,1,611.59,10,Недавние однократные,52.247845329606335,92.62783468827386
13731,2011-04-07 10:10:00,2011-05-04 14:33:00,2,610.59,211,Давно не покупавшие повторные,52.271139063591896,92.63523772082071
15795,2011-07-13 10:43:00,2011-07-13 10:43:00,1,610.01,141,Остальные,52.29443279757745,92.64263372122018
13357,2011-03-27 13:56:00,2011-03-27 13:56:00,1,609.95,249,Остальные,52.31772653156301,92.65002899415612
14636,2011-03-16 09:52:00,2011-11-03 16:12:00,2,609.85,28,Остальные,52.341020265548565,92.65742305465285
13933,2011-07-14 13:35:00,2011-08-22 14:03:00,2,608.79,101,Давно не покупавшие повторные,52.364313999534126,92.664804263294
12933,2011-03-01 11:30:00,2011-11-15 16:38:00,3,607.53,16,Активные повторные,52.38760773351968,92.67217019520116
14710,2011-10-11 13:49:00,2011-11-25 14:53:00,4,606.13,6,Активные повторные,52.41090146750524,92.67951915295943
17849,2011-01-10 11:59:00,2011-05-05 13:46:00,4,605.8,210,Давно не покупавшие повторные,52.4341952014908,92.68686410966832
14133,2011-01-28 11:27:00,2011-08-02 11:34:00,3,605.64,121,Давно не покупавшие повторные,52.457488935476356,92.69420712647448
13888,2011-05-05 14:41:00,2011-08-12 10:13:00,2,605.63,111,Давно не покупавшие повторные,52.48078266946192,92.70155002203673
17507,2011-02-03 18:08:00,2011-03-23 11:48:00,2,605.5799999999999,253,Давно не покупавшие повторные,52.50407640344747,92.70889231137937
13233,2011-01-07 14:49:00,2011-09-26 13:25:00,2,605.12,66,Остальные,52.52737013743303,92.71622902350167
14323,2011-04-15 11:44:00,2011-08-17 11:37:00,2,605.06,106,Давно не покупавшие повторные,52.550663871418585,92.72356500816043
14629,2011-10-23 16:13:00,2011-10-23 16:13:00,1,604.83,39,Остальные,52.573957605404146,92.73089820420904
14675,2011-11-23 12:58:00,2011-11-23 12:58:00,1,604.75,8,Недавние однократные,52.59725133938971,92.73823043030627
17664,2011-05-11 14:17:00,2011-11-21 11:29:00,2,604.64,10,Остальные,52.62054507337526,92.74556132272038
12944,2010-12-20 10:41:00,2011-11-04 11:04:00,2,604.51,27,Остальные,52.64383880736082,92.75289063896352
16732,2011-11-08 09:54:00,2011-11-08 09:54:00,1,603.75,23,Недавние однократные,52.667132541346376,92.7602107406687
12556,2011-07-11 13:35:00,2011-10-20 13:06:00,2,603.71,42,Остальные,52.69042627533194,92.76753035739819
12707,2011-02-21 08:38:00,2011-02-21 08:38:00,1,603.42,283,Остальные,52.71372000931749,92.77484645805399
17259,2010-12-06 12:55:00,2011-07-14 15:01:00,2,603.37,140,Давно не покупавшие повторные,52.73701374330305,92.78216195249018
17884,2010-12-03 12:11:00,2011-02-01 11:08:00,3,602.8399999999999,303,Давно не покупавшие повторные,52.760307477288606,92.78947102099859
15366,2010-12-16 15:59:00,2011-09-25 15:01:00,2,602.51,67,Остальные,52.78360121127417,92.79677608845759
17890,2010-12-13 15:12:00,2011-01-21 11:19:00,2,602.0899999999999,314,Давно не покупавшие повторные,52.80689494525973,92.80407606367196
14609,2011-02-16 12:10:00,2011-09-28 12:54:00,4,601.56,64,Остальные,52.83018867924528,92.81136961295853
16654,2010-12-06 15:09:00,2011-07-21 15:23:00,4,601.27,133,Давно не покупавшие повторные,52.85348241323084,92.8186596461714
12420,2011-10-07 08:55:00,2011-10-07 08:55:00,1,600.39,55,Остальные,52.8767761472164,92.82593900991924
13301,2011-02-20 13:13:00,2011-08-28 11:25:00,4,600.19,95,Давно не покупавшие повторные,52.90006988120196,92.8332159487887
13243,2011-05-20 13:14:00,2011-05-20 13:14:00,1,600.07,195,Остальные,52.92336361518751,92.84049143273111
18211,2011-03-06 12:09:00,2011-11-14 08:10:00,5,600.07,17,Активные повторные,52.94665734917307,92.8477669166735
12872,2010-12-09 14:44:00,2011-01-17 10:52:00,2,599.97,318,Давно не покупавшие повторные,52.969951083158634,92.85504118817671
13023,2011-08-02 09:34:00,2011-10-06 16:27:00,2,599.9000000000001,56,Остальные,52.99324481714419,92.86231461097246
15573,2011-09-15 12:16:00,2011-11-08 11:38:00,2,599.5,23,Остальные,53.01653855112975,92.86958318401139
14965,2011-09-04 13:15:00,2011-09-04 13:20:00,2,599.0,88,Остальные,53.0398322851153,92.8768456948543
17420,2010-12-01 09:56:00,2011-10-20 14:52:00,3,598.83,42,Активные повторные,53.063126019100864,92.88410614455054
14467,2011-01-31 12:35:00,2011-11-22 12:48:00,4,598.76,9,Активные повторные,53.08641975308642,92.89136574553935
15720,2011-11-15 14:48:00,2011-11-15 14:48:00,1,598.73,16,Недавние однократные,53.10971348707198,92.89862498279639
13959,2010-12-12 13:56:00,2011-09-21 15:06:00,3,598.2,71,Остальные,53.13300722105753,92.90587779412566
16298,2011-06-06 10:06:00,2011-11-17 11:59:00,3,598.2,14,Активные повторные,53.15630095504309,92.91313060545491
14108,2011-08-30 11:32:00,2011-11-09 10:41:00,2,597.91,22,Остальные,53.179594689028654,92.92037990071047
17864,2011-03-09 11:44:00,2011-11-27 11:15:00,3,597.5,4,Активные повторные,53.20288842301421,92.92762422496529
14645,2011-03-09 09:52:00,2011-07-06 09:15:00,2,597.09,148,Давно не покупавшие повторные,53.22618215699977,92.93486357821935
15381,2011-03-16 13:44:00,2011-05-10 11:55:00,2,596.85,205,Давно не покупавшие повторные,53.24947589098532,92.94210002161931
18246,2011-04-20 13:55:00,2011-11-16 11:49:00,2,596.1,15,Остальные,53.272769624970884,92.94932737172525
17144,2011-09-16 12:50:00,2011-09-16 12:50:00,1,595.89,76,Остальные,53.29606335895644,92.95655217570884
16788,2011-03-30 13:05:00,2011-08-08 14:53:00,2,595.8299999999999,115,Давно не покупавшие повторные,53.319357092942,92.96377625222891
17658,2011-05-12 15:23:00,2011-11-14 12:07:00,2,595.4200000000001,17,Остальные,53.34265082692755,92.97099535774825
14284,2011-09-14 13:04:00,2011-11-09 08:11:00,2,595.25,22,Остальные,53.365944560913114,92.97821240212093
16325,2011-04-08 09:20:00,2011-10-24 08:48:00,3,594.24,38,Активные повторные,53.389238294898675,92.98541720085763
12917,2011-08-03 16:42:00,2011-08-03 16:42:00,1,594.0,120,Остальные,53.41253202888423,92.99261908974024
15442,2011-04-05 12:24:00,2011-04-05 12:24:00,1,594.0,240,Остальные,53.43582576286979,92.99982097862285
18232,2011-05-26 16:30:00,2011-09-19 11:49:00,4,592.97,73,Остальные,53.459119496855344,93.00701037938164
16203,2010-12-02 15:39:00,2011-10-12 12:31:00,4,592.9,50,Активные повторные,53.482413230840905,93.01419893143299
14692,2011-01-21 13:47:00,2011-07-25 15:08:00,4,591.5500000000001,129,Давно не покупавшие повторные,53.50570696482646,93.02137111555504
13276,2011-09-01 10:03:00,2011-10-07 12:44:00,2,590.9300000000001,55,Остальные,53.52900069881202,93.02853578255403
13270,2010-12-08 14:53:00,2010-12-08 14:53:00,1,590.0,358,Остальные,53.55229443279758,93.0356891738684
13452,2011-03-14 11:38:00,2011-03-25 14:19:00,2,590.0,251,Давно не покупавшие повторные,53.575588166783135,93.04284256518278
14882,2011-11-06 10:15:00,2011-11-13 12:47:00,2,589.7,18,Остальные,53.598881900768696,93.04999231917955
13314,2011-09-27 10:20:00,2011-10-07 13:09:00,2,589.47,55,Остальные,53.62217563475425,93.05713928456613
18123,2011-11-08 13:31:00,2011-11-15 14:23:00,2,589.4399999999999,16,Остальные,53.64546936873981,93.06428588622096
16723,2011-08-24 11:31:00,2011-09-09 13:01:00,2,589.15,83,Остальные,53.668763102725364,93.07142897180208
16838,2011-02-24 15:01:00,2011-05-26 13:13:00,2,588.85,189,Давно не покупавшие повторные,53.692056836710925,93.0785684200656
14338,2011-05-27 13:30:00,2011-07-01 14:08:00,2,588.22,153,Давно не покупавшие повторные,53.71535057069648,93.0857002299621
15624,2011-03-28 13:32:00,2011-08-15 11:38:00,4,588.13,108,Давно не покупавшие повторные,53.73864430468204,93.09283094866332
17351,2011-03-11 16:05:00,2011-11-03 18:45:00,3,587.15,28,Активные повторные,53.7619380386676,93.09994978546034
17360,2011-06-08 17:09:00,2011-11-22 13:11:00,3,585.79,9,Активные повторные,53.785231772653155,93.10705213308414
15222,2011-01-25 08:03:00,2011-01-25 08:03:00,1,585.0,310,Остальные,53.808525506638716,93.11414490243823
16384,2011-03-21 10:13:00,2011-09-11 11:19:00,2,584.5,81,Остальные,53.83181924062427,93.12123160959628
16072,2011-02-24 14:32:00,2011-02-24 14:32:00,1,584.32,280,Остальные,53.85511297460983,93.12831613436377
13557,2011-03-04 12:14:00,2011-11-11 15:24:00,2,584.06,20,Остальные,53.878406708595385,93.13539750678932
15762,2011-09-23 15:17:00,2011-10-05 16:15:00,2,583.75,57,Остальные,53.901700442580946,93.14247512065333
13427,2011-05-08 15:58:00,2011-11-20 13:02:00,3,582.6,11,Активные повторные,53.92499417656651,93.14953879146647
17970,2011-05-12 20:03:00,2011-05-12 20:03:00,1,582.59,203,Остальные,53.94828791055206,93.1566023410357
18095,2011-01-11 12:37:00,2011-01-31 12:50:00,2,580.05,304,Давно не покупавшие повторные,53.97158164453762,93.16363509464908
16906,2011-04-05 12:30:00,2011-09-19 11:49:00,4,579.77,73,Остальные,53.994875378523176,93.17066445343269
17142,2011-04-14 18:22:00,2011-04-14 18:22:00,1,579.0,231,Остальные,54.01816911250874,93.17768447643444
13292,2011-02-28 15:00:00,2011-11-01 10:04:00,2,578.94,30,Остальные,54.04146284649429,93.18470377197265
17540,2011-01-27 14:35:00,2011-11-15 11:56:00,2,578.9000000000001,16,Остальные,54.06475658047985,93.19172258253519
13077,2010-12-08 14:59:00,2011-02-22 16:19:00,3,577.44,282,Давно не покупавшие повторные,54.088050314465406,93.19872369148531
14176,2010-12-07 11:45:00,2011-02-15 13:12:00,4,576.9000000000001,289,Давно не покупавшие повторные,54.11134404845097,93.20571825326373
16916,2010-12-02 13:14:00,2011-11-16 12:08:00,2,576.26,15,Остальные,54.13463778243653,93.21270505543121
15830,2011-11-02 10:40:00,2011-11-02 10:40:00,1,576.0,29,Недавние однократные,54.15793151642208,93.21968870525677
16345,2011-10-26 16:03:00,2011-10-26 16:03:00,1,575.41,36,Остальные,54.18122525040764,93.22666520169102
13487,2010-12-21 14:54:00,2011-10-13 12:07:00,3,575.4,49,Активные повторные,54.2045189843932,93.23364157688137
14167,2011-01-12 15:44:00,2011-10-31 14:29:00,4,574.84,31,Активные повторные,54.22781271837876,93.24061116241212
14400,2011-07-13 15:50:00,2011-07-13 15:50:00,1,574.7,141,Остальные,54.25110645236431,93.24757905052802
12589,2011-07-18 12:05:00,2011-11-11 10:19:00,2,574.6800000000001,20,Остальные,54.27440018634987,93.25454669615605
15339,2011-01-25 13:15:00,2011-10-04 12:51:00,2,574.0699999999999,58,Остальные,54.297693920335426,93.26150694590496
15303,2011-02-22 13:59:00,2011-02-22 13:59:00,1,574.02,282,Остальные,54.32098765432099,93.26846658943423
13368,2011-01-06 12:32:00,2011-03-28 09:59:00,2,573.4,248,Давно не покупавшие повторные,54.34428138830655,93.27541871584044
12879,2011-09-09 12:11:00,2011-10-26 12:24:00,3,573.22,36,Активные повторные,54.3675751222921,93.28236865985606
16600,2011-01-05 12:13:00,2011-11-23 09:44:00,5,573.2,8,Активные повторные,54.39086885627766,93.28931836138386
15415,2011-01-30 14:13:00,2011-01-30 14:13:00,1,572.8100000000001,305,Остальные,54.41416259026322,93.29626333439876
13379,2011-07-26 12:26:00,2011-11-13 13:45:00,3,572.56,18,Активные повторные,54.43745632424878,93.30320527631564
17616,2010-12-07 10:04:00,2011-06-19 10:11:00,3,571.1999999999999,165,Давно не покупавшие повторные,54.46075005823433,93.31013072905931
15821,2011-10-09 13:28:00,2011-10-26 15:48:00,2,570.96,36,Остальные,54.48404379221989,93.31705327194891
15315,2011-08-15 15:17:00,2011-10-06 12:51:00,2,570.5,56,Остальные,54.507337526205454,93.32397023761814
14592,2011-10-06 18:08:00,2011-11-04 16:35:00,3,570.46,27,Активные повторные,54.53063126019101,93.3308867183117
16667,2011-02-28 12:57:00,2011-10-02 15:26:00,2,570.13,60,Остальные,54.55392499417657,93.33779919795587
12649,2011-05-11 14:37:00,2011-08-24 14:41:00,3,569.51,99,Давно не покупавшие повторные,54.57721872816212,93.34470416047698
12624,2011-06-15 12:34:00,2011-08-25 15:04:00,2,569.13,98,Давно не покупавшие повторные,54.600512462147684,93.3516045157291
13939,2011-02-01 11:30:00,2011-11-16 13:33:00,3,568.55,15,Активные повторные,54.62380619613324,93.35849783883381
13321,2011-09-14 15:18:00,2011-09-28 15:24:00,2,567.36,64,Остальные,54.6470999301188,93.365376733912
17897,2010-12-01 12:31:00,2011-06-20 11:23:00,3,566.6,164,Давно не покупавшие повторные,54.67039366410435,93.37224641445219
18150,2011-05-22 10:47:00,2011-11-07 16:49:00,3,566.58,24,Активные повторные,54.693687398089914,93.37911585250457
16278,2011-08-31 17:12:00,2011-08-31 17:12:00,1,566.38,92,Остальные,54.716981132075475,93.38598286567853
13894,2011-02-02 12:54:00,2011-11-16 09:44:00,3,564.62,15,Активные повторные,54.74027486606103,93.39282853992246
14753,2011-09-13 14:50:00,2011-09-13 14:50:00,1,563.15,79,Остальные,54.76356860004659,93.39965639131009
17265,2011-06-12 12:00:00,2011-07-24 10:49:00,2,562.9000000000001,130,Давно не покупавшие повторные,54.78686233403214,93.40648121159968
13946,2011-03-17 10:02:00,2011-09-21 13:33:00,3,561.57,71,Остальные,54.810156068017704,93.41328990644784
15655,2011-04-10 15:25:00,2011-04-10 15:25:00,1,560.6700000000001,235,Остальные,54.83344980200326,93.42008768934315
13044,2011-02-21 15:20:00,2011-02-21 15:20:00,1,560.47,283,Остальные,54.85674353598882,93.42688304736005
14273,2011-04-11 13:24:00,2011-10-19 13:20:00,4,559.97,43,Активные повторные,54.88003726997438,93.43367234318092
16275,2011-05-27 12:41:00,2011-05-27 12:41:00,1,559.87,188,Остальные,54.903331003959934,93.44046042656258
18043,2010-12-08 12:35:00,2011-11-15 12:48:00,3,559.51,16,Активные повторные,54.926624737945495,93.4472441451631
14177,2011-06-13 11:10:00,2011-09-14 15:11:00,4,559.41,78,Остальные,54.94991847193105,93.45402665132441
12987,2011-05-26 12:00:00,2011-09-27 12:03:00,2,558.7,65,Остальные,54.97321220591661,93.46080054916736
13800,2011-02-03 12:27:00,2011-02-03 12:27:00,1,558.32,301,Остальные,54.996505939902164,93.46756983974133
12513,2011-08-19 10:51:00,2011-08-19 10:51:00,1,558.29,104,Остальные,55.019799673887725,93.47433876658354
13260,2011-10-09 13:21:00,2011-10-09 13:21:00,1,557.62,53,Остальные,55.04309340787328,93.48109957008306
13405,2011-01-26 09:27:00,2011-05-19 16:31:00,2,557.45,196,Давно не покупавшие повторные,55.06638714185884,93.48785831243595
17955,2011-05-04 12:29:00,2011-05-25 12:00:00,4,557.3,190,Давно не покупавшие повторные,55.0896808758444,93.49461523613002
17295,2011-10-06 12:22:00,2011-11-11 10:49:00,3,556.95,20,Активные повторные,55.112974609829955,93.50136791628687
16385,2010-12-08 12:56:00,2011-10-10 13:12:00,3,555.8900000000001,52,Активные повторные,55.136268343815516,93.50810774458813
14805,2011-01-30 10:43:00,2011-11-24 16:20:00,4,554.6500000000001,7,Активные повторные,55.15956207780107,93.51483253864325
14891,2011-06-05 10:58:00,2011-07-14 18:08:00,2,554.38,140,Давно не покупавшие повторные,55.18285581178663,93.5215540591125
14618,2011-01-06 11:59:00,2011-11-30 13:45:00,3,553.44,1,Активные повторные,55.206149545772185,93.52826418265325
15068,2011-03-28 14:27:00,2011-10-24 14:47:00,2,553.36,38,Остальные,55.229443279757746,93.53497333624262
12363,2011-04-11 13:29:00,2011-08-22 10:18:00,2,552.0,101,Давно не покупавшие повторные,55.2527370137433,93.54166600065876
17674,2010-12-06 10:20:00,2011-09-26 13:35:00,2,551.04,66,Остальные,55.27603074772886,93.54834702565856
17291,2011-02-04 13:04:00,2011-02-04 13:04:00,1,550.8000000000001,300,Остальные,55.29932448171442,93.55502514080425
16200,2011-06-28 15:47:00,2011-06-28 15:47:00,1,550.57,156,Остальные,55.322618215699976,93.56170046733976
17235,2010-12-02 13:38:00,2011-11-14 15:51:00,2,550.06,17,Остальные,55.34591194968554,93.56836961043534
15399,2011-09-21 15:57:00,2011-11-17 15:04:00,2,549.13,14,Остальные,55.36920568367109,93.57502747784629
16340,2011-08-24 14:53:00,2011-08-24 14:53:00,1,549.07,99,Остальные,55.39249941765665,93.58168461779371
16536,2011-08-21 15:54:00,2011-08-21 15:54:00,1,548.97,102,Остальные,55.415793151642205,93.58834054530195
16031,2011-04-06 14:23:00,2011-09-08 13:07:00,2,548.94,84,Остальные,55.439086885627766,93.59499610907841
14083,2010-12-03 12:24:00,2011-08-05 14:31:00,7,548.9200000000001,118,Давно не покупавшие повторные,55.46238061961333,93.60165143036703
14474,2011-10-24 13:26:00,2011-10-24 13:26:00,1,547.66,38,Остальные,55.48567435359888,93.60829147492166
17119,2011-10-11 11:03:00,2011-10-11 11:03:00,1,547.25,51,Остальные,55.50896808758444,93.61492654847554
17637,2011-08-16 13:25:00,2011-11-08 12:51:00,2,547.06,23,Остальные,55.532261821569996,93.62155931839493
16211,2011-09-12 12:11:00,2011-09-12 12:11:00,1,547.02,80,Остальные,55.55555555555556,93.62819160333864
17520,2011-10-17 12:04:00,2011-10-17 12:04:00,1,546.81,45,Остальные,55.57884928954111,93.63482134216001
12743,2011-07-28 16:06:00,2011-07-28 16:21:00,2,546.4300000000001,126,Давно не покупавшие повторные,55.60214302352667,93.6414464737124
14997,2011-06-14 16:52:00,2011-10-24 13:28:00,3,546.1999999999999,38,Активные повторные,55.625436757512226,93.64806881665463
17806,2011-11-28 14:12:00,2011-11-28 14:12:00,1,546.04,3,Недавние однократные,55.64873049149779,93.65468921969413
12521,2011-07-20 10:51:00,2011-07-20 10:51:00,1,545.68,134,Остальные,55.67202422548335,93.66130525795248
16475,2011-03-11 09:39:00,2011-09-12 14:37:00,4,544.3,80,Остальные,55.6953179594689,93.66790456454979
13617,2011-06-12 12:55:00,2011-10-30 13:50:00,3,544.18,32,Активные повторные,55.71861169345446,93.67450241622005
13390,2011-09-26 08:38:00,2011-09-26 08:38:00,1,544.08,66,Остальные,55.74190542744002,93.6810990554511
16927,2010-12-13 11:57:00,2011-08-16 11:10:00,3,543.05,107,Давно не покупавшие повторные,55.76519916142558,93.68768320655835
13278,2011-10-30 11:49:00,2011-10-30 11:49:00,1,542.73,32,Остальные,55.78849289541113,93.69426347786015
16230,2011-05-03 15:12:00,2011-06-03 10:06:00,2,542.03,181,Давно не покупавшие повторные,55.81178662939669,93.70083526208748
17447,2011-09-29 10:10:00,2011-10-30 14:18:00,2,541.53,32,Остальные,55.835080363382254,93.70740098411879
17557,2011-09-19 14:23:00,2011-11-25 12:57:00,3,541.46,6,Активные повторные,55.85837409736781,93.71396585744266
12680,2011-08-18 15:44:00,2011-09-27 12:53:00,3,541.3599999999999,65,Остальные,55.88166783135337,93.72052951832733
14140,2011-11-08 11:20:00,2011-11-08 11:20:00,1,540.99,23,Недавние однократные,55.90496156533892,93.72708869318694
13884,2011-03-01 13:40:00,2011-09-11 13:58:00,4,540.5,81,Остальные,55.92825529932448,93.73364192709442
13874,2010-12-16 18:20:00,2010-12-16 18:20:00,1,540.45,350,Остальные,55.95154903331004,93.74019455478232
14496,2010-12-01 15:35:00,2011-02-01 09:01:00,2,538.8100000000001,303,Давно не покупавшие повторные,55.9748427672956,93.74672729846722
15452,2011-03-20 15:21:00,2011-11-10 12:13:00,3,538.73,21,Активные повторные,55.99813650128115,93.75325907220078
15469,2011-08-11 16:54:00,2011-10-20 16:21:00,2,538.55,42,Остальные,56.02143023526671,93.75978866354376
17345,2011-05-27 12:26:00,2011-11-24 15:02:00,4,537.74,7,Активные повторные,56.044723969252274,93.76630843412917
14539,2011-10-26 12:03:00,2011-11-24 09:50:00,2,537.48,7,Остальные,56.06801770323783,93.77282505237264
16206,2011-01-16 11:07:00,2011-10-16 10:41:00,4,537.06,46,Активные повторные,56.09131143722339,93.77933657837146
15043,2011-11-08 14:26:00,2011-11-08 14:26:00,1,537.0,23,Недавние однократные,56.11460517120894,93.78584737690674
16804,2011-03-14 15:48:00,2011-11-16 16:43:00,3,536.99,15,Активные повторные,56.137898905194504,93.7923580541981
16233,2010-12-08 12:51:00,2011-09-29 17:27:00,3,536.6800000000001,63,Остальные,56.16119263918006,93.79886497292793
15535,2011-01-16 12:35:00,2011-06-19 16:02:00,4,536.4,165,Давно не покупавшие повторные,56.18448637316562,93.805368496828
16142,2011-04-04 10:16:00,2011-04-04 10:16:00,1,535.34,241,Остальные,56.20778010715117,93.81185916887246
12988,2011-02-20 14:31:00,2011-02-20 14:31:00,1,535.32,284,Остальные,56.231073841136734,93.8183495984291
12628,2011-10-06 09:28:00,2011-11-06 14:26:00,2,535.21,25,Остальные,56.254367575122295,93.8248386943026
13000,2010-12-10 10:26:00,2011-08-25 10:43:00,3,534.85,98,Давно не покупавшие повторные,56.27766130910785,93.83132342539496
17006,2011-09-25 12:15:00,2011-11-21 13:44:00,3,534.72,10,Активные повторные,56.30095504309341,93.83780658031635
13385,2011-01-14 09:52:00,2011-01-14 09:52:00,1,534.57,321,Остальные,56.324248777078964,93.84428791657893
13434,2011-09-04 10:35:00,2011-09-26 14:30:00,2,534.24,66,Остальные,56.347542511064525,93.85076525179214
17443,2011-05-04 10:47:00,2011-05-04 10:47:00,1,534.24,211,Остальные,56.37083624505008,93.85724258700535
13217,2011-07-06 12:08:00,2011-08-09 15:32:00,3,533.98,114,Давно не покупавшие повторные,56.39412997903564,93.86371676987663
17062,2010-12-05 11:59:00,2011-01-30 11:01:00,4,533.33,305,Давно не покупавшие повторные,56.4174237130212,93.87018307189307
12410,2011-02-04 10:38:00,2011-02-04 10:39:00,2,533.3299999999999,300,Давно не покупавшие повторные,56.440717447006755,93.8766493739095
15433,2011-03-17 14:12:00,2011-05-10 10:45:00,2,533.3,205,Давно не покупавшие повторные,56.464011180992316,93.88311531219418
15756,2011-04-04 14:00:00,2011-10-09 13:30:00,4,532.96,53,Активные повторные,56.48730491497787,93.88957712818555
15825,2011-06-20 13:27:00,2011-06-20 13:27:00,1,532.94,164,Остальные,56.51059864896343,93.89603870168908
16706,2011-08-17 15:53:00,2011-11-02 13:50:00,3,531.3499999999999,29,Активные повторные,56.533892382948984,93.90248099740924
15969,2011-06-07 12:19:00,2011-10-21 08:24:00,2,531.1,41,Остальные,56.557186116934545,93.90892026203136
14265,2011-07-14 09:10:00,2011-08-22 13:32:00,2,530.1800000000001,101,Давно не покупавшие повторные,56.5804798509201,93.91534837221282
18159,2011-02-11 14:26:00,2011-02-11 14:26:00,1,530.15,293,Остальные,56.60377358490566,93.9217761186625
12654,2011-02-17 13:16:00,2011-11-29 10:10:00,5,529.98,2,Активные повторные,56.62706731889122,93.92820180396556
14002,2011-07-06 14:59:00,2011-07-28 15:55:00,2,529.73,126,Давно не покупавшие повторные,56.650361052876775,93.93462445817057
14463,2011-05-18 14:42:00,2011-09-02 15:20:00,3,529.62,90,Остальные,56.673654786862336,93.94104577869248
15907,2011-05-13 13:01:00,2011-06-16 12:45:00,2,529.52,168,Давно не покупавшие повторные,56.69694852084789,93.94746588677518
16185,2011-04-21 11:59:00,2011-11-23 09:41:00,2,529.41,8,Остальные,56.72024225483345,93.95388466117474
16602,2011-11-03 15:54:00,2011-11-03 15:54:00,1,528.08,28,Недавние однократные,56.743535988819005,93.96028731013287
17623,2011-11-07 11:32:00,2011-11-07 11:32:00,1,527.0500000000001,24,Недавние однократные,56.766829722804566,93.96667747096717
18252,2011-06-21 11:47:00,2011-10-20 12:43:00,2,526.67,42,Остальные,56.79012345679013,93.9730630245325
12559,2011-01-24 10:12:00,2011-02-02 09:49:00,2,525.71,302,Давно не покупавшие повторные,56.81341719077568,93.97943693868145
17429,2011-05-05 09:53:00,2011-08-03 13:22:00,3,524.9200000000001,120,Давно не покупавшие повторные,56.83671092476124,93.98580127456067
15467,2011-07-10 14:42:00,2011-11-30 14:17:00,3,524.88,1,Активные повторные,56.860004658746796,93.99216512546421
13721,2011-11-03 14:05:00,2011-11-03 14:05:00,1,524.14,28,Недавние однократные,56.88329839273236,93.99852000431761
17329,2011-01-28 15:29:00,2011-11-25 14:24:00,2,523.11,6,Остальные,56.90659212671791,94.00486239504723
18017,2011-02-02 13:57:00,2011-09-19 16:15:00,3,523.0,73,Остальные,56.92988586070347,94.0112034520937
17712,2011-10-26 12:28:00,2011-10-26 12:28:00,1,522.91,36,Остальные,56.953179594689026,94.01754341794489
13705,2010-12-01 10:29:00,2011-07-18 09:15:00,2,522.68,136,Давно не покупавшие повторные,56.97647332867459,94.02388059518589
15891,2011-04-27 12:35:00,2011-04-27 12:35:00,1,521.97,218,Остальные,56.99976706266015,94.03020916410854
12863,2011-10-18 14:15:00,2011-10-18 14:15:00,1,521.2,44,Остальные,57.0230607966457,94.0365283972493
15149,2011-07-29 10:58:00,2011-07-29 10:58:00,1,520.8000000000001,125,Остальные,57.04635453063126,94.04284278063325
13811,2011-04-14 18:40:00,2011-06-09 09:54:00,2,519.75,175,Давно не покупавшие повторные,57.069648264616816,94.04914443340553
14873,2011-05-13 13:52:00,2011-05-13 13:52:00,1,519.68,202,Остальные,57.09294199860238,94.05544523747037
12571,2011-08-10 12:35:00,2011-10-31 10:19:00,2,519.61,31,Остальные,57.11623573258793,94.06174519282776
13643,2011-06-07 11:40:00,2011-11-08 15:37:00,3,519.44,23,Активные повторные,57.13952946657349,94.06804308703852
16955,2010-12-01 13:31:00,2011-06-08 10:36:00,4,518.67,176,Давно не покупавшие повторные,57.162823200559046,94.07433164546738
12784,2011-11-24 12:53:00,2011-11-24 12:53:00,1,518.42,7,Недавние однократные,57.18611693454461,94.08061717279821
16650,2011-09-29 09:51:00,2011-09-29 09:51:00,1,518.42,63,Остальные,57.20941066853017,94.08690270012906
15030,2011-03-16 15:34:00,2011-09-29 10:50:00,2,518.28,63,Остальные,57.23270440251572,94.09318653004503
16135,2011-03-22 12:30:00,2011-03-22 12:30:00,1,517.55,254,Остальные,57.25599813650128,94.09946150915476
17454,2010-12-15 10:54:00,2011-05-31 13:58:00,4,517.53,184,Давно не покупавшие повторные,57.27929187048684,94.1057362457767
18205,2011-09-26 12:02:00,2011-11-03 13:22:00,2,517.36,28,Остальные,57.3025856044724,94.11200892125196
13043,2011-03-11 14:52:00,2011-03-11 14:52:00,1,516.42,265,Остальные,57.32587933845795,94.11827019979869
15809,2011-02-10 11:16:00,2011-11-03 16:40:00,5,515.77,28,Активные повторные,57.34917307244351,94.12452359749058
15246,2010-12-16 09:46:00,2011-04-15 14:45:00,2,514.1500000000001,230,Давно не покупавшие повторные,57.372466806429074,94.13075735366733
15882,2010-12-06 13:01:00,2011-05-25 11:35:00,4,514.08,190,Давно не покупавшие повторные,57.39576054041463,94.13699026113665
13005,2011-04-07 13:32:00,2011-06-19 10:53:00,2,513.7,165,Давно не покупавшие повторные,57.41905427440019,94.14321856133698
17513,2011-09-28 16:42:00,2011-09-28 16:42:00,1,513.2,64,Остальные,57.44234800838574,94.14944079934128
15028,2010-12-06 12:47:00,2011-10-28 11:41:00,3,512.4300000000001,34,Активные повторные,57.465641742371304,94.1556537015637
17805,2011-09-27 11:49:00,2011-09-27 11:49:00,1,512.31,65,Остальные,57.48893547635686,94.16186514885906
17480,2011-09-23 11:39:00,2011-09-23 11:39:00,1,511.82,69,Остальные,57.51222921034242,94.16807065520233
12638,2011-11-06 13:11:00,2011-11-06 13:11:00,1,511.69,25,Недавние однократные,57.53552294432797,94.17427458537462
14851,2011-03-28 14:59:00,2011-11-16 14:20:00,2,511.35,15,Остальные,57.55881667831353,94.1804743932536
12426,2011-05-29 12:26:00,2011-05-29 12:26:00,1,510.73,186,Остальные,57.582110412299095,94.18666668400952
15406,2011-02-11 16:19:00,2011-11-08 13:22:00,2,510.71000000000004,23,Остальные,57.60540414628465,94.1928587322776
12904,2011-06-20 13:18:00,2011-11-21 14:34:00,2,509.58,10,Остальные,57.62869788027021,94.19903707998266
16898,2010-12-06 12:23:00,2011-11-13 15:44:00,3,508.80999999999995,18,Активные повторные,57.65199161425576,94.20520609190582
15417,2011-09-15 15:26:00,2011-09-15 15:26:00,1,508.8,77,Остальные,57.675285348241324,94.21137498258506
17391,2011-06-28 12:21:00,2011-06-29 09:58:00,2,508.8,155,Давно не покупавшие повторные,57.69857908222688,94.2175438732643
15525,2010-12-01 13:17:00,2011-11-22 12:07:00,2,508.73,9,Остальные,57.72187281621244,94.22371191523611
14317,2011-10-06 10:44:00,2011-10-06 10:44:00,1,508.58,56,Остальные,57.745166550198,94.2298781385491
17958,2011-08-15 12:19:00,2011-08-15 12:19:00,1,508.46,108,Остальные,57.768460284183554,94.23604290693504
17415,2011-09-21 12:50:00,2011-09-21 12:50:00,1,507.84,71,Остальные,57.791754018169115,94.24220015819792
14158,2011-10-30 15:08:00,2011-10-30 15:08:00,1,507.66,32,Остальные,57.81504775215467,94.2483552270702
13868,2011-11-01 12:45:00,2011-11-01 12:45:00,1,507.54,30,Недавние однократные,57.83834148614023,94.25450884101546
14820,2011-06-19 14:56:00,2011-11-18 15:41:00,4,507.29,13,Активные повторные,57.861635220125784,94.26065942386269
15721,2011-11-28 12:14:00,2011-11-28 12:14:00,1,507.08,3,Недавние однократные,57.884928954111345,94.2668074605876
13885,2011-05-23 08:52:00,2011-06-03 15:07:00,2,506.80000000000007,181,Давно не покупавшие повторные,57.9082226880969,94.27295210248273
16614,2011-06-10 11:36:00,2011-06-10 11:36:00,1,506.19,174,Остальные,57.93151642208246,94.2790893484987
14014,2011-09-23 13:18:00,2011-09-23 13:18:00,1,505.18,69,Остальные,57.95481015606802,94.2852143488787
16960,2011-04-01 11:54:00,2011-11-01 11:35:00,3,505.1,30,Активные повторные,57.978103890053575,94.29133837930732
12390,2011-09-21 09:33:00,2011-09-21 09:33:00,1,504.84000000000003,71,Остальные,58.001397624039136,94.29745925739402
15081,2010-12-07 16:20:00,2011-11-17 17:08:00,5,504.8,14,Активные повторные,58.02469135802469,94.30357965050503
12991,2011-08-19 14:39:00,2011-11-16 15:34:00,2,503.76,15,Остальные,58.04798509201025,94.30968743424829
17630,2011-04-21 14:03:00,2011-06-23 11:58:00,2,503.6,161,Давно не покупавшие повторные,58.071278825995805,94.31579327808883
16863,2010-12-08 08:58:00,2011-11-08 15:26:00,2,502.8,23,Остальные,58.094572559981366,94.32188942241572
16015,2011-10-21 12:56:00,2011-11-13 11:55:00,2,502.0,18,Остальные,58.11786629396692,94.32797586722897
13865,2011-02-23 12:04:00,2011-10-12 13:31:00,4,501.56,50,Активные повторные,58.14116002795248,94.33405697730971
15881,2010-12-10 13:32:00,2011-01-31 16:59:00,5,501.39000000000004,304,Давно не покупавшие повторные,58.16445376193804,94.3401360262438
13116,2011-07-24 14:33:00,2011-07-24 14:33:00,1,501.14,130,Остальные,58.187747495923595,94.34621204407988
13247,2011-09-18 11:31:00,2011-11-22 10:59:00,4,501.12,9,Активные повторные,58.211041229909156,94.35228781942811
16616,2011-07-05 13:38:00,2011-11-24 16:31:00,2,500.41999999999996,7,Остальные,58.23433496389471,94.35835510770191
15389,2011-06-20 16:18:00,2011-06-20 16:18:00,1,500.0,164,Остальные,58.25762869788027,94.36441730373103
14958,2011-04-08 11:28:00,2011-07-15 14:20:00,3,499.68,139,Давно не покупавшие повторные,58.280922431865825,94.3704756199547
13816,2011-10-06 14:37:00,2011-11-16 08:38:00,2,499.67,15,Остальные,58.304216165851386,94.37653381493446
14077,2011-03-10 15:52:00,2011-10-30 12:35:00,5,499.42,32,Активные повторные,58.32750989983695,94.3825889788162
15193,2011-10-10 08:23:00,2011-10-10 08:23:00,1,499.32,52,Остальные,58.3508036338225,94.38864293025873
12866,2011-03-01 14:11:00,2011-03-01 14:11:00,1,499.12,275,Остальные,58.37409736780806,94.39469445682285
14681,2011-05-12 10:45:00,2011-09-29 15:52:00,3,498.95,63,Остальные,58.397391101793616,94.40074392224032
16488,2011-07-14 11:46:00,2011-11-06 13:42:00,3,498.8,25,Активные повторные,58.42068483577918,94.40679156899898
15142,2011-10-24 12:51:00,2011-10-24 12:51:00,1,498.74,38,Остальные,58.44397856976473,94.41283848829413
13493,2011-02-25 16:42:00,2011-03-09 15:35:00,2,498.63,267,Давно не покупавшие повторные,58.46727230375029,94.41888407390614
17053,2011-08-01 10:23:00,2011-08-01 10:23:00,1,498.48,122,Остальные,58.490566037735846,94.42492784085934
17298,2011-08-07 12:21:00,2011-08-30 16:43:00,2,498.42,93,Давно не покупавшие повторные,58.51385977172141,94.43097088034902
16820,2011-09-05 12:06:00,2011-09-05 12:06:00,1,497.61,87,Остальные,58.53715350570697,94.43700409908115
15006,2011-10-19 15:08:00,2011-10-19 15:08:00,1,497.14,43,Остальные,58.56044723969252,94.44303161934897
12695,2011-05-13 13:15:00,2011-10-04 15:02:00,3,497.0,58,Активные повторные,58.58374097367808,94.44905744220193
15300,2011-10-06 17:08:00,2011-10-06 17:08:00,1,496.44,56,Остальные,58.60703470766364,94.45507647539534
15018,2010-12-07 10:47:00,2011-11-01 12:47:00,3,496.21000000000004,30,Активные повторные,58.6303284416492,94.46109271997858
17374,2011-03-03 12:53:00,2011-05-05 09:05:00,2,495.77,210,Давно не покупавшие повторные,58.65362217563475,94.4671036298293
15448,2011-01-31 10:42:00,2011-01-31 10:42:00,1,494.64,304,Остальные,58.67691590962031,94.473100839117
16352,2011-11-02 08:44:00,2011-11-22 10:32:00,2,494.44,9,Остальные,58.700209643605874,94.47909562352628
17333,2011-09-15 10:11:00,2011-09-15 10:11:00,1,494.25,77,Остальные,58.72350337759143,94.48508810430108
12763,2010-12-05 15:46:00,2011-07-24 14:12:00,2,494.08,130,Давно не покупавшие повторные,58.74679711157699,94.49107852392922
13176,2011-10-24 15:43:00,2011-10-24 15:43:00,1,492.84,38,Остальные,58.77009084556254,94.49705390931122
14270,2011-01-12 09:33:00,2011-01-12 09:33:00,1,492.65000000000003,323,Остальные,58.7933845795481,94.50302699105873
15031,2011-03-02 14:46:00,2011-11-09 17:44:00,3,492.61,22,Активные повторные,58.81667831353366,94.50899958783056
15507,2011-06-21 11:19:00,2011-06-21 11:19:00,1,492.36,163,Остальные,58.83997204751922,94.51496915350437
13732,2011-11-11 15:49:00,2011-11-11 15:49:00,1,491.86,20,Недавние однократные,58.86326578150477,94.52093265698214
14236,2010-12-02 18:49:00,2011-09-20 09:13:00,2,490.86,72,Остальные,58.88655951549033,94.52688403606787
15000,2011-10-23 11:42:00,2011-10-23 11:42:00,1,490.52,39,Остальные,58.909853249475894,94.53283129286028
14416,2011-10-28 15:10:00,2011-11-17 15:22:00,2,490.22,14,Остальные,58.93314698346145,94.53877491233509
13311,2011-07-12 14:26:00,2011-07-12 14:26:00,1,490.11,142,Остальные,58.95644071744701,94.54471719812676
18074,2010-12-01 09:53:00,2010-12-01 09:53:00,1,489.6,365,Остальные,58.97973445143256,94.55065330047849
17361,2011-02-21 09:55:00,2011-10-21 15:43:00,3,488.2,41,Активные повторные,59.003028185418124,94.55657242868133
14396,2010-12-03 15:19:00,2011-10-05 16:09:00,2,487.99,57,Остальные,59.02632191940368,94.56248901076184
15165,2010-12-01 14:03:00,2010-12-01 14:03:00,1,487.75,365,Остальные,59.04961565338924,94.56840268298826
16643,2011-04-08 08:24:00,2011-04-08 08:24:00,1,487.51,237,Остальные,59.07290938737479,94.57431344536059
12601,2011-01-11 10:38:00,2011-06-03 10:17:00,5,487.06,181,Давно не покупавшие повторные,59.096203121360354,94.58021875175648
17883,2011-04-07 19:16:00,2011-11-25 14:02:00,3,486.90000000000003,6,Активные повторные,59.119496855345915,94.58612211824965
13675,2011-02-28 12:14:00,2011-07-11 12:57:00,2,486.82000000000005,143,Давно не покупавшие повторные,59.14279058933147,94.59202451479146
17453,2011-10-06 17:02:00,2011-11-22 09:42:00,2,486.7199999999999,9,Остальные,59.16608432331703,94.59792569889404
15287,2011-09-30 12:30:00,2011-11-17 15:34:00,2,486.69000000000005,14,Остальные,59.189378057302584,94.6038265192649
13812,2011-08-26 12:54:00,2011-10-28 14:27:00,3,485.0,34,Активные повторные,59.212671791288145,94.60970684941316
15109,2011-04-08 09:58:00,2011-04-08 09:58:00,1,484.95,237,Остальные,59.2359655252737,94.61558657334182
16999,2011-09-26 15:43:00,2011-11-16 13:53:00,2,484.82000000000005,15,Остальные,59.25925925925926,94.6214647210995
16504,2011-11-14 15:18:00,2011-11-14 15:18:00,1,484.38,17,Недавние однократные,59.28255299324482,94.62733753412468
16518,2011-02-28 16:36:00,2011-10-09 15:04:00,2,484.32,53,Остальные,59.305846727230374,94.63320961968634
14130,2011-01-24 16:05:00,2011-01-24 16:05:00,1,483.86,311,Остальные,59.329140461215935,94.63907612802765
13531,2010-12-08 15:03:00,2011-05-18 16:56:00,2,483.79999999999995,197,Давно не покупавшие повторные,59.35243419520149,94.64494190890544
14147,2011-02-27 11:42:00,2011-09-22 18:10:00,2,483.40000000000003,70,Остальные,59.37572792918705,94.65080284002642
17555,2011-01-09 12:31:00,2011-11-20 12:22:00,2,483.26,11,Остальные,59.399021663172604,94.65666207373248
14450,2011-01-23 11:53:00,2011-06-12 10:46:00,3,483.25,172,Давно не покупавшие повторные,59.422315397158165,94.66252118619464
16603,2011-09-09 13:02:00,2011-09-26 10:06:00,2,482.47,66,Остальные,59.44560913114372,94.66837084163099
13558,2011-10-02 13:01:00,2011-11-16 12:13:00,3,482.38,15,Активные повторные,59.46890286512928,94.67421940587205
17950,2010-12-09 15:16:00,2011-09-28 15:18:00,3,482.2,64,Остальные,59.49219659911484,94.68006578772255
16693,2011-03-13 11:06:00,2011-10-02 11:10:00,2,482.01,60,Остальные,59.515490333100395,94.68590986593856
18216,2011-11-08 16:55:00,2011-11-08 16:55:00,1,481.75,23,Недавние однократные,59.538784067085956,94.69175079181262
15091,2011-10-03 12:47:00,2011-10-03 12:47:00,1,480.71,59,Остальные,59.56207780107151,94.69757910831895
12631,2011-10-13 13:53:00,2011-10-13 13:53:00,1,480.5,49,Остальные,59.58537153505707,94.70340487870294
13838,2010-12-05 10:45:00,2011-08-14 10:52:00,3,479.59000000000003,109,Давно не покупавшие повторные,59.608665269042625,94.70921961589016
16812,2010-12-14 12:35:00,2010-12-14 12:35:00,1,479.35,352,Остальные,59.631959003028186,94.7150314432233
16008,2011-05-19 10:54:00,2011-11-16 10:32:00,3,478.78,15,Активные повторные,59.65525273701374,94.72083635965295
12572,2011-10-19 08:20:00,2011-10-19 08:20:00,1,478.74,43,Остальные,59.6785464709993,94.72664079110693
15053,2011-03-03 12:06:00,2011-07-06 13:06:00,2,478.6,148,Давно не покупавшие повторные,59.70184020498486,94.73244352514601
15589,2011-02-02 10:46:00,2011-03-29 09:54:00,3,478.53,247,Давно не покупавшие повторные,59.725133938970416,94.73824541047765
16768,2011-03-13 10:25:00,2011-10-23 10:38:00,3,478.09000000000003,39,Активные повторные,59.74842767295598,94.74404196107679
12644,2011-08-02 10:33:00,2011-08-02 10:33:00,1,477.91,121,Остальные,59.77172140694153,94.74983632928534
13092,2010-12-15 12:27:00,2011-09-30 11:18:00,5,477.83,62,Остальные,59.79501514092709,94.75562972754255
14320,2011-01-11 09:12:00,2011-05-17 09:24:00,2,477.78999999999996,198,Давно не покупавшие повторные,59.818308874912645,94.76142264082407
18176,2010-12-16 15:45:00,2010-12-16 15:45:00,1,476.35,350,Остальные,59.84160260889821,94.76719809498103
14853,2011-05-12 15:17:00,2011-11-15 16:56:00,2,475.8,16,Остальные,59.86489634288377,94.77296688072235
14497,2011-02-03 17:01:00,2011-02-03 17:01:00,1,475.37,301,Остальные,59.88819007686932,94.77873045297508
15780,2010-12-17 11:43:00,2011-06-09 12:01:00,3,475.28000000000003,175,Давно не покупавшие повторные,59.91148381085488,94.78449293403253
15349,2011-06-05 15:46:00,2011-07-04 16:06:00,2,473.81,150,Давно не покупавшие повторные,59.934777544840436,94.79023759223365
15557,2011-11-11 12:46:00,2011-11-11 12:46:00,1,473.65000000000003,20,Недавние однократные,59.958071278826,94.79598031053206
12479,2011-11-28 13:26:00,2011-11-28 13:26:00,1,473.2,3,Недавние однократные,59.98136501281155,94.80171757285403
14013,2011-03-09 08:59:00,2011-08-21 15:01:00,3,473.02,102,Давно не покупавшие повторные,60.00465874679711,94.80745265278543
17964,2010-12-02 13:32:00,2011-11-08 10:44:00,2,471.7,23,Остальные,60.027952480782666,94.81317172851931
16885,2010-12-17 17:23:00,2011-11-24 13:40:00,3,471.51,7,Активные повторные,60.05124621476823,94.8188885006187
13066,2011-11-07 17:06:00,2011-11-15 12:57:00,2,470.8,16,Остальные,60.07453994875379,94.82459666439972
15963,2011-10-25 13:05:00,2011-11-20 11:33:00,2,470.76,11,Остальные,60.09783368273934,94.83030434320506
14431,2011-02-10 10:40:00,2011-02-10 10:40:00,1,470.36,294,Остальные,60.1211274167249,94.8360071722536
14896,2010-12-09 12:24:00,2011-05-19 10:20:00,2,468.77000000000004,196,Давно не покупавшие повторные,60.14442115071046,94.84169072351874
13171,2011-02-13 14:16:00,2011-11-18 10:27:00,3,468.40999999999997,13,Активные повторные,60.16771488469602,94.84736991000275
13822,2011-10-30 15:55:00,2011-10-30 15:55:00,1,468.38,32,Остальные,60.19100861868157,94.853048732755
14335,2011-09-04 13:07:00,2011-11-23 13:41:00,2,468.26,8,Остальные,60.21430235266713,94.8587261005802
14029,2011-07-18 16:57:00,2011-10-07 14:46:00,2,467.65999999999997,55,Остальные,60.237596086652694,94.86439619377018
15468,2011-10-19 13:38:00,2011-10-19 13:49:00,2,467.51,43,Остальные,60.26088982063825,94.87006446830134
13579,2010-12-05 16:10:00,2011-11-25 08:41:00,2,467.03999999999996,6,Остальные,60.28418355462381,94.87572704436822
14205,2011-03-20 15:07:00,2011-11-23 10:55:00,2,466.70000000000005,8,Остальные,60.30747728860936,94.88138549814181
13248,2011-06-03 13:05:00,2011-08-07 12:40:00,2,465.67999999999995,116,Давно не покупавшие повторные,60.330771022594924,94.8870315850355
15036,2011-06-13 12:19:00,2011-09-28 15:42:00,3,465.54999999999995,64,Остальные,60.35406475658048,94.89267609575823
17140,2011-04-06 13:33:00,2011-04-06 13:33:00,1,465.32,239,Остальные,60.37735849056604,94.89831781787078
16374,2011-03-22 13:46:00,2011-10-04 15:21:00,2,465.08000000000004,58,Остальные,60.40065222455159,94.90395663012924
13928,2011-07-29 15:59:00,2011-11-29 10:33:00,4,464.57000000000005,2,Активные повторные,60.42394595853715,94.90958925894775
15026,2011-03-07 13:45:00,2011-09-20 13:52:00,3,464.2,72,Остальные,60.447239692522714,94.91521740174119
16586,2011-04-05 09:32:00,2011-04-05 09:32:00,1,463.95,240,Остальные,60.47053342650827,94.92084251343664
14967,2011-10-21 11:06:00,2011-10-21 11:06:00,1,463.8,41,Остальные,60.49382716049383,94.92646580647325
17418,2011-01-20 11:39:00,2011-10-28 13:00:00,2,463.46,34,Остальные,60.51712089447938,94.93208497721658
14489,2011-05-16 14:51:00,2011-05-16 14:51:00,1,463.38,199,Остальные,60.540414628464944,94.93770317800853
12945,2011-02-24 14:15:00,2011-02-24 14:15:00,1,462.95,280,Остальные,60.5637083624505,94.9433161653119
14331,2011-07-27 15:14:00,2011-08-07 13:17:00,2,462.66,116,Давно не покупавшие повторные,60.58700209643606,94.94892563654159
12793,2010-12-03 15:14:00,2011-01-09 12:12:00,2,461.48,326,Давно не покупавшие повторные,60.61029583042161,94.95452080098863
14470,2011-02-25 11:56:00,2011-11-28 10:31:00,2,461.19,3,Остальные,60.633589564407174,94.96011244936199
12391,2011-11-18 12:07:00,2011-11-18 12:07:00,1,460.89,13,Недавние однократные,60.656883298392735,94.96570046041772
15344,2011-09-26 14:48:00,2011-11-07 17:08:00,2,460.64,24,Остальные,60.68017703237829,94.97128544037544
16824,2011-06-28 13:36:00,2011-11-24 12:38:00,2,460.64,7,Остальные,60.70347076636385,94.97687042033314
16805,2010-12-14 13:35:00,2011-06-19 11:23:00,2,460.59000000000003,165,Давно не покупавшие повторные,60.726764500349404,94.98245479407126
12667,2011-10-12 17:00:00,2011-10-12 17:00:00,1,460.13,50,Остальные,60.750058234334965,94.98803359058903
12355,2011-05-09 13:49:00,2011-05-09 13:49:00,1,459.4,206,Остальные,60.77335196832052,94.99360353630061
16589,2011-07-01 13:31:00,2011-09-29 14:50:00,3,459.24,63,Остальные,60.79664570230608,94.99917154210945
17880,2010-12-10 10:21:00,2010-12-10 10:21:00,1,458.92,356,Остальные,60.81993943629164,95.00473566811283
12811,2011-02-28 15:39:00,2011-03-23 10:55:00,2,458.85,253,Давно не покупавшие повторные,60.843233170277195,95.01029894540875
15754,2011-04-07 12:24:00,2011-10-19 14:40:00,3,458.57000000000005,43,Активные повторные,60.866526904262756,95.01585882787492
13506,2010-12-05 12:15:00,2011-01-27 13:53:00,2,458.52,308,Давно не покупавшие повторные,60.88982063824831,95.02141810412145
15092,2011-03-01 12:24:00,2011-05-08 14:10:00,2,457.81000000000006,207,Давно не покупавшие повторные,60.91311437223387,95.02696877204966
15121,2011-02-24 12:41:00,2011-10-20 14:51:00,2,457.71999999999997,42,Остальные,60.936408106219424,95.03251834878256
13398,2011-05-31 13:17:00,2011-05-31 13:17:00,1,457.34,184,Остальные,60.959701840204986,95.03806331824649
12999,2011-04-08 10:26:00,2011-05-27 13:24:00,3,455.88,188,Давно не покупавшие повторные,60.98299557419054,95.04359058609799
12808,2010-12-06 10:27:00,2011-11-03 10:05:00,3,455.65000000000003,28,Активные повторные,61.0062893081761,95.04911506533935
14513,2011-02-24 09:36:00,2011-08-31 11:25:00,3,455.59000000000003,92,Давно не покупавшие повторные,61.02958304216166,95.05463881711718
15585,2011-06-16 08:38:00,2011-06-16 08:38:00,1,455.3,168,Остальные,61.052876776147215,95.06015905282129
16529,2011-06-02 17:23:00,2011-06-02 17:23:00,1,455.25,182,Остальные,61.076170510132776,95.06567868230582
13485,2011-04-20 13:58:00,2011-04-20 13:58:00,1,454.24,225,Остальные,61.09946424411833,95.07118606615438
15475,2011-09-23 15:20:00,2011-09-23 15:20:00,1,454.11,69,Остальные,61.12275797810389,95.07669187383196
17564,2011-09-20 14:00:00,2011-11-15 13:27:00,3,454.01,16,Активные повторные,61.146051712089445,95.08219646907033
18158,2011-09-12 09:03:00,2011-11-30 16:19:00,2,453.4,1,Остальные,61.169345446075006,95.08769366842955
18071,2010-12-09 10:33:00,2011-03-27 11:59:00,2,453.0,249,Давно не покупавшие повторные,61.19263918006057,95.09318601803194
14184,2011-10-04 12:43:00,2011-10-04 12:43:00,1,452.89,58,Остальные,61.21593291404612,95.0986770339512
12816,2011-06-16 13:24:00,2011-09-05 12:41:00,2,452.20000000000005,87,Остальные,61.23922664803168,95.10415968403996
17392,2010-12-16 19:04:00,2011-02-06 12:48:00,2,451.91,298,Давно не покупавшие повторные,61.262520382017236,95.109638818055
16574,2011-09-29 13:39:00,2011-09-29 13:39:00,1,451.44,63,Остальные,61.2858141160028,95.11511225360579
14173,2011-05-04 14:03:00,2011-11-29 11:54:00,4,450.84000000000003,2,Активные повторные,61.30910784998835,95.12057841452133
12596,2011-04-11 13:22:00,2011-10-19 13:02:00,2,450.27,43,Остальные,61.33240158397391,95.1260376645334
17040,2011-07-25 10:19:00,2011-07-25 10:19:00,1,449.73,129,Остальные,61.355695317959466,95.13149036737377
13489,2011-02-18 10:42:00,2011-08-26 13:16:00,4,449.52,97,Давно не покупавшие повторные,61.37898905194503,95.1369405240918
15739,2011-10-04 13:42:00,2011-10-04 13:42:00,1,449.12,58,Остальные,61.40228278593059,95.142385831053
14780,2011-09-21 15:15:00,2011-10-16 12:46:00,2,447.68,46,Остальные,61.42557651991614,95.14781367888965
15646,2010-12-02 16:59:00,2011-07-05 09:53:00,3,447.64000000000004,149,Давно не покупавшие повторные,61.4488702539017,95.15324104175059
15456,2010-12-15 15:34:00,2011-03-01 13:51:00,3,447.22,275,Давно не покупавшие повторные,61.47216398788726,95.1586633123669
15368,2011-11-18 14:42:00,2011-11-18 14:42:00,1,446.94000000000005,13,Недавние однократные,61.49545772187282,95.16408218815343
14149,2011-05-03 09:44:00,2011-05-03 09:44:00,1,446.62,212,Остальные,61.51875145585837,95.16949718413449
17370,2011-06-23 11:50:00,2011-09-28 10:14:00,4,446.18,64,Остальные,61.54204518984393,95.17490684538303
17190,2011-05-16 15:29:00,2011-10-12 11:33:00,2,444.74,50,Остальные,61.565338923829486,95.18029904750703
18006,2011-11-16 16:52:00,2011-11-16 16:52:00,1,444.68,15,Недавние однократные,61.58863265781505,95.18569052216749
14638,2011-10-20 10:10:00,2011-10-20 10:10:00,1,443.6,42,Остальные,61.61192639180061,95.19106890248455
16404,2011-09-30 14:55:00,2011-09-30 14:55:00,1,443.05,62,Остальные,61.63522012578616,95.19644061438595
18222,2011-09-08 10:45:00,2011-09-08 10:45:00,1,443.0,84,Остальные,61.65851385977172,95.20181172006777
14093,2011-11-27 16:27:00,2011-11-27 16:27:00,1,442.85,4,Недавние однократные,61.68180759375728,95.20718100709077
12414,2011-02-02 14:51:00,2011-05-06 14:51:00,3,442.40999999999997,209,Давно не покупавшие повторные,61.70510132774284,95.21254495938126
15822,2010-12-15 13:38:00,2010-12-15 13:38:00,1,440.2,351,Остальные,61.72839506172839,95.21788211676531
14022,2011-04-28 14:39:00,2011-04-28 14:39:00,1,440.0,217,Остальные,61.75168879571395,95.22321684927094
15524,2011-11-15 12:09:00,2011-11-15 12:09:00,1,440.0,16,Недавние однократные,61.774982529699514,95.22855158177659
18233,2011-01-18 08:44:00,2011-01-18 08:44:00,1,440.0,317,Остальные,61.79827626368507,95.23388631428222
16025,2011-11-10 11:45:00,2011-11-10 11:45:00,1,439.65999999999997,21,Недавние однократные,61.82156999767063,95.23921692449456
14272,2011-03-30 13:57:00,2011-09-27 10:08:00,2,437.96000000000004,65,Остальные,61.84486373165618,95.24452692324039
16034,2011-01-11 11:54:00,2011-05-27 16:17:00,3,437.7,188,Давно не покупавшие повторные,61.868157465641744,95.2498337696443
15553,2011-10-10 14:02:00,2011-10-10 14:02:00,1,437.23,52,Остальные,61.8914511996273,95.25513491758394
16442,2010-12-14 10:46:00,2011-04-26 11:51:00,2,437.03,219,Давно не покупавшие повторные,61.91474493361286,95.26043364064516
13338,2011-07-05 09:06:00,2011-07-05 09:06:00,1,437.02000000000004,149,Остальные,61.93803866759841,95.26573224246245
16084,2011-02-13 16:05:00,2011-02-13 16:05:00,1,436.18,291,Остальные,61.961332401583974,95.27102065979042
15551,2011-11-03 12:37:00,2011-11-03 12:37:00,1,436.06,28,Недавние однократные,61.984626135569535,95.27630762219135
16948,2011-01-18 10:58:00,2011-07-24 12:46:00,3,435.02,130,Давно не покупавшие повторные,62.00791986955509,95.28158197522453
14460,2011-02-02 11:55:00,2011-08-21 14:19:00,3,434.34,102,Давно не покупавшие повторные,62.03121360354065,95.2868480836711
17035,2011-02-01 12:27:00,2011-04-08 11:23:00,2,433.53,237,Давно не покупавшие повторные,62.0545073375262,95.29210437136014
15550,2011-02-11 12:49:00,2011-08-25 15:18:00,3,433.28,98,Давно не покупавшие повторные,62.077801071511765,95.29735762795114
14157,2011-02-27 13:04:00,2011-11-20 11:32:00,2,432.88,11,Остальные,62.10109480549732,95.30260603478533
16236,2011-09-22 14:10:00,2011-09-22 14:10:00,1,432.2,70,Остальные,62.12438853948288,95.30784619703292
16881,2011-10-04 10:33:00,2011-10-04 10:33:00,1,432.0,58,Остальные,62.14768227346844,95.31308393440207
12447,2011-04-10 13:25:00,2011-04-10 13:25:00,1,431.49,235,Остальные,62.170976007453994,95.3183154883313
15976,2011-05-03 17:12:00,2011-06-27 13:00:00,2,430.94,157,Давно не покупавшие повторные,62.194269741439555,95.32354037384489
18106,2011-01-14 12:23:00,2011-01-14 12:23:00,1,430.7,321,Остальные,62.21756347542511,95.32876234950439
13245,2011-10-20 11:40:00,2011-10-20 11:40:00,1,430.5,42,Остальные,62.24085720941067,95.33398190028547
14998,2011-04-12 16:28:00,2011-06-22 17:30:00,2,429.87,162,Давно не покупавшие повторные,62.264150943396224,95.33919381269956
16884,2011-11-02 10:16:00,2011-11-02 11:52:00,2,429.84000000000003,29,Остальные,62.287444677381785,95.34440536138187
15450,2011-11-09 17:11:00,2011-11-09 17:11:00,1,429.84,22,Недавние однократные,62.31073841136734,95.3496169100642
15230,2011-04-13 11:04:00,2011-04-14 14:39:00,2,429.6,231,Давно не покупавшие повторные,62.3340321453529,95.35482554889244
12436,2011-09-01 12:09:00,2011-09-01 12:09:00,1,429.01000000000005,91,Остальные,62.35732587933846,95.36002703432935
13602,2011-10-06 11:47:00,2011-10-06 11:47:00,1,428.89,56,Остальные,62.380619613324015,95.36522706483922
15957,2011-11-08 12:14:00,2011-11-08 12:14:00,1,428.89,23,Недавние однократные,62.403913347309576,95.37042709534907
16324,2011-06-15 14:26:00,2011-08-03 12:58:00,3,428.68,120,Давно не покупавшие повторные,62.42720708129513,95.37562457973661
17869,2010-12-06 17:16:00,2011-08-24 16:16:00,5,428.18,99,Давно не покупавшие повторные,62.45050081528069,95.38081600192811
12504,2011-11-09 14:56:00,2011-11-21 16:02:00,2,428.04999999999995,10,Остальные,62.473794549266245,95.38600584794865
15360,2011-10-31 09:35:00,2011-10-31 09:35:00,1,427.93,31,Остальные,62.497088283251806,95.39119423904214
12740,2011-10-07 10:44:00,2011-10-07 10:44:00,1,427.6,55,Остальные,62.52038201723736,95.39637862908624
15889,2010-12-05 15:12:00,2011-07-06 11:10:00,2,427.57,148,Давно не покупавшие повторные,62.54367575122292,95.40156265539859
15994,2011-10-16 12:28:00,2011-10-16 12:28:00,1,427.07,46,Остальные,62.56696948520848,95.40674061951493
15930,2011-10-03 14:52:00,2011-10-03 14:52:00,1,426.63,59,Остальные,62.590263219194036,95.41191324889873
14288,2011-05-10 13:22:00,2011-05-10 13:22:00,1,426.6,205,Остальные,62.6135569531796,95.41708551455079
15639,2011-07-28 14:30:00,2011-07-28 14:30:00,1,425.32,126,Остальные,62.63685068716515,95.42224226098101
12384,2011-08-10 11:23:00,2011-11-11 08:39:00,2,425.27,20,Остальные,62.66014442115071,95.42739840119162
16780,2011-03-25 17:34:00,2011-08-31 16:09:00,2,425.19,92,Давно не покупавшие повторные,62.683438155136265,95.43255357145088
17134,2011-03-20 11:56:00,2011-08-25 09:53:00,2,425.0,98,Давно не покупавшие повторные,62.706731889121826,95.43770643807564
12491,2011-11-01 12:18:00,2011-11-01 12:18:00,1,424.40000000000003,30,Недавние однократные,62.73002562310739,95.44285203006518
17371,2010-12-13 15:20:00,2011-11-22 13:30:00,3,423.89,9,Активные повторные,62.75331935709294,95.44799143861475
13140,2010-12-08 15:12:00,2011-08-23 15:33:00,3,423.72,100,Давно не покупавшие повторные,62.7766130910785,95.45312878601767
15012,2010-12-01 12:49:00,2011-10-17 12:22:00,2,423.03999999999996,45,Остальные,62.799906825064056,95.458257888834
18034,2011-11-18 12:08:00,2011-11-18 12:22:00,2,422.88,13,Остальные,62.82320055904962,95.46338505174761
17525,2010-12-15 12:05:00,2010-12-15 12:05:00,1,422.70000000000005,351,Остальные,62.84649429303517,95.46851003227063
13473,2011-01-11 08:45:00,2011-10-10 11:20:00,2,422.64,52,Остальные,62.86978802702073,95.47363428533014
16689,2011-09-18 13:29:00,2011-09-25 11:39:00,2,422.6,67,Остальные,62.893081761006286,95.47875805341396
18240,2011-10-24 13:06:00,2011-10-24 13:06:00,1,422.58,38,Остальные,62.91637549499185,95.48388157900993
15568,2011-09-27 14:37:00,2011-10-26 11:51:00,2,422.52,36,Остальные,62.93966922897741,95.48900437714238
14757,2011-09-25 14:36:00,2011-09-25 14:36:00,1,420.5,67,Остальные,62.96296296296296,95.49410268400288
15206,2011-03-09 08:59:00,2011-11-29 13:41:00,4,420.3,2,Активные повторные,62.98625669694852,95.49919856598497
14124,2011-09-16 13:32:00,2011-09-16 13:32:00,1,419.58,76,Остальные,63.00955043093408,95.50428571840477
15361,2010-12-13 09:52:00,2010-12-13 09:52:00,1,418.92,353,Остальные,63.03284416491964,95.50936486872583
16759,2011-11-09 09:06:00,2011-11-09 09:07:00,2,418.84999999999997,22,Остальные,63.05613789890519,95.51444317033942
15967,2011-01-25 11:57:00,2011-11-16 15:41:00,2,418.83000000000004,15,Остальные,63.07943163289075,95.51952122946518
12787,2011-05-31 09:36:00,2011-11-30 08:44:00,3,418.65999999999997,1,Активные повторные,63.102725366876314,95.5245972274443
17701,2011-04-01 12:25:00,2011-04-01 12:25:00,1,417.95,244,Остальные,63.12601910086187,95.52966461710506
16629,2011-09-04 16:12:00,2011-09-27 10:34:00,2,417.73,65,Остальные,63.14931283484743,95.53472933939956
13615,2011-01-25 08:21:00,2011-01-25 08:21:00,1,417.69,310,Остальные,63.17260656883298,95.53979357671838
16737,2011-10-17 13:03:00,2011-10-17 13:03:00,1,417.59999999999997,45,Остальные,63.19590030281854,95.54485672284191
12833,2011-07-17 13:46:00,2011-07-17 13:46:00,1,417.38,137,Остальные,63.2191940368041,95.54991720159919
18001,2011-09-14 11:21:00,2011-11-27 16:02:00,2,417.23,4,Остальные,63.24248777078966,95.55497586169766
13166,2011-03-01 15:16:00,2011-03-01 15:16:00,1,417.2,275,Остальные,63.26578150477521,95.56003415806437
16816,2010-12-16 17:01:00,2011-08-28 14:16:00,4,417.06,95,Давно не покупавшие повторные,63.28907523876077,95.56509075701618
12729,2011-08-18 11:40:00,2011-08-18 11:40:00,1,417.01,105,Остальные,63.312368972746334,95.5701467497484
13889,2011-09-08 09:13:00,2011-09-08 09:13:00,1,416.90000000000003,84,Остальные,63.33566270673189,95.5752014087975
16957,2011-03-03 09:25:00,2011-04-14 13:56:00,2,416.64,231,Давно не покупавшие повторные,63.35895644071745,95.58025291550464
17631,2011-04-21 13:22:00,2011-07-25 13:37:00,2,416.5,129,Давно не покупавшие повторные,63.382250174703,95.58530272479692
13085,2011-02-17 13:57:00,2011-07-05 12:11:00,2,416.08000000000004,149,Давно не покупавшие повторные,63.405543908688564,95.59034744184451
14139,2011-10-24 13:34:00,2011-10-24 13:34:00,1,415.82,38,Остальные,63.42883764267412,95.59538900655018
15803,2011-10-19 14:56:00,2011-10-19 14:56:00,1,415.82,43,Остальные,63.45213137665968,95.60043057125586
12930,2011-06-21 13:25:00,2011-09-22 15:18:00,2,415.8,70,Остальные,63.47542511064523,95.60547189347368
15725,2011-11-24 14:51:00,2011-11-24 14:51:00,1,415.25,7,Недавние однократные,63.498718844630794,95.61050654727588
14333,2011-10-03 10:38:00,2011-10-03 10:38:00,1,415.2,59,Остальные,63.522012578616355,95.61554059485846
16795,2010-12-09 14:08:00,2010-12-09 14:08:00,1,414.88,357,Остальные,63.54530631260191,95.6205707626356
12993,2011-02-14 14:29:00,2011-11-16 15:49:00,4,414.76,15,Активные повторные,63.56860004658747,95.62559947548569
17566,2011-11-14 13:42:00,2011-11-14 13:42:00,1,414.26,17,Недавние однократные,63.591893780573024,95.63062212613974
16239,2011-06-03 09:30:00,2011-10-14 08:29:00,2,414.2,48,Остальные,63.615187514558585,95.63564404933027
17483,2011-06-09 19:40:00,2011-10-05 13:10:00,3,414.04,57,Активные повторные,63.63848124854414,95.64066403261808
17052,2011-11-11 14:50:00,2011-11-11 14:50:00,1,413.75,20,Недавние однократные,63.6617749825297,95.64568049983218
13974,2011-10-21 14:41:00,2011-10-21 14:41:00,1,413.59000000000003,41,Остальные,63.68506871651526,95.65069502714356
16834,2011-04-26 09:37:00,2011-04-26 09:37:00,1,413.46,219,Остальные,63.708362450500815,95.65570797828397
14620,2011-03-01 08:30:00,2011-05-18 11:58:00,2,412.78,197,Давно не покупавшие повторные,63.731656184486376,95.66071268483778
13827,2011-07-19 15:38:00,2011-10-13 12:38:00,3,412.05,49,Активные повторные,63.75494991847193,95.66570854058538
15523,2011-09-16 16:29:00,2011-09-16 16:29:00,1,412.01000000000005,76,Остальные,63.77824365245749,95.67070391135731
16272,2011-08-15 10:53:00,2011-08-15 10:53:00,1,411.7,108,Остальные,63.801537386443044,95.6756955235677
13596,2011-11-27 11:57:00,2011-11-27 11:57:00,1,411.6,4,Недавние однократные,63.824831120428605,95.68068592333886
17913,2010-12-19 11:35:00,2011-10-12 10:45:00,2,411.6,50,Остальные,63.84812485441416,95.68567632311004
14670,2011-03-04 13:58:00,2011-03-04 14:13:00,2,411.53,272,Давно не покупавшие повторные,63.87141858839972,95.69066587417377
15186,2011-06-24 14:54:00,2011-11-25 14:58:00,2,411.41,6,Остальные,63.89471232238528,95.69565397031047
15099,2011-09-16 13:13:00,2011-09-16 13:13:00,1,410.48,76,Остальные,63.918006056370835,95.70063079076256
15695,2011-03-18 08:31:00,2011-03-18 08:32:00,2,409.98,258,Давно не покупавшие повторные,63.941299790356396,95.70560154901861
14048,2011-02-07 14:53:00,2011-02-07 14:53:00,1,409.93,297,Остальные,63.96459352434195,95.71057170105506
14348,2011-03-24 16:23:00,2011-03-24 16:23:00,1,409.57,252,Остальные,63.98788725832751,95.71553748831036
12990,2011-02-02 15:39:00,2011-11-08 13:01:00,3,409.5,23,Активные повторные,64.01118099231307,95.72050242685822
15225,2011-04-19 14:51:00,2011-04-19 14:51:00,1,409.40000000000003,226,Остальные,64.03447472629863,95.72546615296687
16243,2011-10-16 12:09:00,2011-11-06 12:32:00,2,409.1,25,Остальные,64.05776846028418,95.7304262417579
17666,2011-10-05 11:06:00,2011-10-05 11:06:00,1,409.08,57,Остальные,64.08106219426975,95.73538608806109
16018,2011-06-12 13:52:00,2011-10-31 14:13:00,2,408.9,31,Остальные,64.1043559282553,95.74034375197374
15269,2011-11-16 09:32:00,2011-11-16 09:32:00,1,408.8,15,Недавние однократные,64.12764966224086,95.74530020344714
17931,2011-03-29 12:31:00,2011-07-28 18:33:00,2,408.36,126,Давно не покупавшие повторные,64.15094339622641,95.75025132018807
16010,2010-12-12 12:18:00,2011-04-08 10:14:00,3,407.5,237,Давно не покупавшие повторные,64.17423713021198,95.75519200995181
16399,2011-04-18 13:46:00,2011-11-20 16:12:00,2,406.77,11,Остальные,64.19753086419753,95.76012384890933
15184,2011-06-02 12:06:00,2011-11-10 13:41:00,2,406.76,21,Остальные,64.22082459818309,95.76505556662295
15127,2011-10-05 10:30:00,2011-10-05 10:30:00,1,406.53,57,Остальные,64.24411833216864,95.7699844957264
16947,2011-04-18 09:38:00,2011-04-18 09:38:00,1,406.48,227,Остальные,64.26741206615421,95.77491281861026
15342,2011-08-02 10:19:00,2011-08-02 10:19:00,1,406.09,121,Остальные,64.29070580013976,95.7798364129812
14616,2011-01-26 12:42:00,2011-04-11 09:54:00,3,406.08000000000004,234,Давно не покупавшие повторные,64.31399953412532,95.78475988610822
16204,2011-11-16 13:40:00,2011-11-16 13:40:00,1,405.71,15,Недавние однократные,64.33729326811088,95.78967887321018
18036,2011-04-08 11:26:00,2011-11-07 14:40:00,3,405.62,24,Активные повторные,64.36058700209644,95.79459676911685
12762,2011-11-14 14:23:00,2011-11-14 14:23:00,1,405.59,17,Недавние однократные,64.38388073608199,95.79951430129177
12922,2011-07-01 15:35:00,2011-07-01 15:35:00,1,405.38,153,Остальные,64.40717447006755,95.80442928734432
12809,2011-06-15 10:51:00,2011-06-15 10:51:00,1,405.31,169,Остальные,64.43046820405311,95.80934342468946
12358,2011-07-12 10:04:00,2011-07-12 10:04:00,1,404.86,142,Остальные,64.45376193803867,95.81425210605816
17379,2011-11-28 13:56:00,2011-11-28 13:56:00,1,404.66,3,Недавние однократные,64.47705567202422,95.81915836254848
15938,2011-01-20 10:11:00,2011-08-19 12:56:00,5,404.58000000000004,104,Давно не покупавшие повторные,64.50034940600979,95.8240636490874
16319,2011-05-06 11:27:00,2011-05-06 11:27:00,1,404.40000000000003,209,Остальные,64.52364313999534,95.82896675323578
16484,2011-06-02 10:39:00,2011-06-19 12:06:00,2,404.3,165,Давно не покупавшие повторные,64.5469368739809,95.83386864494493
17431,2011-01-30 14:36:00,2011-01-30 14:36:00,1,403.3,305,Остальные,64.57023060796645,95.83875841226202
15221,2010-12-08 13:08:00,2010-12-08 13:08:00,1,403.25,358,Остальные,64.59352434195202,95.84364757335952
12564,2011-03-23 14:55:00,2011-03-23 14:55:00,1,402.9,253,Остальные,64.61681807593757,95.8485324909198
12386,2010-12-08 09:53:00,2011-01-06 12:37:00,2,401.9,329,Давно не покупавшие повторные,64.64011180992313,95.85340528408801
12592,2011-05-10 13:44:00,2011-09-08 15:04:00,2,401.6,84,Остальные,64.6634055439087,95.85827443993861
15158,2011-10-25 13:53:00,2011-10-25 13:53:00,1,401.40000000000003,37,Остальные,64.68669927789425,95.8631411709108
14720,2011-08-05 12:06:00,2011-09-11 13:56:00,2,401.13,81,Остальные,64.7099930118798,95.86800462829713
16198,2011-09-25 14:58:00,2011-09-25 14:58:00,1,400.68100000000004,67,Остальные,64.73328674586536,95.87286264183143
17375,2010-12-13 15:16:00,2011-05-24 15:45:00,3,400.1,191,Давно не покупавшие повторные,64.75658047985092,95.87771361109394
18164,2011-11-02 12:56:00,2011-11-02 12:56:00,1,399.65000000000003,29,Недавние однократные,64.77987421383648,95.88255912438002
13255,2010-12-01 11:58:00,2011-11-30 13:14:00,2,399.51,1,Остальные,64.80316794782203,95.88740294025122
15522,2011-09-13 12:26:00,2011-11-07 11:26:00,2,398.84,24,Остальные,64.8264616818076,95.89223863277974
12508,2011-11-10 16:27:00,2011-11-13 15:37:00,2,398.27,18,Остальные,64.84975541579315,95.89706741440477
12802,2011-06-06 09:36:00,2011-06-06 09:36:00,1,397.58,178,Остальные,64.87304914977871,95.9018878301993
15429,2011-09-25 13:42:00,2011-11-13 12:28:00,2,397.35,18,Остальные,64.89634288376426,95.90670545738365
17926,2011-05-20 09:24:00,2011-07-29 14:39:00,2,397.29,125,Давно не покупавшие повторные,64.91963661774983,95.91152235710447
12824,2011-10-11 12:49:00,2011-10-11 12:49:00,1,397.12,51,Остальные,64.94293035173538,95.91633719567865
13594,2011-10-18 10:19:00,2011-10-18 10:19:00,1,396.97,44,Остальные,64.96622408572094,95.92115021559403
14904,2011-11-14 09:13:00,2011-11-14 09:13:00,1,396.96,17,Недавние однократные,64.98951781970649,95.92596311426547
13673,2011-11-07 15:40:00,2011-11-21 12:11:00,2,396.91999999999996,10,Остальные,65.01281155369206,95.93077552796123
17486,2011-03-23 14:00:00,2011-03-23 14:00:00,1,396.87,253,Остальные,65.03610528767761,95.9355873354374
18067,2011-10-30 15:58:00,2011-10-30 15:58:00,1,396.33,32,Остальные,65.05939902166317,95.94039259574186
16354,2011-09-27 16:28:00,2011-10-07 14:28:00,2,395.8,55,Остальные,65.08269275564874,95.94519143011851
17603,2011-09-22 14:18:00,2011-09-22 14:18:00,1,394.72,70,Остальные,65.10598648963429,95.94997717015173
14619,2011-04-08 07:37:00,2011-04-08 07:37:00,1,394.44,237,Остальные,65.12928022361984,95.9547595153552
16207,2011-11-14 13:51:00,2011-11-14 13:51:00,1,394.38,17,Недавние однократные,65.1525739576054,95.95954113309514
15386,2011-06-06 13:47:00,2011-06-06 13:47:00,1,394.14,178,Остальные,65.17586769159097,95.96431984098098
15264,2011-10-06 13:49:00,2011-10-06 13:49:00,1,393.74,56,Остальные,65.19916142557652,95.96909369911
15345,2011-10-25 11:28:00,2011-10-25 11:28:00,1,393.54,37,Остальные,65.22245515956207,95.97386513236061
17226,2011-02-04 11:52:00,2011-02-04 11:52:00,1,393.49,300,Остальные,65.24574889354764,95.97863595939162
14600,2011-02-07 09:48:00,2011-02-07 09:48:00,1,393.33000000000004,297,Остальные,65.2690426275332,95.9834048465199
16038,2011-05-22 11:29:00,2011-06-15 13:50:00,2,393.33,169,Давно не покупавшие повторные,65.29233636151875,95.98817373364818
15837,2011-10-06 09:01:00,2011-10-06 09:01:00,1,391.98,56,Остальные,65.3156300955043,95.99292625284718
17223,2010-12-06 14:08:00,2011-02-02 15:57:00,2,391.78999999999996,302,Давно не покупавшие повторные,65.33892382948987,95.99767646841168
12403,2011-10-21 10:51:00,2011-10-21 10:51:00,1,391.7,41,Остальные,65.36221756347543,96.00242559278092
16917,2011-03-08 11:55:00,2011-03-08 11:55:00,1,391.52,268,Остальные,65.38551129746098,96.00717253475956
14869,2011-08-28 16:09:00,2011-08-28 16:09:00,1,391.31,95,Остальные,65.40880503144655,96.01191693061588
16892,2011-06-09 11:35:00,2011-11-24 13:06:00,3,390.62,7,Активные повторные,65.4320987654321,96.01665296064168
12982,2011-04-11 11:51:00,2011-04-11 11:51:00,1,390.54,234,Остальные,65.45539249941766,96.02138802071612
17614,2011-10-13 16:01:00,2011-10-13 16:01:00,1,390.07,49,Остальные,65.47868623340321,96.02611738232628
18024,2011-07-10 12:28:00,2011-07-10 12:40:00,2,389.78,144,Давно не покупавшие повторные,65.50197996738878,96.03084322786275
14752,2011-10-27 11:55:00,2011-10-27 11:55:00,1,389.64,35,Остальные,65.52527370137433,96.03556737598433
13873,2011-02-03 09:37:00,2011-08-12 10:08:00,3,389.6,111,Давно не покупавшие повторные,65.54856743535989,96.04029103913022
13359,2011-10-07 09:30:00,2011-10-07 09:30:00,1,389.56,55,Остальные,65.57186116934544,96.04501421730043
16250,2010-12-01 09:59:00,2011-03-23 15:07:00,2,389.44,253,Давно не покупавшие повторные,65.59515490333101,96.04973594054361
15847,2011-02-24 16:46:00,2011-11-01 14:41:00,2,389.27,30,Остальные,65.61844863731656,96.05445560264012
13358,2011-03-16 11:52:00,2011-03-16 11:52:00,1,389.03000000000003,260,Остальные,65.64174237130212,96.05917235488256
17595,2011-11-02 16:19:00,2011-11-27 16:08:00,2,388.79,4,Остальные,65.66503610528768,96.06388619727089
15592,2011-10-24 08:59:00,2011-10-24 08:59:00,1,388.58,38,Остальные,65.68832983927324,96.0685974935369
13899,2011-03-10 09:30:00,2011-11-23 13:40:00,2,388.52,8,Остальные,65.71162357325879,96.07330806233936
13856,2011-05-20 13:13:00,2011-06-24 10:03:00,3,388.5,160,Давно не покупавшие повторные,65.73491730724434,96.07801838865399
17438,2011-03-31 10:26:00,2011-03-31 10:26:00,1,388.45000000000005,245,Остальные,65.75821104122991,96.08272810874904
16776,2011-10-10 13:04:00,2011-10-10 13:04:00,1,388.28,52,Остальные,65.78150477521547,96.08743576769743
14538,2011-03-28 14:57:00,2011-10-06 10:31:00,2,388.25,56,Остальные,65.80479850920102,96.09214306291405
17357,2011-11-15 16:29:00,2011-11-15 16:30:00,2,388.14,16,Остальные,65.82809224318659,96.09684902444752
14420,2011-09-01 18:07:00,2011-09-01 18:07:00,1,387.52,91,Остальные,65.85138597717214,96.10154746885794
17508,2011-03-04 08:10:00,2011-03-04 08:10:00,1,387.31,272,Остальные,65.8746797111577,96.10624336714602
14114,2011-01-13 11:05:00,2011-03-11 09:42:00,2,386.53,265,Давно не покупавшие повторные,65.89797344514325,96.11092980840832
15664,2011-10-20 10:57:00,2011-10-20 10:57:00,1,386.43,42,Остальные,65.92126717912882,96.11561503723138
12579,2011-09-22 17:15:00,2011-09-22 17:15:00,1,386.42,70,Остальные,65.94456091311437,96.12030014481054
14779,2011-01-20 12:04:00,2011-03-04 12:42:00,3,386.15,272,Давно не покупавшие повторные,65.96785464709993,96.12498197880383
13821,2011-03-23 11:30:00,2011-07-18 09:49:00,2,385.64,136,Давно не покупавшие повторные,65.9911483810855,96.12965762935718
17711,2011-02-23 11:32:00,2011-11-29 11:40:00,2,385.1,2,Остальные,66.01444211507105,96.13432673273881
13833,2011-07-03 13:27:00,2011-07-03 13:27:00,1,384.8,151,Остальные,66.0377358490566,96.13899219880282
17189,2010-12-15 17:28:00,2011-08-25 19:39:00,2,384.4,98,Давно не покупавшие повторные,66.06102958304216,96.14365281511004
17205,2011-10-17 12:46:00,2011-10-17 12:46:00,1,384.08,45,Остальные,66.08432331702772,96.14830955161177
16982,2011-10-10 12:28:00,2011-10-10 12:28:00,1,384.06,52,Остальные,66.10761705101328,96.15296604562566
15048,2010-12-06 12:15:00,2011-10-05 14:55:00,4,384.05,57,Активные повторные,66.13091078499883,96.15762241839563
15274,2011-11-21 14:17:00,2011-11-21 14:17:00,1,383.99,10,Недавние однократные,66.15420451898439,96.16227806370209
12733,2011-04-19 16:19:00,2011-04-19 16:19:00,1,383.95,226,Остальные,66.17749825296995,96.16693322403286
15440,2011-05-15 11:30:00,2011-10-16 12:16:00,3,383.68,46,Активные повторные,66.20079198695551,96.17158511077777
14304,2011-05-01 11:50:00,2011-05-01 11:50:00,1,383.45,214,Остальные,66.22408572094106,96.17623420891252
15424,2011-03-30 13:00:00,2011-03-30 13:02:00,2,383.34000000000003,246,Давно не покупавшие повторные,66.24737945492663,96.18088197336412
12832,2011-09-02 13:48:00,2011-11-07 13:30:00,2,383.03000000000003,24,Остальные,66.27067318891218,96.18552597925421
18181,2011-11-15 15:08:00,2011-11-15 15:08:00,1,382.8,16,Недавние однократные,66.29396692289774,96.1901671965341
17239,2011-01-31 09:41:00,2011-01-31 09:41:00,1,382.5,304,Остальные,66.31726065688329,96.1948047764964
13657,2011-05-22 12:35:00,2011-11-29 12:32:00,2,382.14,2,Остальные,66.34055439086886,96.19943799167754
12593,2011-05-05 09:29:00,2011-08-23 12:43:00,3,382.1,100,Давно не покупавшие повторные,66.36384812485441,96.204070721883
17999,2010-12-08 15:17:00,2011-11-02 15:56:00,2,382.06,29,Остальные,66.38714185883997,96.20870296711277
15090,2011-02-04 14:03:00,2011-02-04 14:03:00,1,381.32,300,Остальные,66.41043559282554,96.21332624029243
16441,2011-02-21 17:35:00,2011-10-03 17:48:00,2,381.2,59,Остальные,66.43372932681109,96.21794805854505
12871,2011-05-16 13:32:00,2011-09-16 15:07:00,2,380.64,76,Остальные,66.45702306079664,96.2225630871381
17573,2011-09-07 10:36:00,2011-11-10 13:01:00,3,380.6,21,Активные повторные,66.4803167947822,96.22717763075546
16930,2011-10-02 14:25:00,2011-11-13 16:13:00,3,380.55,18,Активные повторные,66.50361052876777,96.23179156815324
17138,2011-03-09 11:54:00,2011-03-09 11:54:00,1,380.5,267,Остальные,66.52690426275332,96.2364048993314
12890,2011-11-15 17:26:00,2011-11-15 17:26:00,1,380.46999999999997,16,Недавние однократные,66.55019799673887,96.24101786677781
16769,2011-03-24 13:41:00,2011-03-24 13:41:00,1,380.39,252,Остальные,66.57349173072444,96.24562986427286
17031,2011-07-08 09:38:00,2011-11-28 10:23:00,2,380.35,3,Остальные,66.59678546471,96.2502413767922
14731,2011-05-11 13:06:00,2011-10-23 15:54:00,3,380.02,39,Активные повторные,66.62007919869555,96.25484888826219
12493,2011-05-26 14:53:00,2011-06-27 10:17:00,2,379.74,157,Давно не покупавшие повторные,66.6433729326811,96.2594530049024
16552,2010-12-01 12:36:00,2011-04-11 10:04:00,2,379.73,234,Давно не покупавшие повторные,66.66666666666667,96.26405700029868
12580,2011-04-07 10:24:00,2011-04-07 10:24:00,1,379.7,238,Остальные,66.68996040065223,96.26866063196321
13589,2011-06-13 12:44:00,2011-11-25 12:10:00,2,379.65,6,Остальные,66.71325413463778,96.27326365740814
13656,2011-01-06 15:42:00,2011-06-28 10:31:00,2,379.65,156,Давно не покупавшие повторные,66.73654786862335,96.27786668285306
17878,2011-10-27 11:24:00,2011-10-27 11:24:00,1,379.45,35,Остальные,66.7598416026089,96.28246728341956
16909,2011-09-28 16:45:00,2011-09-28 16:45:00,1,379.14,64,Остальные,66.78313533659446,96.28706412542454
12375,2011-09-02 14:23:00,2011-11-29 10:36:00,2,377.5,2,Остальные,66.80642907058001,96.29164108342653
17736,2011-08-18 14:33:00,2011-11-30 15:36:00,3,377.44,1,Активные повторные,66.82972280456558,96.296217313965
15025,2011-11-06 15:20:00,2011-11-06 15:20:00,1,377.01,25,Недавние однократные,66.85301653855113,96.30078833101489
17489,2011-05-11 11:34:00,2011-10-12 08:56:00,2,376.64,50,Остальные,66.87631027253668,96.3053548620397
13936,2011-06-13 08:47:00,2011-06-13 08:47:00,1,376.58,171,Остальные,66.89960400652224,96.30992066560101
17078,2011-11-03 18:49:00,2011-11-03 19:17:00,2,375.86,28,Остальные,66.9228977405078,96.31447773960002
16858,2010-12-06 09:52:00,2010-12-06 09:52:00,1,375.69,360,Остальные,66.94619147449336,96.31903275245242
14448,2010-12-10 17:26:00,2011-11-30 13:50:00,2,375.35,1,Остальные,66.96948520847891,96.32358364301146
15951,2011-02-27 11:57:00,2011-02-27 11:57:00,1,375.17,277,Остальные,66.99277894246448,96.32813235117996
14079,2011-08-07 12:10:00,2011-08-07 12:10:00,1,375.09999999999997,116,Остальные,67.01607267645004,96.33268021064102
16147,2011-07-29 09:57:00,2011-07-29 09:57:00,1,375.0,125,Остальные,67.03936641043559,96.33722685766287
14067,2011-09-04 12:00:00,2011-10-07 10:21:00,2,374.7,55,Остальные,67.06266014442114,96.34176986736709
17492,2011-04-05 15:21:00,2011-04-05 15:21:00,1,374.57,240,Остальные,67.08595387840671,96.34631130090037
12873,2011-03-02 14:58:00,2011-03-02 14:58:00,1,374.0,274,Остальные,67.10924761239227,96.35084582353015
16321,2011-01-20 12:11:00,2011-09-28 14:55:00,5,373.65,64,Остальные,67.13254134637782,96.35537610262274
16903,2011-11-10 15:32:00,2011-11-10 15:32:00,1,373.24,21,Недавние однократные,67.15583508036339,96.35990141071457
12895,2011-09-14 08:35:00,2011-10-28 13:51:00,2,372.8,34,Остальные,67.17912881434894,96.36442138407388
13569,2010-12-07 12:29:00,2011-11-22 13:07:00,2,372.25,9,Остальные,67.2024225483345,96.36893468901758
12981,2011-07-29 14:14:00,2011-11-10 12:00:00,2,372.22,21,Остальные,67.22571628232005,96.37344763022949
16065,2010-12-09 13:03:00,2010-12-09 13:03:00,1,372.09,357,Остальные,67.24901001630562,96.37795899527045
13300,2011-06-23 13:09:00,2011-06-23 13:09:00,1,371.89,161,Остальные,67.27230375029117,96.382467935433
17765,2011-03-28 11:58:00,2011-07-04 12:41:00,3,371.88,150,Давно не покупавшие повторные,67.29559748427673,96.38697675435162
12725,2010-12-03 15:45:00,2010-12-03 15:45:00,1,371.8,363,Остальные,67.3188912182623,96.39148460331889
14690,2011-07-11 11:58:00,2011-10-26 15:39:00,2,371.70000000000005,36,Остальные,67.34218495224785,96.39599123984694
18155,2011-02-21 10:36:00,2011-09-25 13:32:00,3,371.62,67,Остальные,67.3654786862334,96.40049690642363
15472,2011-08-18 15:17:00,2011-08-18 15:17:00,1,371.56,105,Остальные,67.38877242021896,96.4050018455368
14950,2011-11-20 13:48:00,2011-11-20 13:48:00,1,371.2,11,Недавние однократные,67.41206615420452,96.40950241986883
15975,2011-09-16 13:33:00,2011-09-16 13:33:00,1,371.01,76,Остальные,67.43535988819008,96.41400069056637
15063,2011-05-10 13:25:00,2011-05-10 13:25:00,1,370.79999999999995,205,Остальные,67.45865362217563,96.41849641514156
16343,2011-11-23 17:43:00,2011-11-23 17:45:00,2,370.48,8,Остальные,67.48194735616119,96.4229882599113
15922,2010-12-01 13:51:00,2010-12-01 13:51:00,1,369.5,365,Остальные,67.50524109014675,96.42746822277684
16758,2011-10-05 14:47:00,2011-10-05 14:47:00,1,369.34,57,Остальные,67.52853482413231,96.43194624573964
14888,2011-05-16 14:58:00,2011-05-16 14:58:00,1,369.2,199,Остальные,67.55182855811786,96.43642257128755
12591,2011-01-26 14:35:00,2011-01-26 14:35:00,1,368.85,309,Остальные,67.57512229210343,96.44089465329824
14788,2011-11-13 15:52:00,2011-11-13 15:52:00,1,368.45,18,Недавние однократные,67.59841602608898,96.4453618855521
12925,2011-09-26 11:05:00,2011-09-26 11:05:00,1,368.31,66,Остальные,67.62170976007454,96.44982742039107
16372,2011-11-06 12:50:00,2011-11-06 13:08:00,2,367.93,25,Остальные,67.64500349406009,96.45428834796107
17911,2011-11-30 14:52:00,2011-11-30 14:52:00,1,366.23,1,Недавние однократные,67.66829722804566,96.45872866406458
12639,2011-04-15 12:48:00,2011-04-15 12:48:00,1,366.1,230,Остальные,67.69159096203121,96.4631674039971
17358,2010-12-19 14:16:00,2011-02-09 16:57:00,2,365.85,295,Давно не покупавшие повторные,67.71488469601677,96.46760311283161
17432,2011-11-02 17:30:00,2011-11-21 17:33:00,2,365.76,10,Остальные,67.73817843000234,96.47203773047084
16499,2010-12-10 10:27:00,2010-12-14 13:31:00,2,365.45000000000005,352,Давно не покупавшие повторные,67.76147216398789,96.47646858954853
12448,2011-10-26 13:46:00,2011-10-26 13:46:00,1,365.45,36,Остальные,67.78476589797344,96.48089944862623
16202,2010-12-14 10:43:00,2010-12-14 10:43:00,1,365.27,352,Остальные,67.808059631959,96.48532812531334
14886,2011-04-01 08:56:00,2011-04-01 08:56:00,1,364.8,244,Остальные,67.83135336594457,96.48975110353621
15949,2011-09-29 17:34:00,2011-11-23 09:09:00,2,364.72,8,Остальные,67.85464709993012,96.49417311180768
15343,2011-09-13 13:55:00,2011-09-13 13:55:00,1,364.5,79,Остальные,67.87794083391567,96.49859245271291
14528,2011-11-02 17:09:00,2011-11-02 17:09:00,1,364.21999999999997,29,Недавние однократные,67.90123456790124,96.50300839878838
12538,2011-11-10 17:16:00,2011-11-10 17:16:00,1,363.95,21,Недавние однократные,67.9245283018868,96.50742107127799
17330,2011-10-03 11:26:00,2011-11-17 08:56:00,2,363.9,14,Остальные,67.94782203587235,96.511833137548
14171,2011-09-02 16:43:00,2011-09-02 16:43:00,1,363.79,90,Остальные,67.9711157698579,96.51624387013487
16509,2011-02-16 09:25:00,2011-02-16 09:25:00,1,363.7,288,Остальные,67.99440950384347,96.52065351152646
12915,2010-12-02 12:33:00,2011-07-14 11:34:00,2,363.65,140,Давно не покупавшие повторные,68.01770323782902,96.52506254669845
16485,2011-09-23 15:50:00,2011-09-23 15:50:00,1,363.65,69,Остальные,68.04099697181458,96.52947158187044
18056,2011-02-24 14:27:00,2011-02-24 14:27:00,1,363.65,280,Остальные,68.06429070580013,96.53388061704244
14427,2011-10-07 09:10:00,2011-10-20 14:23:00,2,363.34000000000003,42,Остальные,68.0875844397857,96.5382858936529
16378,2011-02-02 12:42:00,2011-04-06 15:07:00,3,362.95,239,Давно не покупавшие повторные,68.11087817377125,96.54268644175043
16052,2011-10-16 15:13:00,2011-10-16 15:13:00,1,362.06,46,Остальные,68.13417190775681,96.54707619913904
15901,2011-07-08 12:18:00,2011-11-23 12:43:00,3,361.9,8,Активные повторные,68.15746564174238,96.55146401662493
13844,2011-11-28 13:21:00,2011-11-28 13:21:00,1,361.62,3,Недавние однократные,68.18075937572793,96.55584843928105
16305,2011-07-24 12:18:00,2011-07-24 12:18:00,1,361.21999999999997,130,Остальные,68.20405310971348,96.56022801218033
13291,2011-07-07 10:36:00,2011-07-07 10:36:00,1,361.11,147,Остальные,68.22734684369904,96.5646062513965
15872,2011-11-25 11:54:00,2011-11-25 11:55:00,2,360.93,6,Остальные,68.2506405776846,96.56898230822209
16595,2011-10-09 13:15:00,2011-10-09 13:15:00,1,360.16,53,Остальные,68.27393431167016,96.57334902926578
15120,2011-07-29 09:48:00,2011-07-29 09:48:00,1,358.82,125,Остальные,68.29722804565571,96.57769950362413
17948,2011-07-15 12:58:00,2011-07-15 12:58:00,1,358.56000000000006,139,Остальные,68.32052177964128,96.58204682564055
16823,2011-04-26 15:00:00,2011-04-26 15:00:00,1,358.38,219,Остальные,68.34381551362684,96.58639196526639
13228,2011-09-19 14:28:00,2011-09-19 14:28:00,1,358.0,73,Остальные,68.36710924761239,96.59073249762325
13976,2011-05-17 09:13:00,2011-05-17 09:13:00,1,357.98,198,Остальные,68.39040298159794,96.59507278749226
17025,2010-12-01 15:45:00,2011-10-10 09:06:00,3,357.77,52,Активные повторные,68.41369671558351,96.59941053123895
13736,2011-03-24 13:04:00,2011-03-24 13:04:00,1,357.53,252,Остальные,68.43699044956907,96.60374536513154
16971,2011-11-01 15:06:00,2011-11-01 15:06:00,1,357.21,30,Недавние однократные,68.46028418355462,96.60807631921867
18040,2011-04-08 08:27:00,2011-11-20 14:20:00,2,357.2,11,Остальные,68.48357791754019,96.61240715206188
13453,2011-02-23 09:44:00,2011-06-27 09:34:00,2,356.98,157,Давно не покупавшие повторные,68.50687165152574,96.61673531753884
14500,2011-06-03 10:08:00,2011-09-12 16:45:00,3,356.85,80,Остальные,68.5301653855113,96.62106190684483
15713,2010-12-08 15:16:00,2011-07-19 13:34:00,2,356.70000000000005,135,Давно не покупавшие повторные,68.55345911949685,96.62538667749202
15247,2011-08-09 12:52:00,2011-08-09 12:52:00,1,356.0,114,Остальные,68.57675285348242,96.62970296106475
14537,2011-10-13 10:54:00,2011-10-13 10:54:00,1,355.56,49,Остальные,68.60004658746797,96.634013909905
15840,2011-06-20 11:42:00,2011-10-12 09:08:00,2,355.56,50,Остальные,68.62334032145353,96.63832485874522
12617,2011-11-10 14:39:00,2011-11-10 14:39:00,1,355.53,21,Недавние однократные,68.6466340554391,96.6426354438537
13323,2011-09-16 13:23:00,2011-11-18 10:24:00,3,355.3,13,Активные повторные,68.66992778942465,96.64694324035199
17742,2011-01-11 10:04:00,2011-08-18 15:28:00,2,355.11,105,Давно не покупавшие повторные,68.6932215234102,96.65124873321581
17014,2011-10-04 11:36:00,2011-11-07 14:51:00,2,355.06,24,Остальные,68.71651525739576,96.65555361986
13642,2011-05-08 12:34:00,2011-05-08 12:34:00,1,354.8,207,Остальные,68.73980899138132,96.65985535416227
14871,2010-12-14 12:18:00,2011-06-14 13:04:00,3,354.75,170,Давно не покупавшие повторные,68.76310272536688,96.66415648224495
17222,2011-10-05 13:58:00,2011-10-05 13:58:00,1,354.15,57,Остальные,68.78639645935243,96.6684503356924
12888,2011-03-29 14:31:00,2011-05-09 16:02:00,2,354.12,206,Давно не покупавшие повторные,68.80969019333799,96.67274382540806
15870,2011-11-07 10:58:00,2011-11-07 10:58:00,1,354.09000000000003,24,Недавние однократные,68.83298392732355,96.67703695139198
12845,2011-02-22 14:10:00,2011-03-17 13:34:00,4,354.09,259,Давно не покупавшие повторные,68.85627766130911,96.68133007737588
17252,2011-06-06 16:41:00,2011-08-15 09:45:00,2,353.85999999999996,108,Давно не покупавшие повторные,68.87957139529466,96.68562041474962
13210,2011-09-07 08:18:00,2011-09-07 08:18:00,1,353.48,85,Остальные,68.90286512928023,96.68990614485438
17976,2010-12-02 13:49:00,2010-12-02 13:49:00,1,353.19,364,Остальные,68.92615886326578,96.69418835888544
17290,2011-11-23 15:53:00,2011-11-23 15:53:00,1,353.03,8,Недавние однократные,68.94945259725134,96.69846863301379
15678,2011-10-18 09:25:00,2011-10-18 09:25:00,1,352.7,44,Остальные,68.97274633123689,96.70274490609273
18112,2011-06-26 13:56:00,2011-11-27 14:43:00,2,352.69,4,Остальные,68.99604006522246,96.70702105792776
12582,2011-02-24 11:42:00,2011-04-15 08:45:00,2,351.36,230,Давно не покупавшие повторные,69.01933379920801,96.71128108432136
15789,2010-12-16 14:35:00,2010-12-16 14:35:00,1,351.3,350,Остальные,69.04262753319357,96.71554038325142
13923,2011-10-17 12:33:00,2011-10-17 12:33:00,1,351.13,45,Остальные,69.06592126717914,96.71979762103484
15900,2011-11-16 12:19:00,2011-11-16 12:19:00,1,351.11,15,Недавние однократные,69.08921500116469,96.72405461633042
13332,2011-11-25 13:30:00,2011-11-25 13:30:00,1,350.9,6,Недавние однократные,69.11250873515024,96.72830906550368
13740,2011-04-13 10:32:00,2011-04-13 10:32:00,1,350.75,232,Остальные,69.1358024691358,96.73256169601811
17795,2011-03-20 12:02:00,2011-06-13 12:36:00,2,350.39,171,Давно не покупавшие повторные,69.15909620312136,96.73680996175139
13108,2010-12-02 10:35:00,2010-12-02 10:35:00,1,350.06,364,Остальные,69.18238993710692,96.74105422643531
12498,2011-10-13 09:30:00,2011-11-18 12:53:00,3,349.70000000000005,13,Активные повторные,69.20568367109247,96.74529412633808
13670,2011-09-25 15:25:00,2011-09-25 15:25:00,1,349.7,67,Остальные,69.22897740507804,96.74953402624085
13887,2011-05-19 17:22:00,2011-05-19 17:22:00,1,349.55,196,Остальные,69.2522711390636,96.75377210748482
15885,2011-09-07 14:56:00,2011-09-07 14:56:00,1,349.35,85,Остальные,69.27556487304915,96.75800776385037
18250,2011-02-02 13:16:00,2011-02-02 13:16:00,1,349.27,302,Остальные,69.2988586070347,96.76224245026457
15405,2011-06-03 14:44:00,2011-06-03 14:44:00,1,349.1,181,Остальные,69.32215234102027,96.7664750755321
13927,2011-09-26 12:00:00,2011-09-26 12:00:00,1,348.99,66,Остальные,69.34544607500582,96.7707063671165
13919,2011-08-10 10:15:00,2011-10-11 14:24:00,2,348.81,51,Остальные,69.36873980899138,96.77493547631035
18127,2011-07-29 10:06:00,2011-11-20 14:05:00,3,348.73,11,Активные повторные,69.39203354297693,96.77916361555283
15334,2011-06-19 13:51:00,2011-07-06 11:22:00,3,348.72,148,Давно не покупавшие повторные,69.4153272769625,96.78339163355139
15579,2011-01-30 12:09:00,2011-10-02 12:45:00,2,348.6,60,Остальные,69.43862101094805,96.7876181966229
12452,2011-11-23 08:05:00,2011-11-23 08:05:00,1,348.57,8,Недавние однократные,69.46191474493361,96.79184439596264
16159,2011-03-03 12:27:00,2011-03-03 12:27:00,1,348.2,273,Остальные,69.48520847891918,96.79606610927733
13052,2011-05-11 14:12:00,2011-05-11 14:12:00,1,348.15000000000003,204,Остальные,69.50850221290473,96.80028721637242
16500,2011-01-13 10:28:00,2011-11-23 14:18:00,5,348.12,8,Активные повторные,69.53179594689028,96.80450795973576
14379,2011-02-17 15:03:00,2011-10-26 16:43:00,2,348.1,36,Остальные,69.55508968087584,96.80872846061122
13497,2010-12-06 11:37:00,2011-03-02 09:04:00,2,348.05,274,Давно не покупавшие повторные,69.5783834148614,96.8129483552671
13352,2011-10-10 13:55:00,2011-10-10 13:55:00,1,347.97999999999996,52,Остальные,69.60167714884696,96.81716740121554
13062,2011-06-01 15:12:00,2011-06-01 15:12:00,1,346.98,183,Остальные,69.62497088283251,96.82137432277193
13649,2010-12-08 14:46:00,2011-03-28 11:51:00,2,346.6,248,Давно не покупавшие повторные,69.64826461681808,96.82557663705931
16423,2011-11-15 09:21:00,2011-11-15 09:21:00,1,346.12,16,Недавние однократные,69.67155835080364,96.82977313163853
13091,2011-11-11 15:54:00,2011-11-11 15:54:00,1,345.82,20,Недавние однократные,69.69485208478919,96.83396598890012
15781,2011-02-07 09:15:00,2011-11-14 14:57:00,3,345.46000000000004,17,Активные повторные,69.71814581877474,96.83815448138056
17123,2011-07-01 10:47:00,2011-07-01 10:47:00,1,345.3,153,Остальные,69.74143955276031,96.84234103395828
13774,2011-09-19 12:06:00,2011-09-19 12:06:00,1,345.0,73,Остальные,69.76473328674587,96.84652394921838
14633,2011-03-18 17:07:00,2011-03-18 17:07:00,1,344.90000000000003,258,Остальные,69.78802702073142,96.85070565203928
12792,2011-03-28 11:36:00,2011-03-28 11:36:00,1,344.53999999999996,248,Остальные,69.81132075471699,96.85488299007903
16978,2011-09-23 12:50:00,2011-09-23 12:50:00,1,344.33,69,Остальные,69.83461448870254,96.85905778199646
17569,2011-01-11 14:15:00,2011-01-11 14:15:00,1,344.14,324,Остальные,69.8579082226881,96.86323027027939
13068,2011-01-24 08:20:00,2011-11-29 15:00:00,2,344.0,2,Остальные,69.88120195667365,96.86740106114743
15047,2011-03-15 10:49:00,2011-03-15 10:49:00,1,343.62,261,Остальные,69.90449569065922,96.87156724474649
18081,2011-07-29 11:56:00,2011-11-03 16:30:00,3,343.45000000000005,28,Активные повторные,69.92778942464477,96.8757313671989
15880,2010-12-05 13:00:00,2010-12-05 13:00:00,1,343.28,361,Остальные,69.95108315863033,96.87989342850467
12875,2010-12-12 12:03:00,2011-07-19 15:30:00,2,343.2300000000001,135,Давно не покупавшие повторные,69.97437689261588,96.88405488359084
17201,2011-10-17 11:55:00,2011-10-17 11:55:00,1,342.63,45,Остальные,69.99767062660145,96.88820906404175
17495,2011-11-01 12:06:00,2011-11-01 12:06:00,1,342.59000000000003,30,Недавние однократные,70.020964360587,96.892362759517
16826,2011-10-19 14:05:00,2011-10-19 14:05:00,1,341.7,43,Остальные,70.04425809457256,96.8965056642833
17917,2010-12-12 12:08:00,2011-10-25 13:20:00,3,341.28,37,Активные повторные,70.06755182855812,96.90064347680494
14491,2010-12-02 12:10:00,2011-06-17 15:22:00,2,340.93,167,Давно не покупавшие повторные,70.09084556254368,96.90477704578937
17503,2011-11-01 11:12:00,2011-11-01 11:12:00,1,340.43,30,Недавние однократные,70.11413929652923,96.90890455257777
15115,2011-11-21 14:59:00,2011-11-21 14:59:00,1,340.11,10,Недавние однократные,70.13743303051479,96.9130281795607
13737,2011-05-23 16:32:00,2011-05-23 16:32:00,1,339.59999999999997,192,Остальные,70.16072676450035,96.91714562310369
13345,2011-02-25 09:01:00,2011-02-25 09:01:00,1,339.5,279,Остальные,70.1840204984859,96.92126185420747
17045,2011-04-06 12:08:00,2011-08-18 17:09:00,3,339.44,105,Давно не покупавшие повторные,70.20731423247146,96.92537735784772
16545,2011-06-28 10:37:00,2011-06-28 10:37:00,1,339.3,156,Остальные,70.23060796645703,96.9294911640731
17697,2011-04-17 15:40:00,2011-04-17 15:40:00,1,338.95,228,Остальные,70.25390170044258,96.93360072676124
17839,2011-10-28 17:27:00,2011-10-28 17:27:00,1,338.8,34,Остальные,70.27719543442814,96.93770847079058
16183,2011-10-03 14:59:00,2011-10-03 14:59:00,1,338.71000000000004,59,Остальные,70.30048916841369,96.94181512362464
16274,2010-12-01 15:35:00,2010-12-01 15:35:00,1,337.75,365,Остальные,70.32378290239926,96.94591013704232
15652,2011-09-09 14:22:00,2011-09-09 14:22:00,1,337.74,83,Остальные,70.34707663638481,96.95000502921607
15942,2011-07-29 09:01:00,2011-07-29 09:01:00,1,337.44,125,Остальные,70.37037037037037,96.95409628407221
13930,2011-07-26 11:00:00,2011-10-13 09:45:00,2,337.34,49,Остальные,70.39366410435593,96.95818632648914
17973,2011-10-19 10:34:00,2011-10-19 10:34:00,1,337.04,43,Остальные,70.41695783834149,96.96227273158847
16105,2011-04-05 10:13:00,2011-04-05 10:13:00,1,336.96,240,Остальные,70.44025157232704,96.96635816673641
15619,2011-11-29 08:14:00,2011-11-29 08:14:00,1,336.40000000000003,2,Недавние однократные,70.4635453063126,96.97043681222482
17384,2011-05-04 16:07:00,2011-11-20 15:48:00,2,336.4,11,Остальные,70.48683904029816,96.97451545771324
14954,2011-11-27 14:30:00,2011-11-27 14:30:00,1,336.17,4,Недавние однократные,70.51013277428372,96.97859131459145
18078,2011-03-25 15:08:00,2011-05-06 14:32:00,2,336.13,209,Давно не покупавшие повторные,70.53342650826927,96.982666686494
15921,2011-06-20 11:03:00,2011-06-20 11:03:00,1,336.03000000000003,164,Остальные,70.55672024225484,96.98674084595734
18276,2011-10-27 10:54:00,2011-10-27 10:54:00,1,335.86,35,Остальные,70.5800139762404,96.99081294427403
14196,2011-08-25 10:25:00,2011-08-25 10:25:00,1,335.52,98,Остальные,70.60330771022595,96.99488092029742
16063,2011-03-24 14:55:00,2011-03-24 14:55:00,1,335.32,252,Остальные,70.6266014442115,96.9989464714424
12690,2011-05-18 09:09:00,2011-05-18 09:09:00,1,335.01,197,Остальные,70.64989517819707,97.00300826402584
14988,2011-05-12 12:05:00,2011-05-12 12:05:00,1,334.54,203,Остальные,70.67318891218262,97.007064358145
15466,2011-09-15 14:08:00,2011-09-15 14:08:00,1,334.53,77,Остальные,70.69648264616818,97.01112033102025
15918,2011-03-13 15:55:00,2011-06-02 11:42:00,2,334.23,182,Давно не покупавшие повторные,70.71977638015373,97.01517266657788
14264,2011-04-08 12:20:00,2011-07-08 10:20:00,2,333.97,146,Давно не покупавшие повторные,70.7430701141393,97.01922184979358
13216,2011-03-17 12:18:00,2011-03-17 12:18:00,1,333.74,259,Остальные,70.76636384812485,97.02326824439912
13727,2011-11-06 12:16:00,2011-11-11 09:46:00,2,333.48,20,Остальные,70.78965758211041,97.02731148666271
16625,2011-03-10 12:50:00,2011-03-10 12:50:00,1,333.08,266,Остальные,70.81295131609598,97.03134987916948
14902,2011-11-14 10:34:00,2011-11-14 10:34:00,1,332.66,17,Недавние однократные,70.83624505008153,97.03538317943159
13904,2011-02-18 11:18:00,2011-11-02 13:41:00,2,332.64,29,Остальные,70.85953878406708,97.03941623720584
16850,2011-01-10 11:09:00,2011-01-10 11:09:00,1,332.41,325,Остальные,70.88283251805264,97.04344650636993
16803,2011-10-05 14:28:00,2011-10-05 14:28:00,1,332.3,57,Остальные,70.9061262520382,97.04747544185089
16177,2011-10-20 12:57:00,2011-10-20 12:57:00,1,331.95,42,Остальные,70.92941998602376,97.05150013379463
16030,2011-02-03 11:28:00,2011-02-03 11:28:00,1,331.24,301,Остальные,70.95271372000931,97.05551621742002
15210,2011-04-28 16:11:00,2011-04-28 16:11:00,1,331.18,217,Остальные,70.97600745399488,97.05953157358186
12891,2011-02-20 11:28:00,2011-06-07 12:31:00,3,331.0,177,Давно не покупавшие повторные,70.99930118798044,97.06354474735315
16478,2011-10-05 12:02:00,2011-11-14 15:51:00,3,331.0,17,Активные повторные,71.02259492196599,97.06755792112445
17862,2011-01-20 12:23:00,2011-01-20 12:23:00,1,330.9,315,Остальные,71.04588865595154,97.07156988245652
15714,2011-09-23 11:25:00,2011-11-28 11:26:00,2,330.88,3,Остальные,71.06918238993711,97.07558160130075
13706,2011-02-10 09:21:00,2011-02-10 09:21:00,1,330.79,294,Остальные,71.09247612392267,97.0795922289497
12527,2011-01-18 12:05:00,2011-09-19 11:55:00,3,330.71000000000004,73,Остальные,71.11576985790822,97.0836018866473
14517,2011-07-21 11:42:00,2011-11-06 14:20:00,2,330.45,25,Остальные,71.13906359189379,97.08760839200295
15130,2011-06-23 10:15:00,2011-06-23 10:15:00,1,330.11,161,Остальные,71.16235732587934,97.0916107750653
16593,2011-01-16 12:11:00,2011-10-20 12:41:00,3,330.03,42,Активные повторные,71.1856510598649,97.0956121881763
12953,2011-11-30 09:24:00,2011-11-30 09:24:00,1,329.85,1,Недавние однократные,71.20894479385045,97.09961141889671
14716,2011-07-14 12:42:00,2011-10-27 17:29:00,2,329.68,35,Остальные,71.23223852783602,97.10360858847048
17866,2011-07-20 11:07:00,2011-07-20 11:07:00,1,329.65,134,Остальные,71.25553226182157,97.10760539431249
17615,2011-05-01 15:33:00,2011-08-01 14:06:00,3,329.6,122,Давно не покупавшие повторные,71.27882599580713,97.11160159393489
13239,2011-03-23 10:25:00,2011-03-23 10:25:00,1,329.56,253,Остальные,71.30211972979268,97.11559730858161
17154,2011-09-25 13:42:00,2011-09-25 13:42:00,1,329.34,67,Остальные,71.32541346377825,97.11959035586209
15153,2011-11-08 17:09:00,2011-11-08 17:09:00,1,329.25,23,Недавние однократные,71.3487071977638,97.12358231194726
13817,2010-12-23 11:46:00,2011-11-10 17:49:00,2,328.98,21,Остальные,71.37200093174935,97.12757099444659
14012,2011-03-07 12:26:00,2011-03-07 12:26:00,1,328.8,269,Остальные,71.39529466573492,97.13155749455535
13372,2011-09-11 12:46:00,2011-09-11 12:46:00,1,328.64,81,Остальные,71.41858839972048,97.13554205476136
16855,2011-10-27 16:31:00,2011-11-16 12:03:00,2,328.4,15,Остальные,71.44188213370603,97.1395237051133
15213,2011-01-14 11:05:00,2011-01-25 12:21:00,2,328.34999999999997,310,Давно не покупавшие повторные,71.46517586769158,97.14350474924562
14747,2011-04-04 14:09:00,2011-04-04 14:09:00,1,328.2,241,Остальные,71.48846960167715,97.14748397471917
14206,2011-04-14 16:38:00,2011-04-14 16:38:00,1,328.15999999999997,231,Остальные,71.5117633356627,97.15146271521701
16318,2011-11-04 13:05:00,2011-11-04 13:05:00,1,328.15,27,Недавние однократные,71.53505706964826,97.15544133447092
15314,2011-05-24 14:39:00,2011-05-24 14:39:00,1,327.97,191,Остальные,71.55835080363383,97.15941777133428
14024,2011-08-07 13:31:00,2011-08-10 11:30:00,2,327.7,113,Давно не покупавшие повторные,71.58164453761938,97.16339093461177
16366,2011-11-21 08:19:00,2011-11-21 08:19:00,1,327.3,10,Недавние однократные,71.60493827160494,97.16735924813243
14870,2011-03-23 10:51:00,2011-03-23 10:51:00,1,327.25,253,Остальные,71.62823200559049,97.1713269554335
14987,2010-12-09 12:13:00,2011-11-24 09:59:00,2,326.4,7,Остальные,71.65152573957606,97.17528435700132
17715,2011-05-23 12:32:00,2011-05-23 12:32:00,1,326.4,192,Остальные,71.67481947356161,97.17924175856913
16071,2011-10-26 11:14:00,2011-10-26 11:14:00,1,326.24,36,Остальные,71.69811320754717,97.18319722023423
15363,2010-12-02 12:28:00,2010-12-02 12:28:00,1,326.0,364,Остальные,71.72140694153273,97.18714977204523
12844,2011-08-01 13:11:00,2011-11-10 13:31:00,2,325.96000000000004,21,Остальные,71.74470067551829,97.19110183888054
16830,2011-11-01 11:35:00,2011-11-01 11:35:00,1,325.91,30,Недавние однократные,71.76799440950384,97.19505329949625
14850,2011-02-01 11:21:00,2011-02-01 11:21:00,1,325.75,303,Остальные,71.7912881434894,97.19900282020923
15944,2011-03-08 10:33:00,2011-03-08 10:33:00,1,325.1,268,Остальные,71.81458187747496,97.20294446006736
13801,2011-10-04 10:15:00,2011-10-04 10:15:00,1,324.8,58,Остальные,71.83787561146052,97.20688246260788
12373,2011-02-01 13:10:00,2011-02-01 13:10:00,1,324.6,303,Остальные,71.86116934544607,97.21081804027
15597,2011-11-04 13:26:00,2011-11-04 13:26:00,1,324.57,27,Недавние однократные,71.88446307943163,97.21475325420035
16685,2011-10-09 13:44:00,2011-10-09 13:58:00,2,324.24,53,Остальные,71.9077568134172,97.21868446708132
18261,2011-09-05 09:34:00,2011-10-27 15:36:00,2,324.24,35,Остальные,71.93105054740275,97.2226156799623
14555,2011-02-10 17:19:00,2011-10-13 16:24:00,2,324.14,49,Остальные,71.9543442813883,97.22654568040406
13351,2011-10-04 12:55:00,2011-10-04 12:55:00,1,323.94,58,Остальные,71.97763801537387,97.23047325596742
15675,2011-03-04 14:21:00,2011-09-19 13:48:00,3,323.69,73,Остальные,72.00093174935942,97.23439780043276
14910,2011-10-16 11:06:00,2011-11-14 17:10:00,3,323.55,17,Активные повторные,72.02422548334498,97.2383206474832
17793,2011-11-14 14:24:00,2011-11-14 14:24:00,1,323.04,17,Недавние однократные,72.04751921733053,97.24223731109372
16739,2011-06-16 09:17:00,2011-06-16 09:17:00,1,323.0,168,Остальные,72.0708129513161,97.24615348972853
13955,2011-02-07 12:24:00,2011-07-08 17:19:00,2,322.96,146,Давно не покупавшие повторные,72.09410668530165,97.25006918338767
16627,2011-09-21 14:38:00,2011-09-21 14:38:00,1,322.8,71,Остальные,72.11740041928721,97.25398293714407
16342,2011-06-13 10:10:00,2011-09-25 14:36:00,4,322.40999999999997,67,Остальные,72.14069415327278,97.25789196238759
15224,2010-12-12 12:34:00,2010-12-16 15:02:00,2,322.08000000000004,350,Давно не покупавшие повторные,72.16398788725833,97.26179698658171
14424,2011-11-22 11:48:00,2011-11-22 11:48:00,1,322.08,9,Недавние однократные,72.18728162124388,97.26570201077584
14484,2011-10-20 14:11:00,2011-10-20 14:11:00,1,321.92,42,Остальные,72.21057535522944,97.26960509506723
14823,2011-05-29 12:48:00,2011-06-12 13:12:00,3,321.43,172,Давно не покупавшие повторные,72.233869089215,97.27350223840652
15236,2011-02-14 10:52:00,2011-02-14 10:52:00,1,321.05,290,Остальные,72.25716282320056,97.2773947744768
12365,2011-02-21 13:51:00,2011-02-21 13:51:00,1,320.69,283,Остальные,72.28045655718611,97.281282945766
16096,2011-03-20 13:38:00,2011-03-20 13:38:00,1,320.62,256,Остальные,72.30375029117168,97.28517026834771
14622,2011-06-08 12:42:00,2011-06-08 12:42:00,1,320.58000000000004,176,Остальные,72.32704402515724,97.28905710595375
13986,2011-11-22 15:00:00,2011-11-22 15:00:00,1,320.46,9,Недавние однократные,72.35033775914279,97.29294248863273
16674,2011-09-02 13:59:00,2011-10-16 11:31:00,2,319.61,46,Остальные,72.37363149312834,97.29681756557848
15107,2010-12-02 13:45:00,2011-02-01 14:46:00,6,319.5,303,Давно не покупавшие повторные,72.39692522711391,97.3006913088411
18117,2011-11-14 12:47:00,2011-11-14 12:47:00,1,319.47,17,Недавние однократные,72.42021896109947,97.30456468837195
16967,2011-06-03 14:24:00,2011-06-03 14:24:00,1,319.02,181,Остальные,72.44351269508502,97.30843261192638
17229,2011-07-20 12:38:00,2011-09-04 13:56:00,2,318.76,88,Остальные,72.46680642907059,97.31229738313885
12827,2011-10-26 15:44:00,2011-11-07 11:29:00,2,318.7,24,Остальные,72.49010016305614,97.31616142688783
17248,2011-08-11 13:34:00,2011-08-11 13:34:00,1,318.65,112,Остальные,72.5133938970417,97.3200248644172
12795,2011-11-21 10:27:00,2011-11-21 10:27:00,1,318.48,10,Недавние однократные,72.53668763102725,97.32388624079992
14703,2011-11-25 09:23:00,2011-11-25 09:23:00,1,318.17,6,Недавние однократные,72.55998136501282,97.32774385862109
18066,2011-09-25 15:30:00,2011-09-25 15:30:00,1,318.0,67,Остальные,72.58327509899837,97.33159941529563
12552,2011-10-31 12:11:00,2011-10-31 12:11:00,1,317.82,31,Остальные,72.60656883298392,97.33545278957958
15156,2011-11-06 12:41:00,2011-11-06 12:41:00,1,317.8,25,Недавние однократные,72.62986256696948,97.3393059213757
17172,2011-09-22 09:36:00,2011-09-22 09:36:00,1,317.76,70,Остальные,72.65315630095505,97.34315856819613
17267,2011-08-04 17:19:00,2011-08-04 17:22:00,2,317.62,119,Давно не покупавшие повторные,72.6764500349406,97.34700951760168
16386,2011-03-31 12:19:00,2011-11-11 12:28:00,2,317.20000000000005,20,Остальные,72.69974376892615,97.35085537476256
15257,2011-03-01 12:58:00,2011-03-01 12:58:00,1,317.15,275,Остальные,72.72303750291172,97.35470062570386
15385,2011-10-30 15:11:00,2011-10-30 15:11:00,1,316.88,32,Остальные,72.74633123689728,97.35854260305928
12544,2011-11-03 16:15:00,2011-11-03 16:15:00,1,316.7,28,Недавние однократные,72.76962497088283,97.36238239802412
15243,2011-09-26 14:12:00,2011-09-26 14:12:00,1,316.68,66,Остальные,72.79291870486838,97.36622195050111
16761,2011-09-04 11:15:00,2011-09-04 11:15:00,1,316.62,88,Остальные,72.81621243885395,97.37006077551462
15204,2010-12-17 13:49:00,2010-12-17 13:49:00,1,316.58,349,Остальные,72.8395061728395,97.37389911555243
17458,2011-11-24 13:01:00,2011-11-24 13:01:00,1,316.5,7,Недавние однократные,72.86279990682506,97.37773648563886
13494,2011-02-01 11:58:00,2011-02-01 11:58:00,1,316.26000000000005,303,Остальные,72.88609364081063,97.3815709458712
14479,2010-12-09 12:59:00,2011-03-31 09:07:00,2,316.25,245,Давно не покупавшие повторные,72.90938737479618,97.38540528485963
16473,2011-01-07 10:55:00,2011-06-28 09:10:00,3,316.11,156,Давно не покупавшие повторные,72.93268110878174,97.38923792643318
12614,2011-03-07 10:22:00,2011-03-07 10:22:00,1,315.6,269,Остальные,72.95597484276729,97.39306438456676
15766,2011-10-06 17:03:00,2011-10-06 17:03:00,1,315.06,56,Остальные,72.97926857675286,97.39688429552862
16091,2011-05-25 09:18:00,2011-07-08 08:45:00,2,315.06,146,Давно не покупавшие повторные,73.00256231073841,97.4007042064905
16811,2011-11-22 17:19:00,2011-11-22 17:19:00,1,314.77,9,Недавние однократные,73.02585604472397,97.40452060137866
17237,2011-11-17 12:55:00,2011-11-28 15:02:00,2,314.69,3,Остальные,73.04914977870953,97.4083360263155
16193,2011-04-17 11:45:00,2011-04-17 11:45:00,1,314.45,228,Остальные,73.07244351269509,97.41214854139822
16227,2011-04-28 13:33:00,2011-04-28 13:33:00,1,314.22,217,Остальные,73.09573724668064,97.41595826787076
15970,2011-02-09 12:08:00,2011-02-09 12:08:00,1,314.1,295,Остальные,73.1190309806662,97.41976653941626
12532,2011-11-09 13:47:00,2011-11-09 13:47:00,1,313.83000000000004,22,Недавние однократные,73.14232471465176,97.42357153737589
13484,2011-04-12 16:30:00,2011-04-12 16:30:00,1,313.8,233,Остальные,73.16561844863732,97.42737617160378
16582,2011-08-18 17:02:00,2011-08-18 17:02:00,1,313.62,105,Остальные,73.18891218262287,97.4311786234411
14932,2010-12-09 11:48:00,2010-12-09 11:48:00,1,313.53,357,Остальные,73.21220591660843,97.43497998408314
14729,2010-12-01 12:43:00,2010-12-01 12:43:00,1,313.49,365,Остальные,73.235499650594,97.43878085974949
13845,2011-10-06 08:25:00,2011-10-06 08:25:00,1,312.98,56,Остальные,73.25879338457955,97.44257555197588
12834,2011-03-02 09:49:00,2011-03-02 09:49:00,1,312.38,274,Остальные,73.2820871185651,97.44636296956703
17362,2011-02-03 10:26:00,2011-04-14 14:43:00,2,312.23,231,Давно не покупавшие повторные,73.30538085255067,97.45014856849939
17070,2011-08-17 17:01:00,2011-08-17 17:01:00,1,312.14,106,Остальные,73.32867458653622,97.45393307623645
16450,2011-07-13 11:47:00,2011-07-13 11:47:00,1,311.92,141,Остальные,73.35196832052178,97.45771491660727
14142,2010-12-01 16:33:00,2010-12-01 16:33:00,1,311.81,365,Остальные,73.37526205450733,97.46149542329496
15326,2011-01-10 11:38:00,2011-01-10 11:38:00,1,311.71,325,Остальные,73.3985557884929,97.46527471754344
14951,2011-09-21 15:15:00,2011-09-21 15:15:00,1,311.69,71,Остальные,73.42184952247845,97.46905376930408
14327,2011-06-29 13:58:00,2011-06-29 13:58:00,1,311.65000000000003,155,Остальные,73.44514325646401,97.47283233608904
12950,2011-11-15 13:48:00,2011-11-15 13:48:00,1,311.6,16,Недавние однократные,73.46843699044958,97.47661029665439
12852,2011-02-18 08:47:00,2011-02-18 08:47:00,1,311.55,286,Остальные,73.49173072443513,97.48038765100014
13990,2011-05-10 15:19:00,2011-05-10 15:19:00,1,311.3,205,Остальные,73.51502445842068,97.48416197424788
17854,2011-04-26 16:53:00,2011-06-07 16:21:00,2,311.26,177,Давно не покупавшие повторные,73.53831819240624,97.48793581251992
16781,2010-12-02 14:26:00,2010-12-02 14:26:00,1,311.25,364,Остальные,73.5616119263918,97.49170952954806
13897,2011-10-20 14:30:00,2011-10-20 14:30:00,1,311.16,42,Остальные,73.58490566037736,97.49548215538091
17912,2010-12-10 11:11:00,2011-02-02 14:25:00,5,311.01,302,Давно не покупавшие повторные,73.60819939436291,97.49925296255495
15185,2011-09-30 14:06:00,2011-09-30 14:06:00,1,310.62,62,Остальные,73.63149312834848,97.50301904121609
15308,2011-03-10 13:08:00,2011-03-10 13:08:00,1,310.47,266,Остальные,73.65478686233403,97.5067833012184
14311,2011-04-11 10:14:00,2011-04-11 10:14:00,1,310.26,234,Остальные,73.67808059631959,97.51054501509842
14924,2011-04-08 09:25:00,2011-04-08 09:25:00,1,310.05,237,Остальные,73.70137433030514,97.51430418285608
15661,2011-01-05 12:32:00,2011-01-26 13:56:00,2,309.8,309,Давно не покупавшие повторные,73.72466806429071,97.51806031951573
15699,2011-11-22 08:26:00,2011-11-22 08:26:00,1,309.65,9,Недавние однократные,73.74796179827626,97.52181463751657
16810,2011-05-31 15:32:00,2011-05-31 15:32:00,1,309.54,184,Остальные,73.77125553226182,97.52556762183428
14339,2011-04-11 11:06:00,2011-04-11 11:06:00,1,309.52,234,Остальные,73.79454926624737,97.52932036366416
16119,2011-09-28 10:15:00,2011-09-28 10:15:00,1,309.48,64,Остальные,73.81784300023294,97.53307262051834
14847,2011-07-14 10:52:00,2011-07-14 10:52:00,1,309.4,140,Остальные,73.8411367342185,97.53682390742117
17604,2011-01-31 15:09:00,2011-05-06 13:43:00,2,309.36,209,Давно не покупавшие повторные,73.86443046820405,97.54057470934833
12884,2011-09-12 13:10:00,2011-09-12 13:10:00,1,309.05,80,Остальные,73.88772420218962,97.54432175271394
13787,2010-12-10 14:45:00,2011-09-25 12:06:00,2,309.04,67,Остальные,73.91101793617517,97.54806867483562
15010,2011-11-04 12:42:00,2011-11-04 12:42:00,1,308.94,27,Недавние однократные,73.93431167016072,97.5518143845181
16956,2011-11-22 08:56:00,2011-11-22 08:56:00,1,308.74,9,Недавние однократные,73.95760540414628,97.55555766932217
13699,2011-07-07 16:51:00,2011-07-07 16:51:00,1,308.58000000000004,147,Остальные,73.98089913813185,97.55929901422351
17510,2011-11-15 10:00:00,2011-11-15 10:00:00,1,308.48,16,Недавние однократные,74.0041928721174,97.56303914668565
13466,2011-06-08 16:39:00,2011-06-08 16:39:00,1,307.9,176,Остальные,74.02748660610295,97.5667722470004
15973,2010-12-08 11:42:00,2010-12-08 11:42:00,1,307.82,358,Остальные,74.05078034008852,97.57050437736378
16123,2011-10-19 09:18:00,2011-10-19 09:18:00,1,307.78,43,Остальные,74.07407407407408,97.57423602275146
13529,2011-05-19 11:50:00,2011-09-22 09:15:00,2,307.76,70,Остальные,74.09736780805963,97.57796742565131
16642,2011-05-16 12:35:00,2011-05-16 12:35:00,1,307.73,199,Остальные,74.12066154204518,97.58169846481942
13395,2011-06-07 15:04:00,2011-06-07 15:04:00,1,307.71999999999997,177,Остальные,74.14395527603075,97.58542938274357
13060,2011-03-31 11:37:00,2011-03-31 11:37:00,1,307.53,245,Остальные,74.1672490100163,97.58915799703327
14915,2011-03-07 09:39:00,2011-09-09 13:34:00,2,307.48,83,Остальные,74.19054274400186,97.59288600510334
17120,2011-04-20 15:21:00,2011-04-20 15:21:00,1,307.46,225,Остальные,74.21383647798743,97.59661377068558
13932,2011-02-18 12:02:00,2011-02-18 12:02:00,1,307.4,286,Остальные,74.23713021197298,97.60034080880429
13142,2011-11-20 16:07:00,2011-11-20 16:07:00,1,307.09,11,Недавние однократные,74.26042394595854,97.60406408836145
17334,2011-02-04 09:03:00,2011-02-10 14:59:00,2,307.02,294,Давно не покупавшие повторные,74.28371767994409,97.60778651921119
15087,2011-03-03 10:34:00,2011-03-03 10:34:00,1,306.94,273,Остальные,74.30701141392966,97.61150798010955
17551,2010-12-15 14:12:00,2010-12-15 14:12:00,1,306.84,351,Остальные,74.33030514791521,97.61522822856871
13762,2011-05-05 09:15:00,2011-05-05 09:15:00,1,306.71999999999997,210,Остальные,74.35359888190077,97.61894702210081
16668,2011-02-28 12:46:00,2011-11-24 17:43:00,6,306.71999999999997,7,Активные повторные,74.37689261588632,97.62266581563291
13718,2011-02-17 11:58:00,2011-04-07 13:24:00,2,306.55,238,Давно не покупавшие повторные,74.40018634987189,97.62638254801837
18059,2011-10-03 09:30:00,2011-11-16 16:49:00,3,306.46,15,Активные повторные,74.42348008385744,97.63009818920855
15659,2011-10-27 09:23:00,2011-10-27 09:23:00,1,306.45,35,Остальные,74.446773817843,97.63381370915481
17176,2011-05-22 12:41:00,2011-05-22 12:41:00,1,306.13,193,Остальные,74.47006755182856,97.6375253492956
13863,2011-04-06 10:20:00,2011-04-06 10:20:00,1,305.78,239,Остальные,74.49336128581412,97.64123274589919
15219,2011-06-16 16:57:00,2011-06-16 16:57:00,1,305.75,168,Остальные,74.51665501979967,97.644939778771
16796,2011-09-11 14:01:00,2011-09-11 14:01:00,1,305.62,81,Остальные,74.53994875378523,97.64864523547185
16181,2011-09-27 13:38:00,2011-09-27 13:38:00,1,305.54,65,Остальные,74.5632424877708,97.65234972222133
13045,2011-09-01 15:04:00,2011-09-01 15:04:00,1,305.28000000000003,91,Остальные,74.58653622175635,97.65605105662888
18220,2011-04-27 09:03:00,2011-04-27 09:03:00,1,305.28000000000003,218,Остальные,74.6098299557419,97.65975239103642
13667,2011-07-13 15:42:00,2011-07-13 15:42:00,1,305.02,141,Остальные,74.63312368972747,97.66345057310204
17941,2011-08-01 08:30:00,2011-08-01 08:30:00,1,304.56,122,Остальные,74.65641742371302,97.66714317794728
15163,2011-05-31 15:22:00,2011-11-21 13:10:00,2,304.47,10,Остальные,74.67971115769858,97.67083469159726
16217,2011-03-02 15:28:00,2011-04-18 13:31:00,2,304.25,227,Давно не покупавшие повторные,74.70300489168413,97.674523537881
18185,2011-04-04 13:42:00,2011-04-04 13:42:00,1,304.25,241,Остальные,74.7262986256697,97.67821238416472
17732,2010-12-02 09:29:00,2010-12-02 09:29:00,1,303.97,364,Остальные,74.74959235965525,97.68189783561867
16400,2011-09-06 12:27:00,2011-09-06 12:27:00,1,303.93,86,Остальные,74.7728860936408,97.68558280209695
13343,2011-06-15 12:24:00,2011-06-15 12:24:00,1,303.43,169,Остальные,74.79617982762637,97.68926170637918
13040,2011-11-06 13:53:00,2011-11-06 13:53:00,1,303.25,25,Недавние однократные,74.81947356161193,97.69293842827085
17433,2011-09-12 14:24:00,2011-09-12 14:24:00,1,303.16,80,Остальные,74.84276729559748,97.69661405896723
13318,2011-11-02 13:26:00,2011-11-02 13:26:00,1,302.96,29,Недавние однократные,74.86606102958304,97.7002872647852
16425,2011-02-10 14:30:00,2011-02-10 14:30:00,1,302.7,294,Остальные,74.8893547635686,97.70395731826123
14248,2011-01-25 14:45:00,2011-01-25 14:45:00,1,302.58,310,Остальные,74.91264849755416,97.70762591681023
16368,2011-11-11 15:08:00,2011-11-11 15:08:00,1,302.48,20,Недавние однократные,74.93594223153971,97.71129330292001
18165,2011-06-15 13:23:00,2011-06-15 13:23:00,1,302.46000000000004,169,Остальные,74.95923596552528,97.71496044654195
16104,2011-10-09 10:23:00,2011-10-09 10:23:00,1,302.36,53,Остальные,74.98252969951083,97.71862637772469
16292,2011-08-10 12:24:00,2011-08-10 12:24:00,1,302.25,113,Остальные,75.00582343349639,97.7222909752243
17506,2011-09-25 11:39:00,2011-09-25 11:39:00,1,302.2,67,Остальные,75.02911716748194,97.72595496650432
15054,2011-10-30 14:33:00,2011-11-27 15:02:00,2,302.1,4,Остальные,75.05241090146751,97.72961774534511
17094,2011-01-21 13:09:00,2011-01-21 13:09:00,1,302.0,314,Остальные,75.07570463545306,97.7332793117467
16297,2011-03-16 08:29:00,2011-03-16 08:29:00,1,301.9,260,Остальные,75.09899836943862,97.7369396657091
16715,2011-09-22 18:15:00,2011-09-22 18:15:00,1,301.71999999999997,70,Остальные,75.12229210342417,97.74059783728092
15667,2011-10-31 10:56:00,2011-10-31 10:56:00,1,301.32,31,Остальные,75.14558583740974,97.74425115909592
15148,2011-11-29 08:21:00,2011-11-29 08:21:00,1,301.29,2,Недавние однократные,75.1688795713953,97.74790411717916
15623,2011-07-21 17:26:00,2011-07-21 17:26:00,1,301.03,133,Остальные,75.19217330538085,97.75155392292045
13479,2011-04-19 11:27:00,2011-05-23 10:45:00,2,300.95,192,Давно не покупавшие повторные,75.21546703936642,97.7552027587104
17978,2010-12-09 14:05:00,2010-12-09 14:05:00,1,300.92,357,Остальные,75.23876077335197,97.75885123076857
16430,2011-10-13 14:47:00,2011-10-13 14:47:00,1,300.85,49,Остальные,75.26205450733752,97.76249885411929
16479,2011-11-29 13:04:00,2011-11-29 13:40:00,2,300.83000000000004,2,Остальные,75.28534824132308,97.76614623498217
14762,2011-03-21 08:20:00,2011-03-21 08:20:00,1,300.52,255,Остальные,75.30864197530865,97.76978985728351
13304,2010-12-23 14:35:00,2010-12-23 14:35:00,1,300.42,343,Остальные,75.3319357092942,97.77343226714567
15254,2011-08-04 15:04:00,2011-08-04 15:04:00,1,300.36,119,Остальные,75.35522944327975,97.77707394954429
12648,2011-07-08 11:55:00,2011-07-08 11:55:00,1,300.05,146,Остальные,75.37852317726532,97.78071187338136
13745,2011-06-30 16:43:00,2011-06-30 16:43:00,1,300.04,154,Остальные,75.40181691125088,97.78434967597452
18053,2011-09-30 09:05:00,2011-09-30 09:05:00,1,300.02,62,Остальные,75.42511064523643,97.78798723607984
16402,2010-12-05 13:42:00,2011-03-20 12:25:00,2,299.6,256,Давно не покупавшие повторные,75.44840437922198,97.7916197039405
18215,2011-09-11 16:05:00,2011-09-11 16:05:00,1,299.34000000000003,81,Остальные,75.47169811320755,97.79524901945922
12489,2011-01-07 13:13:00,2011-01-07 13:13:00,1,298.93,328,Остальные,75.4949918471931,97.79887336397718
17124,2011-06-07 14:02:00,2011-06-07 14:02:00,1,298.89,177,Остальные,75.51828558117866,97.80249722351948
15609,2011-06-08 13:00:00,2011-06-08 13:00:00,1,298.48,176,Остальные,75.54157931516423,97.80611611206102
17255,2011-02-13 15:18:00,2011-10-30 12:18:00,2,298.40999999999997,32,Остальные,75.56487304914978,97.80973415189514
17824,2011-10-19 14:14:00,2011-10-19 14:14:00,1,298.4,43,Остальные,75.58816678313534,97.81335207048534
17678,2011-03-21 11:52:00,2011-03-21 11:52:00,1,298.11,255,Остальные,75.61146051712089,97.81696647300183
12881,2011-03-09 11:44:00,2011-03-09 11:44:00,1,298.0,267,Остальные,75.63475425110646,97.82057954183519
12566,2011-09-14 14:30:00,2011-09-14 14:30:00,1,297.65,78,Остальные,75.65804798509201,97.82418836713133
15857,2011-11-21 12:18:00,2011-11-21 12:18:00,1,297.0,10,Недавние однократные,75.68134171907757,97.82778931157263
14985,2010-12-16 19:51:00,2011-05-25 14:29:00,2,296.75,190,Давно не покупавшие повторные,75.70463545306312,97.83138722491591
17531,2011-06-02 19:17:00,2011-06-02 19:17:00,1,296.7,182,Остальные,75.72792918704869,97.83498453203963
13441,2011-09-09 09:38:00,2011-09-09 09:38:00,1,296.64,83,Остальные,75.75122292103424,97.83858111169977
15154,2011-09-25 16:05:00,2011-09-25 16:05:00,1,296.42,67,Остальные,75.7745166550198,97.84217502399368
13751,2011-02-24 15:56:00,2011-02-24 15:56:00,1,296.25,280,Остальные,75.79781038900536,97.84576687514094
13504,2011-10-06 13:20:00,2011-10-06 13:20:00,1,295.93,56,Остальные,75.82110412299092,97.84935484648274
16998,2011-02-08 15:42:00,2011-07-13 09:44:00,4,295.0,141,Давно не покупавшие повторные,75.84439785697647,97.85293154213993
12790,2011-05-31 14:14:00,2011-05-31 14:14:00,1,294.92,184,Остальные,75.86769159096202,97.85650726784576
13708,2011-03-13 13:46:00,2011-03-13 13:46:00,1,294.88,263,Остальные,75.8909853249476,97.8600825085759
12350,2011-02-02 16:01:00,2011-02-02 16:01:00,1,294.4,302,Остальные,75.91427905893315,97.86365192959785
13573,2011-03-31 14:47:00,2011-10-20 14:33:00,2,294.4,42,Остальные,75.9375727929187,97.86722135061981
15732,2010-12-02 15:00:00,2011-05-11 14:24:00,2,294.12,204,Давно не покупавшие повторные,75.96086652690427,97.87078737681199
17163,2011-09-22 15:54:00,2011-11-18 08:57:00,2,293.1,13,Остальные,75.98416026088982,97.87434103612425
12829,2010-12-14 14:54:00,2011-01-07 11:13:00,2,293.0,328,Давно не покупавшие повторные,76.00745399487538,97.87789348299732
15545,2010-12-03 17:28:00,2011-10-16 13:24:00,2,292.72,46,Остальные,76.03074772886093,97.88144253504062
16721,2011-03-22 16:08:00,2011-03-22 16:08:00,1,292.47,254,Остальные,76.0540414628465,97.8849885559859
13259,2011-10-09 10:48:00,2011-10-09 10:48:00,1,292.32,53,Остальные,76.07733519683205,97.88853275827238
13502,2011-01-20 09:03:00,2011-11-23 10:39:00,3,292.0,8,Активные повторные,76.1006289308176,97.89207308075339
13449,2011-11-16 08:28:00,2011-11-16 08:28:00,1,291.88,15,Недавние однократные,76.12392266480317,97.89561194830735
13544,2011-04-13 12:09:00,2011-10-31 11:57:00,2,291.40999999999997,31,Остальные,76.14721639878873,97.89914511739705
13347,2011-09-30 13:28:00,2011-09-30 13:28:00,1,291.36,62,Остальные,76.17051013277428,97.90267768026715
14656,2011-03-01 13:19:00,2011-06-23 13:51:00,2,291.05,161,Давно не покупавшие повторные,76.19380386675984,97.9062064845757
14947,2011-08-01 09:31:00,2011-09-28 15:48:00,2,290.82,64,Остальные,76.2170976007454,97.9097325002741
16648,2011-10-28 08:58:00,2011-10-28 08:58:00,1,290.65999999999997,34,Остальные,76.24039133473096,97.91325657606976
15279,2010-12-20 10:48:00,2010-12-20 10:48:00,1,290.51,346,Остальные,76.26368506871651,97.91677883320659
17691,2010-12-06 11:10:00,2010-12-16 17:20:00,2,290.4,350,Давно не покупавшие повторные,76.28697880270207,97.92029975666033
16526,2011-06-21 12:02:00,2011-06-21 12:02:00,1,290.36,163,Остальные,76.31027253668763,97.92382019513836
17081,2011-10-24 13:08:00,2011-11-14 12:56:00,2,290.15999999999997,17,Остальные,76.33356627067319,97.92733820873798
14784,2011-01-20 09:25:00,2011-11-13 13:30:00,2,289.99,18,Остальные,76.35686000465874,97.93085416119096
17464,2011-07-04 13:19:00,2011-07-04 13:19:00,1,289.96,150,Остальные,76.38015373864431,97.93436974991218
14953,2011-11-14 14:59:00,2011-11-14 14:59:00,1,289.82,17,Недавние однократные,76.40344747262986,97.93788364121852
16897,2011-01-30 11:52:00,2011-02-13 15:02:00,2,289.78,291,Давно не покупавшие повторные,76.42674120661542,97.94139704754916
14162,2011-02-20 12:32:00,2011-06-19 11:36:00,2,289.36,165,Давно не покупавшие повторные,76.45003494060097,97.94490536163514
16125,2010-12-07 15:48:00,2010-12-07 15:48:00,1,289.35,359,Остальные,76.47332867458654,97.9484135544772
14549,2011-02-01 13:47:00,2011-02-01 13:47:00,1,289.24,303,Остальные,76.4966224085721,97.95192041363613
17501,2011-05-03 09:46:00,2011-05-03 09:47:00,2,288.6,212,Давно не покупавшие повторные,76.51991614255765,97.95541951318414
16808,2011-03-10 19:05:00,2011-09-01 19:34:00,2,288.42,91,Давно не покупавшие повторные,76.54320987654322,97.95891643034159
15396,2011-08-19 10:56:00,2011-08-19 10:56:00,1,288.18,104,Остальные,76.56650361052877,97.96241043764492
17977,2011-11-10 13:28:00,2011-11-10 13:28:00,1,288.14,21,Недавние однократные,76.58979734451432,97.9659039599726
13521,2011-11-29 15:09:00,2011-11-29 15:09:00,1,287.88,2,Недавние однократные,76.61309107849988,97.96939432995832
17830,2011-02-24 10:15:00,2011-03-23 11:44:00,2,287.65,253,Давно не покупавшие повторные,76.63638481248545,97.97288191133389
17080,2011-03-15 12:05:00,2011-11-17 12:59:00,2,287.62,14,Остальные,76.659678546471,97.97636912897768
17760,2010-12-01 15:08:00,2011-11-18 10:56:00,2,287.59,13,Остальные,76.68297228045655,97.97985598288972
16432,2011-10-06 13:59:00,2011-10-06 13:59:00,1,287.4,56,Остальные,76.70626601444212,97.98334053316728
12519,2011-10-07 09:26:00,2011-10-07 09:26:00,1,286.84,55,Остальные,76.72955974842768,97.98681829378526
13760,2011-03-28 12:52:00,2011-10-16 16:13:00,2,286.79,46,Остальные,76.75285348241323,97.99029544818364
16555,2011-08-22 12:32:00,2011-11-04 14:31:00,2,285.89,27,Остальные,76.77614721639878,97.99376169062919
14660,2011-08-31 10:40:00,2011-09-14 11:34:00,2,285.74,78,Остальные,76.79944095038435,97.99722611441591
17636,2011-11-20 14:40:00,2011-11-20 14:40:00,1,285.56,11,Недавние однократные,76.8227346843699,98.00068835581207
15060,2011-11-30 14:03:00,2011-11-30 14:21:00,3,285.23,1,Активные повторные,76.84602841835546,98.00414659615885
16429,2011-08-25 13:54:00,2011-08-25 13:54:00,1,284.55,98,Остальные,76.86932215234103,98.00759659191903
18190,2011-01-13 10:35:00,2011-05-31 14:48:00,2,284.46000000000004,184,Давно не покупавшие повторные,76.89261588632658,98.01104549648392
13121,2011-03-15 16:47:00,2011-03-15 16:47:00,1,283.73,261,Остальные,76.91590962031214,98.01448555024263
13439,2011-03-29 14:20:00,2011-03-29 14:20:00,1,283.71,247,Остальные,76.93920335429769,98.01792536151348
17783,2011-04-06 10:07:00,2011-09-28 16:07:00,2,283.47,64,Остальные,76.96249708828326,98.02136226293021
17251,2010-12-12 11:06:00,2010-12-12 11:06:00,1,283.28000000000003,354,Остальные,76.98579082226881,98.0247968607125
18270,2011-03-18 12:41:00,2011-11-01 13:57:00,2,283.15000000000003,30,Остальные,77.00908455625436,98.0282298823238
17694,2011-07-21 12:00:00,2011-07-21 12:00:00,1,283.12,133,Остальные,77.03237829023992,98.03166254020333
14350,2011-03-10 14:14:00,2011-03-10 14:14:00,1,282.93,266,Остальные,77.05567202422549,98.03509289444837
13754,2011-01-26 14:58:00,2011-07-11 11:51:00,2,282.6,143,Давно не покупавшие повторные,77.07896575821104,98.03851924764402
13177,2011-10-06 09:56:00,2011-10-06 09:56:00,1,282.45,56,Остальные,77.1022594921966,98.0419437821809
17247,2011-11-24 15:21:00,2011-11-24 15:21:00,1,282.19,7,Недавние однократные,77.12555322618216,98.04536516437582
16557,2011-07-25 13:28:00,2011-11-15 14:04:00,2,281.85,16,Остальные,77.14884696016772,98.04878242427743
17403,2011-11-03 15:18:00,2011-11-03 15:18:00,1,281.62,28,Недавние однократные,77.17214069415327,98.05219689556888
16848,2011-10-18 08:42:00,2011-10-18 08:42:00,1,281.42,44,Остальные,77.19543442813882,98.05560894198193
14242,2011-01-18 08:53:00,2011-04-19 11:46:00,2,280.54999999999995,226,Давно не покупавшие повторные,77.21872816212439,98.05901044017385
13606,2011-02-01 11:42:00,2011-11-10 17:46:00,3,280.53999999999996,21,Активные повторные,77.24202189610995,98.0624118171219
14975,2011-10-13 14:08:00,2011-10-13 14:08:00,1,279.94,49,Остальные,77.2653156300955,98.06580591943468
15556,2011-11-15 16:08:00,2011-11-15 16:08:00,1,279.77,16,Недавние однократные,77.28860936408107,98.06919796060082
14480,2011-11-28 16:35:00,2011-11-28 16:35:00,1,279.05,3,Недавние однократные,77.31190309806662,98.07258127220467
17786,2011-01-26 14:35:00,2011-09-15 12:51:00,2,278.74,77,Остальные,77.33519683205218,98.07596082524701
12515,2010-12-21 15:43:00,2010-12-21 15:43:00,1,278.7,345,Остальные,77.35849056603773,98.07933989331364
14764,2011-10-24 11:54:00,2011-10-24 11:54:00,1,278.3,38,Остальные,77.3817843000233,98.08271411162346
14908,2011-09-26 12:56:00,2011-09-26 12:56:00,1,277.8,66,Остальные,77.40507803400885,98.08608226773723
17968,2010-12-01 12:23:00,2010-12-01 12:23:00,1,277.35,365,Остальные,77.4283717679944,98.08944496787458
13803,2011-03-29 12:57:00,2011-03-29 12:57:00,1,277.07,247,Остальные,77.45166550197997,98.09280427318217
15355,2011-10-17 15:22:00,2011-11-10 13:44:00,2,277.05,21,Остальные,77.47495923596553,98.09616333600191
16883,2010-12-03 10:33:00,2011-06-05 12:51:00,2,276.73,179,Давно не покупавшие повторные,77.49825296995108,98.09951851901621
13272,2011-09-11 12:06:00,2011-11-08 14:00:00,2,276.56,23,Остальные,77.52154670393664,98.10287164088383
14508,2011-09-11 11:29:00,2011-11-17 19:48:00,2,276.41999999999996,14,Остальные,77.5448404379222,98.10622306533658
12750,2011-08-03 09:13:00,2011-08-03 09:13:00,1,275.88,120,Остальные,77.56813417190776,98.1095679426176
14512,2011-04-21 19:05:00,2011-06-05 12:39:00,2,275.28,179,Давно не покупавшие повторные,77.59142790589331,98.1129055452634
12715,2011-08-25 15:22:00,2011-08-25 15:22:00,1,273.86,98,Остальные,77.61472163987887,98.1162259312725
14023,2011-04-03 15:50:00,2011-04-03 15:50:00,1,273.14,242,Остальные,77.63801537386443,98.11953758771928
16727,2010-12-10 13:48:00,2010-12-10 13:48:00,1,272.82,356,Остальные,77.66130910784999,98.12284536436061
17498,2011-09-25 12:25:00,2011-09-25 12:25:00,1,272.22,67,Остальные,77.68460284183554,98.12614586636671
14819,2011-05-31 13:50:00,2011-10-06 13:41:00,2,272.07,56,Остальные,77.70789657582111,98.12944454971402
13917,2011-06-01 12:46:00,2011-10-21 09:56:00,2,272.03999999999996,41,Остальные,77.73119030980666,98.13274286932955
14816,2011-05-26 13:16:00,2011-05-26 13:16:00,1,271.85,189,Остальные,77.75448404379222,98.13603888531057
13058,2011-07-11 12:01:00,2011-11-15 12:43:00,3,271.4,16,Активные повторные,77.77777777777777,98.1393294453152
13837,2011-01-26 12:15:00,2011-05-12 12:10:00,2,271.24,203,Давно не покупавшие повторные,77.80107151176334,98.14261806541708
17767,2011-11-24 14:42:00,2011-11-24 14:42:00,1,271.2,7,Недавние однократные,77.8243652457489,98.14590620054328
17496,2010-12-16 08:39:00,2010-12-16 08:39:00,1,271.05,350,Остальные,77.84765897973445,98.14919251701068
18108,2011-03-30 13:56:00,2011-03-30 13:56:00,1,271.0,246,Остальные,77.87095271372002,98.15247822725847
17011,2011-11-09 13:30:00,2011-11-09 13:30:00,1,270.9,22,Недавние однократные,77.89424644770557,98.15576272506705
17579,2011-06-13 14:12:00,2011-07-25 09:50:00,2,270.86,129,Давно не покупавшие повторные,77.91754018169112,98.15904673789996
15774,2011-10-02 12:04:00,2011-10-02 12:04:00,1,270.8,60,Остальные,77.94083391567668,98.16233002326933
13533,2011-03-17 12:47:00,2011-06-10 11:54:00,3,270.79,174,Давно не покупавшие повторные,77.96412764966225,98.16561318739478
13242,2011-05-10 12:26:00,2011-08-19 12:53:00,3,270.4,104,Давно не покупавшие повторные,77.9874213836478,98.16889162300734
17817,2011-03-07 17:30:00,2011-03-07 17:42:00,2,269.7,269,Давно не покупавшие повторные,78.01071511763335,98.17216157154547
12623,2011-03-08 13:50:00,2011-03-08 13:50:00,1,269.1,268,Остальные,78.03400885161892,98.17542424544834
14727,2011-03-10 14:45:00,2011-03-10 14:45:00,1,268.58,266,Остальные,78.05730258560448,98.17868061466734
15408,2011-03-20 15:02:00,2011-03-20 15:02:00,1,267.18,256,Остальные,78.08059631959003,98.18192000973747
17550,2011-04-10 15:19:00,2011-05-26 14:09:00,3,267.15999999999997,189,Давно не покупавшие повторные,78.10389005357558,98.18515916231975
15320,2011-10-26 13:27:00,2011-10-26 13:27:00,1,267.13,36,Остальные,78.12718378756115,98.18839795117027
17708,2011-01-19 10:09:00,2011-06-05 10:12:00,2,267.08,179,Давно не покупавшие повторные,78.1504775215467,98.1916361338012
15517,2011-04-20 14:02:00,2011-04-20 14:02:00,1,267.03,225,Остальные,78.17377125553226,98.19487371021252
16451,2011-09-13 09:17:00,2011-09-13 09:17:00,1,266.97,79,Остальные,78.19706498951781,98.19811055916031
14863,2011-11-10 15:04:00,2011-11-10 15:04:00,1,266.76,21,Недавние однократные,78.22035872350338,98.20134486198577
15119,2011-04-08 09:08:00,2011-04-08 09:08:00,1,266.40000000000003,237,Остальные,78.24365245748893,98.2045748000301
15019,2011-03-18 12:35:00,2011-03-18 12:35:00,1,266.0,258,Остальные,78.26694619147449,98.2077998883176
14068,2011-01-23 16:02:00,2011-01-23 16:02:00,1,265.85,312,Остальные,78.29023992546006,98.21102315794629
17430,2010-12-09 13:05:00,2011-11-07 09:24:00,2,265.76,24,Остальные,78.31353365944561,98.21424533637969
12703,2011-09-29 17:52:00,2011-09-29 17:52:00,1,265.55,63,Остальные,78.33682739343116,98.21746496869076
14423,2011-05-05 15:12:00,2011-05-05 15:12:00,1,265.2,210,Остальные,78.36012112741672,98.22068035746462
16561,2011-10-11 09:53:00,2011-10-11 09:53:00,1,264.96,51,Остальные,78.38341486140229,98.22389283638437
13973,2011-02-25 15:21:00,2011-02-25 15:21:00,1,264.7,279,Остальные,78.40670859538784,98.2271021629622
15912,2011-04-20 17:10:00,2011-06-14 14:29:00,2,264.62,170,Давно не покупавшие повторные,78.4300023293734,98.23031051958866
14452,2011-09-07 11:32:00,2011-11-29 12:06:00,2,264.44,2,Остальные,78.45329606335896,98.23351669382454
15894,2010-12-05 14:06:00,2011-03-31 13:50:00,2,262.9,245,Давно не покупавшие повторные,78.47658979734452,98.23670419649667
16936,2011-11-14 11:04:00,2011-11-14 11:04:00,1,262.68,17,Недавние однократные,78.49988353133007,98.23988903180252
16413,2011-10-14 12:08:00,2011-10-14 12:08:00,1,262.2,48,Остальные,78.52317726531562,98.24306804740021
17385,2011-11-25 11:02:00,2011-11-25 11:02:00,1,261.11,6,Недавние однократные,78.54647099930119,98.24623384741054
13189,2011-08-16 13:12:00,2011-11-21 10:39:00,2,260.68,10,Остальные,78.56976473328675,98.2493944339323
14053,2011-07-03 12:21:00,2011-08-07 14:27:00,2,260.25,116,Давно не покупавшие повторные,78.5930584672723,98.25254980696545
15014,2011-06-16 19:40:00,2011-10-27 20:07:00,2,260.17,35,Остальные,78.61635220125787,98.25570421004726
15143,2011-04-28 12:03:00,2011-04-28 12:03:00,1,259.45,217,Остальные,78.63964593524342,98.25884988356677
17125,2011-10-20 14:41:00,2011-10-20 14:41:00,1,259.35,42,Остальные,78.66293966922898,98.26199434464706
13127,2011-09-23 10:26:00,2011-09-23 10:26:00,1,259.17,69,Остальные,78.68623340321453,98.2651366233368
16447,2011-07-27 12:45:00,2011-07-27 12:45:00,1,259.01,127,Остальные,78.7095271372001,98.26827696212382
15577,2011-02-07 13:32:00,2011-07-11 17:03:00,3,258.88,143,Давно не покупавшие повторные,78.73282087118565,98.27141572473985
13277,2011-07-29 10:06:00,2011-11-24 09:21:00,4,258.4,7,Активные повторные,78.7561146051712,98.27454866764772
13369,2010-12-09 11:30:00,2010-12-09 11:30:00,1,258.28000000000003,357,Остальные,78.77940833915677,98.27768015562854
13227,2011-05-22 11:47:00,2011-05-22 11:47:00,1,257.7,193,Остальные,78.80270207314233,98.28080461146195
14375,2011-06-07 13:44:00,2011-06-07 13:44:00,1,257.68,177,Остальные,78.82599580712788,98.28392882480753
18009,2011-04-18 13:36:00,2011-04-18 13:36:00,1,257.34,227,Остальные,78.84928954111344,98.28704891585978
13626,2011-04-01 10:05:00,2011-04-01 10:05:00,1,257.23,244,Остальные,78.872583275099,98.29016767322895
16048,2010-12-01 15:27:00,2010-12-01 15:28:00,2,256.44000000000005,365,Давно не покупавшие повторные,78.89587700908456,98.29327685232836
13806,2011-10-07 11:43:00,2011-10-07 11:43:00,1,256.38,55,Остальные,78.91917074307011,98.29638530396427
17896,2011-11-16 13:59:00,2011-11-16 13:59:00,1,256.32,15,Недавние однократные,78.94246447705567,98.29949302813664
12785,2010-12-10 13:48:00,2010-12-10 13:48:00,1,255.95,356,Остальные,78.96575821104123,98.30259626628396
14761,2011-01-09 12:03:00,2011-10-12 12:10:00,2,255.9,50,Остальные,78.98905194502679,98.30569889821167
15277,2011-10-24 10:08:00,2011-10-24 10:08:00,1,255.89999999999998,38,Остальные,79.01234567901234,98.30880153013939
14881,2011-11-20 11:06:00,2011-11-20 11:06:00,1,255.4,11,Недавние однократные,79.03563941299791,98.31189809987107
16226,2011-04-18 12:58:00,2011-05-20 14:41:00,3,255.12,195,Давно не покупавшие повторные,79.05893314698346,98.31499127477296
14594,2010-12-01 13:54:00,2010-12-01 13:54:00,1,255.0,365,Остальные,79.08222688096902,98.31808299474783
15261,2011-07-27 15:20:00,2011-07-27 15:20:00,1,254.82,127,Остальные,79.10552061495457,98.32117253233213
14765,2011-06-16 19:49:00,2011-11-10 19:53:00,3,254.11,21,Активные повторные,79.12881434894014,98.32425346159805
15689,2010-12-13 09:57:00,2011-08-12 09:37:00,2,254.1,111,Давно не покупавшие повторные,79.1521080829257,98.32733426962005
16968,2011-08-24 10:51:00,2011-08-24 10:51:00,1,253.31,99,Остальные,79.17540181691125,98.33040549937232
15759,2010-12-16 15:29:00,2011-05-05 15:13:00,3,253.04000000000002,210,Давно не покупавшие повторные,79.19869555089682,98.33347345553875
17860,2010-12-06 12:41:00,2010-12-06 12:41:00,1,252.8,360,Остальные,79.22198928488237,98.33653850185108
15035,2011-09-11 11:08:00,2011-09-11 11:08:00,1,252.73000000000002,81,Остальные,79.24528301886792,98.33960269945598
15346,2011-01-11 11:18:00,2011-01-11 11:18:00,1,252.42000000000002,324,Остальные,79.26857675285348,98.34266313849932
13645,2011-08-11 16:11:00,2011-08-11 16:11:00,1,252.1,112,Остальные,79.29187048683904,98.3457196977372
13711,2011-05-05 10:29:00,2011-05-05 10:31:00,2,252.06,210,Давно не покупавшие повторные,79.3151642208246,98.3487757719994
16330,2011-08-19 17:08:00,2011-11-22 12:24:00,3,251.91,9,Активные повторные,79.33845795481015,98.3518300276028
16836,2011-08-15 12:38:00,2011-10-31 10:05:00,2,251.87,31,Остальные,79.36175168879572,98.35488379823052
17155,2011-06-15 10:22:00,2011-11-22 12:38:00,2,251.7,9,Остальные,79.38504542278127,98.35793550771157
16976,2011-03-17 16:33:00,2011-03-17 16:33:00,1,251.51999999999998,259,Остальные,79.40833915676683,98.36098503480207
13512,2011-03-24 10:03:00,2011-03-24 10:03:00,1,251.21,252,Остальные,79.43163289075238,98.36403080333103
14501,2011-01-24 10:43:00,2011-06-09 12:02:00,2,251.21,175,Давно не покупавшие повторные,79.45492662473795,98.36707657185998
13207,2011-07-12 11:35:00,2011-11-24 14:52:00,2,250.26,7,Остальные,79.4782203587235,98.37011082221649
16596,2010-12-08 16:18:00,2011-11-24 10:02:00,2,250.15,7,Остальные,79.50151409270906,98.37314373888987
17303,2010-12-13 13:32:00,2010-12-13 13:32:00,1,250.04,353,Остальные,79.52480782669461,98.37617532188011
15510,2011-01-13 12:10:00,2011-01-13 12:10:00,1,250.0,322,Остальные,79.54810156068018,98.37920641989467
17456,2010-12-09 15:23:00,2010-12-09 15:23:00,1,249.85999999999999,357,Остальные,79.57139529466573,98.38223582049436
16124,2011-01-26 14:45:00,2011-01-26 14:45:00,1,249.0,309,Остальные,79.59468902865129,98.38525479411686
13061,2011-09-28 16:04:00,2011-09-28 16:04:00,1,248.61,64,Остальные,79.61798276263686,98.38826903922649
17111,2011-10-23 15:59:00,2011-10-23 15:59:00,1,248.61,39,Остальные,79.64127649662241,98.39128328433608
18212,2011-01-17 16:14:00,2011-01-17 16:14:00,1,248.42,318,Остальные,79.66457023060796,98.3942952258112
16510,2010-12-02 13:39:00,2010-12-02 13:39:00,1,248.1,364,Остальные,79.68786396459352,98.39730328748084
13592,2011-03-20 14:01:00,2011-11-04 09:49:00,4,247.95999999999998,27,Активные повторные,79.71115769857909,98.40030965173561
12719,2011-10-05 14:50:00,2011-10-05 14:50:00,1,247.60000000000002,57,Остальные,79.73445143256464,98.40331165120924
18072,2011-06-07 10:44:00,2011-06-07 10:44:00,1,247.44,177,Остальные,79.7577451665502,98.40631171078013
17051,2011-05-29 14:13:00,2011-05-29 14:13:00,1,247.14,186,Остальные,79.78103890053576,98.4093081330334
16495,2011-03-08 16:38:00,2011-03-08 16:39:00,2,246.51,268,Давно не покупавшие повторные,79.80433263452132,98.41229691691969
15783,2011-11-29 09:50:00,2011-11-29 09:50:00,1,246.3,2,Недавние однократные,79.82762636850687,98.41528315468364
17278,2011-04-12 13:10:00,2011-04-12 13:10:00,1,246.04,233,Остальные,79.85092010249242,98.41826624010565
16024,2011-11-27 13:26:00,2011-11-27 13:26:00,1,245.96,4,Недавние однократные,79.87421383647799,98.42124835557631
16778,2011-03-10 15:21:00,2011-09-26 13:48:00,2,245.94,66,Остальные,79.89750757046355,98.42423022855911
17771,2011-01-20 14:13:00,2011-10-14 11:43:00,2,245.32999999999998,48,Остальные,79.9208013044491,98.42720470566277
15118,2011-07-28 14:54:00,2011-07-28 14:54:00,1,244.8,126,Остальные,79.94409503843467,98.43017275683863
17892,2011-07-07 12:56:00,2011-10-14 16:49:00,3,244.1,48,Активные повторные,79.96738877242022,98.43313232094006
17925,2010-12-02 10:10:00,2010-12-02 10:10:00,1,244.08,364,Остальные,79.99068250640578,98.43609164255363
13103,2011-10-31 09:38:00,2011-10-31 09:38:00,1,243.94,31,Остальные,80.01397624039133,98.43904926675233
16793,2011-10-13 15:08:00,2011-10-13 15:08:00,1,243.84,49,Остальные,80.0372699743769,98.44200567851182
18193,2011-06-27 13:58:00,2011-06-27 13:58:00,1,243.76,157,Остальные,80.06056370836245,98.44496112031995
16601,2011-10-30 11:09:00,2011-10-30 11:09:00,1,243.63,32,Остальные,80.083857442348,98.4479149859571
13886,2011-09-29 13:17:00,2011-09-29 13:17:00,1,243.56,63,Остальные,80.10715117633356,98.45086800288679
15634,2011-11-22 16:28:00,2011-11-22 16:28:00,1,243.55,9,Недавние однократные,80.13044491031913,98.45382089857257
17339,2010-12-09 14:44:00,2011-09-06 13:29:00,2,243.36,86,Остальные,80.15373864430468,98.4567714906239
17908,2010-12-01 11:45:00,2010-12-01 11:45:00,1,243.28,365,Остальные,80.17703237829024,98.45972111272383
14647,2011-05-22 13:40:00,2011-05-22 13:40:00,1,243.22,193,Остальные,80.2003261122758,98.46267000736024
16215,2011-09-20 10:18:00,2011-09-20 10:18:00,1,242.35,72,Остальные,80.22361984626136,98.46560835377555
15877,2011-11-22 11:18:00,2011-11-22 11:18:00,1,242.26,9,Недавние однократные,80.24691358024691,98.46854560899558
15776,2011-07-29 13:46:00,2011-07-29 13:46:00,1,241.62,125,Остальные,80.27020731423247,98.47147510460469
14523,2011-08-23 13:13:00,2011-08-23 13:13:00,1,241.09,100,Остальные,80.29350104821803,98.47439817428602
16427,2011-02-28 15:18:00,2011-03-21 17:10:00,2,241.06,255,Давно не покупавшие повторные,80.31679478220359,98.4773208802356
15598,2011-10-17 16:04:00,2011-10-17 16:04:00,1,240.68,45,Остальные,80.34008851618914,98.48023897891616
15286,2011-10-21 11:08:00,2011-10-21 11:08:00,1,240.55,41,Остальные,80.36338225017471,98.48315550142577
13565,2011-01-09 14:28:00,2011-11-20 14:33:00,2,240.22,11,Остальные,80.38667598416026,98.486068022886
17256,2011-01-31 14:53:00,2011-08-24 13:30:00,2,240.0,99,Давно не покупавшие повторные,80.40996971814582,98.48897787697999
17181,2010-12-01 12:38:00,2011-10-13 14:48:00,2,239.92000000000002,49,Остальные,80.43326345213137,98.49188676112261
13570,2011-04-10 13:36:00,2011-04-10 13:36:00,1,239.49,235,Остальные,80.45655718611694,98.49479043177665
16851,2011-10-19 09:48:00,2011-10-28 12:33:00,2,239.45999999999998,34,Остальные,80.47985092010249,98.49769373869891
17684,2011-10-27 11:10:00,2011-10-27 11:10:00,1,239.41,35,Остальные,80.50314465408805,98.50059643940159
16756,2011-05-09 09:33:00,2011-05-09 09:33:00,1,239.4,206,Остальные,80.52643838807361,98.50349901886035
12561,2011-02-10 11:39:00,2011-02-10 11:39:00,1,238.85,294,Остальные,80.54973212205917,98.50639492990345
15850,2011-06-24 14:16:00,2011-11-20 14:14:00,2,238.85,11,Остальные,80.57302585604472,98.50929084094656
17877,2011-06-22 13:00:00,2011-06-22 13:00:00,1,237.60999999999999,162,Остальные,80.59631959003028,98.51217171774353
14586,2011-03-08 10:04:00,2011-03-08 10:04:00,1,237.36,268,Остальные,80.61961332401584,98.51504956344249
15457,2011-03-22 15:31:00,2011-03-22 15:31:00,1,237.07,254,Остальные,80.6429070580014,98.51792389306775
17835,2011-11-16 16:30:00,2011-11-30 11:17:00,2,236.5,1,Остальные,80.66620079198695,98.52079131178952
18110,2011-11-20 12:34:00,2011-11-20 12:34:00,1,236.3,11,Недавние однократные,80.68949452597252,98.5236563056329
12604,2011-03-23 12:06:00,2011-09-21 14:08:00,2,236.18,71,Остальные,80.71278825995807,98.5265198445492
16026,2011-10-27 13:53:00,2011-10-27 13:53:00,1,236.09,35,Остальные,80.73608199394363,98.52938229227023
13187,2011-01-06 18:57:00,2011-01-06 18:57:00,1,236.02,329,Остальные,80.75937572792918,98.53224389128383
13417,2011-05-18 16:26:00,2011-05-18 16:26:00,1,236.0,197,Остальные,80.78266946191475,98.53510524780958
15462,2011-06-05 15:36:00,2011-09-06 13:11:00,3,234.6,86,Остальные,80.8059631959003,98.53794963018645
14473,2011-03-02 13:56:00,2011-09-26 15:10:00,2,234.34,66,Остальные,80.82925692988586,98.54079086022136
17060,2011-03-18 13:27:00,2011-03-18 13:27:00,1,234.24,258,Остальные,80.85255066387141,98.54363087781711
16961,2011-08-15 13:46:00,2011-08-15 13:46:00,1,234.17,108,Остальные,80.87584439785698,98.5464700467054
15483,2011-03-18 12:26:00,2011-07-01 13:07:00,4,233.81,153,Давно не покупавшие повторные,80.89913813184253,98.54930485081252
13348,2011-10-06 17:28:00,2011-10-06 17:28:00,1,233.76,56,Остальные,80.92243186582809,98.55213904870006
16583,2010-12-01 12:03:00,2010-12-01 12:03:00,1,233.45000000000002,365,Остальные,80.94572559981366,98.55496948802606
14995,2011-03-04 13:14:00,2011-11-01 11:39:00,2,233.23000000000002,30,Остальные,80.96901933379921,98.55779725998582
16302,2011-08-05 09:44:00,2011-08-05 09:44:00,1,233.22,118,Остальные,80.99231306778476,98.56062491070163
13678,2011-07-11 10:14:00,2011-07-11 10:14:00,1,232.6,143,Остальные,81.01560680177032,98.56344504429438
18213,2011-04-17 10:21:00,2011-04-17 10:21:00,1,232.48000000000002,228,Остальные,81.03890053575589,98.56626372296009
16117,2011-06-03 11:42:00,2011-06-03 11:42:00,1,232.21,181,Остальные,81.06219426974144,98.56907912803995
15393,2011-03-03 16:58:00,2011-11-23 16:48:00,2,231.86,8,Остальные,81.085488003727,98.57189028958258
16641,2011-08-26 12:49:00,2011-08-26 12:49:00,1,231.1,97,Остальные,81.10878173771256,98.57469223658724
15866,2011-08-30 14:09:00,2011-08-30 14:09:00,1,230.53,93,Остальные,81.13207547169812,98.57748727268844
16445,2011-11-06 12:32:00,2011-11-06 12:32:00,1,230.51,25,Недавние однократные,81.15536920568367,98.58028206630178
13786,2010-12-07 13:53:00,2010-12-07 13:53:00,1,230.39999999999998,359,Остальные,81.17866293966922,98.58307552623202
16926,2010-12-03 13:42:00,2010-12-03 13:42:00,1,230.25,363,Остальные,81.20195667365479,98.58586716750344
13960,2011-09-29 12:39:00,2011-11-18 15:27:00,2,230.22,13,Остальные,81.22525040764035,98.58865844504307
12812,2011-10-26 09:54:00,2011-10-26 09:54:00,1,229.64000000000001,36,Остальные,81.2485441416259,98.59144269043533
13474,2011-04-17 13:53:00,2011-04-17 13:53:00,1,229.59,228,Остальные,81.27183787561147,98.59422632960799
13008,2011-01-20 14:24:00,2011-01-20 14:24:00,1,229.46999999999997,315,Остальные,81.29513160959702,98.5970085138536
15528,2011-03-30 16:14:00,2011-03-30 16:14:00,1,229.33,246,Остальные,81.31842534358258,98.59978900068432
14793,2011-11-18 14:50:00,2011-11-18 14:50:00,1,228.99,13,Недавние однократные,81.34171907756813,98.60256536522174
17347,2011-09-14 13:12:00,2011-09-14 13:12:00,1,228.96,78,Остальные,81.3650128115537,98.6053413660274
13146,2011-11-13 15:29:00,2011-11-13 15:29:00,1,228.91,18,Недавние однократные,81.38830654553925,98.60811676061346
13712,2011-04-07 12:33:00,2011-04-07 12:33:00,1,228.84,238,Остальные,81.4116002795248,98.61089130649206
13070,2011-05-31 13:45:00,2011-05-31 13:45:00,1,228.8,184,Остальные,81.43489401351036,98.613665367395
17969,2010-12-13 15:34:00,2011-06-26 13:00:00,2,228.2,158,Давно не покупавшие повторные,81.45818774749593,98.6164321536627
16527,2011-09-19 16:21:00,2011-09-19 16:21:00,1,228.06000000000003,73,Остальные,81.48148148148148,98.61919724251551
13954,2011-09-30 10:52:00,2011-09-30 10:52:00,1,227.41,62,Остальные,81.50477521546703,98.62195445051347
12492,2011-08-26 14:51:00,2011-10-07 15:15:00,2,227.21,55,Остальные,81.5280689494526,98.62470923363303
12660,2011-11-28 13:26:00,2011-11-28 13:26:00,1,227.1,3,Недавние однократные,81.55136268343816,98.62746268306945
17212,2011-03-31 19:42:00,2011-03-31 19:42:00,1,226.85,245,Остальные,81.57465641742371,98.63021310140786
17194,2010-12-14 12:06:00,2010-12-14 12:06:00,1,226.78,352,Остальные,81.59795015140926,98.63296267103884
17572,2010-12-01 12:51:00,2011-09-29 17:53:00,4,226.75,63,Остальные,81.62124388539483,98.63571187693805
16315,2011-01-13 11:57:00,2011-01-13 11:57:00,1,226.37,322,Остальные,81.64453761938039,98.63845647556828
16777,2011-03-27 14:34:00,2011-09-20 13:41:00,2,226.35,72,Остальные,81.66783135336594,98.64120083171066
16619,2011-03-21 08:18:00,2011-03-21 08:18:00,1,226.21,255,Остальные,81.69112508735151,98.64394349043816
12797,2010-12-09 10:55:00,2010-12-09 10:55:00,1,226.03,357,Остальные,81.71441882133706,98.6466839667751
12672,2011-01-14 09:20:00,2011-01-14 09:20:00,1,225.9,321,Остальные,81.73771255532262,98.64942286694108
17789,2011-03-03 13:14:00,2011-03-03 13:14:00,1,225.9,273,Остальные,81.76100628930817,98.65216176710703
14624,2011-10-11 14:39:00,2011-10-13 13:44:00,2,225.85,49,Остальные,81.78430002329374,98.6549000610534
14357,2011-10-27 16:23:00,2011-10-27 16:23:00,1,225.77,35,Остальные,81.80759375727929,98.65763738504837
16690,2011-05-22 10:53:00,2011-09-28 15:02:00,2,225.57999999999998,64,Остальные,81.83088749126485,98.66037240540888
14052,2011-11-20 12:30:00,2011-11-20 12:30:00,1,225.36,11,Недавние однократные,81.85418122525041,98.66310475840314
16587,2011-04-21 15:51:00,2011-04-21 15:51:00,1,225.15,224,Остальные,81.87747495923597,98.66583456527506
17171,2011-02-23 16:37:00,2011-02-23 16:37:00,1,224.91,281,Остальные,81.90076869322152,98.66856146229289
16933,2011-04-14 13:33:00,2011-04-14 13:33:00,1,224.73,231,Остальные,81.92406242720708,98.67128617692013
15175,2011-09-29 11:31:00,2011-09-29 11:31:00,1,224.14,63,Остальные,81.94735616119264,98.67400373815607
16471,2011-03-10 09:41:00,2011-03-10 09:41:00,1,223.95000000000002,266,Остальные,81.9706498951782,98.67671899575753
16753,2011-10-12 13:14:00,2011-10-12 13:14:00,1,223.92000000000002,50,Остальные,81.99394362916375,98.6794338896272
14929,2011-11-07 17:21:00,2011-11-07 17:21:00,1,223.88,24,Недавние однократные,82.0172373631493,98.68214829852121
13926,2011-11-16 13:16:00,2011-11-16 13:16:00,1,223.85000000000002,15,Недавние однократные,82.04053109713487,98.68486234368346
18101,2011-07-19 13:05:00,2011-11-28 13:37:00,2,223.65,3,Остальные,82.06382483112043,98.68757396396728
15637,2011-10-18 08:28:00,2011-10-18 08:28:00,1,223.36,44,Остальные,82.08711856510598,98.69028206817742
17534,2011-10-17 12:47:00,2011-10-17 12:47:00,1,223.36,45,Остальные,82.11041229909155,98.69299017238757
13382,2011-03-04 10:03:00,2011-03-04 10:03:00,1,222.99,272,Остальные,82.1337060330771,98.69569379057265
15897,2011-05-29 13:32:00,2011-05-29 13:50:00,2,222.05,186,Давно не покупавшие повторные,82.15699976706266,98.69838601182919
14598,2011-10-26 13:19:00,2011-10-26 13:19:00,1,221.97,36,Остальные,82.18029350104821,98.70107726313435
16392,2011-03-15 12:11:00,2011-03-15 12:11:00,1,221.19,261,Остальные,82.20358723503378,98.70375905741372
13419,2011-10-07 12:49:00,2011-10-07 12:49:00,1,221.06,55,Остальные,82.22688096901933,98.70643927552211
12673,2011-01-17 11:46:00,2011-01-17 11:46:00,1,220.9,318,Остальные,82.25017470300489,98.7091175537278
15790,2011-11-29 14:53:00,2011-11-29 14:53:00,1,220.85,2,Недавние однократные,82.27346843699046,98.71179522571386
16482,2011-11-24 12:33:00,2011-11-24 12:33:00,1,220.62,7,Недавние однократные,82.29676217097601,98.71447010908975
18154,2011-10-27 10:40:00,2011-10-27 10:40:00,1,220.48999999999998,35,Остальные,82.32005590496156,98.71714341629468
18114,2011-02-22 13:20:00,2011-02-22 13:20:00,1,220.1,282,Остальные,82.34334963894712,98.7198119949867
13600,2011-01-31 15:27:00,2011-01-31 15:27:00,1,219.52,304,Остальные,82.36664337293269,98.72247354153131
15096,2011-10-28 10:27:00,2011-10-28 10:27:00,1,219.39000000000001,34,Остальные,82.38993710691824,98.72513351190499
16895,2011-10-06 12:15:00,2011-10-06 12:15:00,1,219.14000000000001,56,Остальные,82.4132308409038,98.72779045118062
13669,2011-07-13 11:44:00,2011-10-20 09:32:00,2,218.55,42,Остальные,82.43652457488936,98.73044023706494
17619,2011-01-31 14:18:00,2011-01-31 14:18:00,1,218.52,304,Остальные,82.45981830887492,98.73308965921751
13428,2011-11-29 14:20:00,2011-11-29 14:20:00,1,218.47,2,Недавние однократные,82.48311204286047,98.73573847515048
12732,2011-06-13 11:33:00,2011-06-13 11:33:00,1,218.26000000000002,171,Остальные,82.50640577684602,98.73838474496112
15724,2011-02-28 10:40:00,2011-05-22 14:40:00,2,218.25,193,Давно не покупавшие повторные,82.52969951083159,98.74103089352784
16634,2010-12-02 17:41:00,2011-05-01 12:09:00,2,217.9,214,Давно не покупавшие повторные,82.55299324481715,98.74367279855734
13404,2011-05-11 11:57:00,2011-05-11 11:57:00,1,217.81,204,Остальные,82.5762869788027,98.74631361239155
13271,2011-11-02 14:31:00,2011-11-02 14:31:00,1,217.38,29,Недавние однократные,82.59958071278825,98.74894921273717
14570,2011-03-04 10:39:00,2011-03-04 10:58:00,2,217.21,272,Давно не покупавшие повторные,82.62287444677382,98.75158275193614
15554,2011-03-07 09:00:00,2011-03-07 09:00:00,1,217.2,269,Остальные,82.64616818075937,98.75421616989121
16080,2011-03-10 14:44:00,2011-09-19 10:42:00,2,217.16,73,Остальные,82.66946191474493,98.75684910287058
13739,2011-11-21 13:35:00,2011-11-21 13:35:00,1,216.9,10,Недавние однократные,82.6927556487305,98.75947888350801
13503,2011-09-29 13:23:00,2011-09-29 13:23:00,1,216.85,63,Остальные,82.71604938271605,98.76210805792584
15460,2010-12-20 16:08:00,2010-12-20 16:08:00,1,216.76,346,Остальные,82.7393431167016,98.76473614114839
12897,2011-02-11 11:40:00,2011-05-19 12:13:00,2,216.5,196,Давно не покупавшие повторные,82.76263685068716,98.767361072029
12430,2011-10-27 15:09:00,2011-10-27 15:09:00,1,216.4,35,Остальные,82.78593058467273,98.76998479047042
15604,2011-10-18 14:47:00,2011-10-18 14:47:00,1,216.39,44,Остальные,82.80922431865828,98.7726083876679
14104,2011-06-27 12:49:00,2011-07-08 12:50:00,2,216.21,146,Давно не покупавшие повторные,82.83251805264383,98.77522980247483
13858,2011-10-13 16:17:00,2011-10-13 16:17:00,1,216.17,49,Остальные,82.8558117866294,98.77785073230606
16179,2011-10-10 09:41:00,2011-10-10 09:41:00,1,215.83,52,Остальные,82.87910552061496,98.780467539844
15052,2011-01-24 15:52:00,2011-01-24 15:52:00,1,215.78,311,Остальные,82.90239925460051,98.78308374116233
14476,2011-03-27 15:39:00,2011-03-27 15:39:00,1,215.7,249,Остальные,82.92569298858606,98.78569897252929
16189,2011-09-15 15:21:00,2011-11-24 11:47:00,2,215.48,7,Остальные,82.94898672257163,98.78831153653
16190,2011-10-30 15:59:00,2011-10-30 15:59:00,1,215.08,32,Остальные,82.97228045655719,98.7909192507739
12831,2011-03-22 13:02:00,2011-03-22 13:02:00,1,215.04999999999998,254,Остальные,82.99557419054274,98.79352660128603
16338,2011-07-05 13:56:00,2011-07-05 13:56:00,1,214.8,149,Остальные,83.01886792452831,98.79613092070014
16411,2010-12-05 13:26:00,2011-11-20 13:23:00,2,214.65,11,Остальные,83.04216165851386,98.79873342145545
16846,2011-10-20 13:55:00,2011-10-20 13:55:00,1,214.32,42,Остальные,83.06545539249942,98.80133192116139
16647,2011-05-19 09:31:00,2011-06-23 11:47:00,2,214.06,161,Давно не покупавшие повторные,83.08874912648497,98.80392726852537
14601,2011-11-29 09:48:00,2011-11-29 09:48:00,1,213.96,2,Недавние однократные,83.11204286047054,98.80652140345015
13621,2011-08-15 08:26:00,2011-08-15 08:26:00,1,213.85,108,Остальные,83.13533659445609,98.80911420469181
17153,2011-11-15 13:42:00,2011-11-15 13:42:00,1,213.78,16,Недавние однократные,83.15863032844165,98.81170615722603
14241,2011-06-09 11:46:00,2011-06-09 11:46:00,1,213.70000000000002,175,Остальные,83.18192406242721,98.81429713980889
13411,2011-08-24 13:57:00,2011-08-24 13:57:00,1,213.55,99,Остальные,83.20521779641277,98.81688630373293
16591,2011-10-02 10:43:00,2011-10-02 10:43:00,1,213.5,60,Остальные,83.22851153039832,98.81947486143736
15540,2011-11-28 13:51:00,2011-11-28 13:51:00,1,213.3,3,Недавние однократные,83.25180526438388,98.8220609942634
14984,2011-06-12 11:04:00,2011-11-20 14:28:00,2,213.27,11,Остальные,83.27509899836944,98.82464676335765
16322,2011-11-03 14:33:00,2011-11-03 14:33:00,1,213.07999999999998,28,Недавние однократные,83.298392732355,98.82723022881743
16519,2010-12-09 14:08:00,2011-11-14 15:41:00,2,212.98000000000002,17,Остальные,83.32168646634055,98.829812481838
17580,2010-12-16 15:27:00,2011-04-01 12:41:00,3,212.76999999999998,244,Давно не покупавшие повторные,83.3449802003261,98.83239218873624
16017,2011-10-23 12:56:00,2011-10-23 12:56:00,1,211.88,39,Остальные,83.36827393431167,98.83496110492554
16356,2011-03-07 12:31:00,2011-05-26 11:51:00,3,211.76999999999998,189,Давно не покупавшие повторные,83.39156766829723,98.8375286874317
15703,2011-03-20 10:51:00,2011-03-20 10:51:00,1,211.5,256,Остальные,83.41486140228278,98.84009299635203
12995,2011-09-15 15:44:00,2011-09-15 15:44:00,1,211.32,77,Остальные,83.43815513626835,98.8426551228818
16415,2011-10-26 13:35:00,2011-10-26 13:35:00,1,210.35,36,Остальные,83.4614488702539,98.84520548875123
13532,2011-11-06 12:25:00,2011-11-06 12:25:00,1,210.31,25,Недавние однократные,83.48474260423946,98.84775536964501
13828,2011-11-17 16:02:00,2011-11-17 16:02:00,1,209.49,14,Недавние однократные,83.50803633822501,98.8502953085373
17855,2010-12-02 09:44:00,2010-12-02 09:44:00,1,208.97,364,Остальные,83.53133007221058,98.8528289427457
15327,2011-10-18 11:55:00,2011-10-18 11:55:00,1,208.75,44,Остальные,83.55462380619613,98.85535990958788
17514,2011-08-03 15:45:00,2011-08-03 15:45:00,1,208.65,120,Остальные,83.57791754018169,98.85788966399083
16914,2011-11-03 15:27:00,2011-11-03 15:27:00,1,208.46,28,Недавние однократные,83.60121127416726,98.8604171147593
16457,2011-05-05 13:19:00,2011-05-05 13:19:00,1,208.36,210,Остальные,83.62450500815281,98.86294335308855
17232,2011-11-25 12:24:00,2011-11-25 12:24:00,1,208.04,6,Недавние однократные,83.64779874213836,98.86546571161236
18191,2011-03-23 12:08:00,2011-03-23 12:08:00,1,207.79999999999998,253,Остальные,83.67109247612392,98.86798516028206
16866,2011-07-01 12:34:00,2011-07-22 10:06:00,3,207.73999999999998,132,Давно не покупавшие повторные,83.69438621010949,98.87050388148825
16323,2011-05-27 14:48:00,2011-05-27 14:48:00,1,207.50000000000003,188,Остальные,83.71767994409504,98.87301969284033
17923,2011-03-02 15:15:00,2011-03-02 15:15:00,1,207.50000000000003,274,Остальные,83.74097367808059,98.87553550419243
16752,2010-12-02 12:18:00,2010-12-02 12:18:00,1,207.5,364,Остальные,83.76426741206616,98.87805131554451
13099,2011-09-01 17:40:00,2011-09-01 17:40:00,1,207.35999999999999,91,Остальные,83.78756114605171,98.88056542948173
15925,2011-05-29 15:35:00,2011-05-29 15:35:00,1,207.15,186,Остальные,83.81085488003727,98.8830769972966
15820,2011-01-24 12:00:00,2011-01-24 12:00:00,1,206.98,311,Остальные,83.83414861402282,98.88558650396482
17166,2011-05-20 08:18:00,2011-11-01 09:46:00,2,206.34,30,Остальные,83.85744234800839,98.88808825102213
14964,2011-04-06 14:13:00,2011-04-06 14:13:00,1,206.21,239,Остальные,83.88073608199394,98.89058842190846
13065,2010-12-01 16:52:00,2010-12-01 16:52:00,1,205.86,365,Остальные,83.9040298159795,98.89308434925759
17670,2011-04-26 09:12:00,2011-04-26 09:12:00,1,205.7,219,Остальные,83.92732354996505,98.89557833670398
15307,2011-09-05 11:38:00,2011-09-05 11:38:00,1,205.3,87,Остальные,83.95061728395062,98.89806747439353
15758,2011-11-15 10:48:00,2011-11-15 10:48:00,1,205.25,16,Недавние однократные,83.97391101793617,98.90055600586349
13513,2011-08-05 11:50:00,2011-08-05 11:50:00,1,205.1,118,Остальные,83.99720475192173,98.90304271867463
15319,2011-03-01 12:48:00,2011-03-01 12:48:00,1,204.5,275,Остальные,84.0204984859073,98.90552215685054
18126,2011-10-10 12:19:00,2011-10-10 12:19:00,1,204.49,52,Остальные,84.04379221989285,98.90800147378253
17206,2011-10-17 13:25:00,2011-10-17 13:25:00,1,204.24,45,Остальные,84.0670859538784,98.91047775961653
17187,2011-04-27 12:39:00,2011-04-27 12:39:00,1,203.95,218,Остальные,84.09037968786396,98.91295052937681
17889,2011-01-21 17:14:00,2011-05-11 16:26:00,2,203.87,204,Давно не покупавшие повторные,84.11367342184953,98.91542232918573
17394,2011-05-04 13:22:00,2011-05-04 13:22:00,1,203.86999999999998,211,Остальные,84.13696715583508,98.91789412899465
17891,2011-06-30 20:08:00,2011-06-30 20:08:00,1,203.85999999999999,154,Остальные,84.16026088982063,98.92036580755965
17376,2011-02-01 14:12:00,2011-09-30 12:36:00,2,203.2,62,Остальные,84.1835546238062,98.92282948402588
15723,2010-12-10 11:12:00,2010-12-10 11:12:00,1,203.1,356,Остальные,84.20684835779176,98.92529194805292
14381,2011-10-18 17:10:00,2011-10-18 17:10:00,1,202.68,44,Остальные,84.23014209177731,98.92774931983529
18169,2011-10-10 12:18:00,2011-10-10 12:18:00,1,202.65,52,Остальные,84.25343582576286,98.9302063278859
12718,2011-09-29 16:38:00,2011-09-29 16:38:00,1,202.25,63,Остальные,84.27672955974843,98.93265848617968
14385,2011-11-16 11:55:00,2011-11-30 15:36:00,3,202.10999999999999,1,Активные повторные,84.30002329373399,98.93510894705858
15347,2010-12-08 15:25:00,2010-12-08 15:25:00,1,201.60000000000002,358,Остальные,84.32331702771954,98.93755322449752
13295,2010-12-15 11:21:00,2010-12-15 11:21:00,1,201.20000000000002,351,Остальные,84.34661076170511,98.93999265217964
13284,2011-01-13 09:23:00,2011-01-13 09:23:00,1,201.19,322,Остальные,84.36990449569066,98.94243195861786
13859,2011-01-17 16:14:00,2011-01-17 16:14:00,1,201.16,318,Остальные,84.39319822967622,98.9448709013243
17988,2011-01-17 11:59:00,2011-11-28 11:00:00,7,201.12,3,Активные повторные,84.41649196366177,98.94730935905505
12702,2011-11-20 10:36:00,2011-11-20 10:36:00,1,201.0,11,Недавние однократные,84.43978569764734,98.94974636185877
17693,2011-07-25 15:48:00,2011-07-25 15:48:00,1,200.47,129,Остальные,84.46307943163289,98.9521769387347
13262,2011-03-21 15:06:00,2011-03-21 15:06:00,1,200.29,255,Остальные,84.48637316561845,98.95460533322004
15437,2011-03-22 13:11:00,2011-03-22 13:11:00,1,200.16,254,Остальные,84.509666899604,98.95703215153442
13980,2011-10-10 13:34:00,2011-10-10 13:34:00,1,200.14,52,Остальные,84.53296063358957,98.95945872736095
14782,2011-01-24 11:12:00,2011-01-24 11:12:00,1,200.10000000000002,311,Остальные,84.55625436757512,98.9618848182118
13723,2011-05-06 17:04:00,2011-05-06 17:04:00,1,199.85000000000002,209,Остальные,84.57954810156068,98.96430787796464
15593,2011-09-30 11:46:00,2011-09-30 11:46:00,1,199.8,62,Остальные,84.60284183554624,98.96673033149789
13322,2011-11-22 14:21:00,2011-11-22 14:21:00,1,199.48000000000002,9,Недавние однократные,84.6261355695318,98.96914890522567
16832,2011-05-06 14:12:00,2011-06-08 15:36:00,3,199.15,176,Давно не покупавшие повторные,84.64942930351735,98.97156347790407
17987,2011-06-07 14:22:00,2011-06-07 14:22:00,1,198.57,177,Остальные,84.6727230375029,98.9739710184351
16178,2011-07-24 16:05:00,2011-07-24 16:05:00,1,197.9,130,Остальные,84.69601677148847,98.97637043562342
12450,2011-06-19 14:36:00,2011-07-06 14:41:00,2,197.88,148,Давно не покупавшие повторные,84.71931050547403,98.97876961032392
17843,2011-02-09 15:33:00,2011-02-09 15:33:00,1,197.73,295,Остальные,84.74260423945958,98.9811669663656
14185,2011-01-12 13:52:00,2011-01-12 13:52:00,1,197.65,323,Остальные,84.76589797344515,98.98356335245593
14789,2011-11-11 08:59:00,2011-11-11 08:59:00,1,197.64000000000001,20,Недавние однократные,84.7891917074307,98.98595961730231
17301,2011-11-18 13:43:00,2011-11-18 13:43:00,1,197.63,13,Недавние однократные,84.81248544141626,98.98835576090478
13349,2011-11-29 08:07:00,2011-11-29 08:07:00,1,197.32,2,Недавние однократные,84.83577917540181,98.99074814594572
16829,2011-07-06 10:48:00,2011-07-06 10:48:00,1,197.22,148,Остальные,84.85907290938738,98.99313931854745
15234,2011-03-08 08:53:00,2011-03-08 08:53:00,1,197.0,268,Остальные,84.88236664337293,98.99552782378294
12586,2011-11-22 16:24:00,2011-11-22 16:24:00,1,196.94000000000003,9,Недавние однократные,84.90566037735849,98.9979156015549
15746,2011-07-28 15:21:00,2011-07-28 15:21:00,1,196.88,126,Остальные,84.92895411134405,99.00030265186332
13978,2011-10-25 15:04:00,2011-11-25 11:36:00,2,196.79000000000002,6,Остальные,84.95224784532961,99.00268861097646
14830,2011-10-17 14:29:00,2011-10-17 14:29:00,1,196.28,45,Остальные,84.97554157931516,99.00506838664967
17660,2011-07-21 13:37:00,2011-07-21 13:37:00,1,196.0,133,Остальные,84.99883531330072,99.0074447674931
16112,2011-01-05 11:47:00,2011-07-19 14:28:00,4,195.74,135,Давно не покупавшие повторные,85.02212904728628,99.00981799599458
12402,2011-01-20 13:49:00,2011-01-20 13:49:00,1,195.6,315,Остальные,85.04542278127184,99.01218952708118
13792,2011-02-25 14:03:00,2011-10-04 14:31:00,2,195.55,58,Остальные,85.06871651525739,99.01456045194816
17010,2011-11-21 14:49:00,2011-11-21 14:49:00,1,195.36,10,Недавние однократные,85.09201024924296,99.01692907318066
15612,2011-10-09 12:49:00,2011-11-03 14:52:00,2,195.15,28,Остальные,85.11530398322851,99.01929514829084
14100,2011-07-25 11:01:00,2011-07-25 11:01:00,1,194.9,129,Остальные,85.13859771721407,99.021658192303
16887,2011-11-04 14:07:00,2011-11-04 14:07:00,1,194.88,27,Недавние однократные,85.16189145119962,99.0240209938273
17475,2011-09-21 14:55:00,2011-09-21 14:55:00,1,194.37,71,Остальные,85.18518518518519,99.02637761191167
15683,2011-08-14 12:56:00,2011-08-14 12:56:00,1,193.75,109,Остальные,85.20847891917074,99.02872671287297
15198,2011-08-07 15:16:00,2011-09-08 14:42:00,2,193.64,84,Остальные,85.2317726531563,99.03107448015112
17343,2010-12-19 15:07:00,2010-12-19 15:07:00,1,193.64,347,Остальные,85.25506638714185,99.03342224742929
16847,2011-10-27 13:29:00,2011-10-27 13:29:00,1,193.44,35,Остальные,85.27836012112742,99.03576758982904
17608,2011-11-06 13:00:00,2011-11-06 13:06:00,2,193.42000000000002,25,Остальные,85.30165385511297,99.03811268974094
14806,2011-09-25 15:32:00,2011-09-25 15:32:00,1,193.39,67,Остальные,85.32494758909853,99.04045742592109
14801,2011-10-09 15:24:00,2011-10-09 15:24:00,1,193.14,53,Остальные,85.3482413230841,99.0427991310032
13568,2011-06-19 14:42:00,2011-06-19 14:42:00,1,192.85,165,Остальные,85.37153505706965,99.04513732001165
14768,2011-08-04 13:25:00,2011-11-22 12:54:00,2,192.60000000000002,9,Остальные,85.3948287910552,99.04747247792207
13083,2011-09-25 10:46:00,2011-09-25 10:46:00,1,192.39,67,Остальные,85.41812252504076,99.04980508971016
16965,2011-04-27 12:08:00,2011-04-27 12:08:00,1,192.07,218,Остальные,85.44141625902633,99.05213382169279
15909,2011-06-19 10:38:00,2011-06-19 10:38:00,1,191.93999999999997,165,Остальные,85.46470999301188,99.05446097750445
17904,2011-11-18 12:57:00,2011-11-18 12:57:00,1,191.67,13,Недавние однократные,85.48800372699743,99.05678485973026
14966,2011-11-25 12:20:00,2011-11-25 12:20:00,1,191.32,6,Недавние однократные,85.511297460983,99.05910449841885
15692,2011-11-11 14:12:00,2011-11-11 14:12:00,1,191.04,20,Недавние однократные,85.53459119496856,99.06142074227766
17233,2011-11-04 14:06:00,2011-11-04 14:06:00,1,190.88,27,Недавние однократные,85.55788492895411,99.06373504623375
13033,2010-12-17 14:23:00,2010-12-17 14:23:00,1,190.55,349,Остальные,85.58117866293966,99.06604534914044
15412,2011-06-21 15:24:00,2011-06-21 15:24:00,1,190.53,163,Остальные,85.60447239692523,99.0683554095593
13972,2011-05-22 11:34:00,2011-09-30 11:54:00,2,190.25,62,Остальные,85.62776613091079,99.07066207514839
17885,2011-11-27 14:40:00,2011-11-27 14:40:00,1,190.19,4,Недавние однократные,85.65105986489634,99.07296801327396
13079,2011-07-22 14:41:00,2011-11-18 09:03:00,4,190.10000000000002,13,Активные повторные,85.67435359888191,99.07527286020422
13826,2011-06-16 13:48:00,2011-06-16 13:48:00,1,189.5,168,Остальные,85.69764733286746,99.07757043249927
13663,2011-06-13 15:44:00,2011-06-13 15:44:00,1,189.47,171,Остальные,85.72094106685302,99.07986764106255
18045,2011-10-25 13:07:00,2011-10-25 13:07:00,1,189.4,37,Остальные,85.74423480083857,99.08216400091838
16448,2011-05-25 16:28:00,2011-05-25 16:28:00,1,188.89000000000001,190,Остальные,85.76752853482414,99.08445417733427
14697,2011-05-05 15:29:00,2011-05-05 15:39:00,2,188.60999999999999,210,Давно не покупавшие повторные,85.79082226880969,99.08674095892037
12893,2011-11-09 12:34:00,2011-11-09 12:34:00,1,188.14,22,Недавние однократные,85.81411600279525,99.08902204204222
17781,2011-03-31 19:54:00,2011-07-03 16:00:00,2,188.01999999999998,151,Давно не покупавшие повторные,85.8374097367808,99.09130167023702
14722,2011-07-15 14:58:00,2011-07-15 14:58:00,1,187.92000000000002,139,Остальные,85.86070347076637,99.0935800859926
17279,2011-10-13 11:58:00,2011-10-13 11:58:00,1,187.83,49,Остальные,85.88399720475192,99.09585741055291
18013,2011-07-07 14:08:00,2011-07-07 14:11:00,2,187.29000000000002,147,Давно не покупавшие повторные,85.90729093873748,99.0981281879415
17440,2011-04-06 12:05:00,2011-07-06 11:54:00,3,186.42,148,Давно не покупавшие повторные,85.93058467272304,99.100388417109
13672,2011-01-11 13:54:00,2011-02-11 13:53:00,2,186.39000000000001,293,Давно не покупавшие повторные,85.9538784067086,99.10264828254473
14551,2011-05-19 18:21:00,2011-11-21 13:36:00,2,186.23000000000002,10,Остальные,85.97717214069415,99.10490620807775
15567,2011-11-21 10:48:00,2011-11-21 10:48:00,1,186.01,10,Недавние однократные,86.0004658746797,99.1071614662445
17574,2011-04-11 09:47:00,2011-04-11 09:47:00,1,185.65,234,Остальные,86.02375960866527,99.10941235963013
14199,2011-05-05 13:44:00,2011-05-05 13:44:00,1,185.39999999999998,210,Остальные,86.04705334265083,99.11166022191772
16097,2011-04-13 13:47:00,2011-04-13 13:47:00,1,185.04999999999998,232,Остальные,86.07034707663638,99.1139038406681
13482,2011-04-21 17:03:00,2011-04-21 17:03:00,1,184.64,224,Остальные,86.09364081062195,99.11614248841774
17928,2011-04-07 18:03:00,2011-10-25 13:52:00,2,184.46,37,Остальные,86.1169345446075,99.11837895377681
17680,2011-11-16 12:42:00,2011-11-16 12:42:00,1,184.4,15,Недавние однократные,86.14022827859306,99.12061469167236
16433,2011-11-11 14:09:00,2011-11-11 14:09:00,1,184.26,20,Недавние однократные,86.16352201257861,99.122848732153
15124,2011-06-01 09:06:00,2011-11-17 10:09:00,2,184.19,14,Остальные,86.18681574656418,99.12508192392622
14326,2011-04-11 15:04:00,2011-04-11 15:04:00,1,183.85,234,Остальные,86.21010948054973,99.12731099340613
16680,2011-10-27 17:35:00,2011-10-27 17:35:00,1,183.7,35,Остальные,86.23340321453529,99.12953824422723
14059,2011-03-18 10:06:00,2011-03-18 10:06:00,1,183.6,258,Остальные,86.25669694852085,99.13176428260913
13460,2011-10-21 09:50:00,2011-11-10 17:17:00,2,183.44,21,Остальные,86.27999068250641,99.1339883810883
13059,2011-04-04 10:40:00,2011-04-04 10:40:00,1,183.4,241,Остальные,86.30328441649196,99.13621199459179
17772,2011-11-29 10:57:00,2011-11-29 11:05:00,2,182.77,2,Остальные,86.32657815047752,99.13842796972827
12574,2011-01-28 09:20:00,2011-01-28 09:20:00,1,182.45000000000002,307,Остальные,86.34987188446308,99.1406400650593
14082,2010-12-10 11:02:00,2010-12-10 11:02:00,1,182.25,356,Остальные,86.37316561844864,99.14284973551193
18119,2010-12-07 11:59:00,2010-12-07 11:59:00,1,181.12,359,Остальные,86.39645935243419,99.14504570540151
15886,2011-10-10 14:25:00,2011-10-10 14:25:00,1,181.09,52,Остальные,86.41975308641975,99.14724131155934
16594,2011-09-25 14:08:00,2011-09-25 14:08:00,1,181.09,67,Остальные,86.44304682040531,99.14943691771718
15945,2010-12-09 13:14:00,2010-12-09 13:14:00,1,181.0,357,Остальные,86.46634055439087,99.15163143267972
15292,2011-05-22 15:00:00,2011-05-22 15:00:00,1,180.94,193,Остальные,86.48963428837642,99.15382522017875
16835,2010-12-01 17:15:00,2011-08-03 13:50:00,2,180.85000000000002,120,Давно не покупавшие повторные,86.51292802236199,99.15601791648248
18280,2011-03-07 09:52:00,2011-03-07 09:52:00,1,180.60000000000002,269,Остальные,86.53622175634754,99.1582075816882
13710,2011-11-08 08:16:00,2011-11-08 08:16:00,1,180.48,23,Недавние однократные,86.5595154903331,99.16039579196688
15041,2011-06-22 16:16:00,2011-06-22 16:16:00,1,180.35,162,Остальные,86.58280922431865,99.1625824260746
13598,2011-10-23 14:28:00,2011-10-23 14:28:00,1,180.17000000000002,39,Остальные,86.60610295830422,99.16476687779172
14666,2011-11-15 12:57:00,2011-11-15 12:57:00,1,179.95,16,Недавние однократные,86.62939669228977,99.16694866214262
12581,2011-10-31 08:56:00,2011-10-31 08:56:00,1,179.71,31,Остальные,86.65269042627533,99.16912753663941
18147,2011-08-23 12:22:00,2011-10-25 11:46:00,2,179.33999999999997,37,Остальные,86.6759841602609,99.17130192511112
15895,2011-07-13 10:27:00,2011-07-13 10:27:00,1,179.17,141,Остальные,86.69927789424645,99.17347425243621
15454,2010-12-12 14:21:00,2010-12-12 14:21:00,1,179.1,354,Остальные,86.722571628232,99.17564573105383
14705,2011-05-25 12:39:00,2011-05-25 12:39:00,1,179.0,190,Остальные,86.74586536221756,99.17781599723226
16990,2011-05-05 08:30:00,2011-05-05 08:30:00,1,179.0,210,Остальные,86.76915909620313,99.17998626341068
15139,2011-01-07 12:44:00,2011-04-14 11:39:00,2,178.96,231,Давно не покупавшие повторные,86.79245283018868,99.18215604461344
15262,2011-01-20 12:16:00,2011-01-20 12:16:00,1,178.95000000000002,315,Остальные,86.81574656417423,99.18432570457227
13778,2011-08-28 15:25:00,2011-08-28 15:25:00,1,178.7,95,Остальные,86.8390402981598,99.1864923334331
17879,2011-06-19 12:36:00,2011-06-19 12:36:00,1,178.51999999999998,165,Остальные,86.86233403214536,99.18865677990331
17253,2011-11-21 12:59:00,2011-11-21 12:59:00,1,178.26,10,Недавние однократные,86.88562776613091,99.19081807403163
17356,2011-02-01 11:07:00,2011-02-01 11:07:00,1,178.22,303,Остальные,86.90892150011646,99.19297888318424
12791,2010-12-01 11:27:00,2010-12-01 11:27:00,1,177.60000000000002,365,Остальные,86.93221523410203,99.19513217521379
16403,2011-01-31 13:39:00,2011-01-31 13:39:00,1,177.5,304,Остальные,86.95550896808759,99.19728425480413
13618,2011-06-19 11:09:00,2011-06-19 11:09:00,1,177.34,165,Остальные,86.97880270207314,99.19943439449175
13072,2011-03-18 08:12:00,2011-03-18 08:12:00,1,177.15,258,Остальные,87.00209643605871,99.20158223054487
17947,2011-11-02 13:05:00,2011-11-02 13:05:00,1,176.68,29,Недавние однократные,87.02539017004426,99.20372436813372
18274,2011-11-09 17:03:00,2011-11-09 17:03:00,1,175.92,22,Недавние однократные,87.04868390402982,99.20585729118461
12923,2011-10-06 16:20:00,2011-10-06 16:20:00,1,175.72,56,Остальные,87.07197763801537,99.20798778935708
17582,2011-04-17 13:18:00,2011-04-17 13:18:00,1,175.27,228,Остальные,87.09527137200094,99.21011283155313
16144,2011-04-07 10:09:00,2011-04-07 10:09:00,1,175.2,238,Остальные,87.11856510598649,99.21223702504173
17331,2011-08-08 11:55:00,2011-08-08 11:55:00,1,175.2,115,Остальные,87.14185883997204,99.21436121853034
12361,2011-02-25 13:51:00,2011-02-25 13:51:00,1,174.9,279,Остальные,87.1651525739576,99.21648177470135
12588,2011-10-31 15:01:00,2011-10-31 15:01:00,1,174.89999999999998,31,Остальные,87.18844630794317,99.21860233087234
18010,2011-03-28 12:27:00,2011-03-28 12:27:00,1,174.8,248,Остальные,87.21174004192872,99.22072167460412
14355,2010-12-09 12:16:00,2010-12-09 12:16:00,1,174.4,357,Остальные,87.23503377591427,99.22283616857908
14518,2011-10-06 14:43:00,2011-10-06 14:43:00,1,174.37,56,Остальные,87.25832750989984,99.22495029882228
15335,2011-10-17 12:50:00,2011-10-17 12:50:00,1,173.97,45,Остальные,87.2816212438854,99.22705957930866
18278,2011-09-27 11:58:00,2011-09-27 11:58:00,1,173.9,65,Остальные,87.30491497787095,99.2291680110876
16861,2011-07-04 15:38:00,2011-10-11 09:05:00,2,173.76,51,Остальные,87.3282087118565,99.23127474545163
14798,2011-02-02 15:26:00,2011-10-18 10:58:00,3,173.74,44,Активные повторные,87.35150244584207,99.23338123732783
16565,2010-12-10 15:21:00,2010-12-10 15:21:00,1,173.7,356,Остальные,87.37479617982763,99.23548724422835
15565,2011-09-30 10:44:00,2011-10-20 14:33:00,2,173.16000000000003,42,Остальные,87.39808991381318,99.23758670395718
15670,2011-02-16 10:50:00,2011-02-16 10:50:00,1,173.05,288,Остальные,87.42138364779875,99.23968483000284
14693,2011-03-20 12:50:00,2011-03-20 12:50:00,1,172.9,256,Остальные,87.4446773817843,99.24178113738974
18048,2011-05-20 14:54:00,2011-05-20 14:58:00,2,172.29000000000002,195,Давно не покупавшие повторные,87.46797111576986,99.24387004889745
13690,2011-10-11 15:03:00,2011-10-11 15:03:00,1,172.25,51,Остальные,87.49126484975541,99.24595847542949
13922,2010-12-23 10:38:00,2010-12-23 10:38:00,1,172.25,343,Остальные,87.51455858374098,99.24804690196153
14536,2011-03-25 12:21:00,2011-03-25 12:21:00,1,171.8,251,Остальные,87.53785231772653,99.25012987251714
16773,2011-10-13 14:37:00,2011-10-13 14:37:00,1,171.59,49,Остальные,87.56114605171209,99.2522102969504
17245,2011-05-19 10:43:00,2011-05-19 10:43:00,1,171.45,196,Остальные,87.58443978569765,99.25428902396881
15432,2011-11-16 16:30:00,2011-11-16 16:30:00,1,171.19,15,Недавние однократные,87.60773351968321,99.25636459864526
17542,2011-03-15 11:45:00,2011-03-15 11:45:00,1,170.75,261,Остальные,87.63102725366876,99.25843483858921
12962,2011-08-18 13:38:00,2011-08-18 13:38:00,1,170.54,105,Остальные,87.65432098765432,99.26050253241083
14860,2011-11-20 14:17:00,2011-11-20 14:17:00,1,170.32,11,Недавние однократные,87.67761472163988,99.26256755886618
17254,2011-11-24 14:09:00,2011-11-24 14:09:00,1,170.31,7,Недавние однократные,87.70090845562544,99.26463246407764
18058,2011-11-30 08:38:00,2011-11-30 08:38:00,1,170.16,1,Недавние однократные,87.72420218961099,99.26669555063026
15016,2011-06-20 12:06:00,2011-06-20 12:06:00,1,170.04,164,Остальные,87.74749592359655,99.26875718225585
16921,2011-10-09 16:22:00,2011-10-09 16:22:00,1,169.79,53,Остальные,87.77078965758211,99.27081578278342
13962,2011-04-08 11:21:00,2011-11-18 08:47:00,2,169.55,13,Остальные,87.79408339156767,99.2728714734569
14218,2011-10-28 10:00:00,2011-10-28 10:00:00,1,169.48000000000002,34,Остальные,87.81737712555322,99.27492631542293
18004,2010-12-12 13:47:00,2010-12-12 13:47:00,1,169.47,354,Остальные,87.84067085953879,99.27698103614505
18269,2010-12-08 13:53:00,2010-12-08 13:53:00,1,168.6,358,Остальные,87.86396459352434,99.27902520864608
17367,2011-04-15 14:21:00,2011-04-15 14:21:00,1,168.4,230,Остальные,87.8872583275099,99.28106695626869
18099,2011-08-04 15:52:00,2011-08-04 15:52:00,1,168.31,119,Остальные,87.91055206149545,99.28310761269601
16282,2011-01-04 11:42:00,2011-01-04 11:42:00,1,168.3,331,Остальные,87.93384579548102,99.28514814787941
17737,2011-10-12 14:42:00,2011-11-30 15:16:00,2,168.24,1,Остальные,87.95713952946657,99.2871879555993
15986,2011-11-09 15:17:00,2011-11-09 15:17:00,1,168.12,22,Недавние однократные,87.98043326345213,99.28922630839213
12551,2010-12-17 11:23:00,2010-12-17 11:23:00,1,168.0,349,Остальные,88.0037269974377,99.29126320625792
15374,2011-08-03 09:59:00,2011-08-03 09:59:00,1,168.0,120,Остальные,88.02702073142325,99.29330010412372
18088,2011-10-09 13:41:00,2011-10-09 13:41:00,1,167.67000000000002,53,Остальные,88.0503144654088,99.29533300094012
16313,2011-10-21 09:04:00,2011-10-21 09:04:00,1,167.62,41,Остальные,88.07360819939436,99.29736529153692
17561,2011-11-20 12:53:00,2011-11-20 12:53:00,1,167.62,11,Недавние однократные,88.09690193337993,99.29939758213374
16952,2011-08-22 12:58:00,2011-08-22 13:03:00,2,167.60999999999999,101,Давно не покупавшие повторные,88.12019566736548,99.30142975148662
16405,2011-02-02 17:08:00,2011-02-10 15:24:00,2,167.25,294,Давно не покупавшие повторные,88.14348940135103,99.30345755605836
14295,2011-10-30 15:50:00,2011-10-30 15:50:00,1,166.20000000000002,32,Остальные,88.1667831353366,99.30547263001844
17650,2011-11-18 14:52:00,2011-11-18 14:52:00,1,166.08,13,Недавние однократные,88.19007686932216,99.30748624905148
13173,2010-12-07 14:30:00,2010-12-07 14:30:00,1,165.94,359,Остальные,88.21337060330771,99.30949817066964
14485,2011-11-01 12:25:00,2011-11-01 12:25:00,1,165.75,30,Недавние однократные,88.23666433729326,99.3115077886533
14552,2011-07-11 12:49:00,2011-07-11 12:49:00,1,165.07,143,Остальные,88.25995807127883,99.31350916205037
18042,2011-10-17 11:49:00,2011-10-17 11:49:00,1,165.04999999999998,45,Остальные,88.28325180526438,99.31551029295957
13470,2011-08-16 17:06:00,2011-09-01 14:57:00,2,165.0,91,Давно не покупавшие повторные,88.30654553924994,99.3175108176492
14520,2011-02-22 09:15:00,2011-02-22 09:15:00,1,165.0,282,Остальные,88.32983927323549,99.3195113423388
15316,2011-01-17 11:34:00,2011-01-17 11:34:00,1,165.0,318,Остальные,88.35313300722106,99.32151186702842
17535,2011-03-04 15:20:00,2011-03-04 15:20:00,1,164.4,272,Остальные,88.37642674120661,99.32350511708279
13603,2011-11-13 15:57:00,2011-11-13 15:57:00,1,164.34,18,Недавние однократные,88.39972047519217,99.32549763967366
12920,2011-11-22 15:05:00,2011-11-22 15:05:00,1,164.23,9,Недавние однократные,88.42301420917774,99.32748882858138
18200,2011-08-25 18:45:00,2011-08-25 18:45:00,1,163.8,98,Остальные,88.44630794316329,99.32947480400053
16149,2011-07-20 14:54:00,2011-07-20 14:54:00,1,163.68,134,Остальные,88.46960167714884,99.33145932449261
15920,2011-07-08 15:16:00,2011-07-08 15:25:00,3,163.55,146,Давно не покупавшие повторные,88.4928954111344,99.33344226881374
17110,2011-06-27 12:58:00,2011-06-27 12:58:00,1,163.29999999999998,157,Остальные,88.51618914511997,99.33542218203687
13223,2011-04-21 15:16:00,2011-05-23 13:03:00,2,163.20000000000002,192,Давно не покупавшие повторные,88.53948287910552,99.33740088282077
16406,2011-11-21 11:57:00,2011-11-21 11:57:00,1,163.07,10,Недавние однократные,88.56277661309107,99.33937800743371
15167,2011-01-23 12:41:00,2011-01-23 12:41:00,1,163.0,312,Остальные,88.58607034707664,99.34135428333921
16517,2011-03-07 13:50:00,2011-03-07 13:50:00,1,162.7,269,Остальные,88.6093640810622,99.34332692192709
17250,2011-03-23 16:45:00,2011-03-23 16:45:00,1,162.65,253,Остальные,88.63265781504775,99.34529895429537
15888,2011-09-20 12:30:00,2011-09-20 12:30:00,1,162.64,72,Остальные,88.6559515490333,99.34727086541972
15733,2011-03-02 09:05:00,2011-03-02 09:05:00,1,162.3,274,Остальные,88.67924528301887,99.34923865425078
15325,2011-08-28 11:55:00,2011-08-28 11:55:00,1,162.29,95,Остальные,88.70253901700443,99.3512063218379
12622,2011-04-21 16:39:00,2011-04-21 16:39:00,1,162.1,224,Остальные,88.72583275098998,99.35317168579056
16932,2011-10-17 14:12:00,2011-10-17 14:12:00,1,161.94,45,Остальные,88.74912648497555,99.35513510984048
17668,2011-11-01 14:45:00,2011-11-01 14:45:00,1,161.85,30,Недавние однократные,88.7724202189611,99.3570974426951
17600,2011-11-22 09:43:00,2011-11-22 09:43:00,1,161.67000000000002,9,Недавние однократные,88.79571395294666,99.35905759315916
15458,2011-11-14 13:08:00,2011-11-14 13:08:00,1,161.64,17,Недавние однократные,88.81900768693221,99.36101737989146
17157,2011-06-16 15:08:00,2011-06-16 15:08:00,1,161.46,168,Остальные,88.84230142091778,99.36297498423319
16113,2011-06-09 16:16:00,2011-06-09 16:16:00,1,161.38,175,Остальные,88.86559515490333,99.36493161862353
14362,2011-11-17 15:08:00,2011-11-17 15:08:00,1,161.2,14,Недавние однократные,88.88888888888889,99.36688607062334
14089,2011-10-14 10:38:00,2011-10-14 10:38:00,1,161.0,48,Остальные,88.91218262287445,99.36883809774473
14237,2010-12-01 13:20:00,2010-12-01 13:20:00,1,161.0,365,Остальные,88.93547635686001,99.3707901248661
13229,2011-04-28 12:07:00,2011-04-28 12:07:00,1,160.95,217,Остальные,88.95877009084556,99.37274154576788
15852,2011-05-26 13:26:00,2011-06-06 11:22:00,2,160.71,178,Давно не покупавшие повторные,88.98206382483112,99.37469005681557
17344,2011-10-24 12:56:00,2011-10-24 12:56:00,1,160.57,38,Остальные,89.00535755881668,99.37663687044837
12573,2011-04-26 15:52:00,2011-04-26 15:52:00,1,160.54,219,Остальные,89.02865129280224,99.37858332034939
18203,2011-07-05 13:07:00,2011-07-05 13:07:00,1,160.42,149,Остальные,89.05194502678779,99.38052831532337
18146,2011-05-03 16:35:00,2011-07-22 12:08:00,2,160.35000000000002,132,Давно не покупавшие повторные,89.07523876077335,99.38247246158993
14714,2011-11-15 13:07:00,2011-11-15 13:07:00,1,160.19,16,Недавние однократные,89.09853249475891,99.38441466795373
12966,2011-11-30 12:38:00,2011-11-30 12:38:00,1,160.18,1,Недавние однократные,89.12182622874447,99.38635675307363
13420,2011-06-22 11:35:00,2011-07-13 08:48:00,2,159.85,141,Давно не покупавшие повторные,89.14511996273002,99.38829483714413
16213,2011-09-22 10:03:00,2011-09-22 10:03:00,1,159.0,70,Остальные,89.16841369671559,99.39022261548139
18224,2011-03-21 10:30:00,2011-03-21 10:30:00,1,158.95000000000002,255,Остальные,89.19170743070114,99.39214978759907
13937,2011-06-23 16:35:00,2011-06-23 16:35:00,1,158.85,161,Остальные,89.2150011646867,99.39407574727751
17165,2011-02-28 16:39:00,2011-02-28 16:39:00,1,158.68,276,Остальные,89.23829489867225,99.39599964580931
12509,2011-02-28 14:45:00,2011-02-28 14:45:00,1,158.5,276,Остальные,89.26158863265782,99.39792136195055
18014,2011-11-11 15:28:00,2011-11-11 15:28:00,1,158.47,20,Недавние однократные,89.28488236664337,99.39984271436002
15160,2010-12-17 14:15:00,2010-12-17 14:15:00,1,158.16,349,Остальные,89.30817610062893,99.40176030820795
15348,2011-09-28 13:17:00,2011-09-28 13:17:00,1,158.04,64,Остальные,89.3314698346145,99.40367644712884
15988,2011-11-20 13:23:00,2011-11-20 13:23:00,1,158.03,11,Недавние однократные,89.35476356860005,99.4055924648058
17556,2011-05-18 10:48:00,2011-05-18 10:48:00,1,157.9,197,Остальные,89.3780573025856,99.40750690631181
14799,2011-10-19 16:16:00,2011-10-19 16:16:00,1,157.7,43,Остальные,89.40135103657116,99.40941892293941
14148,2011-04-20 12:02:00,2011-04-20 12:02:00,1,157.2,225,Остальные,89.42464477055672,99.41132487737097
17128,2011-01-09 12:02:00,2011-01-09 12:02:00,1,157.09,326,Остальные,89.44793850454228,99.4132294981194
14585,2011-10-20 14:33:00,2011-10-20 14:33:00,1,157.05,42,Остальные,89.47123223852783,99.41513363389214
17118,2011-01-26 12:19:00,2011-01-26 12:19:00,1,157.02,309,Остальные,89.4945259725134,99.41703740593313
15007,2011-07-03 16:00:00,2011-07-03 16:00:00,1,156.91,151,Остальные,89.51781970649895,99.41893984429099
14406,2011-08-12 16:54:00,2011-08-12 16:54:00,1,156.75,111,Остальные,89.54111344048451,99.42084034274612
12522,2011-10-19 14:41:00,2011-10-31 15:30:00,2,156.72,31,Остальные,89.56440717447006,99.42274047746949
15438,2011-07-31 14:19:00,2011-07-31 14:19:00,1,156.58,123,Остальные,89.58770090845563,99.42463891477797
15263,2011-08-25 10:26:00,2011-08-25 10:26:00,1,156.51,98,Остальные,89.61099464244118,99.42653650337901
13898,2011-01-18 10:28:00,2011-01-18 10:28:00,1,155.93,317,Остальные,89.63428837642674,99.42842705983266
17871,2011-05-19 11:32:00,2011-05-19 11:32:00,1,155.9,196,Остальные,89.65758211041229,99.43031725255454
17899,2011-07-03 14:58:00,2011-07-03 14:58:00,1,155.79999999999998,151,Остальные,89.68087584439786,99.43220623283722
12441,2010-12-08 10:45:00,2010-12-08 10:45:00,1,155.55,358,Остальные,89.70416957838341,99.43409218202189
14813,2010-12-05 11:54:00,2010-12-05 11:57:00,2,155.43,361,Давно не покупавшие повторные,89.72746331236897,99.43597667627948
17832,2011-10-21 11:43:00,2011-10-21 11:43:00,1,155.37,41,Остальные,89.75075704635454,99.43786044307359
16720,2011-11-13 16:22:00,2011-11-13 16:22:00,1,155.23999999999998,18,Недавние однократные,89.77405078034009,99.43974263369672
15447,2011-01-13 11:26:00,2011-01-13 11:26:00,1,155.17,322,Остальные,89.79734451432564,99.4416239756124
13809,2011-02-07 13:15:00,2011-02-07 13:15:00,1,155.05,297,Остальные,89.8206382483112,99.44350386260102
14368,2011-01-24 09:52:00,2011-01-24 09:52:00,1,155.0,311,Остальные,89.84393198229677,99.44538314337005
17698,2011-03-24 11:34:00,2011-03-24 11:34:00,1,154.95,252,Остальные,89.86722571628232,99.4472618179195
15740,2011-10-21 14:29:00,2011-10-21 14:29:00,1,154.88,41,Остальные,89.89051945026787,99.44913964376147
17026,2010-12-05 12:47:00,2011-06-07 14:28:00,2,154.82999999999998,177,Давно не покупавшие повторные,89.91381318425344,99.45101686338386
15226,2011-02-02 11:41:00,2011-02-02 11:41:00,1,154.41,302,Остальные,89.937106918239,99.45288899076158
17517,2011-02-04 11:48:00,2011-02-04 11:48:00,1,153.94,300,Остальные,89.96040065222455,99.45475541967502
17286,2011-11-18 12:47:00,2011-11-18 12:47:00,1,153.92,13,Недавние однократные,89.9836943862101,99.45662160610063
16351,2011-01-11 10:26:00,2011-01-11 10:26:00,1,153.9,324,Остальные,90.00698812019567,99.4584875500384
12602,2011-10-12 11:22:00,2011-10-12 11:22:00,1,153.12,50,Остальные,90.03028185418123,99.46034403695036
17714,2011-01-23 10:32:00,2011-01-23 10:32:00,1,153.0,312,Остальные,90.05357558816678,99.46219906893528
18273,2011-03-27 11:22:00,2011-09-05 11:27:00,2,153.0,87,Остальные,90.07686932215235,99.46405410092018
16248,2011-10-09 11:32:00,2011-10-09 11:32:00,1,152.94,53,Остальные,90.1001630561379,99.4659084054416
17984,2011-07-17 15:59:00,2011-07-17 15:59:00,1,152.68,137,Остальные,90.12345679012346,99.46775955762104
18138,2011-02-17 14:51:00,2011-02-17 14:51:00,1,152.65,287,Остальные,90.14675052410901,99.46961034606875
14066,2011-03-18 12:21:00,2011-03-18 12:21:00,1,152.55,258,Остальные,90.17004425809458,99.47145992207723
17707,2011-01-07 13:30:00,2011-06-07 15:03:00,2,152.4,177,Давно не покупавшие повторные,90.19333799208013,99.47330767942691
13514,2011-09-27 09:39:00,2011-09-27 09:39:00,1,152.20000000000002,65,Остальные,90.21663172606569,99.47515301189817
14039,2011-11-06 13:48:00,2011-11-06 13:48:00,1,152.2,25,Недавние однократные,90.23992546005124,99.47699834436945
17898,2011-05-16 17:13:00,2011-09-15 14:56:00,2,152.06,77,Остальные,90.26321919403681,99.47884197942582
16617,2011-04-18 10:35:00,2011-04-18 10:35:00,1,151.85,227,Остальные,90.28651292802236,99.48068306835987
16412,2011-10-17 12:35:00,2011-10-17 12:35:00,1,151.83,45,Остальные,90.30980666200792,99.48252391480608
12547,2011-03-04 12:46:00,2011-05-26 12:38:00,2,151.8,189,Давно не покупавшие повторные,90.33310039599348,99.48436439752052
14208,2011-09-06 12:48:00,2011-09-06 12:48:00,1,151.74,86,Остальные,90.35639412997904,99.48620415277145
14046,2011-02-28 14:48:00,2011-02-28 14:48:00,1,151.59,276,Остальные,90.37968786396459,99.48804208936356
13462,2011-04-01 11:20:00,2011-04-01 11:20:00,1,151.5,244,Остальные,90.40298159795014,99.48987893476038
16461,2011-06-15 12:07:00,2011-06-15 12:07:00,1,151.42,169,Остальные,90.42627533193571,99.49171481020585
13697,2011-11-01 09:14:00,2011-11-01 09:14:00,1,151.29999999999998,30,Недавние однократные,90.44956906592127,99.49354923072424
16337,2011-11-03 10:03:00,2011-11-03 10:03:00,1,151.05,28,Недавние однократные,90.47286279990682,99.49538062014464
14073,2011-11-07 15:49:00,2011-11-07 15:49:00,1,151.04,24,Недавние однократные,90.49615653389239,99.49721188832113
15717,2011-04-19 13:21:00,2011-04-19 13:21:00,1,150.3,226,Остальные,90.51945026787794,99.49903418444748
17234,2011-06-10 11:20:00,2011-06-10 11:20:00,1,149.89,174,Остальные,90.5427440018635,99.5008515095731
15869,2011-03-07 17:19:00,2011-03-07 17:23:00,2,149.64,269,Давно не покупавшие повторные,90.56603773584905,99.50266580360069
17946,2011-03-25 14:34:00,2011-04-20 17:00:00,2,149.57999999999998,225,Давно не покупавшие повторные,90.58933146983462,99.50447937016477
18262,2011-07-22 16:04:00,2011-07-22 16:04:00,1,149.48,132,Остальные,90.61262520382017,99.50629172428964
15748,2011-10-30 12:51:00,2011-10-30 12:51:00,1,149.31,32,Остальные,90.63591893780573,99.50810201726786
15435,2011-11-17 16:39:00,2011-11-17 16:39:00,1,149.29,14,Недавние однократные,90.6592126717913,99.50991206775824
13003,2011-05-09 08:23:00,2011-08-26 10:50:00,3,149.05,97,Давно не покупавшие повторные,90.68250640577685,99.51171920839452
17549,2011-10-19 10:05:00,2011-11-16 09:59:00,2,148.86,15,Остальные,90.7058001397624,99.51352404539631
15526,2011-11-06 15:01:00,2011-11-06 15:04:00,2,148.44,25,Остальные,90.72909387374796,99.51532379015345
17859,2011-02-08 10:32:00,2011-02-08 10:32:00,1,148.21,296,Остальные,90.75238760773352,99.51712074630039
14968,2011-11-09 13:58:00,2011-11-09 13:58:00,1,147.59,22,Недавние однократные,90.77568134171908,99.51891018532427
14098,2011-11-03 10:13:00,2011-11-03 10:13:00,1,147.35,28,Недавние однократные,90.79897507570463,99.52069671449406
14037,2010-12-10 11:39:00,2011-06-16 13:57:00,2,147.2,168,Давно не покупавшие повторные,90.8222688096902,99.52248142500504
12864,2011-07-24 13:03:00,2011-07-24 13:03:00,1,147.12,130,Остальные,90.84556254367575,99.52426516556466
15503,2010-12-12 10:57:00,2010-12-12 10:57:00,1,147.09,354,Остальные,90.86885627766131,99.5260485423925
17030,2011-10-07 08:49:00,2011-10-07 08:49:00,1,146.87,55,Остальные,90.89215001164686,99.5278292518541
14238,2011-01-17 14:40:00,2011-01-17 14:40:00,1,146.85,318,Остальные,90.91544374563243,99.52960971882786
16893,2010-12-08 12:06:00,2010-12-08 12:06:00,1,145.93,358,Остальные,90.93873747961798,99.5313790313609
12565,2011-02-24 10:34:00,2011-02-24 10:34:00,1,145.92,280,Остальные,90.96203121360354,99.53314822265004
12641,2011-08-16 13:26:00,2011-08-16 13:26:00,1,145.9,107,Остальные,90.98532494758909,99.53491717145135
13866,2011-09-26 14:54:00,2011-09-26 14:54:00,1,145.67000000000002,66,Остальные,91.00861868157466,99.53668333164248
15937,2011-10-06 15:48:00,2011-10-06 15:48:00,1,145.35,56,Остальные,91.03191241556021,99.53844561202814
16598,2011-02-27 11:42:00,2011-02-27 11:42:00,1,145.04999999999998,277,Остальные,91.05520614954577,99.54020425509619
17524,2010-12-13 14:32:00,2010-12-13 14:32:00,1,145.0,353,Остальные,91.07849988353134,99.54196229194464
16852,2011-06-16 15:49:00,2011-11-29 13:22:00,2,144.91,2,Остальные,91.10179361751689,99.5437192375978
12974,2011-05-26 09:33:00,2011-05-26 09:33:00,1,144.8,189,Остальные,91.12508735150244,99.54547484956784
14109,2011-09-28 10:18:00,2011-09-28 10:18:00,1,144.2,64,Остальные,91.148381085488,99.54722318690264
12736,2011-01-11 07:57:00,2011-01-11 07:57:00,1,144.0,324,Остальные,91.17167481947357,99.54896909935903
17186,2011-10-10 12:52:00,2011-10-24 10:20:00,2,144.0,38,Остальные,91.19496855345912,99.55071501181543
15883,2011-11-06 14:50:00,2011-11-06 14:50:00,1,143.76,25,Недавние однократные,91.21826228744467,99.55245801441771
17578,2011-05-05 18:38:00,2011-05-05 18:38:00,1,143.46,210,Остальные,91.24155602143024,99.5541973797024
15705,2011-05-22 15:37:00,2011-05-22 15:37:00,1,143.1,193,Остальные,91.2648497554158,99.55593238020593
17935,2011-07-21 11:23:00,2011-07-24 13:18:00,2,142.89,130,Давно не покупавшие повторные,91.28814348940135,99.55766483458713
13299,2011-03-16 12:55:00,2011-03-16 12:55:00,1,142.5,260,Остальные,91.3114372233869,99.55939256045542
16287,2011-06-23 09:08:00,2011-06-23 09:08:00,1,142.5,161,Остальные,91.33473095737247,99.56112028632373
13584,2011-02-06 12:49:00,2011-02-06 12:49:00,1,142.4,298,Остальные,91.35802469135803,99.56284679975283
14386,2011-02-16 09:45:00,2011-02-16 09:45:00,1,142.4,288,Остальные,91.38131842534358,99.56457331318194
13561,2011-05-08 12:39:00,2011-05-08 12:39:00,1,141.85999999999999,207,Остальные,91.40461215932915,99.56629327943932
14041,2011-03-18 13:25:00,2011-03-18 13:25:00,1,141.41,258,Остальные,91.4279058933147,99.56800778972028
15388,2011-03-14 13:53:00,2011-03-14 13:53:00,1,140.54,262,Остальные,91.45119962730026,99.56971175178015
13483,2011-10-05 11:53:00,2011-10-05 11:53:00,1,140.34,57,Остальные,91.47449336128581,99.57141328896161
18005,2011-10-23 14:40:00,2011-10-23 14:40:00,1,139.97,39,Остальные,91.49778709527138,99.573110340118
14494,2011-11-14 09:21:00,2011-11-14 09:21:00,1,139.56,17,Недавние однократные,91.52108082925693,99.57480242027366
16483,2011-05-31 13:08:00,2011-05-31 13:08:00,1,139.35,184,Остальные,91.54437456324249,99.57649195430696
17718,2011-04-21 13:39:00,2011-04-21 13:39:00,1,139.35,224,Остальные,91.56766829722804,99.57818148834028
14772,2011-08-19 15:04:00,2011-08-19 15:04:00,1,139.26,104,Остальные,91.5909620312136,99.57986993117831
18209,2011-11-11 12:07:00,2011-11-11 12:07:00,1,139.10000000000002,20,Недавние однократные,91.61425576519916,99.58155643411361
15135,2011-04-14 19:16:00,2011-04-14 19:16:00,1,139.05,231,Остальные,91.63754949918471,99.58324233082931
13273,2011-08-18 14:02:00,2011-08-18 14:02:00,1,138.98,105,Остальные,91.66084323317028,99.58492737883758
12902,2011-03-20 12:06:00,2011-03-20 12:06:00,1,138.68,256,Остальные,91.68413696715584,99.58660878952821
14581,2011-11-23 12:39:00,2011-11-23 12:39:00,1,138.6,8,Недавние однократные,91.70743070114139,99.58828923026748
17122,2011-08-12 14:33:00,2011-08-12 14:33:00,1,138.32,111,Остальные,91.73072443512694,99.58996627617698
13716,2011-03-15 13:49:00,2011-03-15 13:49:00,1,138.28,261,Остальные,91.75401816911251,99.5916428371108
15663,2011-08-25 15:50:00,2011-08-25 15:50:00,1,138.14,98,Остальные,91.77731190309807,99.59331770062971
12512,2011-10-04 14:53:00,2011-10-04 14:55:00,2,138.03,58,Остальные,91.80060563708362,99.59499123046554
16050,2011-06-19 11:44:00,2011-06-19 11:44:00,1,137.9,165,Остальные,91.82389937106919,99.59666318413036
13279,2011-09-22 17:24:00,2011-09-22 17:24:00,1,137.75,70,Остальные,91.84719310505474,99.5983333191364
17709,2011-06-23 11:55:00,2011-06-23 11:55:00,1,137.45000000000002,161,Остальные,91.8704868390403,99.5999998168248
15836,2011-10-20 17:13:00,2011-10-20 17:13:00,1,137.37,42,Остальные,91.89378057302585,99.60166534456185
12738,2010-12-02 18:27:00,2010-12-02 18:27:00,1,137.35,364,Остальные,91.91707430701142,99.60333062981105
12618,2011-11-18 11:10:00,2011-11-18 11:10:00,1,137.31,13,Недавние однократные,91.94036804099697,99.60499543008457
14483,2011-03-03 10:26:00,2011-03-03 10:26:00,1,137.1,273,Остальные,91.96366177498253,99.60665768423574
17468,2011-11-25 12:52:00,2011-11-29 15:33:00,2,137.0,2,Остальные,91.9869555089681,99.60831872594773
15691,2011-04-01 15:13:00,2011-04-01 15:13:00,1,136.8,244,Остальные,92.01024924295365,99.60997734278129
14247,2011-03-06 15:21:00,2011-03-06 15:21:00,1,136.77,270,Остальные,92.0335429769392,99.6116355958831
17972,2011-04-12 12:16:00,2011-04-12 12:16:00,1,136.04,233,Остальные,92.05683671092476,99.61328499817871
16462,2011-03-01 08:58:00,2011-09-27 10:24:00,3,136.0,65,Остальные,92.08013044491032,99.61493391549864
12968,2011-08-19 15:44:00,2011-08-19 15:44:00,1,135.95,104,Остальные,92.10342417889588,99.61658222659895
15042,2011-05-24 16:25:00,2011-05-24 16:25:00,1,135.93,191,Остальные,92.12671791288143,99.61823029521143
14889,2011-01-07 15:19:00,2011-01-07 15:19:00,1,135.9,328,Остальные,92.15001164686699,99.61987800009216
15419,2011-11-15 09:23:00,2011-11-15 09:23:00,1,135.85999999999999,16,Недавние однократные,92.17330538085255,99.6215252199972
16114,2011-06-22 10:13:00,2011-06-22 10:13:00,1,135.75000000000003,162,Остальные,92.19659911483811,99.6231711062191
15174,2011-01-21 09:06:00,2011-01-21 09:06:00,1,135.75,314,Остальные,92.21989284882366,99.62481699244101
16665,2010-12-12 14:03:00,2010-12-12 14:03:00,1,135.4,354,Остальные,92.24318658280923,99.62645863512572
15276,2011-10-04 16:39:00,2011-10-04 16:39:00,1,135.31,58,Остальные,92.26648031679478,99.6280991866151
12851,2011-09-04 12:41:00,2011-09-04 12:41:00,1,135.18,88,Остальные,92.28977405078034,99.62973816193353
13364,2011-09-29 18:13:00,2011-09-29 18:13:00,1,134.96,63,Остальные,92.31306778476589,99.63137446988571
16055,2011-05-03 09:26:00,2011-05-03 09:26:00,1,134.8,212,Остальные,92.33636151875146,99.63300883793518
14340,2011-05-05 09:44:00,2011-05-05 09:44:00,1,134.7,210,Остальные,92.35965525273701,99.63464199354542
15562,2010-12-23 09:55:00,2010-12-23 09:55:00,1,134.55,343,Остальные,92.38294898672257,99.63627333049686
14174,2011-11-06 13:17:00,2011-11-06 13:17:00,1,134.46,25,Недавние однократные,92.40624272070814,99.63790357625301
12837,2011-06-19 16:07:00,2011-06-19 16:07:00,1,134.1,165,Остальные,92.42953645469369,99.63952945722801
14280,2011-05-27 10:37:00,2011-05-27 10:37:00,1,134.04,188,Остальные,92.45283018867924,99.6411546107395
16424,2011-06-01 13:40:00,2011-06-01 13:40:00,1,133.56,183,Остальные,92.4761239226648,99.64277394454281
14349,2011-11-29 15:39:00,2011-11-29 15:39:00,1,133.5,2,Недавние однократные,92.49941765665037,99.64439255088259
17881,2011-02-08 17:16:00,2011-02-08 17:16:00,1,133.35,296,Остальные,92.52271139063592,99.64600933856356
15709,2011-03-01 10:38:00,2011-03-01 10:38:00,1,133.25,275,Остальные,92.54600512462147,99.64762491380532
17647,2011-10-05 15:38:00,2011-10-05 15:38:00,1,133.06,57,Остальные,92.56929885860704,99.64923818541257
17221,2011-11-03 17:39:00,2011-11-03 17:39:00,1,132.28,28,Недавние однократные,92.5925925925926,99.65084199999406
17785,2011-10-17 13:43:00,2011-10-17 13:43:00,1,131.94,45,Остальные,92.61588632657815,99.65244169228222
14438,2011-02-06 14:56:00,2011-02-06 14:56:00,1,131.9,298,Остальные,92.6391800605637,99.6540408995947
17297,2011-11-22 14:43:00,2011-11-22 14:43:00,1,131.78,9,Недавние однократные,92.66247379454927,99.65563865198015
17455,2011-05-20 12:31:00,2011-05-20 12:31:00,1,131.7,195,Остальные,92.68576752853483,99.65723543441423
14795,2011-06-26 13:04:00,2011-06-26 13:04:00,1,131.45000000000002,158,Остальные,92.70906126252038,99.65882918575029
15844,2011-10-24 15:19:00,2011-10-24 15:19:00,1,130.73999999999998,38,Остальные,92.73235499650593,99.66041432876798
16679,2010-12-08 13:51:00,2010-12-08 13:51:00,1,129.75,358,Остальные,92.7556487304915,99.66198746863755
16611,2011-06-06 15:46:00,2011-06-06 15:46:00,1,129.49,178,Остальные,92.77894246447705,99.66355745616518
16623,2011-04-08 10:09:00,2011-04-08 10:09:00,1,129.45000000000002,237,Остальные,92.80223619846261,99.66512695871711
15543,2011-02-24 15:26:00,2011-02-24 15:26:00,1,127.86,280,Остальные,92.82552993244818,99.6666771834857
17359,2011-11-28 14:37:00,2011-11-28 14:37:00,1,127.86,3,Недавние однократные,92.84882366643373,99.66822740825427
13781,2011-04-03 12:08:00,2011-04-03 12:08:00,1,127.84,242,Остальные,92.87211740041928,99.669777390535
15578,2011-06-30 13:03:00,2011-06-30 13:03:00,1,127.10000000000001,154,Остальные,92.89541113440484,99.6713184007656
15923,2010-12-02 12:16:00,2010-12-02 12:16:00,1,127.08,364,Остальные,92.9187048683904,99.67285916850837
14962,2011-03-14 09:42:00,2011-03-14 09:42:00,1,126.7,262,Остальные,92.94199860237596,99.67439532898214
16414,2011-03-04 13:27:00,2011-11-18 09:42:00,2,126.25,13,Остальные,92.96529233636151,99.6759260334795
15463,2011-11-10 12:57:00,2011-11-10 12:57:00,1,126.14,21,Недавние однократные,92.98858607034708,99.67745540429372
12817,2011-03-03 16:28:00,2011-03-03 16:28:00,1,126.03999999999999,273,Остальные,93.01187980433264,99.67898356266876
13522,2011-11-09 15:11:00,2011-11-09 15:11:00,1,125.80000000000001,22,Недавние однократные,93.03517353831819,99.68050881118967
14861,2011-10-18 12:54:00,2011-10-18 12:54:00,1,125.79,44,Остальные,93.05846727230374,99.68203393846669
14890,2011-03-31 11:57:00,2011-03-31 11:57:00,1,125.65,245,Остальные,93.08176100628931,99.68355736832882
15017,2011-11-06 10:33:00,2011-11-06 10:33:00,1,125.58,25,Недавние однократные,93.10505474027487,99.6850799494835
12531,2011-11-25 11:12:00,2011-11-25 11:12:00,1,125.22,6,Недавние однократные,93.12834847426042,99.68659816585703
17148,2011-10-19 09:59:00,2011-10-19 09:59:00,1,124.88,43,Остальные,93.15164220824599,99.68811225993726
16849,2011-06-06 09:16:00,2011-06-06 09:16:00,1,124.57,178,Остальные,93.17493594223154,99.68962259545596
14495,2011-08-10 14:13:00,2011-10-20 12:28:00,2,123.8,42,Остальные,93.1982296762171,99.69112359519278
16658,2010-12-06 13:47:00,2010-12-06 13:47:00,1,123.24,360,Остальные,93.22152341020265,99.69261780527003
14658,2011-08-14 15:42:00,2011-08-14 15:42:00,1,123.14,109,Остальные,93.24481714418822,99.69411080290807
15917,2011-04-06 10:40:00,2011-04-06 10:40:00,1,123.1,239,Остальные,93.26811087817377,99.69560331557045
17967,2010-12-03 11:19:00,2010-12-03 11:19:00,1,123.07,363,Остальные,93.29140461215933,99.69709546450106
13519,2011-09-22 18:24:00,2011-09-22 18:24:00,1,122.75,70,Остальные,93.3146983461449,99.69858373362621
13876,2011-10-07 10:22:00,2011-10-07 10:22:00,1,122.7,55,Остальные,93.33799208013045,99.70007139653177
14413,2010-12-12 13:37:00,2010-12-12 13:37:00,1,122.7,354,Остальные,93.361285814116,99.70155905943733
13638,2011-11-24 10:38:00,2011-11-24 10:38:00,1,122.64,7,Недавние однократные,93.38457954810156,99.70304599487933
14165,2011-03-09 12:39:00,2011-03-09 12:39:00,1,122.53999999999999,267,Остальные,93.40787328208712,99.70453171788216
14076,2011-08-02 15:19:00,2011-08-02 15:19:00,1,122.47,121,Остальные,93.43116701607268,99.70601659217753
16073,2011-02-15 15:41:00,2011-02-15 15:41:00,1,122.39999999999999,289,Остальные,93.45446075005823,99.70750061776548
17436,2011-04-27 11:33:00,2011-04-27 11:33:00,1,122.39999999999999,218,Остальные,93.47775448404379,99.7089846433534
18018,2011-05-24 13:22:00,2011-08-23 17:37:00,2,122.14,100,Давно не покупавшие повторные,93.50104821802935,99.7104655165994
13244,2011-09-08 11:46:00,2011-09-08 11:46:00,1,121.74,84,Остальные,93.52434195201491,99.71194154008857
13182,2011-10-25 13:46:00,2011-10-25 13:46:00,1,121.18,37,Остальные,93.54763568600046,99.7134107739182
15049,2011-03-11 12:13:00,2011-03-11 12:13:00,1,121.17,265,Остальные,93.57092941998603,99.71487988650388
18030,2011-10-28 13:55:00,2011-10-28 13:55:00,1,121.1,34,Остальные,93.59422315397158,99.71634815038215
15512,2010-12-15 12:01:00,2011-07-07 10:20:00,2,121.0,147,Давно не покупавшие повторные,93.61751688795714,99.71781520182118
13002,2011-01-25 15:18:00,2011-01-25 15:18:00,1,120.94999999999999,310,Остальные,93.64081062194269,99.71928164704063
17446,2011-02-02 14:40:00,2011-06-16 10:42:00,2,120.9,168,Давно не покупавшие повторные,93.66410435592826,99.7207474860405
14259,2011-07-21 10:44:00,2011-07-21 10:44:00,1,120.0,133,Остальные,93.68739808991381,99.72220241308749
14314,2011-08-25 10:39:00,2011-08-25 10:39:00,1,120.0,98,Остальные,93.71069182389937,99.72365734013448
14453,2011-06-02 14:15:00,2011-06-02 14:15:00,1,119.93,182,Остальные,93.73398555788494,99.72511141847401
16542,2011-10-17 10:47:00,2011-10-17 10:47:00,1,119.62,45,Остальные,93.75727929187049,99.72656173825202
15266,2011-01-05 13:40:00,2011-01-05 13:40:00,1,119.3,330,Остальные,93.78057302585604,99.72800817822457
16666,2011-11-20 14:01:00,2011-11-20 14:01:00,1,118.98,11,Недавние однократные,93.8038667598416,99.72945073839168
15843,2011-02-09 10:19:00,2011-02-09 10:19:00,1,118.95000000000002,295,Остальные,93.82716049382717,99.73089293482701
17079,2011-09-22 15:34:00,2011-09-22 15:34:00,1,118.80000000000001,70,Остальные,93.85045422781272,99.73233331260353
14155,2011-03-18 14:13:00,2011-03-18 14:13:00,1,118.75,258,Остальные,93.87374796179827,99.73377308416045
13581,2011-02-03 14:41:00,2011-02-03 14:41:00,1,118.0,301,Остальные,93.89704169578384,99.73520376242332
13193,2011-10-09 14:30:00,2011-10-09 14:30:00,1,117.88,53,Остальные,93.9203354297694,99.73663298575916
12929,2011-02-01 12:08:00,2011-02-01 12:08:00,1,117.85,303,Остальные,93.94362916375495,99.7380618453632
17654,2011-03-07 13:17:00,2011-03-07 13:17:00,1,117.55,269,Остальные,93.9669228977405,99.73948706764965
16959,2011-09-13 15:03:00,2011-09-13 15:03:00,1,117.35000000000001,79,Остальные,93.99021663172607,99.74090986505769
13877,2011-09-14 15:49:00,2011-09-14 15:49:00,1,117.24,78,Остальные,94.01351036571162,99.7423313287826
13780,2011-06-22 11:43:00,2011-06-22 11:43:00,1,116.28000000000002,162,Остальные,94.03680409969718,99.74374115309114
17117,2011-02-24 13:54:00,2011-02-24 13:54:00,1,116.19999999999999,280,Остальные,94.06009783368273,99.7451500074483
13170,2011-11-13 12:19:00,2011-11-13 12:19:00,1,116.00999999999999,18,Недавние однократные,94.0833915676683,99.74655655817098
17601,2011-04-14 18:02:00,2011-04-14 18:02:00,1,116.00999999999999,231,Остальные,94.10668530165385,99.74796310889366
14143,2011-07-29 09:48:00,2011-07-29 09:48:00,1,115.8,125,Остальные,94.12997903563941,99.74936711349402
15350,2010-12-01 13:33:00,2010-12-01 13:33:00,1,115.65,365,Остальные,94.15327276962498,99.75076929943555
13067,2011-09-18 13:38:00,2011-09-18 13:38:00,1,115.46000000000001,74,Остальные,94.17656650361053,99.7521691817426
18027,2011-09-02 10:38:00,2011-09-02 10:38:00,1,115.31,90,Остальные,94.19986023759608,99.75356724539084
14972,2011-08-03 14:54:00,2011-08-03 14:54:00,1,114.77,120,Остальные,94.22315397158164,99.75495876186734
13188,2011-11-28 15:28:00,2011-11-28 15:28:00,1,114.60000000000001,3,Недавние однократные,94.2464477055672,99.75634821719723
14632,2011-03-22 08:49:00,2011-03-22 08:49:00,1,114.56,254,Остальные,94.26974143955276,99.75773718755141
16247,2011-06-22 14:23:00,2011-06-22 14:23:00,1,114.56,162,Остальные,94.29303517353831,99.7591261579056
14974,2011-11-02 13:01:00,2011-11-02 13:01:00,1,114.39,29,Недавние однократные,94.31632890752388,99.76051306711314
17852,2011-11-28 12:31:00,2011-11-28 12:36:00,2,114.34,3,Остальные,94.33962264150944,99.76189937010109
17219,2011-11-08 11:25:00,2011-11-08 11:25:00,1,114.23,23,Недавние однократные,94.36291637549499,99.7632843394059
14652,2011-09-23 14:21:00,2011-09-23 14:21:00,1,114.17999999999999,69,Остальные,94.38621010948054,99.76466870249111
12938,2011-11-14 11:21:00,2011-11-14 11:21:00,1,114.14,17,Недавние однократные,94.40950384346611,99.76605258060064
14582,2011-10-30 11:56:00,2011-10-30 11:56:00,1,114.11000000000001,32,Остальные,94.43279757745167,99.76743609497841
12651,2011-01-09 12:46:00,2011-01-09 12:46:00,1,114.0,326,Остальные,94.45609131143722,99.76881827567306
14457,2011-02-02 09:39:00,2011-02-02 09:39:00,1,113.64,302,Остальные,94.47938504542279,99.77019609158656
15445,2011-03-20 15:06:00,2011-03-20 15:06:00,1,113.5,256,Остальные,94.50267877940834,99.77157221008517
16828,2011-08-19 13:24:00,2011-08-19 13:24:00,1,113.5,104,Остальные,94.5259725133939,99.77294832858378
17217,2011-04-19 17:19:00,2011-04-19 17:19:00,1,113.5,226,Остальные,94.54926624737945,99.77432444708239
18105,2011-11-02 12:04:00,2011-11-02 12:04:00,1,113.48,29,Недавние однократные,94.57255998136502,99.77570032309316
16913,2011-02-22 12:56:00,2011-02-22 12:56:00,1,113.44,282,Остальные,94.59585371535057,99.77707571412827
15280,2011-06-20 17:14:00,2011-06-20 17:14:00,1,113.12,164,Остальные,94.61914744933613,99.7784472253579
17266,2011-07-15 11:57:00,2011-07-15 11:57:00,1,113.06,139,Остальные,94.64244118332168,99.779818009124
14689,2011-05-15 11:22:00,2011-05-15 11:22:00,1,112.8,200,Остальные,94.66573491730725,99.78118564054816
13161,2011-01-30 14:03:00,2011-01-30 14:03:00,1,112.75,305,Остальные,94.6890286512928,99.78255266575273
16697,2011-04-12 17:12:00,2011-04-12 17:12:00,1,112.75,233,Остальные,94.71232238527836,99.7839196909573
13807,2010-12-07 15:48:00,2010-12-07 15:48:00,1,112.6,359,Остальные,94.73561611926392,99.78528489750306
18129,2011-04-10 14:16:00,2011-04-10 14:16:00,1,112.55,235,Остальные,94.75890985324948,99.78664949782922
15610,2011-10-19 10:36:00,2011-10-19 10:36:00,1,112.46000000000001,43,Остальные,94.78220358723503,99.7880130069601
17038,2011-11-09 13:50:00,2011-11-09 13:50:00,1,112.4,22,Недавние однократные,94.80549732122059,99.78937578862744
14271,2011-04-28 12:47:00,2011-04-28 12:47:00,1,112.32000000000001,217,Остальные,94.82879105520615,99.79073760034343
17893,2011-04-28 13:50:00,2011-04-28 13:50:00,1,112.25,217,Остальные,94.85208478919171,99.79209856335197
17900,2011-06-02 14:28:00,2011-06-02 14:38:00,2,112.19999999999999,182,Давно не покупавшие повторные,94.87537852317726,99.7934589201409
12756,2011-09-14 09:31:00,2011-09-14 09:31:00,1,112.08,78,Остальные,94.89867225716283,99.7948178220028
17274,2011-11-04 13:16:00,2011-11-04 13:16:00,1,111.98,27,Недавние однократные,94.92196599114838,99.79617551142549
17887,2011-08-02 17:29:00,2011-08-02 17:29:00,1,111.35,121,Остальные,94.94525972513394,99.79752556248117
18120,2011-05-09 13:45:00,2011-05-09 13:45:00,1,111.15,206,Остальные,94.96855345911949,99.79887318865846
15690,2011-08-31 11:40:00,2011-08-31 11:40:00,1,111.0,92,Остальные,94.99184719310506,99.80021899617692
13508,2011-04-10 11:58:00,2011-04-10 11:58:00,1,110.97,235,Остальные,95.01514092709061,99.80156443996363
13144,2011-01-11 11:15:00,2011-01-11 11:15:00,1,110.95,324,Остальные,95.03843466107617,99.80290964126249
15537,2011-06-29 13:10:00,2011-06-29 13:10:00,1,110.92,155,Остальные,95.06172839506173,99.80425447882959
15853,2011-10-19 10:38:00,2011-10-19 10:38:00,1,110.8,43,Остальные,95.08502212904729,99.80559786146965
17349,2011-06-13 14:29:00,2011-06-13 14:29:00,1,110.75,171,Остальные,95.10831586303284,99.80694063789011
17957,2011-10-04 14:58:00,2011-10-04 14:58:00,1,110.72,58,Остальные,95.1316095970184,99.80828305057878
16963,2011-06-05 13:48:00,2011-06-05 13:48:00,1,110.55000000000001,179,Остальные,95.15490333100396,99.80962340212082
14641,2011-11-18 10:42:00,2011-11-18 10:42:00,1,110.46,13,Недавние однократные,95.17819706498952,99.81096266246757
12734,2010-12-22 12:47:00,2010-12-22 12:47:00,1,110.39999999999999,344,Остальные,95.20149079897507,99.81230119535081
16792,2011-03-02 14:39:00,2011-03-02 14:41:00,2,110.38000000000001,274,Давно не покупавшие повторные,95.22478453296064,99.81363948574621
17901,2011-11-10 17:29:00,2011-11-10 17:29:00,1,110.38,21,Недавние однократные,95.2480782669462,99.81497777614159
18277,2011-10-12 15:22:00,2011-10-12 15:22:00,1,110.38,50,Остальные,95.27137200093175,99.81631606653698
17746,2011-04-13 14:31:00,2011-04-13 14:31:00,1,110.25,232,Остальные,95.2946657349173,99.8176527807614
16339,2011-02-28 13:41:00,2011-02-28 13:41:00,1,109.95,276,Остальные,95.31795946890287,99.81898585766821
17836,2011-10-23 16:13:00,2011-10-23 16:13:00,1,109.83,39,Остальные,95.34125320288842,99.82031747964797
13133,2011-02-08 15:48:00,2011-03-11 10:31:00,2,109.80000000000001,265,Давно не покупавшие повторные,95.36454693687398,99.82164873789597
16363,2011-10-17 14:14:00,2011-10-17 14:14:00,1,109.36,45,Остальные,95.38784067085953,99.82297466141146
14699,2011-05-09 14:54:00,2011-05-09 14:54:00,1,109.13000000000001,206,Остальные,95.4111344048451,99.82429779631678
14345,2011-11-01 09:51:00,2011-11-01 09:51:00,1,108.97999999999999,30,Недавние однократные,95.43442813883065,99.8256191125633
17639,2011-03-08 15:22:00,2011-03-08 15:22:00,1,108.5,268,Остальные,95.45772187281621,99.82693460910163
16106,2011-10-05 10:37:00,2011-10-05 10:37:00,1,108.38,57,Остальные,95.48101560680178,99.8282486507129
13226,2011-03-11 14:35:00,2011-03-11 14:35:00,1,108.21,265,Остальные,95.50430934078733,99.82956063117753
12956,2011-02-06 16:08:00,2011-02-06 16:08:00,1,108.07,298,Остальные,95.52760307477288,99.83087091422726
15935,2011-04-14 13:27:00,2011-04-14 13:27:00,1,108.04,231,Остальные,95.55089680875844,99.83218083354524
14661,2011-11-13 11:51:00,2011-11-13 11:51:00,1,107.95,18,Недавние однократные,95.574190542744,99.83348966166793
16784,2011-11-20 12:20:00,2011-11-20 12:20:00,1,107.6,11,Недавние однократные,95.59748427672956,99.8347942462534
15395,2011-01-18 12:40:00,2011-01-18 12:40:00,1,107.45,317,Остальные,95.62077801071511,99.83609701218006
16757,2011-01-25 11:59:00,2011-01-25 11:59:00,1,106.83000000000001,310,Остальные,95.64407174470068,99.83739226098363
15168,2011-11-14 11:26:00,2011-11-14 11:26:00,1,106.56,17,Недавние однократные,95.66736547868624,99.83868423620137
15070,2010-12-02 11:23:00,2010-12-02 11:23:00,1,106.2,364,Остальные,95.69065921267179,99.83997184663795
17791,2011-11-10 12:09:00,2011-11-10 12:09:00,1,106.1,21,Недавние однократные,95.71395294665734,99.84125824463533
16581,2011-06-10 10:05:00,2011-06-10 10:05:00,1,105.84,174,Остальные,95.73724668064291,99.84254149029077
15775,2011-04-08 12:56:00,2011-04-08 12:56:00,1,104.9,237,Остальные,95.76054041462847,99.8438133390177
14027,2011-10-10 09:01:00,2011-10-10 09:01:00,1,104.82,52,Остальные,95.78383414861402,99.84508421779324
15607,2011-01-07 12:44:00,2011-01-07 12:44:00,1,104.76,328,Остальные,95.80712788259959,99.84635436910527
15958,2011-09-26 13:41:00,2011-09-26 13:41:00,1,104.35000000000001,66,Остальные,95.83042161658514,99.84761954941654
17548,2011-04-20 12:01:00,2011-04-20 12:01:00,1,103.3,225,Остальные,95.8537153505707,99.84887199911616
18255,2011-09-11 13:16:00,2011-09-11 13:16:00,1,103.3,81,Остальные,95.87700908455625,99.85012444881578
14542,2011-06-07 08:19:00,2011-06-07 08:19:00,1,103.25,177,Остальные,95.90030281854182,99.85137629229578
17962,2011-07-20 14:16:00,2011-07-20 14:16:00,1,102.83,134,Остальные,95.92359655252737,99.85262304353114
18011,2010-12-01 17:35:00,2010-12-01 17:35:00,1,102.78999999999999,365,Остальные,95.94689028651293,99.85386930979081
14836,2011-11-09 13:26:00,2011-11-29 16:45:00,3,102.44999999999999,2,Активные повторные,95.97018402049848,99.85511145375717
15101,2010-12-15 12:54:00,2010-12-15 12:54:00,1,102.28,351,Остальные,95.99347775448405,99.85635153657691
14981,2011-04-07 13:45:00,2011-04-07 13:45:00,1,102.12,238,Остальные,96.0167714884696,99.8575896794939
13948,2010-12-14 10:18:00,2010-12-14 10:18:00,1,102.0,352,Остальные,96.04006522245515,99.85882636748384
15212,2011-04-12 13:45:00,2011-04-12 13:45:00,1,101.8,233,Остальные,96.06335895644072,99.86006063059537
16516,2011-11-09 14:59:00,2011-11-09 14:59:00,1,101.7,22,Недавние однократные,96.08665269042628,99.8612936812677
18068,2011-02-23 14:50:00,2011-02-23 14:50:00,1,101.69999999999999,281,Остальные,96.10994642441183,99.86252673194002
17643,2010-12-01 14:38:00,2010-12-01 14:38:00,1,101.55,365,Остальные,96.13324015839738,99.86375796395355
16006,2011-05-12 13:12:00,2011-05-12 13:12:00,1,101.4,203,Остальные,96.15653389238295,99.86498737730825
18086,2011-03-10 13:34:00,2011-03-10 13:34:00,1,101.34,266,Остальные,96.1798276263685,99.86621606319943
13101,2011-04-19 14:37:00,2011-04-19 14:37:00,1,101.19,226,Остальные,96.20312136035406,99.8674429304318
16344,2011-07-04 15:50:00,2011-07-04 15:50:00,1,101.10000000000001,150,Остальные,96.22641509433963,99.8686687064689
16498,2011-06-30 19:52:00,2011-07-01 15:07:00,2,100.97,153,Давно не покупавшие повторные,96.24970882832518,99.86989290633502
14946,2011-11-25 13:33:00,2011-11-25 13:33:00,1,100.9,6,Недавние однократные,96.27300256231074,99.8711162574937
17427,2011-09-29 11:29:00,2011-09-29 11:29:00,1,100.8,63,Остальные,96.29629629629629,99.87233839621317
14371,2011-02-17 16:35:00,2011-02-17 16:35:00,1,100.5,287,Остальные,96.31959003028186,99.87355689761503
18282,2011-08-05 13:35:00,2011-08-05 13:35:00,1,100.21,118,Остальные,96.34288376426741,99.8747718829432
13703,2011-01-25 13:10:00,2011-01-25 13:10:00,1,99.5,310,Остальные,96.36617749825297,99.87597825995299
17939,2011-07-03 12:27:00,2011-07-03 12:27:00,1,99.14,151,Остальные,96.38947123223853,99.87718027218165
15256,2011-07-14 11:47:00,2011-07-14 11:47:00,1,98.45,140,Остальные,96.41276496622409,99.87837391857978
17538,2011-11-14 12:12:00,2011-11-14 12:12:00,1,98.42,17,Недавние однократные,96.43605870020964,99.87956720124615
17895,2011-10-26 17:00:00,2011-10-26 17:00:00,1,98.0,36,Остальные,96.4593524341952,99.88075539166786
18033,2011-10-05 17:28:00,2011-10-05 17:28:00,1,97.97,57,Остальные,96.48264616818076,99.88194321835779
15422,2011-01-20 14:17:00,2011-01-20 16:17:00,2,97.7,315,Давно не покупавшие повторные,96.50593990216632,99.8831277714619
12984,2011-11-21 12:37:00,2011-11-21 12:37:00,1,97.5,10,Недавние однократные,96.52923363615187,99.88430989968758
17325,2011-03-04 13:09:00,2011-03-04 13:09:00,1,96.8,272,Остальные,96.55252737013743,99.8854835408388
15216,2011-09-13 11:41:00,2011-09-13 11:41:00,1,96.6,79,Остальные,96.575821104123,99.88665475711164
14642,2011-10-12 11:08:00,2011-10-12 11:08:00,1,96.12,50,Остальные,96.59911483810855,99.88782015367627
17024,2011-07-05 09:31:00,2011-10-25 13:47:00,3,95.85,37,Активные повторные,96.6224085720941,99.88898227665506
16620,2011-03-24 10:37:00,2011-03-24 10:37:00,1,95.76,252,Остальные,96.64570230607967,99.89014330843857
18249,2011-11-22 15:07:00,2011-11-22 15:07:00,1,95.34,9,Недавние однократные,96.66899604006522,99.8912992479774
16387,2011-01-21 11:34:00,2011-01-21 11:34:00,1,94.36,314,Остальные,96.69228977405078,99.89244330561202
15397,2011-02-23 09:25:00,2011-02-23 09:25:00,1,94.0,281,Остальные,96.71558350803633,99.89358299846549
15428,2011-11-24 16:54:00,2011-11-24 16:54:00,1,93.78,7,Недавние однократные,96.7388772420219,99.89472002395271
18227,2011-05-06 12:23:00,2011-05-06 12:23:00,1,93.75,209,Остальные,96.76217097600745,99.89585668570818
13283,2011-06-07 12:39:00,2011-10-11 09:50:00,2,93.66,51,Остальные,96.78546470999301,99.89699225626835
17991,2011-04-27 16:39:00,2011-04-28 15:58:00,2,93.35000000000001,217,Давно не покупавшие повторные,96.80875844397858,99.898124068267
12821,2011-05-09 15:51:00,2011-05-09 15:51:00,1,92.72,206,Остальные,96.83205217796413,99.89924824189863
14054,2011-10-05 15:49:00,2011-10-05 15:49:00,1,92.46,57,Остальные,96.85534591194968,99.90036926318834
13551,2011-01-24 14:46:00,2011-01-24 14:46:00,1,91.80000000000001,311,Остальные,96.87863964593524,99.90148228237928
13160,2011-11-17 13:07:00,2011-11-17 13:07:00,1,91.8,14,Недавние однократные,96.9019333799208,99.90259530157023
15488,2011-09-08 10:11:00,2011-09-08 10:11:00,1,91.32000000000001,84,Остальные,96.92522711390636,99.903702501053
13947,2011-10-05 14:42:00,2011-10-05 14:42:00,1,90.6,57,Остальные,96.94852084789191,99.90480097097347
14353,2011-05-08 16:06:00,2011-05-08 16:06:00,1,90.6,207,Остальные,96.97181458187748,99.90589944089395
18084,2011-11-23 13:57:00,2011-11-23 13:57:00,1,90.47999999999999,8,Недавние однократные,96.99510831586304,99.90699645588737
16506,2011-10-30 15:50:00,2011-11-20 12:17:00,2,90.30000000000001,11,Остальные,97.01840204984859,99.90809128849024
15552,2011-05-06 14:47:00,2011-05-06 14:47:00,1,90.12,209,Остальные,97.04169578383414,99.90918393870253
14117,2011-07-19 09:49:00,2011-07-19 09:49:00,1,90.0,135,Остальные,97.06498951781971,99.91027513398777
14760,2011-02-15 16:27:00,2011-02-15 16:27:00,1,89.2,289,Остальные,97.08828325180527,99.91135662975937
14436,2011-09-02 10:13:00,2011-09-02 10:13:00,1,89.06,90,Остальные,97.11157698579082,99.91243642811608
12353,2011-05-19 17:47:00,2011-05-19 17:47:00,1,89.0,196,Остальные,97.13487071977639,99.91351549900926
14960,2011-06-21 13:38:00,2011-06-21 13:38:00,1,88.3,163,Остальные,97.15816445376194,99.91458608282801
15083,2011-03-28 12:18:00,2011-03-28 12:18:00,1,88.2,248,Остальные,97.1814581877475,99.91565545420754
14354,2011-11-09 15:36:00,2011-11-09 15:36:00,1,87.78,22,Недавние однократные,97.20475192173305,99.91671973334242
15180,2010-12-07 14:57:00,2010-12-07 14:57:00,1,87.5,359,Остальные,97.22804565571862,99.91778061764752
13296,2011-07-25 13:46:00,2011-07-25 13:46:00,1,87.4,129,Остальные,97.25133938970417,99.91884028951343
12814,2011-08-30 12:11:00,2011-08-30 12:11:00,1,85.92,93,Остальные,97.27463312368972,99.91988201727905
15541,2011-08-17 14:58:00,2011-08-17 14:58:00,1,85.13000000000001,106,Остальные,97.29792685767528,99.92091416677498
13841,2011-04-01 12:10:00,2011-04-01 12:10:00,1,85.0,244,Остальные,97.32122059166085,99.92194474009993
15729,2011-05-11 12:36:00,2011-05-11 12:36:00,1,85.0,204,Остальные,97.3445143256464,99.92297531342489
13666,2011-02-25 13:05:00,2011-10-10 15:39:00,3,84.65,52,Активные повторные,97.36780805963195,99.92400164321262
14287,2011-05-25 11:41:00,2011-05-25 11:44:00,2,83.28,190,Давно не покупавшие повторные,97.39110179361752,99.92501136258323
17309,2011-09-05 15:20:00,2011-09-05 15:20:00,1,82.75,87,Остальные,97.41439552760308,99.92601465602606
13006,2011-10-14 13:49:00,2011-10-14 13:49:00,1,81.57,48,Остальные,97.43768926158863,99.92700364268626
17620,2011-10-11 12:08:00,2011-10-11 12:08:00,1,81.44,51,Остальные,97.46098299557418,99.92799105317549
18281,2011-06-12 10:53:00,2011-06-12 10:53:00,1,80.82,172,Остальные,97.48427672955975,99.92897094654164
13967,2011-07-17 12:02:00,2011-07-17 12:02:00,1,80.7,137,Остальные,97.5075704635453,99.92994938498074
17752,2010-12-15 16:19:00,2010-12-15 16:19:00,1,80.64,351,Остальные,97.53086419753086,99.93092709595632
13747,2010-12-01 10:37:00,2010-12-01 10:37:00,1,79.6,365,Остальные,97.55415793151643,99.93189219756414
13651,2011-10-31 12:11:00,2011-10-31 12:11:00,1,79.2,31,Остальные,97.57745166550198,99.93285244941518
15753,2011-02-08 12:41:00,2011-02-08 12:41:00,1,79.2,296,Остальные,97.60074539948754,99.93381270126619
16078,2011-03-01 09:47:00,2011-03-01 09:47:00,1,79.2,275,Остальные,97.62403913347309,99.9347729531172
12445,2011-11-17 18:43:00,2011-11-17 18:43:00,1,77.4,14,Недавние однократные,97.64733286745866,99.93571138106252
14785,2011-11-24 13:40:00,2011-11-29 13:21:00,2,77.4,2,Остальные,97.67062660144421,99.93664980900782
13132,2011-03-23 12:44:00,2011-03-23 12:44:00,1,77.3,253,Остальные,97.69392033542977,99.93758702451393
12789,2011-10-05 13:34:00,2011-10-05 13:34:00,1,76.85,57,Остальные,97.71721406941533,99.93851878404361
13992,2011-11-09 15:23:00,2011-11-09 15:23:00,1,76.8,22,Недавние однократные,97.74050780340089,99.93944993735367
14373,2010-12-16 15:40:00,2010-12-16 15:40:00,1,76.55,350,Остальные,97.76380153738644,99.94037805956573
13106,2011-07-29 15:12:00,2011-07-29 15:12:00,1,76.5,125,Остальные,97.787095271372,99.94130557555819
17536,2011-06-15 13:23:00,2011-06-15 13:23:00,1,76.5,169,Остальные,97.81038900535756,99.94223309155065
14090,2011-01-19 10:51:00,2011-01-19 10:51:00,1,76.32000000000001,316,Остальные,97.83368273934312,99.94315842515253
15668,2011-05-06 10:39:00,2011-05-06 10:39:00,1,76.32000000000001,209,Остальные,97.85697647332867,99.94408375875443
16148,2011-02-16 14:01:00,2011-02-16 14:01:00,1,76.32000000000001,288,Остальные,97.88027020731423,99.94500909235632
18113,2010-12-06 12:31:00,2010-12-06 12:31:00,1,76.32000000000001,360,Остальные,97.9035639412998,99.94593442595821
17995,2011-03-03 12:30:00,2011-03-03 12:30:00,1,76.1,273,Остальные,97.92685767528535,99.94685709219384
17628,2011-09-19 15:21:00,2011-09-19 15:21:00,1,75.75,73,Остальные,97.9501514092709,99.94777551489224
16610,2011-05-04 13:13:00,2011-05-04 13:13:00,1,75.66,211,Остальные,97.97344514325647,99.94869284639537
13403,2011-11-22 08:28:00,2011-11-22 08:28:00,1,75.0,9,Недавние однократные,97.99673887724202,99.94960217579974
16468,2011-09-26 14:13:00,2011-09-26 14:13:00,1,74.9,66,Остальные,98.02003261122758,99.95051029276492
18050,2010-12-15 14:25:00,2010-12-15 14:25:00,1,74.4,351,Остальные,98.04332634521313,99.95141234753406
13095,2011-09-30 12:03:00,2011-09-30 12:03:00,1,74.39999999999999,62,Остальные,98.0666200791987,99.95231440230319
17960,2011-06-21 14:15:00,2011-06-21 14:15:00,1,73.78,163,Остальные,98.08991381318425,99.95320893994926
12659,2011-11-10 11:53:00,2011-11-10 11:53:00,1,73.68,21,Недавние однократные,98.11320754716981,99.95410226515611
12506,2011-04-21 08:54:00,2011-04-21 08:54:00,1,73.5,224,Остальные,98.13650128115538,99.95499340797238
18032,2011-01-09 15:32:00,2011-01-09 15:32:00,1,73.5,326,Остальные,98.15979501514093,99.95588455078867
16171,2011-10-11 14:51:00,2011-10-11 14:51:00,1,73.2,51,Остальные,98.18308874912648,99.95677205628735
17906,2011-04-06 17:25:00,2011-04-06 17:25:00,1,72.9,239,Остальные,98.20638248311204,99.9576559244684
13686,2011-06-10 09:10:00,2011-06-10 09:10:00,1,72.0,174,Остальные,98.2296762170976,99.95852888069659
13938,2011-11-04 14:37:00,2011-11-04 14:37:00,1,71.66,27,Недавние однократные,98.25296995108316,99.95939771463148
13185,2011-03-17 11:56:00,2011-03-17 11:56:00,1,71.4,259,Остальные,98.27626368506871,99.96026339622445
17747,2011-08-19 08:13:00,2011-08-19 08:13:00,1,71.4,104,Остальные,98.29955741905428,99.96112907781742
12686,2010-12-03 09:51:00,2010-12-03 09:51:00,1,71.14,363,Остальные,98.32285115303984,99.96199160706843
17022,2011-11-08 17:09:00,2011-11-08 17:09:00,1,71.0,23,Недавние однократные,98.34614488702539,99.96285243890456
18037,2010-12-12 16:20:00,2011-07-08 13:39:00,6,70.02,146,Давно не покупавшие повторные,98.36943862101094,99.96370138883648
12401,2011-02-09 13:50:00,2011-02-09 13:50:00,1,69.3,295,Остальные,98.39273235499651,99.96454160920612
15863,2011-05-31 11:36:00,2011-11-14 12:49:00,2,68.84,17,Остальные,98.41602608898206,99.96537625235541
14393,2011-05-05 18:16:00,2011-05-05 18:16:00,1,67.95,210,Остальные,98.43931982296762,99.96620010479577
13684,2011-02-27 10:13:00,2011-02-27 10:13:00,1,67.23,277,Остальные,98.46261355695317,99.96701522767385
12548,2011-06-26 15:35:00,2011-06-26 15:35:00,1,67.19999999999999,158,Остальные,98.48590729093874,99.96782998682016
17382,2011-10-05 13:05:00,2011-10-05 13:05:00,1,65.4,57,Остальные,98.5092010249243,99.96862292206079
13130,2011-09-06 15:30:00,2011-09-06 15:30:00,1,64.0,86,Остальные,98.53249475890985,99.96939888315252
13302,2011-07-07 17:56:00,2011-07-07 17:56:00,1,63.75,147,Остальные,98.55578849289542,99.97017181314624
17263,2011-05-15 14:32:00,2011-05-15 14:32:00,1,63.44,200,Остальные,98.57908222688097,99.9709409845784
14437,2010-12-09 09:27:00,2010-12-09 09:27:00,1,63.0,357,Остальные,98.60237596086652,99.97170482127808
14840,2011-03-17 12:00:00,2011-03-17 12:00:00,1,62.85,259,Остальные,98.62566969485208,99.97246683931894
13218,2011-08-04 16:59:00,2011-08-04 16:59:00,1,62.63999999999999,119,Остальные,98.64896342883765,99.97322631123745
15516,2011-10-24 11:33:00,2011-10-26 10:51:00,3,62.43,36,Активные повторные,98.6722571628232,99.97398323703365
13194,2011-07-27 09:01:00,2011-07-27 09:01:00,1,60.7,127,Остальные,98.69555089680875,99.97471918763159
17174,2011-05-06 11:47:00,2011-05-06 11:47:00,1,59.9,209,Остальные,98.71884463079432,99.9754454387159
13391,2011-05-20 10:50:00,2011-05-20 10:50:00,1,59.8,195,Остальные,98.74213836477988,99.97617047736097
13682,2011-06-05 14:06:00,2011-06-05 14:06:00,1,59.5,179,Остальные,98.76543209876543,99.97689187868843
14957,2011-03-31 17:59:00,2011-03-31 17:59:00,1,58.49,245,Остальные,98.78872583275098,99.97760103437993
13080,2011-06-13 14:59:00,2011-06-13 14:59:00,1,58.08,171,Остальные,98.81201956673655,99.97830521907068
17775,2011-03-30 10:50:00,2011-03-30 10:50:00,1,56.4,246,Остальные,98.8353133007221,99.97898903478277
15899,2010-12-06 10:36:00,2010-12-06 10:36:00,1,56.25,360,Остальные,98.85860703470766,99.97967103183605
13366,2011-10-20 13:37:00,2011-10-20 13:37:00,1,56.160000000000004,42,Остальные,98.88190076869323,99.98035193769404
16349,2011-02-22 12:40:00,2011-02-22 12:40:00,1,53.5,282,Остальные,98.90519450267878,99.98100059266915
15504,2011-09-19 13:45:00,2011-09-19 13:45:00,1,52.83,73,Остальные,98.92848823666434,99.98164112430159
13832,2011-11-20 15:36:00,2011-11-20 15:36:00,1,52.199999999999996,11,Недавние однократные,98.95178197064989,99.98227401756704
14682,2011-05-22 12:51:00,2011-06-05 12:12:00,2,52.0,179,Давно не покупавшие повторные,98.97507570463546,99.98290448595407
15313,2011-08-21 16:02:00,2011-08-21 16:02:00,1,52.0,102,Остальные,98.99836943862101,99.9835349543411
17844,2011-08-25 11:27:00,2011-08-25 11:27:00,1,51.56,98,Остальные,99.02166317260657,99.98416008799562
14351,2011-06-28 11:56:00,2011-06-28 11:56:00,1,51.0,156,Остальные,99.04495690659213,99.98477843199059
13011,2010-12-02 17:22:00,2010-12-02 17:22:00,1,50.550000000000004,364,Остальные,99.06825064057769,99.98539132000913
18184,2011-11-24 15:28:00,2011-11-24 15:28:00,1,49.8,7,Недавние однократные,99.09154437456324,99.98599511473363
14821,2010-12-08 08:43:00,2010-12-08 08:43:00,1,48.800000000000004,358,Остальные,99.1148381085488,99.98658678506608
15603,2011-09-22 10:04:00,2011-09-22 10:04:00,1,48.480000000000004,70,Остальные,99.13813184253436,99.98717457559306
14080,2011-11-07 11:09:00,2011-11-07 11:09:00,1,45.599999999999994,24,Недавние однократные,99.16142557651992,99.98772744787092
12665,2011-01-19 08:34:00,2011-01-19 08:34:00,1,45.0,316,Остальные,99.18471931050547,99.98827304551354
15423,2011-11-01 14:01:00,2011-11-01 14:01:00,1,43.5,30,Недавние однократные,99.20801304449103,99.98880045656807
14300,2011-11-21 08:57:00,2011-11-21 08:57:00,1,43.2,10,Недавние однократные,99.2313067784766,99.98932423030499
15178,2011-03-24 15:12:00,2011-03-24 15:12:00,1,40.5,252,Остальные,99.25460051246215,99.98981526818335
14589,2010-12-03 11:42:00,2010-12-03 11:42:00,1,39.75,363,Остальные,99.2778942464477,99.99029721276767
12977,2011-07-06 16:40:00,2011-07-06 16:40:00,1,39.24,148,Остальные,99.30118798043327,99.99077297391203
16659,2011-06-03 15:03:00,2011-06-03 15:03:00,1,39.12,181,Остальные,99.32448171441882,99.99124728012936
18019,2011-10-19 12:10:00,2011-10-19 12:10:00,1,38.45,43,Остальные,99.34777544840438,99.99171346300399
12855,2010-12-02 09:37:00,2010-12-02 09:37:00,1,38.1,364,Остальные,99.37106918238993,99.99217540234142
16162,2011-04-01 15:03:00,2011-04-01 15:03:00,1,37.4,244,Остальные,99.3943629163755,99.99262885460439
14865,2010-12-02 18:23:00,2010-12-02 18:23:00,1,37.2,364,Остальные,99.41765665036105,99.99307988198896
17816,2010-12-09 14:10:00,2011-11-03 11:34:00,4,36.56,28,Активные повторные,99.4409503843466,99.99352314976261
15940,2011-02-01 16:18:00,2011-02-01 16:18:00,1,35.8,303,Остальные,99.46424411833218,99.99395720299829
14576,2010-12-02 17:51:00,2010-12-02 17:51:00,1,35.400000000000006,364,Остальные,99.48753785231773,99.99438640647716
16856,2011-11-25 08:59:00,2011-11-25 08:59:00,1,35.400000000000006,6,Недавние однократные,99.51083158630328,99.99481560995604
17831,2011-11-06 15:09:00,2011-11-06 15:09:00,1,35.400000000000006,25,Недавние однократные,99.53412532028884,99.9952448134349
15744,2011-09-23 09:52:00,2011-09-23 09:52:00,1,34.8,69,Остальные,99.5574190542744,99.99566674227853
16765,2011-02-18 15:41:00,2011-02-18 15:41:00,1,34.0,286,Остальные,99.58071278825996,99.99607897160851
17408,2011-06-29 12:53:00,2011-06-29 12:53:00,1,32.65,155,Остальные,99.60400652224551,99.9964748330092
13120,2011-04-15 10:19:00,2011-04-15 10:19:00,1,30.599999999999998,230,Остальные,99.62730025623108,99.99684583940619
15657,2011-11-17 12:19:00,2011-11-17 12:19:00,1,30.0,14,Недавние однократные,99.65059399021663,99.99720957116794
17102,2011-03-23 10:08:00,2011-03-23 10:08:00,1,25.5,253,Остальные,99.67388772420219,99.99751874316543
18268,2011-07-28 19:13:00,2011-07-28 19:13:00,1,25.5,126,Остальные,99.69718145818774,99.99782791516292
12970,2011-01-21 14:04:00,2011-01-21 14:21:00,2,23.799999999999997,314,Давно не покупавшие повторные,99.72047519217331,99.99811647569389
16257,2011-06-16 10:11:00,2011-06-16 10:11:00,1,21.95,168,Остальные,99.74376892615886,99.99838260609957
16953,2011-11-09 15:54:00,2011-11-09 15:54:00,1,20.8,22,Недавние однократные,99.76706266014442,99.99863479345439
17986,2011-10-14 14:22:00,2011-10-14 14:22:00,1,20.8,48,Остальные,99.79035639412997,99.99888698080919
16093,2011-08-25 11:09:00,2011-08-25 11:09:00,1,17.0,98,Остальные,99.81365012811554,99.99909309547418
13307,2011-08-11 17:14:00,2011-08-11 17:14:00,1,15.0,112,Остальные,99.8369438621011,99.99927496135504
17763,2011-03-21 14:25:00,2011-03-21 14:25:00,1,15.0,255,Остальные,99.86023759608665,99.99945682723592
16878,2011-09-16 17:39:00,2011-09-16 17:39:00,1,13.3,76,Остальные,99.88353133007222,99.9996180816503
17956,2011-04-04 13:47:00,2011-04-04 13:47:00,1,12.75,241,Остальные,99.90682506405777,99.99977266764904
14792,2011-10-07 09:19:00,2011-10-07 09:19:00,1,6.2,55,Остальные,99.93011879804332,99.9998478388798
16454,2011-10-06 16:57:00,2011-10-06 16:57:00,1,5.9,56,Остальные,99.95341253202888,99.99991937279296
16738,2011-02-15 09:46:00,2011-02-15 09:46:00,1,3.75,289,Остальные,99.97670626601445,99.99996483926317
16446,2011-05-18 09:52:00,2011-05-18 09:52:00,1,2.9,197,Остальные,100.0,100.00000000000014
