customer_id,first_order_date,last_order_date,first_observed_month,orders,active_months,gross_sales_gbp,units,aov_gbp
12346,2011-01-18 10:01:00,2011-01-18 10:01:00,2011-01,1,1,77183.6,74215,77183.6
12347,2010-12-07 14:57:00,2011-10-31 12:25:00,2010-12,6,6,4085.18,2266,680.8633333333333
12348,2010-12-16 19:09:00,2011-09-25 13:13:00,2010-12,4,4,1437.24,2332,359.31
12349,2011-11-21 09:51:00,2011-11-21 09:51:00,2011-11,1,1,1457.55,630,1457.55
12350,2011-02-02 16:01:00,2011-02-02 16:01:00,2011-02,1,1,294.4,196,294.4
12352,2011-02-16 12:33:00,2011-11-03 14:37:00,2011-02,7,4,1385.74,526,197.96285714285713
12353,2011-05-19 17:47:00,2011-05-19 17:47:00,2011-05,1,1,89.0,20,89.0
12354,2011-04-21 13:11:00,2011-04-21 13:11:00,2011-04,1,1,1079.4,530,1079.4
12355,2011-05-09 13:49:00,2011-05-09 13:49:00,2011-05,1,1,459.4,240,459.4
12356,2011-01-18 09:50:00,2011-11-17 08:40:00,2011-01,3,3,2487.43,1573,829.1433333333333
12357,2011-11-06 16:07:00,2011-11-06 16:07:00,2011-11,1,1,6207.67,2708,6207.67
12358,2011-07-12 10:04:00,2011-07-12 10:04:00,2011-07,1,1,404.86,98,404.86
12359,2011-01-12 12:43:00,2011-10-13 12:47:00,2011-01,4,4,6372.58,1622,1593.145
12360,2011-05-23 09:43:00,2011-10-18 15:22:00,2011-05,3,3,2302.06,1156,767.3533333333334
12361,2011-02-25 13:51:00,2011-02-25 13:51:00,2011-02,1,1,174.9,90,174.9
12362,2011-02-17 10:30:00,2011-11-04 09:07:00,2011-02,9,7,4262.1900000000005,1979,473.5766666666667
12363,2011-04-11 13:29:00,2011-08-22 10:18:00,2011-04,2,2,552.0,408,276.0
12364,2011-08-19 15:24:00,2011-10-30 15:43:00,2011-08,3,3,912.78,998,304.26
12365,2011-02-21 13:51:00,2011-02-21 13:51:00,2011-02,1,1,320.69,173,320.69
12370,2010-12-14 12:58:00,2011-10-19 14:51:00,2010-12,4,3,3425.69,2350,856.4225
12371,2011-10-11 10:43:00,2011-10-11 10:43:00,2011-10,1,1,1527.96,582,1527.96
12372,2011-02-16 12:46:00,2011-09-29 12:12:00,2011-02,3,3,1196.04,788,398.68
12373,2011-02-01 13:10:00,2011-02-01 13:10:00,2011-02,1,1,324.6,196,324.6
12374,2011-11-14 15:37:00,2011-11-14 15:37:00,2011-11,1,1,622.9300000000001,339,622.9300000000001
12375,2011-09-02 14:23:00,2011-11-29 10:36:00,2011-09,2,2,377.5,176,188.75
12377,2010-12-20 09:37:00,2011-01-28 15:45:00,2010-12,2,2,1548.12,942,774.06
12378,2011-08-02 10:34:00,2011-08-02 10:34:00,2011-08,1,1,4008.62,2529,4008.62
12379,2011-06-22 16:32:00,2011-09-19 10:09:00,2011-06,2,2,777.24,402,388.62
12380,2011-06-07 09:49:00,2011-11-18 11:27:00,2011-06,4,4,2427.81,1110,606.9525
12381,2011-08-12 09:57:00,2011-11-06 13:36:00,2011-08,2,2,1367.8,706,683.9
12383,2010-12-22 14:28:00,2011-06-08 08:02:00,2010-12,5,5,1628.56,1518,325.712
12384,2011-08-10 11:23:00,2011-11-11 08:39:00,2011-08,2,2,425.27,122,212.635
12386,2010-12-08 09:53:00,2011-01-06 12:37:00,2010-12,2,2,401.9,354,200.95
12388,2011-01-17 11:12:00,2011-11-24 12:30:00,2011-01,6,6,2780.6600000000003,1462,463.4433333333334
12390,2011-09-21 09:33:00,2011-09-21 09:33:00,2011-09,1,1,504.84000000000003,350,504.84000000000003
12391,2011-11-18 12:07:00,2011-11-18 12:07:00,2011-11,1,1,460.89,300,460.89
12393,2011-01-11 09:47:00,2011-09-28 15:41:00,2011-01,4,3,1582.6000000000001,816,395.65000000000003
12394,2011-05-06 14:01:00,2011-10-07 08:08:00,2011-05,2,2,1080.48,808,540.24
12395,2010-12-03 16:35:00,2011-11-20 15:21:00,2010-12,12,8,2682.63,2097,223.5525
12397,2011-07-27 14:21:00,2011-11-04 09:52:00,2011-07,2,2,2214.8999999999996,1250,1107.4499999999998
12398,2011-10-25 10:27:00,2011-10-25 10:27:00,2011-10,1,1,1435.66,1389,1435.66
12399,2011-03-23 09:42:00,2011-08-12 13:15:00,2011-03,4,4,1033.65,1173,258.4125
12401,2011-02-09 13:50:00,2011-02-09 13:50:00,2011-02,1,1,69.3,10,69.3
12402,2011-01-20 13:49:00,2011-01-20 13:49:00,2011-01,1,1,195.6,92,195.6
12403,2011-10-21 10:51:00,2011-10-21 10:51:00,2011-10,1,1,391.7,94,391.7
12405,2011-07-14 08:52:00,2011-07-14 08:52:00,2011-07,1,1,1390.39,849,1390.39
12406,2011-06-09 10:23:00,2011-11-17 19:22:00,2011-06,2,2,3415.3,1818,1707.65
12407,2011-03-20 13:21:00,2011-10-21 10:11:00,2011-03,5,4,1507.12,1403,301.424
12408,2011-03-24 14:46:00,2011-11-07 12:27:00,2011-03,5,4,2618.5499999999997,1391,523.7099999999999
12409,2011-06-10 12:19:00,2011-09-22 10:38:00,2011-06,3,2,11072.67,5551,3690.89
12410,2011-02-04 10:38:00,2011-02-04 10:39:00,2011-02,2,1,533.3299999999999,207,266.66499999999996
12412,2011-06-23 13:51:00,2011-09-26 10:16:00,2011-06,3,3,1142.88,824,380.96000000000004
12413,2011-01-06 16:12:00,2011-10-04 09:00:00,2011-01,3,3,686.1,282,228.70000000000002
12414,2011-02-02 14:51:00,2011-05-06 14:51:00,2011-02,3,3,442.40999999999997,297,147.47
12415,2011-01-06 11:12:00,2011-11-15 14:22:00,2011-01,20,10,124564.53,77373,6228.2265
12417,2010-12-17 11:51:00,2011-10-31 16:02:00,2010-12,8,7,2901.37,1355,362.67125
12418,2011-08-19 11:08:00,2011-08-19 11:08:00,2011-08,1,1,668.58,407,668.58
12420,2011-10-07 08:55:00,2011-10-07 08:55:00,2011-10,1,1,600.39,345,600.39
12421,2011-01-24 15:09:00,2011-11-24 09:07:00,2011-01,4,4,639.04,478,159.76
12422,2011-01-19 09:13:00,2011-09-05 09:48:00,2011-01,3,3,683.56,367,227.85333333333332
12423,2010-12-21 10:54:00,2011-08-31 08:55:00,2010-12,7,7,1440.67,1122,205.81
12424,2011-06-30 12:06:00,2011-06-30 12:06:00,2011-06,2,1,1760.96,740,880.48
12425,2011-09-22 17:31:00,2011-09-22 17:31:00,2011-09,1,1,777.2,496,777.2
12426,2011-05-29 12:26:00,2011-05-29 12:26:00,2011-05,1,1,510.73,254,510.73
12427,2010-12-03 10:44:00,2011-11-18 08:56:00,2010-12,3,3,699.8,526,233.26666666666665
12428,2011-03-01 09:33:00,2011-11-14 08:22:00,2011-03,8,5,6405.26,3509,800.6575
12429,2010-12-09 12:05:00,2011-11-30 17:22:00,2010-12,4,4,3388.4,1538,847.1
12430,2011-10-27 15:09:00,2011-10-27 15:09:00,2011-10,1,1,216.4,116,216.4
12431,2010-12-01 10:03:00,2011-11-04 11:55:00,2010-12,15,8,6382.45,2899,425.49666666666667
12432,2011-06-20 13:27:00,2011-10-28 11:43:00,2011-06,4,2,4359.32,1800,1089.83
12433,2010-12-01 13:24:00,2011-11-30 14:05:00,2010-12,5,4,10737.18,8844,2147.436
12434,2011-03-24 13:05:00,2011-09-16 12:38:00,2011-03,2,2,806.14,394,403.07
12435,2011-03-17 07:40:00,2011-09-21 09:06:00,2011-03,2,2,7829.89,2055,3914.945
12436,2011-09-01 12:09:00,2011-09-01 12:09:00,2011-09,1,1,429.01000000000005,209,429.01000000000005
12437,2011-01-12 14:13:00,2011-11-30 16:47:00,2011-01,17,9,4335.51,2876,255.03
12438,2011-07-22 13:29:00,2011-11-25 13:28:00,2011-07,2,2,2466.85,1169,1233.425
12441,2010-12-08 10:45:00,2010-12-08 10:45:00,2010-12,1,1,155.55,120,155.55
12444,2011-06-21 14:00:00,2011-11-18 13:23:00,2011-06,5,5,4085.46,1130,817.092
12445,2011-11-17 18:43:00,2011-11-17 18:43:00,2011-11,1,1,77.4,60,77.4
12446,2011-10-13 12:50:00,2011-10-13 12:50:00,2011-10,1,1,1002.3100000000001,351,1002.3100000000001
12447,2011-04-10 13:25:00,2011-04-10 13:25:00,2011-04,1,1,431.49,187,431.49
12448,2011-10-26 13:46:00,2011-10-26 13:46:00,2011-10,1,1,365.45,240,365.45
12449,2011-06-05 15:37:00,2011-11-17 13:46:00,2011-06,4,4,3596.29,1523,899.0725
12450,2011-06-19 14:36:00,2011-07-06 14:41:00,2011-06,2,2,197.88,128,98.94
12451,2011-01-19 09:05:00,2011-11-29 08:40:00,2011-01,5,4,8995.52,6574,1799.104
12452,2011-11-23 08:05:00,2011-11-23 08:05:00,2011-11,1,1,348.57,181,348.57
12453,2011-07-28 14:08:00,2011-07-28 14:08:00,2011-07,1,1,707.09,473,707.09
12454,2011-10-14 17:13:00,2011-10-14 17:13:00,2011-10,1,1,3528.34,1006,3528.34
12455,2011-02-16 09:56:00,2011-09-27 15:31:00,2011-02,5,5,2339.86,2084,467.97200000000004
12456,2011-03-30 09:12:00,2011-10-26 14:41:00,2011-03,3,3,2581.04,1618,860.3466666666667
12457,2011-04-14 18:57:00,2011-10-04 13:13:00,2011-04,6,3,2043.23,835,340.53833333333336
12458,2011-02-28 10:55:00,2011-09-29 15:25:00,2011-02,2,2,787.4000000000001,502,393.70000000000005
12461,2011-07-08 10:23:00,2011-07-08 10:23:00,2011-07,1,1,626.88,282,626.88
12462,2011-02-09 14:44:00,2011-11-21 09:11:00,2011-02,2,2,937.5899999999999,527,468.79499999999996
12463,2011-04-12 12:47:00,2011-10-17 13:44:00,2011-04,4,4,1200.78,768,300.195
12464,2011-02-03 13:30:00,2011-11-29 13:33:00,2011-02,8,5,957.05,95,119.63125
12465,2011-06-23 13:37:00,2011-11-22 16:34:00,2011-06,2,2,682.19,475,341.095
12468,2011-01-27 13:29:00,2011-06-05 11:36:00,2011-01,2,2,657.5400000000001,362,328.77000000000004
12471,2010-12-10 09:35:00,2011-11-29 13:01:00,2010-12,26,11,15425.539999999999,7215,593.29
12472,2010-12-05 14:19:00,2011-11-07 14:01:00,2010-12,7,7,6068.11,4120,866.8728571428571
12473,2011-06-01 10:15:00,2011-10-17 11:27:00,2011-06,3,3,2596.23,2419,865.41
12474,2011-01-14 10:06:00,2011-11-22 14:39:00,2011-01,18,9,6745.79,4812,374.7661111111111
12475,2011-10-17 10:10:00,2011-10-17 10:10:00,2011-10,1,1,669.38,532,669.38
12476,2010-12-13 14:39:00,2011-11-24 12:40:00,2010-12,11,9,5898.42,2357,536.22
12477,2011-02-11 12:45:00,2011-11-17 09:51:00,2011-02,6,5,13219.74,3653,2203.29
12479,2011-11-28 13:26:00,2011-11-28 13:26:00,2011-11,1,1,473.2,382,473.2
12480,2011-01-07 15:27:00,2011-11-11 14:52:00,2011-01,4,4,2885.63,1685,721.4075
12481,2010-12-09 10:13:00,2011-11-17 08:29:00,2010-12,10,7,5020.32,3272,502.032
12483,2011-01-04 14:20:00,2011-11-22 17:02:00,2011-01,8,7,1910.98,1094,238.8725
12484,2011-01-07 14:04:00,2011-11-04 15:18:00,2011-01,4,4,3953.7200000000003,2170,988.4300000000001
12488,2011-09-25 10:34:00,2011-11-30 08:50:00,2011-09,3,3,1244.66,526,414.8866666666667
12489,2011-01-07 13:13:00,2011-01-07 13:13:00,2011-01,1,1,298.93,103,298.93
12490,2011-01-14 09:13:00,2011-11-22 11:19:00,2011-01,9,7,4451.63,2781,494.6255555555556
12491,2011-11-01 12:18:00,2011-11-01 12:18:00,2011-11,1,1,424.40000000000003,258,424.40000000000003
12492,2011-08-26 14:51:00,2011-10-07 15:15:00,2011-08,2,2,227.21,190,113.605
12493,2011-05-26 14:53:00,2011-06-27 10:17:00,2011-05,2,2,379.74,204,189.87
12494,2010-12-09 11:31:00,2011-11-24 09:34:00,2010-12,7,6,1084.1000000000001,698,154.8714285714286
12497,2011-09-19 12:29:00,2011-09-19 12:29:00,2011-09,1,1,953.1,1231,953.1
12498,2011-10-13 09:30:00,2011-11-18 12:53:00,2011-10,3,2,349.70000000000005,156,116.56666666666668
12500,2011-01-10 09:48:00,2011-11-16 16:20:00,2011-01,11,7,4059.82,2667,369.07454545454544
12501,2011-01-07 12:28:00,2011-01-07 12:28:00,2011-01,1,1,2025.39,1775,2025.39
12502,2011-02-03 10:41:00,2011-09-05 11:52:00,2011-02,5,5,2995.87,794,599.174
12504,2011-11-09 14:56:00,2011-11-21 16:02:00,2011-11,2,1,428.04999999999995,87,214.02499999999998
12506,2011-04-21 08:54:00,2011-04-21 08:54:00,2011-04,1,1,73.5,23,73.5
12507,2011-02-14 09:24:00,2011-07-28 17:09:00,2011-02,3,2,1052.81,885,350.93666666666667
12508,2011-11-10 16:27:00,2011-11-13 15:37:00,2011-11,2,1,398.27,272,199.135
12509,2011-02-28 14:45:00,2011-02-28 14:45:00,2011-02,1,1,158.5,54,158.5
12510,2011-01-18 14:04:00,2011-07-20 10:15:00,2011-01,2,2,814.5699999999999,347,407.28499999999997
12512,2011-10-04 14:53:00,2011-10-04 14:55:00,2011-10,2,1,138.03,99,69.015
12513,2011-08-19 10:51:00,2011-08-19 10:51:00,2011-08,1,1,558.29,459,558.29
12514,2011-03-17 16:38:00,2011-03-17 16:38:00,2011-03,1,1,1017.68,440,1017.68
12515,2010-12-21 15:43:00,2010-12-21 15:43:00,2010-12,1,1,278.7,128,278.7
12516,2011-06-12 11:37:00,2011-09-23 09:13:00,2011-06,2,2,1186.06,868,593.03
12517,2011-06-02 15:13:00,2011-11-11 13:57:00,2011-06,4,4,2322.84,1361,580.71
12518,2011-08-21 13:18:00,2011-11-11 11:18:00,2011-08,4,4,1537.75,1120,384.4375
12519,2011-10-07 09:26:00,2011-10-07 09:26:00,2011-10,1,1,286.84,180,286.84
12520,2011-03-11 11:35:00,2011-09-21 15:23:00,2011-03,5,4,2346.2599999999998,1423,469.25199999999995
12521,2011-07-20 10:51:00,2011-07-20 10:51:00,2011-07,1,1,545.68,306,545.68
12522,2011-10-19 14:41:00,2011-10-31 15:30:00,2011-10,2,1,156.72,192,78.36
12523,2011-01-12 09:43:00,2011-11-20 12:55:00,2011-01,11,9,1699.77,860,154.52454545454546
12524,2011-01-10 10:35:00,2011-11-30 15:31:00,2011-01,8,7,3945.72,3669,493.215
12526,2011-09-06 14:19:00,2011-10-17 09:37:00,2011-09,2,2,931.58,538,465.79
12527,2011-01-18 12:05:00,2011-09-19 11:55:00,2011-01,3,3,330.71000000000004,233,110.23666666666668
12528,2011-01-31 09:05:00,2011-11-30 14:40:00,2011-01,6,6,1645.48,740,274.24666666666667
12530,2011-01-07 10:04:00,2011-10-11 12:34:00,2011-01,4,4,1500.28,904,375.07
12531,2011-11-25 11:12:00,2011-11-25 11:12:00,2011-11,1,1,125.22,45,125.22
12532,2011-11-09 13:47:00,2011-11-09 13:47:00,2011-11,1,1,313.83000000000004,151,313.83000000000004
12534,2011-08-01 10:26:00,2011-08-01 10:26:00,2011-08,1,1,981.18,645,981.18
12535,2011-06-06 12:47:00,2011-09-09 08:48:00,2011-06,2,2,716.3499999999999,219,358.17499999999995
12536,2011-10-11 14:52:00,2011-10-11 14:52:00,2011-10,1,1,4279.71,2801,4279.71
12538,2011-11-10 17:16:00,2011-11-10 17:16:00,2011-11,1,1,363.95,191,363.95
12539,2011-01-10 09:11:00,2011-11-17 13:30:00,2011-01,4,3,5568.35,2067,1392.0875
12540,2010-12-13 09:39:00,2011-11-20 11:31:00,2010-12,17,11,11580.24,6620,681.1905882352941
12541,2011-03-04 09:32:00,2011-11-10 10:40:00,2011-03,3,3,841.1800000000001,675,280.3933333333334
12544,2011-11-03 16:15:00,2011-11-03 16:15:00,2011-11,1,1,316.7,134,316.7
12545,2011-03-25 12:04:00,2011-09-25 13:39:00,2011-03,2,2,832.39,517,416.195
12546,2011-09-23 09:44:00,2011-10-24 12:09:00,2011-09,2,2,1021.5,628,510.75
12547,2011-03-04 12:46:00,2011-05-26 12:38:00,2011-03,2,2,151.8,132,75.9
12548,2011-06-26 15:35:00,2011-06-26 15:35:00,2011-06,1,1,67.19999999999999,48,67.19999999999999
12550,2011-09-21 14:35:00,2011-09-21 14:35:00,2011-09,1,1,824.83,564,824.83
12551,2010-12-17 11:23:00,2010-12-17 11:23:00,2010-12,1,1,168.0,100,168.0
12552,2011-10-31 12:11:00,2011-10-31 12:11:00,2011-10,1,1,317.82,85,317.82
12553,2011-01-14 10:42:00,2011-11-14 13:40:00,2011-01,9,8,3019.2599999999998,1774,335.4733333333333
12556,2011-07-11 13:35:00,2011-10-20 13:06:00,2011-07,2,2,603.71,358,301.855
12557,2010-12-03 12:20:00,2011-11-23 16:59:00,2010-12,5,5,11990.960000000001,4384,2398.192
12559,2011-01-24 10:12:00,2011-02-02 09:49:00,2011-01,2,2,525.71,281,262.855
12560,2011-07-19 15:55:00,2011-07-19 15:55:00,2011-07,1,1,1292.31,812,1292.31
12561,2011-02-10 11:39:00,2011-02-10 11:39:00,2011-02,1,1,238.85,177,238.85
12562,2011-05-25 12:44:00,2011-11-17 11:34:00,2011-05,6,6,2785.37,1437,464.2283333333333
12564,2011-03-23 14:55:00,2011-03-23 14:55:00,2011-03,1,1,402.9,130,402.9
12565,2011-02-24 10:34:00,2011-02-24 10:34:00,2011-02,1,1,145.92,80,145.92
12566,2011-09-14 14:30:00,2011-09-14 14:30:00,2011-09,1,1,297.65,262,297.65
12567,2010-12-05 11:57:00,2011-11-17 11:02:00,2010-12,10,7,8609.28,4261,860.9280000000001
12569,2011-04-01 13:47:00,2011-11-23 14:39:00,2011-04,26,8,2673.67,1459,102.83346153846153
12571,2011-08-10 12:35:00,2011-10-31 10:19:00,2011-08,2,2,519.61,523,259.805
12572,2011-10-19 08:20:00,2011-10-19 08:20:00,2011-10,1,1,478.74,290,478.74
12573,2011-04-26 15:52:00,2011-04-26 15:52:00,2011-04,1,1,160.54,84,160.54
12574,2011-01-28 09:20:00,2011-01-28 09:20:00,2011-01,1,1,182.45000000000002,59,182.45000000000002
12576,2011-02-08 11:31:00,2011-11-04 10:11:00,2011-02,5,5,1315.83,967,263.166
12577,2010-12-15 16:21:00,2011-11-04 13:24:00,2010-12,3,2,653.8499999999999,471,217.94999999999996
12578,2011-01-13 15:34:00,2011-11-18 13:30:00,2011-01,2,2,2402.51,1182,1201.255
12579,2011-09-22 17:15:00,2011-09-22 17:15:00,2011-09,1,1,386.42,282,386.42
12580,2011-04-07 10:24:00,2011-04-07 10:24:00,2011-04,1,1,379.7,236,379.7
12581,2011-10-31 08:56:00,2011-10-31 08:56:00,2011-10,1,1,179.71,160,179.71
12582,2011-02-24 11:42:00,2011-04-15 08:45:00,2011-02,2,2,351.36,296,175.68
12583,2010-12-01 08:45:00,2011-11-21 11:16:00,2010-12,14,11,6064.61,4719,433.18642857142856
12584,2011-03-04 15:15:00,2011-11-22 08:34:00,2011-03,8,7,2053.7,368,256.7125
12585,2010-12-23 12:58:00,2011-04-19 13:39:00,2010-12,2,2,1824.1,1267,912.05
12586,2011-11-22 16:24:00,2011-11-22 16:24:00,2011-11,1,1,196.94000000000003,79,196.94000000000003
12588,2011-10-31 15:01:00,2011-10-31 15:01:00,2011-10,1,1,174.89999999999998,52,174.89999999999998
12589,2011-07-18 12:05:00,2011-11-11 10:19:00,2011-07,2,2,574.6800000000001,302,287.34000000000003
12590,2011-05-12 14:46:00,2011-05-12 14:46:00,2011-05,1,1,9341.26,4282,9341.26
12591,2011-01-26 14:35:00,2011-01-26 14:35:00,2011-01,1,1,368.85,225,368.85
12592,2011-05-10 13:44:00,2011-09-08 15:04:00,2011-05,2,2,401.6,288,200.8
12593,2011-05-05 09:29:00,2011-08-23 12:43:00,2011-05,3,2,382.1,204,127.36666666666667
12594,2011-01-21 09:52:00,2011-11-02 12:20:00,2011-01,9,9,3208.2200000000003,1772,356.4688888888889
12596,2011-04-11 13:22:00,2011-10-19 13:02:00,2011-04,2,2,450.27,468,225.135
12597,2011-03-16 14:00:00,2011-11-20 13:33:00,2011-03,4,4,3195.2200000000003,2214,798.8050000000001
12598,2011-02-28 11:58:00,2011-11-30 12:18:00,2011-02,7,5,2807.08,1952,401.01142857142855
12599,2011-02-08 13:28:00,2011-11-10 13:34:00,2011-02,7,6,888.58,948,126.94000000000001
12600,2010-12-03 12:57:00,2011-11-11 10:29:00,2010-12,10,9,2311.04,758,231.10399999999998
12601,2011-01-11 10:38:00,2011-06-03 10:17:00,2011-01,5,5,487.06,240,97.412
12602,2011-10-12 11:22:00,2011-10-12 11:22:00,2011-10,1,1,153.12,162,153.12
12603,2011-11-18 10:42:00,2011-11-18 10:42:00,2011-11,1,1,613.1999999999999,56,613.1999999999999
12604,2011-03-23 12:06:00,2011-09-21 14:08:00,2011-03,2,2,236.18,200,118.09
12607,2011-10-10 16:06:00,2011-10-10 16:06:00,2011-10,1,1,1579.51,1228,1579.51
12609,2011-01-25 15:13:00,2011-09-22 16:34:00,2011-01,3,3,964.85,639,321.6166666666667
12610,2011-08-05 13:52:00,2011-11-17 09:34:00,2011-08,4,3,1747.54,1039,436.885
12611,2011-10-18 13:12:00,2011-10-18 13:12:00,2011-10,1,1,1193.32,846,1193.32
12612,2011-09-26 15:35:00,2011-09-26 15:35:00,2011-09,1,1,668.0400000000001,260,668.0400000000001
12613,2011-03-22 15:42:00,2011-10-13 14:59:00,2011-03,4,3,3092.38,1630,773.095
12614,2011-03-07 10:22:00,2011-03-07 10:22:00,2011-03,1,1,315.6,76,315.6
12615,2011-06-24 13:35:00,2011-11-03 10:45:00,2011-06,3,3,1706.3400000000001,1118,568.7800000000001
12616,2011-02-15 14:17:00,2011-09-05 15:17:00,2011-02,2,2,641.3,280,320.65
12617,2011-11-10 14:39:00,2011-11-10 14:39:00,2011-11,1,1,355.53,213,355.53
12618,2011-11-18 11:10:00,2011-11-18 11:10:00,2011-11,1,1,137.31,95,137.31
12619,2011-03-31 13:10:00,2011-11-23 14:52:00,2011-03,8,6,2945.56,3360,368.195
12620,2011-05-19 12:10:00,2011-11-25 10:20:00,2011-05,3,3,1303.4099999999999,1179,434.46999999999997
12621,2010-12-09 10:16:00,2011-11-16 08:37:00,2010-12,19,11,11313.47,6382,595.4457894736842
12622,2011-04-21 16:39:00,2011-04-21 16:39:00,2011-04,1,1,162.1,68,162.1
12623,2011-03-08 13:50:00,2011-03-08 13:50:00,2011-03,1,1,269.1,189,269.1
12624,2011-06-15 12:34:00,2011-08-25 15:04:00,2011-06,2,2,569.13,351,284.565
12625,2011-01-24 13:27:00,2011-05-12 09:54:00,2011-01,2,2,2413.8199999999997,1597,1206.9099999999999
12626,2011-01-17 11:01:00,2011-11-16 16:06:00,2011-01,9,6,5954.48,3416,661.6088888888888
12627,2011-07-22 13:59:00,2011-11-29 12:07:00,2011-07,6,5,4082.53,2730,680.4216666666667
12628,2011-10-06 09:28:00,2011-11-06 14:26:00,2011-10,2,2,535.21,299,267.605
12630,2011-10-27 10:41:00,2011-11-30 10:48:00,2011-10,2,2,1030.88,542,515.44
12631,2011-10-13 13:53:00,2011-10-13 13:53:00,2011-10,1,1,480.5,232,480.5
12633,2011-02-25 08:44:00,2011-10-12 11:40:00,2011-02,4,4,1929.98,1149,482.495
12635,2011-07-08 08:43:00,2011-09-11 11:04:00,2011-07,2,2,1509.1799999999998,1162,754.5899999999999
12637,2011-01-20 10:47:00,2011-10-03 13:46:00,2011-01,8,6,5823.900000000001,2991,727.9875000000001
12638,2011-11-06 13:11:00,2011-11-06 13:11:00,2011-11,1,1,511.69,573,511.69
12639,2011-04-15 12:48:00,2011-04-15 12:48:00,2011-04,1,1,366.1,198,366.1
12640,2011-09-19 12:01:00,2011-11-16 11:52:00,2011-09,3,2,994.58,301,331.5266666666667
12641,2011-08-16 13:26:00,2011-08-16 13:26:00,2011-08,1,1,145.9,71,145.9
12642,2011-08-24 09:23:00,2011-11-14 15:03:00,2011-08,3,3,905.26,546,301.75333333333333
12643,2011-01-11 11:48:00,2011-08-03 12:56:00,2011-01,6,4,3041.64,1788,506.94
12644,2011-08-02 10:33:00,2011-08-02 10:33:00,2011-08,1,1,477.91,325,477.91
12645,2011-01-27 13:08:00,2011-11-06 12:38:00,2011-01,4,4,1631.18,1076,407.795
12646,2011-10-21 12:52:00,2011-10-21 12:52:00,2011-10,1,1,731.6899999999999,489,731.6899999999999
12647,2010-12-05 14:02:00,2011-11-17 12:56:00,2010-12,12,8,3146.82,1399,262.235
12648,2011-07-08 11:55:00,2011-07-08 11:55:00,2011-07,1,1,300.05,159,300.05
12649,2011-05-11 14:37:00,2011-08-24 14:41:00,2011-05,3,2,569.51,583,189.83666666666667
12651,2011-01-09 12:46:00,2011-01-09 12:46:00,2011-01,1,1,114.0,78,114.0
12652,2011-01-12 15:00:00,2011-01-12 15:00:00,2011-01,1,1,793.98,498,793.98
12653,2011-02-16 10:53:00,2011-07-14 10:41:00,2011-02,2,2,2209.85,919,1104.925
12654,2011-02-17 13:16:00,2011-11-29 10:10:00,2011-02,5,3,529.98,260,105.99600000000001
12656,2011-04-20 09:20:00,2011-11-22 13:42:00,2011-04,5,5,3619.17,1699,723.8340000000001
12657,2011-09-22 11:40:00,2011-11-28 15:47:00,2011-09,4,3,1427.18,1032,356.795
12658,2011-11-21 10:22:00,2011-11-21 10:22:00,2011-11,1,1,632.05,317,632.05
12659,2011-11-10 11:53:00,2011-11-10 11:53:00,2011-11,1,1,73.68,104,73.68
12660,2011-11-28 13:26:00,2011-11-28 13:26:00,2011-11,1,1,227.1,126,227.1
12662,2010-12-01 13:04:00,2011-11-16 17:26:00,2010-12,10,9,3336.83,1946,333.683
12664,2011-01-21 11:42:00,2011-11-23 15:02:00,2011-01,8,6,3581.88,972,447.735
12665,2011-01-19 08:34:00,2011-01-19 08:34:00,2011-01,1,1,45.0,36,45.0
12667,2011-10-12 17:00:00,2011-10-12 17:00:00,2011-10,1,1,460.13,391,460.13
12668,2010-12-19 12:46:00,2011-11-28 10:56:00,2010-12,4,4,3177.15,1599,794.2875
12669,2011-03-28 10:15:00,2011-07-12 09:54:00,2011-03,2,2,1427.73,1104,713.865
12670,2011-04-21 10:16:00,2011-11-29 15:23:00,2011-04,5,4,2744.05,1383,548.8100000000001
12672,2011-01-14 09:20:00,2011-01-14 09:20:00,2011-01,1,1,225.9,78,225.9
12673,2011-01-17 11:46:00,2011-01-17 11:46:00,2011-01,1,1,220.9,171,220.9
12674,2011-05-16 09:10:00,2011-11-01 12:12:00,2011-05,4,4,1844.6,1126,461.15
12676,2011-02-01 15:41:00,2011-11-15 12:25:00,2011-02,6,6,1091.39,664,181.89833333333334
12678,2010-12-21 14:26:00,2011-10-28 13:04:00,2010-12,9,8,16331.460000000001,10900,1814.6066666666668
12679,2011-03-01 12:26:00,2011-10-12 12:30:00,2011-03,4,4,951.02,545,237.755
12680,2011-08-18 15:44:00,2011-09-27 12:53:00,2011-08,3,2,541.3599999999999,334,180.4533333333333
12681,2010-12-07 10:08:00,2011-11-25 11:33:00,2010-12,22,10,12365.54,7457,562.07
12682,2010-12-03 13:59:00,2011-11-30 14:16:00,2010-12,30,12,10445.59,5205,348.1863333333333
12683,2010-12-09 10:37:00,2011-10-20 14:30:00,2010-12,13,8,6905.09,4467,531.1607692307692
12684,2011-05-10 12:55:00,2011-11-15 10:50:00,2011-05,5,4,1912.23,1889,382.446
12685,2011-09-07 10:28:00,2011-11-11 13:46:00,2011-09,6,3,2575.08,1507,429.18
12686,2010-12-03 09:51:00,2010-12-03 09:51:00,2010-12,1,1,71.14,106,71.14
12688,2011-08-18 08:49:00,2011-08-18 08:49:00,2011-08,1,1,4873.81,3028,4873.81
12689,2011-08-04 10:04:00,2011-11-14 08:31:00,2011-08,2,2,1139.6100000000001,622,569.8050000000001
12690,2011-05-18 09:09:00,2011-05-18 09:09:00,2011-05,1,1,335.01,103,335.01
12691,2010-12-17 14:46:00,2011-11-11 16:49:00,2010-12,5,5,927.8,388,185.56
12693,2011-01-24 12:58:00,2011-08-04 17:51:00,2011-01,4,4,711.9100000000001,247,177.97750000000002
12694,2011-06-09 17:48:00,2011-09-30 13:06:00,2011-06,2,2,761.6700000000001,503,380.83500000000004
12695,2011-05-13 13:15:00,2011-10-04 15:02:00,2011-05,3,3,497.0,206,165.66666666666666
12697,2011-06-23 15:44:00,2011-11-11 08:47:00,2011-06,3,3,757.5899999999999,503,252.52999999999997
12700,2011-05-08 16:10:00,2011-10-05 09:57:00,2011-05,3,3,3337.24,2250,1112.4133333333332
12701,2011-04-11 13:02:00,2011-09-21 10:47:00,2011-04,2,2,725.71,674,362.855
12702,2011-11-20 10:36:00,2011-11-20 10:36:00,2011-11,1,1,201.0,52,201.0
12703,2011-09-29 17:52:00,2011-09-29 17:52:00,2011-09,1,1,265.55,163,265.55
12704,2011-06-23 10:20:00,2011-11-17 14:51:00,2011-06,7,4,1582.08,911,226.01142857142855
12705,2010-12-17 15:58:00,2011-11-24 13:17:00,2010-12,8,7,6382.29,3970,797.78625
12707,2011-02-21 08:38:00,2011-02-21 08:38:00,2011-02,1,1,603.42,256,603.42
12708,2010-12-06 10:43:00,2011-11-10 09:52:00,2010-12,10,9,2442.91,1292,244.291
12709,2010-12-08 09:49:00,2011-11-24 15:38:00,2010-12,15,10,9430.52,3919,628.7013333333333
12710,2011-05-22 14:05:00,2011-09-04 12:00:00,2011-05,3,3,1023.0200000000001,844,341.0066666666667
12712,2010-12-03 14:30:00,2011-11-11 08:19:00,2010-12,13,10,3928.13,1036,302.1638461538462
12714,2011-02-18 10:53:00,2011-11-30 15:43:00,2011-02,5,5,4294.86,3046,858.972
12715,2011-08-25 15:22:00,2011-08-25 15:22:00,2011-08,1,1,273.86,195,273.86
12716,2011-07-29 13:28:00,2011-07-29 13:28:00,2011-07,1,1,623.9,500,623.9
12717,2011-04-08 10:32:00,2011-07-11 14:47:00,2011-04,2,2,830.98,502,415.49
12718,2011-09-29 16:38:00,2011-09-29 16:38:00,2011-09,1,1,202.25,201,202.25
12719,2011-10-05 14:50:00,2011-10-05 14:50:00,2011-10,1,1,247.60000000000002,160,247.60000000000002
12720,2010-12-05 15:21:00,2011-11-24 15:03:00,2010-12,24,12,4823.26,4472,200.96916666666667
12721,2010-12-20 11:38:00,2011-11-08 12:13:00,2010-12,6,6,2386.13,1944,397.68833333333333
12722,2011-07-12 11:55:00,2011-09-15 14:50:00,2011-07,4,3,979.6300000000001,565,244.90750000000003
12723,2011-10-05 15:52:00,2011-11-23 14:01:00,2011-10,4,2,647.79,409,161.9475
12724,2011-01-11 15:00:00,2011-09-19 12:36:00,2011-01,3,3,733.1700000000001,365,244.39000000000001
12725,2010-12-03 15:45:00,2010-12-03 15:45:00,2010-12,1,1,371.8,162,371.8
12726,2010-12-17 12:56:00,2011-11-11 13:35:00,2010-12,7,7,2411.1,3132,344.4428571428571
12727,2011-01-23 15:17:00,2011-11-29 11:46:00,2011-01,7,6,3440.7,2068,491.5285714285714
12728,2011-01-11 13:31:00,2011-09-29 15:31:00,2011-01,4,4,728.33,413,182.0825
12729,2011-08-18 11:40:00,2011-08-18 11:40:00,2011-08,1,1,417.01,231,417.01
12731,2010-12-10 10:56:00,2011-11-16 11:59:00,2010-12,12,10,18751.91,8429,1562.6591666666666
12732,2011-06-13 11:33:00,2011-06-13 11:33:00,2011-06,1,1,218.26000000000002,110,218.26000000000002
12733,2011-04-19 16:19:00,2011-04-19 16:19:00,2011-04,1,1,383.95,137,383.95
12734,2010-12-22 12:47:00,2010-12-22 12:47:00,2010-12,1,1,110.39999999999999,88,110.39999999999999
12735,2011-01-06 14:26:00,2011-01-28 13:37:00,2011-01,2,1,689.5699999999999,363,344.78499999999997
12736,2011-01-11 07:57:00,2011-01-11 07:57:00,2011-01,1,1,144.0,168,144.0
12738,2010-12-02 18:27:00,2010-12-02 18:27:00,2010-12,1,1,137.35,147,137.35
12739,2011-09-01 17:45:00,2011-09-01 17:45:00,2011-09,1,1,975.54,485,975.54
12740,2011-10-07 10:44:00,2011-10-07 10:44:00,2011-10,1,1,427.6,342,427.6
12743,2011-07-28 16:06:00,2011-07-28 16:21:00,2011-07,2,1,546.4300000000001,319,273.21500000000003
12744,2011-01-25 13:26:00,2011-10-14 14:54:00,2011-01,4,4,9120.39,5234,2280.0975
12747,2010-12-05 15:38:00,2011-11-17 17:13:00,2010-12,10,8,3757.5099999999998,1153,375.751
12748,2010-12-01 12:48:00,2011-11-29 18:14:00,2010-12,197,12,31247.9,24817,158.61878172588834
12749,2011-05-10 15:25:00,2011-11-17 12:05:00,2011-05,4,3,3277.82,1243,819.455
12750,2011-08-03 09:13:00,2011-08-03 09:13:00,2011-08,1,1,275.88,137,275.88
12752,2011-09-19 13:32:00,2011-09-19 13:32:00,2011-09,1,1,4366.78,2262,4366.78
12753,2010-12-12 11:44:00,2011-11-17 10:52:00,2010-12,6,6,21429.39,11421,3571.565
12754,2011-02-04 10:31:00,2011-04-18 09:00:00,2011-02,3,3,3010.74,6481,1003.5799999999999
12755,2010-12-09 10:44:00,2011-03-04 12:42:00,2010-12,2,2,3811.95,1491,1905.975
12756,2011-09-14 09:31:00,2011-09-14 09:31:00,2011-09,1,1,112.08,144,112.08
12757,2011-05-12 19:01:00,2011-11-24 12:30:00,2011-05,9,5,4199.2,2394,466.5777777777778
12758,2011-03-08 12:05:00,2011-08-15 10:22:00,2011-03,2,2,2791.59,2135,1395.795
12759,2011-03-09 08:09:00,2011-10-18 14:49:00,2011-03,3,3,1411.44,894,470.48
12762,2011-11-14 14:23:00,2011-11-14 14:23:00,2011-11,1,1,405.59,193,405.59
12763,2010-12-05 15:46:00,2011-07-24 14:12:00,2010-12,2,2,494.08,316,247.04
12764,2011-01-27 10:19:00,2011-01-27 10:19:00,2011-01,1,1,1693.88,386,1693.88
12766,2010-12-08 13:53:00,2011-10-13 11:50:00,2010-12,6,6,5851.2,3364,975.1999999999999
12769,2011-04-15 10:25:00,2011-04-15 10:25:00,2011-04,1,1,1143.6,356,1143.6
12770,2011-05-13 09:33:00,2011-05-13 09:33:00,2011-05,1,1,1351.45,743,1351.45
12772,2011-10-11 09:19:00,2011-10-11 09:19:00,2011-10,1,1,752.47,551,752.47
12775,2011-02-01 13:45:00,2011-11-22 16:33:00,2011-02,5,5,1281.04,870,256.20799999999997
12778,2011-01-31 14:35:00,2011-11-20 11:30:00,2011-01,6,5,693.23,817,115.53833333333334
12779,2010-12-03 13:40:00,2011-11-02 11:43:00,2010-12,8,8,3981.36,2024,497.67
12781,2011-02-28 08:43:00,2011-10-07 10:37:00,2011-02,2,2,786.74,670,393.37
12782,2010-12-17 11:30:00,2011-07-13 10:30:00,2010-12,4,4,1714.67,945,428.6675
12783,2011-09-25 15:35:00,2011-11-07 11:57:00,2011-09,3,3,1007.29,473,335.7633333333333
12784,2011-11-24 12:53:00,2011-11-24 12:53:00,2011-11,1,1,518.42,298,518.42
12785,2010-12-10 13:48:00,2010-12-10 13:48:00,2010-12,1,1,255.95,129,255.95
12787,2011-05-31 09:36:00,2011-11-30 08:44:00,2011-05,3,3,418.65999999999997,258,139.5533333333333
12789,2011-10-05 13:34:00,2011-10-05 13:34:00,2011-10,1,1,76.85,3,76.85
12790,2011-05-31 14:14:00,2011-05-31 14:14:00,2011-05,1,1,294.92,164,294.92
12791,2010-12-01 11:27:00,2010-12-01 11:27:00,2010-12,1,1,177.60000000000002,96,177.60000000000002
12792,2011-03-28 11:36:00,2011-03-28 11:36:00,2011-03,1,1,344.53999999999996,215,344.53999999999996
12793,2010-12-03 15:14:00,2011-01-09 12:12:00,2010-12,2,2,461.48,292,230.74
12794,2011-09-02 12:01:00,2011-10-17 14:54:00,2011-09,2,2,860.41,592,430.205
12795,2011-11-21 10:27:00,2011-11-21 10:27:00,2011-11,1,1,318.48,64,318.48
12797,2010-12-09 10:55:00,2010-12-09 10:55:00,2010-12,1,1,226.03,117,226.03
12798,2011-06-22 10:11:00,2011-11-29 15:52:00,2011-06,3,3,6977.04,5256,2325.68
12802,2011-06-06 09:36:00,2011-06-06 09:36:00,2011-06,1,1,397.58,312,397.58
12808,2010-12-06 10:27:00,2011-11-03 10:05:00,2010-12,3,3,455.65000000000003,187,151.88333333333335
12809,2011-06-15 10:51:00,2011-06-15 10:51:00,2011-06,1,1,405.31,217,405.31
12811,2011-02-28 15:39:00,2011-03-23 10:55:00,2011-02,2,2,458.85,227,229.425
12812,2011-10-26 09:54:00,2011-10-26 09:54:00,2011-10,1,1,229.64000000000001,164,229.64000000000001
12814,2011-08-30 12:11:00,2011-08-30 12:11:00,2011-08,1,1,85.92,48,85.92
12815,2011-05-25 13:34:00,2011-07-15 10:21:00,2011-05,2,2,863.46,374,431.73
12816,2011-06-16 13:24:00,2011-09-05 12:41:00,2011-06,2,2,452.20000000000005,125,226.10000000000002
12817,2011-03-03 16:28:00,2011-03-03 16:28:00,2011-03,1,1,126.03999999999999,52,126.03999999999999
12818,2011-03-23 12:06:00,2011-03-23 12:06:00,2011-03,1,1,1182.0800000000002,920,1182.0800000000002
12820,2011-01-17 12:34:00,2011-10-26 13:27:00,2011-01,3,3,731.99,607,243.99666666666667
12821,2011-05-09 15:51:00,2011-05-09 15:51:00,2011-05,1,1,92.72,70,92.72
12822,2011-09-13 13:46:00,2011-09-30 10:04:00,2011-09,2,1,948.88,550,474.44
12823,2011-02-16 12:15:00,2011-09-26 07:35:00,2011-02,5,4,1759.5,230,351.9
12824,2011-10-11 12:49:00,2011-10-11 12:49:00,2011-10,1,1,397.12,232,397.12
12826,2010-12-09 15:21:00,2011-11-10 15:37:00,2010-12,6,5,1332.12,995,222.01999999999998
12827,2011-10-26 15:44:00,2011-11-07 11:29:00,2011-10,2,2,318.7,150,159.35
12828,2011-08-01 16:16:00,2011-10-05 10:53:00,2011-08,4,3,661.3100000000001,309,165.32750000000001
12829,2010-12-14 14:54:00,2011-01-07 11:13:00,2010-12,2,2,293.0,376,146.5
12830,2011-06-21 10:53:00,2011-11-02 11:54:00,2011-06,6,4,6814.64,9848,1135.7733333333333
12831,2011-03-22 13:02:00,2011-03-22 13:02:00,2011-03,1,1,215.04999999999998,135,215.04999999999998
12832,2011-09-02 13:48:00,2011-11-07 13:30:00,2011-09,2,2,383.03000000000003,195,191.51500000000001
12833,2011-07-17 13:46:00,2011-07-17 13:46:00,2011-07,1,1,417.38,156,417.38
12834,2011-03-02 09:49:00,2011-03-02 09:49:00,2011-03,1,1,312.38,110,312.38
12836,2011-02-01 11:19:00,2011-10-11 15:10:00,2011-02,4,4,2612.86,1064,653.215
12837,2011-06-19 16:07:00,2011-06-19 16:07:00,2011-06,1,1,134.1,24,134.1
12838,2010-12-01 11:57:00,2011-11-06 12:20:00,2010-12,2,2,683.1300000000001,359,341.56500000000005
12839,2010-12-07 15:48:00,2011-11-28 12:33:00,2010-12,13,9,4839.03,3320,372.2330769230769
12840,2011-04-27 12:21:00,2011-07-19 09:29:00,2011-04,4,4,2726.77,1511,681.6925
12841,2010-12-03 10:43:00,2011-11-25 12:20:00,2010-12,23,12,3871.34,2606,168.3191304347826
12842,2011-02-04 12:36:00,2011-09-30 15:33:00,2011-02,2,2,1118.99,547,559.495
12843,2011-03-20 14:38:00,2011-10-05 12:09:00,2011-03,8,5,1702.26,781,212.7825
12844,2011-08-01 13:11:00,2011-11-10 13:31:00,2011-08,2,2,325.96000000000004,125,162.98000000000002
12845,2011-02-22 14:10:00,2011-03-17 13:34:00,2011-02,4,2,354.09,204,88.5225
12847,2011-11-17 13:16:00,2011-11-17 13:16:00,2011-11,1,1,871.54,909,871.54
12849,2011-03-16 12:26:00,2011-11-08 13:41:00,2011-03,2,2,1033.25,605,516.625
12851,2011-09-04 12:41:00,2011-09-04 12:41:00,2011-09,1,1,135.18,109,135.18
12852,2011-02-18 08:47:00,2011-02-18 08:47:00,2011-02,1,1,311.55,149,311.55
12853,2011-01-28 10:28:00,2011-07-28 11:29:00,2011-01,6,3,1957.1000000000001,800,326.18333333333334
12854,2011-01-25 13:35:00,2011-09-22 12:15:00,2011-01,3,3,1324.5,627,441.5
12855,2010-12-02 09:37:00,2010-12-02 09:37:00,2010-12,1,1,38.1,30,38.1
12856,2011-10-07 12:38:00,2011-11-21 11:34:00,2011-10,5,2,1966.83,953,393.366
12857,2011-02-10 12:32:00,2011-05-13 10:20:00,2011-02,2,2,1106.4,343,553.2
12863,2011-10-18 14:15:00,2011-10-18 14:15:00,2011-10,1,1,521.2,188,521.2
12864,2011-07-24 13:03:00,2011-07-24 13:03:00,2011-07,1,1,147.12,216,147.12
12865,2011-08-08 10:11:00,2011-11-13 14:31:00,2011-08,2,2,1568.23,925,784.115
12866,2011-03-01 14:11:00,2011-03-01 14:11:00,2011-03,1,1,499.12,167,499.12
12867,2010-12-14 16:39:00,2011-11-13 15:30:00,2010-12,7,7,4036.82,4298,576.6885714285714
12868,2010-12-01 12:50:00,2011-06-07 10:42:00,2010-12,6,5,1607.0600000000002,928,267.84333333333336
12871,2011-05-16 13:32:00,2011-09-16 15:07:00,2011-05,2,2,380.64,200,190.32
12872,2010-12-09 14:44:00,2011-01-17 10:52:00,2010-12,2,2,599.97,319,299.985
12873,2011-03-02 14:58:00,2011-03-02 14:58:00,2011-03,1,1,374.0,128,374.0
12875,2010-12-12 12:03:00,2011-07-19 15:30:00,2010-12,2,2,343.2300000000001,2019,171.61500000000004
12876,2011-05-27 13:34:00,2011-10-13 12:26:00,2011-05,2,2,2053.02,1930,1026.51
12877,2010-12-16 12:23:00,2011-11-15 13:21:00,2010-12,11,10,1436.1100000000001,1040,130.55545454545455
12878,2011-03-18 14:02:00,2011-04-17 13:07:00,2011-03,2,2,854.99,547,427.495
12879,2011-09-09 12:11:00,2011-10-26 12:24:00,2011-09,3,2,573.22,370,191.07333333333335
12881,2011-03-09 11:44:00,2011-03-09 11:44:00,2011-03,1,1,298.0,21,298.0
12882,2011-11-06 11:22:00,2011-11-30 16:18:00,2011-11,2,1,1463.04,246,731.52
12883,2011-09-11 15:18:00,2011-11-15 09:32:00,2011-09,4,2,703.47,196,175.8675
12884,2011-09-12 13:10:00,2011-09-12 13:10:00,2011-09,1,1,309.05,43,309.05
12885,2011-08-08 11:45:00,2011-10-07 13:40:00,2011-08,3,2,1175.22,655,391.74
12886,2011-05-04 11:21:00,2011-10-03 10:09:00,2011-05,2,2,1378.4,770,689.2
12888,2011-03-29 14:31:00,2011-05-09 16:02:00,2011-03,2,2,354.12,76,177.06
12890,2011-11-15 17:26:00,2011-11-15 17:26:00,2011-11,1,1,380.46999999999997,259,380.46999999999997
12891,2011-02-20 11:28:00,2011-06-07 12:31:00,2011-02,3,3,331.0,950,110.33333333333333
12893,2011-11-09 12:34:00,2011-11-09 12:34:00,2011-11,1,1,188.14,96,188.14
12895,2011-09-14 08:35:00,2011-10-28 13:51:00,2011-09,2,2,372.8,210,186.4
12897,2011-02-11 11:40:00,2011-05-19 12:13:00,2011-02,2,2,216.5,110,108.25
12901,2011-03-14 10:41:00,2011-11-29 14:08:00,2011-03,27,9,16874.54,21875,624.982962962963
12902,2011-03-20 12:06:00,2011-03-20 12:06:00,2011-03,1,1,138.68,66,138.68
12904,2011-06-20 13:18:00,2011-11-21 14:34:00,2011-06,2,2,509.58,302,254.79
12906,2011-09-22 15:03:00,2011-11-28 09:55:00,2011-09,5,2,2919.81,1749,583.962
12908,2011-01-31 12:37:00,2011-06-16 15:39:00,2011-01,2,2,750.0,1200,375.0
12909,2011-03-31 12:51:00,2011-10-31 12:43:00,2011-03,5,4,2178.67,1280,435.73400000000004
12910,2011-04-12 10:01:00,2011-11-16 14:28:00,2011-04,8,6,3075.04,1692,384.38
12912,2011-10-30 11:35:00,2011-11-25 13:58:00,2011-10,3,2,858.0600000000001,350,286.02000000000004
12913,2010-12-06 16:36:00,2011-11-24 10:39:00,2010-12,4,4,1948.5300000000002,896,487.13250000000005
12915,2010-12-02 12:33:00,2011-07-14 11:34:00,2010-12,2,2,363.65,93,181.825
12916,2011-01-23 10:43:00,2011-07-24 10:35:00,2011-01,4,4,3006.15,1119,751.5375
12917,2011-08-03 16:42:00,2011-08-03 16:42:00,2011-08,1,1,594.0,120,594.0
12919,2011-06-23 09:22:00,2011-11-23 10:38:00,2011-06,5,4,1047.29,537,209.458
12920,2011-11-22 15:05:00,2011-11-22 15:05:00,2011-11,1,1,164.23,129,164.23
12921,2010-12-01 15:06:00,2011-11-30 16:22:00,2010-12,37,11,16587.09,9526,448.29972972972973
12922,2011-07-01 15:35:00,2011-07-01 15:35:00,2011-07,1,1,405.38,370,405.38
12923,2011-10-06 16:20:00,2011-10-06 16:20:00,2011-10,1,1,175.72,68,175.72
12924,2011-01-16 11:49:00,2011-09-12 13:55:00,2011-01,4,4,925.75,480,231.4375
12925,2011-09-26 11:05:00,2011-09-26 11:05:00,2011-09,1,1,368.31,258,368.31
12928,2010-12-15 15:45:00,2011-11-04 14:24:00,2010-12,5,5,2062.7000000000003,1472,412.5400000000001
12929,2011-02-01 12:08:00,2011-02-01 12:08:00,2011-02,1,1,117.85,37,117.85
12930,2011-06-21 13:25:00,2011-09-22 15:18:00,2011-06,2,2,415.8,252,207.9
12931,2010-12-17 09:45:00,2011-11-18 12:39:00,2010-12,15,8,42055.96,28004,2803.730666666667
12933,2011-03-01 11:30:00,2011-11-15 16:38:00,2011-03,3,3,607.53,499,202.51
12935,2011-01-24 13:58:00,2011-11-13 11:24:00,2011-01,5,5,1816.92,1523,363.384
12936,2011-09-22 13:51:00,2011-11-22 17:32:00,2011-09,4,2,1063.9,559,265.975
12937,2011-03-17 14:19:00,2011-11-24 15:05:00,2011-03,4,4,1504.27,1007,376.0675
12938,2011-11-14 11:21:00,2011-11-14 11:21:00,2011-11,1,1,114.14,140,114.14
12939,2011-01-09 11:20:00,2011-10-06 14:33:00,2011-01,8,6,11581.8,4876,1447.725
12940,2011-09-13 10:16:00,2011-10-16 12:09:00,2011-09,2,2,913.54,411,456.77
12942,2010-12-09 09:34:00,2011-07-31 14:39:00,2010-12,3,3,683.9,203,227.96666666666667
12944,2010-12-20 10:41:00,2011-11-04 11:04:00,2010-12,2,2,604.51,289,302.255
12945,2011-02-24 14:15:00,2011-02-24 14:15:00,2011-02,1,1,462.95,165,462.95
12947,2010-12-01 16:21:00,2011-07-19 10:06:00,2010-12,6,5,1603.99,1165,267.33166666666665
12948,2011-03-20 10:17:00,2011-11-23 17:10:00,2011-03,7,5,2064.9500000000003,1080,294.9928571428572
12949,2011-04-01 13:20:00,2011-11-09 11:25:00,2011-04,8,4,4167.22,2381,520.9025
12950,2011-11-15 13:48:00,2011-11-15 13:48:00,2011-11,1,1,311.6,164,311.6
12951,2011-01-13 10:33:00,2011-06-19 10:35:00,2011-01,5,4,751.78,331,150.356
12952,2011-09-22 16:37:00,2011-10-27 17:00:00,2011-09,3,2,1090.06,534,363.3533333333333
12953,2011-11-30 09:24:00,2011-11-30 09:24:00,2011-11,1,1,329.85,84,329.85
12955,2011-03-17 09:03:00,2011-11-23 10:08:00,2011-03,9,7,3949.94,3146,438.88222222222225
12956,2011-02-06 16:08:00,2011-02-06 16:08:00,2011-02,1,1,108.07,34,108.07
12957,2011-01-04 12:18:00,2011-11-30 09:53:00,2011-01,8,6,4017.54,2549,502.1925
12962,2011-08-18 13:38:00,2011-08-18 13:38:00,2011-08,1,1,170.54,78,170.54
12963,2010-12-09 09:14:00,2011-11-29 16:44:00,2010-12,7,4,1591.98,784,227.4257142857143
12965,2011-09-11 15:31:00,2011-09-11 15:31:00,2011-09,1,1,771.91,283,771.91
12966,2011-11-30 12:38:00,2011-11-30 12:38:00,2011-11,1,1,160.18,75,160.18
12967,2010-12-03 09:49:00,2010-12-16 19:10:00,2010-12,2,1,1660.9,438,830.45
12968,2011-08-19 15:44:00,2011-08-19 15:44:00,2011-08,1,1,135.95,73,135.95
12970,2011-01-21 14:04:00,2011-01-21 14:21:00,2011-01,2,1,23.799999999999997,8,11.899999999999999
12971,2010-12-02 16:42:00,2011-11-29 17:03:00,2010-12,84,12,11028.01,9233,131.28583333333333
12974,2011-05-26 09:33:00,2011-05-26 09:33:00,2011-05,1,1,144.8,24,144.8
12976,2011-05-12 09:55:00,2011-05-12 09:55:00,2011-05,1,1,738.6,561,738.6
12977,2011-07-06 16:40:00,2011-07-06 16:40:00,2011-07,1,1,39.24,12,39.24
12980,2010-12-16 11:36:00,2011-07-05 09:34:00,2010-12,9,7,7374.900000000001,886,819.4333333333334
12981,2011-07-29 14:14:00,2011-11-10 12:00:00,2011-07,2,2,372.22,242,186.11
12982,2011-04-11 11:51:00,2011-04-11 11:51:00,2011-04,1,1,390.54,288,390.54
12984,2011-11-21 12:37:00,2011-11-21 12:37:00,2011-11,1,1,97.5,26,97.5
12985,2011-11-11 12:44:00,2011-11-11 12:44:00,2011-11,1,1,754.38,841,754.38
12987,2011-05-26 12:00:00,2011-09-27 12:03:00,2011-05,2,2,558.7,219,279.35
12988,2011-02-20 14:31:00,2011-02-20 14:31:00,2011-02,1,1,535.32,136,535.32
12989,2010-12-10 13:24:00,2011-11-18 11:47:00,2010-12,13,10,6794.9800000000005,2870,522.6907692307693
12990,2011-02-02 15:39:00,2011-11-08 13:01:00,2011-02,3,3,409.5,200,136.5
12991,2011-08-19 14:39:00,2011-11-16 15:34:00,2011-08,2,2,503.76,405,251.88
12993,2011-02-14 14:29:00,2011-11-16 15:49:00,2011-02,4,4,414.76,240,103.69
12994,2011-03-16 08:31:00,2011-08-11 17:02:00,2011-03,2,2,645.47,303,322.735
12995,2011-09-15 15:44:00,2011-09-15 15:44:00,2011-09,1,1,211.32,108,211.32
12997,2011-01-26 15:49:00,2011-11-17 15:47:00,2011-01,4,4,1226.89,664,306.7225
12999,2011-04-08 10:26:00,2011-05-27 13:24:00,2011-04,3,2,455.88,342,151.96
13000,2010-12-10 10:26:00,2011-08-25 10:43:00,2010-12,3,3,534.85,379,178.28333333333333
13001,2011-01-17 12:45:00,2011-11-17 14:17:00,2011-01,12,8,9227.81,5200,768.9841666666666
13002,2011-01-25 15:18:00,2011-01-25 15:18:00,2011-01,1,1,120.94999999999999,73,120.94999999999999
13003,2011-05-09 08:23:00,2011-08-26 10:50:00,2011-05,3,3,149.05,103,49.68333333333334
13004,2010-12-17 08:20:00,2011-11-28 11:27:00,2010-12,18,11,5655.91,4822,314.21722222222223
13005,2011-04-07 13:32:00,2011-06-19 10:53:00,2011-04,2,2,513.7,172,256.85
13006,2011-10-14 13:49:00,2011-10-14 13:49:00,2011-10,1,1,81.57,55,81.57
13008,2011-01-20 14:24:00,2011-01-20 14:24:00,2011-01,1,1,229.46999999999997,175,229.46999999999997
13011,2010-12-02 17:22:00,2010-12-02 17:22:00,2010-12,1,1,50.550000000000004,13,50.550000000000004
13012,2011-02-18 09:43:00,2011-11-30 13:05:00,2011-02,8,5,1661.8400000000001,824,207.73000000000002
13013,2010-12-03 12:28:00,2011-11-18 14:25:00,2010-12,12,8,4515.84,2114,376.32
13014,2011-03-03 18:28:00,2011-11-29 12:27:00,2011-03,10,6,3466.2799999999997,905,346.628
13015,2011-04-04 14:28:00,2011-10-17 13:19:00,2011-04,5,3,3346.2799999999997,1617,669.256
13016,2011-08-08 15:00:00,2011-09-27 14:08:00,2011-08,3,2,789.89,527,263.2966666666667
13018,2011-02-17 11:05:00,2011-11-23 13:28:00,2011-02,28,10,7277.7,5435,259.91785714285714
13021,2010-12-16 10:12:00,2011-11-14 10:28:00,2010-12,8,6,2310.9500000000003,1218,288.86875000000003
13023,2011-08-02 09:34:00,2011-10-06 16:27:00,2011-08,2,2,599.9000000000001,280,299.95000000000005
13026,2011-03-09 11:35:00,2011-11-08 07:52:00,2011-03,4,4,774.84,1128,193.71
13027,2010-12-20 12:45:00,2011-08-18 09:39:00,2010-12,6,5,6912.0,17280,1152.0
13028,2011-10-25 14:09:00,2011-11-17 11:10:00,2011-10,2,2,661.3199999999999,798,330.65999999999997
13029,2010-12-21 13:53:00,2011-11-09 09:13:00,2010-12,3,3,1247.5,134,415.8333333333333
13030,2010-12-06 14:31:00,2011-11-28 14:30:00,2010-12,2,2,799.48,394,399.74
13032,2011-09-13 16:40:00,2011-10-18 15:54:00,2011-09,2,2,1010.1800000000001,375,505.09000000000003
13033,2010-12-17 14:23:00,2010-12-17 14:23:00,2010-12,1,1,190.55,83,190.55
13034,2010-12-05 14:52:00,2011-10-16 12:21:00,2010-12,2,2,642.77,369,321.385
13035,2011-03-24 09:21:00,2011-09-27 08:57:00,2011-03,2,2,921.88,644,460.94
13037,2011-03-28 15:42:00,2011-07-24 15:46:00,2011-03,3,3,881.07,431,293.69
13038,2011-02-22 11:43:00,2011-09-20 14:37:00,2011-02,3,3,908.46,360,302.82
13040,2011-11-06 13:53:00,2011-11-06 13:53:00,2011-11,1,1,303.25,167,303.25
13043,2011-03-11 14:52:00,2011-03-11 14:52:00,2011-03,1,1,516.42,254,516.42
13044,2011-02-21 15:20:00,2011-02-21 15:20:00,2011-02,1,1,560.47,429,560.47
13045,2011-09-01 15:04:00,2011-09-01 15:04:00,2011-09,1,1,305.28000000000003,221,305.28000000000003
13046,2011-03-18 15:43:00,2011-11-09 08:36:00,2011-03,2,2,629.3100000000001,264,314.65500000000003
13047,2010-12-01 08:34:00,2011-10-14 11:15:00,2010-12,9,7,3232.59,1390,359.1766666666667
13048,2011-01-16 14:36:00,2011-11-25 13:23:00,2011-01,4,4,1835.91,1238,458.9775
13049,2011-01-25 16:33:00,2011-10-06 15:31:00,2011-01,2,2,656.68,268,328.34
13050,2010-12-08 09:30:00,2011-11-25 09:18:00,2010-12,17,10,5833.11,3747,343.1241176470588
13052,2011-05-11 14:12:00,2011-05-11 14:12:00,2011-05,1,1,348.15000000000003,222,348.15000000000003
13055,2011-05-10 08:58:00,2011-09-22 14:26:00,2011-05,3,2,1214.41,894,404.80333333333334
13058,2011-07-11 12:01:00,2011-11-15 12:43:00,2011-07,3,3,271.4,52,90.46666666666665
13059,2011-04-04 10:40:00,2011-04-04 10:40:00,2011-04,1,1,183.4,35,183.4
13060,2011-03-31 11:37:00,2011-03-31 11:37:00,2011-03,1,1,307.53,123,307.53
13061,2011-09-28 16:04:00,2011-09-28 16:04:00,2011-09,1,1,248.61,107,248.61
13062,2011-06-01 15:12:00,2011-06-01 15:12:00,2011-06,1,1,346.98,343,346.98
13064,2011-01-16 13:41:00,2011-11-27 12:31:00,2011-01,4,4,1119.49,516,279.8725
13065,2010-12-01 16:52:00,2010-12-01 16:52:00,2010-12,1,1,205.86,74,205.86
13066,2011-11-07 17:06:00,2011-11-15 12:57:00,2011-11,2,1,470.8,322,235.4
13067,2011-09-18 13:38:00,2011-09-18 13:38:00,2011-09,1,1,115.46000000000001,32,115.46000000000001
13068,2011-01-24 08:20:00,2011-11-29 15:00:00,2011-01,2,2,344.0,200,172.0
13069,2010-12-05 11:02:00,2011-11-25 15:47:00,2010-12,23,12,4155.88,5533,180.6904347826087
13070,2011-05-31 13:45:00,2011-05-31 13:45:00,2011-05,1,1,228.8,110,228.8
13072,2011-03-18 08:12:00,2011-03-18 08:12:00,2011-03,1,1,177.15,69,177.15
13075,2011-08-02 10:19:00,2011-08-02 10:19:00,2011-08,1,1,919.61,485,919.61
13077,2010-12-08 14:59:00,2011-02-22 16:19:00,2010-12,3,2,577.44,607,192.48000000000002
13078,2010-12-08 09:07:00,2011-11-29 16:31:00,2010-12,25,12,11788.86,5078,471.55440000000004
13079,2011-07-22 14:41:00,2011-11-18 09:03:00,2011-07,4,3,190.10000000000002,38,47.525000000000006
13080,2011-06-13 14:59:00,2011-06-13 14:59:00,2011-06,1,1,58.08,120,58.08
13081,2010-12-03 17:20:00,2011-11-28 10:54:00,2010-12,11,7,28337.38,19068,2576.1254545454544
13082,2011-01-05 15:42:00,2011-08-05 16:16:00,2011-01,9,6,3613.63,4324,401.51444444444445
13083,2011-09-25 10:46:00,2011-09-25 10:46:00,2011-09,1,1,192.39,143,192.39
13085,2011-02-17 13:57:00,2011-07-05 12:11:00,2011-02,2,2,416.08000000000004,216,208.04000000000002
13089,2010-12-05 10:27:00,2011-11-28 14:53:00,2010-12,93,12,54144.21,28782,582.1958064516128
13090,2010-12-02 07:48:00,2011-11-20 12:00:00,2010-12,12,9,8540.44,2184,711.7033333333334
13091,2011-11-11 15:54:00,2011-11-11 15:54:00,2011-11,1,1,345.82,466,345.82
13092,2010-12-15 12:27:00,2011-09-30 11:18:00,2010-12,5,5,477.83,279,95.566
13093,2010-12-01 15:00:00,2011-03-09 12:14:00,2010-12,8,4,7832.47,3961,979.05875
13094,2010-12-06 10:34:00,2011-11-18 14:07:00,2010-12,12,10,1927.3200000000002,1716,160.61
13095,2011-09-30 12:03:00,2011-09-30 12:03:00,2011-09,1,1,74.39999999999999,144,74.39999999999999
13097,2010-12-14 15:13:00,2011-11-07 10:43:00,2010-12,10,9,6010.42,2363,601.042
13098,2011-01-26 13:46:00,2011-11-30 10:18:00,2011-01,25,11,26516.68,14633,1060.6672
13099,2011-09-01 17:40:00,2011-09-01 17:40:00,2011-09,1,1,207.35999999999999,288,207.35999999999999
13101,2011-04-19 14:37:00,2011-04-19 14:37:00,2011-04,1,1,101.19,113,101.19
13102,2010-12-09 13:38:00,2011-11-16 15:01:00,2010-12,22,11,5921.96,3933,269.18
13103,2011-10-31 09:38:00,2011-10-31 09:38:00,2011-10,1,1,243.94,82,243.94
13104,2010-12-20 11:58:00,2011-10-24 10:11:00,2010-12,5,5,759.0,396,151.8
13106,2011-07-29 15:12:00,2011-07-29 15:12:00,2011-07,1,1,76.5,18,76.5
13107,2011-01-10 12:28:00,2011-10-26 14:52:00,2011-01,4,4,1531.6200000000001,1293,382.90500000000003
13108,2010-12-02 10:35:00,2010-12-02 10:35:00,2010-12,1,1,350.06,298,350.06
13109,2011-07-05 14:56:00,2011-10-11 10:16:00,2011-07,2,2,786.54,520,393.27
13110,2011-02-01 15:24:00,2011-11-08 14:30:00,2011-02,7,5,1488.67,388,212.66714285714286
13113,2010-12-08 13:21:00,2011-11-25 10:22:00,2010-12,23,10,11906.76,2979,517.6852173913044
13115,2011-06-08 16:15:00,2011-11-28 12:38:00,2011-06,4,3,2294.78,1567,573.695
13116,2011-07-24 14:33:00,2011-07-24 14:33:00,2011-07,1,1,501.14,291,501.14
13117,2010-12-02 13:11:00,2011-11-18 12:02:00,2010-12,8,7,984.91,945,123.11375
13118,2011-02-24 12:32:00,2011-11-20 12:46:00,2011-02,5,4,1197.81,410,239.56199999999998
13120,2011-04-15 10:19:00,2011-04-15 10:19:00,2011-04,1,1,30.599999999999998,12,30.599999999999998
13121,2011-03-15 16:47:00,2011-03-15 16:47:00,2011-03,1,1,283.73,252,283.73
13122,2011-04-13 14:12:00,2011-09-06 15:53:00,2011-04,2,2,922.39,585,461.195
13124,2010-12-15 15:00:00,2011-09-11 12:45:00,2010-12,3,3,3866.33,2147,1288.7766666666666
13126,2010-12-08 11:42:00,2011-10-26 10:43:00,2010-12,7,5,1730.2,1695,247.17142857142858
13127,2011-09-23 10:26:00,2011-09-23 10:26:00,2011-09,1,1,259.17,127,259.17
13130,2011-09-06 15:30:00,2011-09-06 15:30:00,2011-09,1,1,64.0,32,64.0
13131,2011-06-05 10:54:00,2011-11-16 13:21:00,2011-06,3,3,1073.3,447,357.76666666666665
13132,2011-03-23 12:44:00,2011-03-23 12:44:00,2011-03,1,1,77.3,20,77.3
13133,2011-02-08 15:48:00,2011-03-11 10:31:00,2011-02,2,2,109.80000000000001,32,54.900000000000006
13134,2011-04-13 12:57:00,2011-09-15 10:35:00,2011-04,4,3,1793.58,1059,448.395
13135,2011-05-27 10:52:00,2011-05-27 10:52:00,2011-05,1,1,3096.0,4300,3096.0
13136,2011-05-11 12:47:00,2011-10-14 13:41:00,2011-05,5,4,2607.61,1328,521.522
13137,2011-02-04 11:54:00,2011-11-29 12:09:00,2011-02,8,7,3650.41,2226,456.30125
13138,2010-12-02 15:03:00,2011-11-17 16:51:00,2010-12,6,6,962.39,473,160.39833333333334
13139,2011-03-25 11:57:00,2011-11-23 13:54:00,2011-03,7,5,5064.94,2425,723.5628571428571
13140,2010-12-08 15:12:00,2011-08-23 15:33:00,2010-12,3,2,423.72,186,141.24
13141,2011-01-28 13:04:00,2011-09-16 09:54:00,2011-01,5,4,2388.75,1548,477.75
13142,2011-11-20 16:07:00,2011-11-20 16:07:00,2011-11,1,1,307.09,258,307.09
13144,2011-01-11 11:15:00,2011-01-11 11:15:00,2011-01,1,1,110.95,21,110.95
13145,2010-12-02 18:06:00,2011-10-31 12:45:00,2010-12,4,4,618.52,145,154.63
13146,2011-11-13 15:29:00,2011-11-13 15:29:00,2011-11,1,1,228.91,154,228.91
13147,2011-09-01 12:28:00,2011-11-29 13:59:00,2011-09,4,3,712.8000000000001,144,178.20000000000002
13148,2010-12-10 13:06:00,2011-11-10 15:23:00,2010-12,12,6,3707.12,1975,308.9266666666667
13149,2011-02-23 13:57:00,2011-11-25 13:09:00,2011-02,4,4,1676.06,1280,419.015
13151,2011-02-17 12:29:00,2011-02-17 12:29:00,2011-02,1,1,1257.8700000000001,363,1257.8700000000001
13155,2010-12-06 12:44:00,2011-11-06 15:41:00,2010-12,4,4,971.76,497,242.94
13157,2011-02-14 14:03:00,2011-10-21 13:50:00,2011-02,4,4,1741.22,1439,435.305
13158,2011-01-25 09:58:00,2011-09-06 11:58:00,2011-01,4,4,1201.06,784,300.265
13159,2011-08-16 11:44:00,2011-10-20 13:20:00,2011-08,3,2,1155.29,807,385.09666666666664
13160,2011-11-17 13:07:00,2011-11-17 13:07:00,2011-11,1,1,91.8,56,91.8
13161,2011-01-30 14:03:00,2011-01-30 14:03:00,2011-01,1,1,112.75,29,112.75
13162,2011-01-09 10:43:00,2011-08-09 15:59:00,2011-01,4,4,1688.29,1713,422.0725
13165,2010-12-23 14:06:00,2011-10-24 15:05:00,2010-12,2,2,1021.48,1376,510.74
13166,2011-03-01 15:16:00,2011-03-01 15:16:00,2011-03,1,1,417.2,216,417.2
13167,2011-07-19 12:13:00,2011-11-21 12:24:00,2011-07,4,4,779.3299999999999,773,194.83249999999998
13168,2011-01-25 13:55:00,2011-11-03 12:56:00,2011-01,4,4,1319.19,682,329.7975
13169,2011-04-01 14:24:00,2011-10-07 12:11:00,2011-04,2,2,712.88,272,356.44
13170,2011-11-13 12:19:00,2011-11-13 12:19:00,2011-11,1,1,116.00999999999999,147,116.00999999999999
13171,2011-02-13 14:16:00,2011-11-18 10:27:00,2011-02,3,3,468.40999999999997,229,156.13666666666666
13173,2010-12-07 14:30:00,2010-12-07 14:30:00,2010-12,1,1,165.94,114,165.94
13174,2010-12-05 16:24:00,2011-11-23 14:35:00,2010-12,3,3,2813.0299999999997,1394,937.6766666666666
13176,2011-10-24 15:43:00,2011-10-24 15:43:00,2011-10,1,1,492.84,453,492.84
13177,2011-10-06 09:56:00,2011-10-06 09:56:00,2011-10,1,1,282.45,91,282.45
13178,2010-12-14 12:22:00,2011-11-13 16:14:00,2010-12,11,8,5725.47,3570,520.4972727272727
13182,2011-10-25 13:46:00,2011-10-25 13:46:00,2011-10,1,1,121.18,201,121.18
13183,2011-01-09 10:50:00,2011-11-02 14:50:00,2011-01,8,7,3528.7200000000003,1994,441.09000000000003
13184,2011-02-22 17:25:00,2011-11-25 12:02:00,2011-02,10,6,1700.29,1691,170.029
13185,2011-03-17 11:56:00,2011-03-17 11:56:00,2011-03,1,1,71.4,12,71.4
13186,2011-08-03 09:09:00,2011-10-31 11:40:00,2011-08,3,3,1575.89,820,525.2966666666667
13187,2011-01-06 18:57:00,2011-01-06 18:57:00,2011-01,1,1,236.02,95,236.02
13188,2011-11-28 15:28:00,2011-11-28 15:28:00,2011-11,1,1,114.60000000000001,25,114.60000000000001
13189,2011-08-16 13:12:00,2011-11-21 10:39:00,2011-08,2,2,260.68,842,130.34
13192,2011-05-18 14:57:00,2011-09-05 14:13:00,2011-05,2,2,911.94,595,455.97
13193,2011-10-09 14:30:00,2011-10-09 14:30:00,2011-10,1,1,117.88,50,117.88
13194,2011-07-27 09:01:00,2011-07-27 09:01:00,2011-07,1,1,60.7,26,60.7
13196,2011-03-22 14:24:00,2011-11-28 13:54:00,2011-03,4,3,1797.78,1224,449.445
13198,2010-12-13 09:29:00,2011-11-29 15:17:00,2010-12,6,6,3401.2400000000002,2648,566.8733333333333
13199,2010-12-08 10:51:00,2011-11-29 14:00:00,2010-12,34,12,9160.3,5845,269.4205882352941
13200,2011-08-05 14:50:00,2011-11-20 15:35:00,2011-08,4,3,870.09,516,217.5225
13203,2011-04-11 14:40:00,2011-11-30 10:45:00,2011-04,4,4,869.46,800,217.365
13207,2011-07-12 11:35:00,2011-11-24 14:52:00,2011-07,2,2,250.26,130,125.13
13208,2011-02-03 19:32:00,2011-10-11 16:25:00,2011-02,5,5,1199.42,768,239.88400000000001
13209,2010-12-13 10:31:00,2011-11-09 13:54:00,2010-12,8,6,5891.61,4253,736.45125
13210,2011-09-07 08:18:00,2011-09-07 08:18:00,2011-09,1,1,353.48,316,353.48
13211,2010-12-13 16:17:00,2011-11-29 14:43:00,2010-12,3,3,1197.42,874,399.14000000000004
13212,2011-10-09 14:48:00,2011-11-20 12:40:00,2011-10,3,2,788.08,310,262.6933333333333
13213,2011-05-24 12:22:00,2011-10-14 11:42:00,2011-05,5,4,1520.5800000000002,1360,304.11600000000004
13216,2011-03-17 12:18:00,2011-03-17 12:18:00,2011-03,1,1,333.74,297,333.74
13217,2011-07-06 12:08:00,2011-08-09 15:32:00,2011-07,3,2,533.98,262,177.99333333333334
13218,2011-08-04 16:59:00,2011-08-04 16:59:00,2011-08,1,1,62.63999999999999,88,62.63999999999999
13220,2011-04-17 10:59:00,2011-09-22 13:38:00,2011-04,4,4,819.2900000000001,196,204.82250000000002
13221,2010-12-15 13:24:00,2011-04-13 16:58:00,2010-12,2,2,844.86,243,422.43
13223,2011-04-21 15:16:00,2011-05-23 13:03:00,2011-04,2,2,163.20000000000002,88,81.60000000000001
13224,2011-07-11 14:10:00,2011-10-10 14:55:00,2011-07,2,2,2152.95,1515,1076.475
13225,2010-12-13 09:49:00,2011-10-10 14:06:00,2010-12,6,6,5100.64,2552,850.1066666666667
13226,2011-03-11 14:35:00,2011-03-11 14:35:00,2011-03,1,1,108.21,80,108.21
13227,2011-05-22 11:47:00,2011-05-22 11:47:00,2011-05,1,1,257.7,99,257.7
13228,2011-09-19 14:28:00,2011-09-19 14:28:00,2011-09,1,1,358.0,200,358.0
13229,2011-04-28 12:07:00,2011-04-28 12:07:00,2011-04,1,1,160.95,63,160.95
13230,2010-12-09 19:28:00,2011-11-10 20:01:00,2010-12,13,8,2409.71,1437,185.3623076923077
13232,2011-04-10 13:48:00,2011-11-27 10:39:00,2011-04,7,5,1357.0,776,193.85714285714286
13233,2011-01-07 14:49:00,2011-09-26 13:25:00,2011-01,2,2,605.12,1004,302.56
13235,2011-05-11 17:13:00,2011-05-11 17:13:00,2011-05,1,1,1031.07,441,1031.07
13236,2011-08-25 08:58:00,2011-11-15 12:50:00,2011-08,2,2,744.85,416,372.425
13238,2010-12-14 14:37:00,2011-11-22 15:37:00,2010-12,4,3,700.73,298,175.1825
13239,2011-03-23 10:25:00,2011-03-23 10:25:00,2011-03,1,1,329.56,327,329.56
13240,2010-12-09 12:49:00,2011-09-04 14:08:00,2010-12,4,4,648.7,297,162.175
13242,2011-05-10 12:26:00,2011-08-19 12:53:00,2011-05,3,2,270.40000000000003,130,90.13333333333334
13243,2011-05-20 13:14:00,2011-05-20 13:14:00,2011-05,1,1,600.07,233,600.07
13244,2011-09-08 11:46:00,2011-09-08 11:46:00,2011-09,1,1,121.74,38,121.74
13245,2011-10-20 11:40:00,2011-10-20 11:40:00,2011-10,1,1,430.5,125,430.5
13246,2011-01-13 13:36:00,2011-11-21 16:50:00,2011-01,6,5,1987.3,1602,331.21666666666664
13247,2011-09-18 11:31:00,2011-11-22 10:59:00,2011-09,4,3,501.12,328,125.28
13248,2011-06-03 13:05:00,2011-08-07 12:40:00,2011-06,2,2,465.67999999999995,305,232.83999999999997
13249,2011-03-23 15:26:00,2011-09-08 13:26:00,2011-03,3,2,711.4100000000001,546,237.13666666666668
13253,2011-01-04 15:43:00,2011-07-06 10:09:00,2011-01,2,2,1030.3999999999999,1572,515.1999999999999
13255,2010-12-01 11:58:00,2011-11-30 13:14:00,2010-12,2,2,399.51,177,199.755
13258,2011-05-18 13:11:00,2011-11-28 09:31:00,2011-05,3,2,698.58,287,232.86
13259,2011-10-09 10:48:00,2011-10-09 10:48:00,2011-10,1,1,292.32,132,292.32
13260,2011-10-09 13:21:00,2011-10-09 13:21:00,2011-10,1,1,557.62,142,557.62
13261,2011-02-27 10:41:00,2011-03-16 12:22:00,2011-02,2,2,944.1,210,472.05
13262,2011-03-21 15:06:00,2011-03-21 15:06:00,2011-03,1,1,200.29,125,200.29
13263,2011-01-18 16:31:00,2011-11-28 13:20:00,2011-01,32,10,7084.65,4574,221.3953125
13265,2011-03-11 09:54:00,2011-10-17 15:02:00,2011-03,5,5,2107.66,1752,421.532
13266,2011-03-28 10:14:00,2011-11-28 14:39:00,2011-03,12,9,3834.2599999999998,4428,319.52166666666665
13267,2010-12-08 09:20:00,2011-11-22 11:04:00,2010-12,18,9,4220.29,1855,234.46055555555554
13268,2011-03-17 13:20:00,2011-11-22 11:34:00,2011-03,10,6,3192.65,3582,319.265
13269,2010-12-05 11:51:00,2011-11-28 13:11:00,2010-12,14,9,5012.55,3288,358.0392857142857
13270,2010-12-08 14:53:00,2010-12-08 14:53:00,2010-12,1,1,590.0,200,590.0
13271,2011-11-02 14:31:00,2011-11-02 14:31:00,2011-11,1,1,217.38,253,217.38
13272,2011-09-11 12:06:00,2011-11-08 14:00:00,2011-09,2,2,276.56,96,138.28
13273,2011-08-18 14:02:00,2011-08-18 14:02:00,2011-08,1,1,138.98,153,138.98
13276,2011-09-01 10:03:00,2011-10-07 12:44:00,2011-09,2,2,590.9300000000001,161,295.46500000000003
13277,2011-07-29 10:06:00,2011-11-24 09:21:00,2011-07,4,3,258.4,176,64.6
13278,2011-10-30 11:49:00,2011-10-30 11:49:00,2011-10,1,1,542.73,537,542.73
13279,2011-09-22 17:24:00,2011-09-22 17:24:00,2011-09,1,1,137.75,73,137.75
13280,2011-01-06 17:10:00,2011-08-09 13:14:00,2011-01,3,2,814.86,522,271.62
13282,2011-05-03 12:03:00,2011-11-21 15:33:00,2011-05,3,3,1132.14,307,377.38000000000005
13283,2011-06-07 12:39:00,2011-10-11 09:50:00,2011-06,2,2,93.66,90,46.83
13284,2011-01-13 09:23:00,2011-01-13 09:23:00,2011-01,1,1,201.19,91,201.19
13285,2011-02-22 17:13:00,2011-11-16 13:19:00,2011-02,4,4,2709.12,2051,677.28
13291,2011-07-07 10:36:00,2011-07-07 10:36:00,2011-07,1,1,361.11,233,361.11
13292,2011-02-28 15:00:00,2011-11-01 10:04:00,2011-02,2,2,578.94,347,289.47
13294,2011-04-04 12:37:00,2011-06-03 08:54:00,2011-04,2,2,873.74,453,436.87
13295,2010-12-15 11:21:00,2010-12-15 11:21:00,2010-12,1,1,201.20000000000002,82,201.20000000000002
13296,2011-07-25 13:46:00,2011-07-25 13:46:00,2011-07,1,1,87.4,78,87.4
13297,2011-10-03 15:08:00,2011-11-16 09:28:00,2011-10,3,2,1766.33,839,588.7766666666666
13299,2011-03-16 12:55:00,2011-03-16 12:55:00,2011-03,1,1,142.5,30,142.5
13300,2011-06-23 13:09:00,2011-06-23 13:09:00,2011-06,1,1,371.89,203,371.89
13301,2011-02-20 13:13:00,2011-08-28 11:25:00,2011-02,4,4,600.19,343,150.0475
13302,2011-07-07 17:56:00,2011-07-07 17:56:00,2011-07,1,1,63.75,5,63.75
13304,2010-12-23 14:35:00,2010-12-23 14:35:00,2010-12,1,1,300.42,238,300.42
13305,2010-12-02 12:10:00,2011-11-18 11:07:00,2010-12,9,8,1787.7,1076,198.63333333333333
13307,2011-08-11 17:14:00,2011-08-11 17:14:00,2011-08,1,1,15.0,4,15.0
13308,2011-05-20 13:13:00,2011-11-17 09:31:00,2011-05,3,3,1385.51,843,461.83666666666664
13309,2011-02-04 12:29:00,2011-10-25 13:16:00,2011-02,4,4,1221.9099999999999,1228,305.47749999999996
13310,2011-01-19 14:50:00,2011-11-11 17:23:00,2011-01,3,3,1132.03,587,377.3433333333333
13311,2011-07-12 14:26:00,2011-07-12 14:26:00,2011-07,1,1,490.11,271,490.11
13313,2011-01-04 10:00:00,2011-11-17 16:48:00,2011-01,5,4,1555.3200000000002,851,311.064
13314,2011-09-27 10:20:00,2011-10-07 13:09:00,2011-09,2,2,589.47,371,294.735
13316,2011-03-30 13:01:00,2011-11-02 13:40:00,2011-03,4,4,5977.7300000000005,6948,1494.4325000000001
13317,2010-12-16 09:22:00,2011-10-04 13:35:00,2010-12,6,4,2273.6800000000003,1035,378.9466666666667
13318,2011-11-02 13:26:00,2011-11-02 13:26:00,2011-11,1,1,302.96,176,302.96
13319,2010-12-09 10:04:00,2011-11-22 16:39:00,2010-12,25,12,10536.45,4596,421.458
13320,2011-05-10 10:29:00,2011-09-22 18:07:00,2011-05,4,3,1548.7,1096,387.175
13321,2011-09-14 15:18:00,2011-09-28 15:24:00,2011-09,2,1,567.36,372,283.68
13322,2011-11-22 14:21:00,2011-11-22 14:21:00,2011-11,1,1,199.48000000000002,117,199.48000000000002
13323,2011-09-16 13:23:00,2011-11-18 10:24:00,2011-09,3,2,355.3,78,118.43333333333334
13324,2010-12-14 09:50:00,2011-11-03 16:28:00,2010-12,10,6,7121.95,5205,712.1949999999999
13325,2011-09-19 10:36:00,2011-09-19 10:36:00,2011-09,1,1,675.3,240,675.3
13327,2010-12-09 15:32:00,2011-11-01 10:21:00,2010-12,8,7,3627.77,1600,453.47125
13328,2011-01-27 15:22:00,2011-01-27 15:22:00,2011-01,1,1,1308.48,680,1308.48
13329,2010-12-08 10:11:00,2011-11-08 10:29:00,2010-12,2,2,789.0,463,394.5
13330,2011-01-28 10:08:00,2011-09-08 12:27:00,2011-01,3,3,1140.9299999999998,751,380.30999999999995
13332,2011-11-25 13:30:00,2011-11-25 13:30:00,2011-11,1,1,350.9,179,350.9
13334,2011-02-07 11:42:00,2011-09-18 15:21:00,2011-02,3,3,3536.82,1774,1178.94
13336,2011-09-23 14:05:00,2011-09-23 14:05:00,2011-09,1,1,795.12,559,795.12
13338,2011-07-05 09:06:00,2011-07-05 09:06:00,2011-07,1,1,437.02000000000004,255,437.02000000000004
13339,2011-05-23 08:31:00,2011-05-23 08:31:00,2011-05,1,1,860.12,326,860.12
13340,2011-03-08 11:39:00,2011-10-25 13:15:00,2011-03,7,4,10736.48,5770,1533.782857142857
13341,2011-03-24 09:50:00,2011-03-24 09:50:00,2011-03,1,1,775.85,301,775.85
13343,2011-06-15 12:24:00,2011-06-15 12:24:00,2011-06,1,1,303.43,134,303.43
13344,2011-03-07 10:28:00,2011-10-03 09:45:00,2011-03,3,2,2543.7200000000003,971,847.9066666666668
13345,2011-02-25 09:01:00,2011-02-25 09:01:00,2011-02,1,1,339.5,140,339.5
13347,2011-09-30 13:28:00,2011-09-30 13:28:00,2011-09,1,1,291.36,204,291.36
13348,2011-10-06 17:28:00,2011-10-06 17:28:00,2011-10,1,1,233.76,136,233.76
13349,2011-11-29 08:07:00,2011-11-29 08:07:00,2011-11,1,1,197.32,224,197.32
13350,2011-09-21 13:33:00,2011-11-23 16:33:00,2011-09,2,2,879.1200000000001,285,439.56000000000006
13351,2011-10-04 12:55:00,2011-10-04 12:55:00,2011-10,1,1,323.94,116,323.94
13352,2011-10-10 13:55:00,2011-10-10 13:55:00,2011-10,1,1,347.97999999999996,320,347.97999999999996
13354,2011-09-29 13:17:00,2011-09-29 13:17:00,2011-09,1,1,743.53,604,743.53
13355,2011-08-09 14:48:00,2011-08-09 14:48:00,2011-08,1,1,674.7,314,674.7
13356,2011-09-20 14:33:00,2011-09-20 14:33:00,2011-09,1,1,768.24,325,768.24
13357,2011-03-27 13:56:00,2011-03-27 13:56:00,2011-03,1,1,609.95,322,609.95
13358,2011-03-16 11:52:00,2011-03-16 11:52:00,2011-03,1,1,389.03000000000003,284,389.03000000000003
13359,2011-10-07 09:30:00,2011-10-07 09:30:00,2011-10,1,1,389.56,160,389.56
13362,2011-02-25 11:33:00,2011-11-30 14:41:00,2011-02,4,4,3090.7400000000002,1382,772.6850000000001
13363,2011-10-27 10:46:00,2011-11-22 12:40:00,2011-10,2,2,892.5,708,446.25
13364,2011-09-29 18:13:00,2011-09-29 18:13:00,2011-09,1,1,134.96,71,134.96
13365,2011-05-06 12:00:00,2011-11-06 12:36:00,2011-05,2,2,2225.37,1247,1112.685
13366,2011-10-20 13:37:00,2011-10-20 13:37:00,2011-10,1,1,56.160000000000004,144,56.160000000000004
13368,2011-01-06 12:32:00,2011-03-28 09:59:00,2011-01,2,2,573.4,326,286.7
13369,2010-12-09 11:30:00,2010-12-09 11:30:00,2010-12,1,1,258.28000000000003,148,258.28000000000003
13370,2010-12-03 10:26:00,2010-12-03 10:26:00,2010-12,1,1,754.87,343,754.87
13372,2011-09-11 12:46:00,2011-09-11 12:46:00,2011-09,1,1,328.64,158,328.64
13373,2011-03-08 14:35:00,2011-10-10 10:51:00,2011-03,3,3,3312.25,1651,1104.0833333333333
13375,2011-09-12 10:19:00,2011-09-12 10:19:00,2011-09,1,1,778.65,442,778.65
13376,2011-04-19 13:03:00,2011-09-01 16:16:00,2011-04,3,3,869.76,490,289.92
13379,2011-07-26 12:26:00,2011-11-13 13:45:00,2011-07,3,3,572.5600000000001,601,190.85333333333335
13381,2011-02-14 10:10:00,2011-11-08 11:58:00,2011-02,6,6,3639.31,2029,606.5516666666666
13382,2011-03-04 10:03:00,2011-03-04 10:03:00,2011-03,1,1,222.99,131,222.99
13384,2011-06-14 12:47:00,2011-11-09 11:04:00,2011-06,7,5,4151.93,2422,593.1328571428572
13385,2011-01-14 09:52:00,2011-01-14 09:52:00,2011-01,1,1,534.57,281,534.57
13388,2011-07-31 12:52:00,2011-07-31 12:52:00,2011-07,2,1,677.0999999999999,282,338.54999999999995
13389,2011-04-21 12:12:00,2011-11-28 14:01:00,2011-04,3,3,797.96,429,265.9866666666667
13390,2011-09-26 08:38:00,2011-09-26 08:38:00,2011-09,1,1,544.08,224,544.08
13391,2011-05-20 10:50:00,2011-05-20 10:50:00,2011-05,1,1,59.8,4,59.8
13394,2011-02-03 10:39:00,2011-10-17 10:17:00,2011-02,7,7,2217.92,2218,316.8457142857143
13395,2011-06-07 15:04:00,2011-06-07 15:04:00,2011-06,1,1,307.71999999999997,336,307.71999999999997
13396,2011-01-24 13:37:00,2011-11-10 16:59:00,2011-01,2,2,1360.99,600,680.495
13397,2011-01-04 13:50:00,2011-09-28 10:56:00,2011-01,5,5,1544.13,430,308.826
13398,2011-05-31 13:17:00,2011-05-31 13:17:00,2011-05,1,1,457.34,281,457.34
13402,2010-12-02 17:12:00,2011-08-04 15:51:00,2010-12,2,2,621.23,479,310.615
13403,2011-11-22 08:28:00,2011-11-22 08:28:00,2011-11,1,1,75.0,44,75.0
13404,2011-05-11 11:57:00,2011-05-11 11:57:00,2011-05,1,1,217.81,99,217.81
13405,2011-01-26 09:27:00,2011-05-19 16:31:00,2011-01,2,2,557.45,163,278.725
13408,2010-12-01 10:39:00,2011-11-28 13:25:00,2010-12,59,12,26708.42,15275,452.6850847457627
13410,2011-02-21 14:38:00,2011-11-15 15:33:00,2011-02,5,5,1003.06,518,200.612
13411,2011-08-24 13:57:00,2011-08-24 13:57:00,2011-08,1,1,213.55,72,213.55
13414,2011-02-16 12:13:00,2011-07-29 11:45:00,2011-02,3,2,1390.5,1574,463.5
13416,2011-09-19 14:43:00,2011-10-27 08:56:00,2011-09,2,2,712.5,142,356.25
13417,2011-05-18 16:26:00,2011-05-18 16:26:00,2011-05,1,1,236.0,72,236.0
13418,2010-12-02 10:45:00,2011-11-28 10:23:00,2010-12,18,9,6127.43,3918,340.4127777777778
13419,2011-10-07 12:49:00,2011-10-07 12:49:00,2011-10,1,1,221.06,275,221.06
13420,2011-06-22 11:35:00,2011-07-13 08:48:00,2011-06,2,2,159.85,101,79.925
13421,2011-02-22 15:46:00,2011-10-30 14:21:00,2011-02,2,2,1840.58,1156,920.29
13422,2011-10-06 13:42:00,2011-10-06 13:42:00,2011-10,1,1,2626.3,1326,2626.3
13425,2011-02-18 08:34:00,2011-08-23 17:13:00,2011-02,3,3,1624.21,1123,541.4033333333333
13426,2010-12-15 12:43:00,2011-11-29 13:29:00,2010-12,9,8,3349.54,2101,372.1711111111111
13427,2011-05-08 15:58:00,2011-11-20 13:02:00,2011-05,3,3,582.6,545,194.20000000000002
13428,2011-11-29 14:20:00,2011-11-29 14:20:00,2011-11,1,1,218.47,156,218.47
13429,2011-09-25 15:59:00,2011-11-29 09:10:00,2011-09,4,3,1006.8000000000001,1390,251.70000000000002
13430,2011-09-14 14:26:00,2011-11-21 08:19:00,2011-09,2,2,679.45,751,339.725
13431,2011-09-12 11:25:00,2011-10-03 13:49:00,2011-09,2,2,1269.1,672,634.55
13434,2011-09-04 10:35:00,2011-09-26 14:30:00,2011-09,2,1,534.24,300,267.12
13435,2011-06-03 17:07:00,2011-11-15 15:23:00,2011-06,6,5,3367.59,1831,561.265
13437,2011-06-02 14:30:00,2011-11-25 14:00:00,2011-06,7,4,3408.0600000000004,1283,486.8657142857143
13439,2011-03-29 14:20:00,2011-03-29 14:20:00,2011-03,1,1,283.71,242,283.71
13441,2011-09-09 09:38:00,2011-09-09 09:38:00,2011-09,1,1,296.64,204,296.64
13447,2011-11-04 10:10:00,2011-11-16 13:38:00,2011-11,3,1,1129.14,584,376.38000000000005
13448,2010-12-01 10:52:00,2011-11-23 12:33:00,2010-12,6,4,3539.3700000000003,1660,589.8950000000001
13449,2011-11-16 08:28:00,2011-11-16 08:28:00,2011-11,1,1,291.88,222,291.88
13450,2011-05-05 19:48:00,2011-11-13 11:54:00,2011-05,6,5,2043.72,1982,340.62
13451,2011-01-09 15:35:00,2011-11-13 15:58:00,2011-01,5,5,2976.15,2149,595.23
13452,2011-03-14 11:38:00,2011-03-25 14:19:00,2011-03,2,1,590.0,2,295.0
13453,2011-02-23 09:44:00,2011-06-27 09:34:00,2011-02,2,2,356.98,134,178.49
13455,2010-12-08 13:11:00,2011-11-15 11:21:00,2010-12,2,2,1058.3400000000001,354,529.1700000000001
13456,2011-05-16 15:34:00,2011-11-22 09:18:00,2011-05,6,5,1766.72,765,294.4533333333333
13458,2010-12-15 12:05:00,2011-11-16 15:10:00,2010-12,13,10,9062.050000000001,5230,697.0807692307693
13460,2011-10-21 09:50:00,2011-11-10 17:17:00,2011-10,2,2,183.44,286,91.72
13461,2011-06-29 10:23:00,2011-11-01 09:01:00,2011-06,3,3,1445.0,1170,481.6666666666667
13462,2011-04-01 11:20:00,2011-04-01 11:20:00,2011-04,1,1,151.5,62,151.5
13464,2011-10-12 15:01:00,2011-10-12 15:01:00,2011-10,1,1,674.68,403,674.68
13466,2011-06-08 16:39:00,2011-06-08 16:39:00,2011-06,1,1,307.9,259,307.9
13467,2011-11-03 16:56:00,2011-11-29 10:01:00,2011-11,2,1,1083.71,584,541.855
13468,2010-12-01 15:08:00,2011-11-21 16:40:00,2010-12,35,12,5424.03,2355,154.9722857142857
13470,2011-08-16 17:06:00,2011-09-01 14:57:00,2011-08,2,2,165.0,100,82.5
13471,2011-10-23 13:10:00,2011-11-18 09:57:00,2011-10,2,2,1546.4,1010,773.2
13473,2011-01-11 08:45:00,2011-10-10 11:20:00,2011-01,2,2,422.64,266,211.32
13474,2011-04-17 13:53:00,2011-04-17 13:53:00,2011-04,1,1,229.59,132,229.59
13475,2011-02-14 12:36:00,2011-06-01 13:52:00,2011-02,4,4,1431.78,1012,357.945
13476,2011-03-03 14:43:00,2011-06-14 12:00:00,2011-03,2,2,1238.47,417,619.235
13477,2011-02-21 12:29:00,2011-11-02 12:04:00,2011-02,6,6,1454.58,1021,242.42999999999998
13479,2011-04-19 11:27:00,2011-05-23 10:45:00,2011-04,2,2,300.95,134,150.475
13481,2011-03-28 09:07:00,2011-10-25 09:07:00,2011-03,5,4,1804.56,1142,360.912
13482,2011-04-21 17:03:00,2011-04-21 17:03:00,2011-04,1,1,184.64,116,184.64
13483,2011-10-05 11:53:00,2011-10-05 11:53:00,2011-10,1,1,140.34,160,140.34
13484,2011-04-12 16:30:00,2011-04-12 16:30:00,2011-04,1,1,313.8,44,313.8
13485,2011-04-20 13:58:00,2011-04-20 13:58:00,2011-04,1,1,454.24,277,454.24
13486,2011-07-07 17:19:00,2011-09-22 13:13:00,2011-07,3,3,1122.4099999999999,669,374.1366666666666
13487,2010-12-21 14:54:00,2011-10-13 12:07:00,2010-12,3,3,575.4,265,191.79999999999998
13488,2010-12-07 13:01:00,2011-11-22 14:41:00,2010-12,13,10,8968.31,4518,689.87
13489,2011-02-18 10:42:00,2011-08-26 13:16:00,2011-02,4,3,449.52,560,112.38
13491,2010-12-02 14:30:00,2011-10-19 08:32:00,2010-12,10,7,1215.82,903,121.582
13492,2011-05-09 10:06:00,2011-07-26 14:25:00,2011-05,3,2,1269.8400000000001,408,423.28000000000003
13493,2011-02-25 16:42:00,2011-03-09 15:35:00,2011-02,2,2,498.63,377,249.315
13494,2011-02-01 11:58:00,2011-02-01 11:58:00,2011-02,1,1,316.26000000000005,162,316.26000000000005
13495,2010-12-06 15:14:00,2011-11-04 10:29:00,2010-12,4,3,1732.23,753,433.0575
13496,2010-12-15 10:17:00,2011-11-29 10:58:00,2010-12,2,2,653.3299999999999,341,326.66499999999996
13497,2010-12-06 11:37:00,2011-03-02 09:04:00,2010-12,2,2,348.05,163,174.025
13499,2011-03-15 08:52:00,2011-11-22 11:21:00,2011-03,5,4,1159.1100000000001,1365,231.82200000000003
13500,2011-08-09 12:20:00,2011-11-16 15:35:00,2011-08,3,2,1166.77,609,388.92333333333335
13501,2011-02-24 18:59:00,2011-02-24 18:59:00,2011-02,1,1,1340.32,560,1340.32
13502,2011-01-20 09:03:00,2011-11-23 10:39:00,2011-01,3,3,292.0,264,97.33333333333333
13503,2011-09-29 13:23:00,2011-09-29 13:23:00,2011-09,1,1,216.85,248,216.85
13504,2011-10-06 13:20:00,2011-10-06 13:20:00,2011-10,1,1,295.93,178,295.93
13505,2011-04-21 12:07:00,2011-09-28 11:56:00,2011-04,4,4,3633.63,2467,908.4075
13506,2010-12-05 12:15:00,2011-01-27 13:53:00,2010-12,2,2,458.52,324,229.26
13507,2011-07-17 11:50:00,2011-09-02 15:45:00,2011-07,3,3,2022.79,1212,674.2633333333333
13508,2011-04-10 11:58:00,2011-04-10 11:58:00,2011-04,1,1,110.97,24,110.97
13509,2011-02-28 13:27:00,2011-10-18 11:41:00,2011-02,5,4,866.62,970,173.324
13510,2011-06-09 09:32:00,2011-10-25 13:51:00,2011-06,3,3,1449.7,1132,483.23333333333335
13512,2011-03-24 10:03:00,2011-03-24 10:03:00,2011-03,1,1,251.21,143,251.21
13513,2011-08-05 11:50:00,2011-08-05 11:50:00,2011-08,1,1,205.1,109,205.1
13514,2011-09-27 09:39:00,2011-09-27 09:39:00,2011-09,1,1,152.20000000000002,40,152.20000000000002
13515,2011-04-06 10:33:00,2011-09-28 11:26:00,2011-04,4,4,891.12,681,222.78
13516,2011-04-15 11:06:00,2011-11-18 13:15:00,2011-04,3,3,1389.41,985,463.1366666666667
13517,2011-06-13 08:44:00,2011-10-11 11:43:00,2011-06,3,3,2128.42,1369,709.4733333333334
13518,2011-09-15 10:29:00,2011-09-15 10:29:00,2011-09,1,1,659.4399999999999,392,659.4399999999999
13519,2011-09-22 18:24:00,2011-09-22 18:24:00,2011-09,1,1,122.75,23,122.75
13520,2010-12-03 10:36:00,2011-10-12 10:20:00,2010-12,6,6,2984.35,1633,497.39166666666665
13521,2011-11-29 15:09:00,2011-11-29 15:09:00,2011-11,1,1,287.88,180,287.88
13522,2011-11-09 15:11:00,2011-11-09 15:11:00,2011-11,1,1,125.80000000000001,44,125.80000000000001
13523,2010-12-08 14:22:00,2011-11-06 15:11:00,2010-12,5,4,3964.88,1752,792.976
13524,2011-05-04 12:26:00,2011-10-30 12:34:00,2011-05,5,5,680.1800000000001,324,136.036
13525,2011-04-05 15:36:00,2011-11-25 12:01:00,2011-04,2,2,628.78,394,314.39
13527,2011-01-17 11:17:00,2011-11-06 12:04:00,2011-01,7,5,2287.5099999999998,1692,326.78714285714284
13529,2011-05-19 11:50:00,2011-09-22 09:15:00,2011-05,2,2,307.76,74,153.88
13531,2010-12-08 15:03:00,2011-05-18 16:56:00,2010-12,2,2,483.79999999999995,174,241.89999999999998
13532,2011-11-06 12:25:00,2011-11-06 12:25:00,2011-11,1,1,210.31,129,210.31
13533,2011-03-17 12:47:00,2011-06-10 11:54:00,2011-03,3,2,270.79,204,90.26333333333334
13534,2010-12-16 15:23:00,2011-11-07 09:40:00,2010-12,24,11,5512.88,2781,229.70333333333335
13536,2011-09-25 13:30:00,2011-11-30 14:42:00,2011-09,5,3,2439.29,1741,487.858
13538,2011-01-28 10:40:00,2011-10-27 16:34:00,2011-01,7,7,1280.8500000000001,175,182.97857142857146
13539,2011-02-03 15:23:00,2011-09-15 10:18:00,2011-02,3,3,631.34,320,210.4466666666667
13544,2011-04-13 12:09:00,2011-10-31 11:57:00,2011-04,2,2,291.40999999999997,127,145.70499999999998
13546,2011-05-23 12:14:00,2011-11-27 14:50:00,2011-05,3,3,626.99,359,208.99666666666667
13548,2011-04-10 11:35:00,2011-09-04 14:50:00,2011-04,2,2,682.41,441,341.205
13549,2011-04-11 13:42:00,2011-11-14 09:20:00,2011-04,7,5,918.2,458,131.17142857142858
13551,2011-01-24 14:46:00,2011-01-24 14:46:00,2011-01,1,1,91.80000000000001,12,91.80000000000001
13552,2011-01-28 10:10:00,2011-10-04 15:19:00,2011-01,12,7,3740.07,1417,311.6725
13555,2011-05-22 11:06:00,2011-09-27 12:36:00,2011-05,4,2,4149.28,2660,1037.32
13557,2011-03-04 12:14:00,2011-11-11 15:24:00,2011-03,2,2,584.06,546,292.03
13558,2011-10-02 13:01:00,2011-11-16 12:13:00,2011-10,3,2,482.38,275,160.79333333333332
13561,2011-05-08 12:39:00,2011-05-08 12:39:00,2011-05,1,1,141.85999999999999,83,141.85999999999999
13562,2011-04-08 12:42:00,2011-09-19 10:51:00,2011-04,3,3,1799.33,757,599.7766666666666
13563,2011-07-22 17:21:00,2011-09-16 14:45:00,2011-07,2,2,777.53,209,388.765
13564,2010-12-06 17:26:00,2010-12-20 16:50:00,2010-12,2,1,1198.38,660,599.19
13565,2011-01-09 14:28:00,2011-11-20 14:33:00,2011-01,2,2,240.22,172,120.11
13566,2011-09-18 12:40:00,2011-10-30 11:59:00,2011-09,2,2,874.71,575,437.355
13568,2011-06-19 14:42:00,2011-06-19 14:42:00,2011-06,1,1,192.85,70,192.85
13569,2010-12-07 12:29:00,2011-11-22 13:07:00,2010-12,2,2,372.25,163,186.125
13570,2011-04-10 13:36:00,2011-04-10 13:36:00,2011-04,1,1,239.49,161,239.49
13571,2011-03-31 12:43:00,2011-11-27 10:47:00,2011-03,12,9,2092.32,1759,174.36
13572,2011-05-18 11:59:00,2011-05-18 11:59:00,2011-05,1,1,1384.25,534,1384.25
13573,2011-03-31 14:47:00,2011-10-20 14:33:00,2011-03,2,2,294.4,303,147.2
13575,2011-06-16 14:24:00,2011-11-16 13:14:00,2011-06,5,5,732.0699999999999,449,146.414
13576,2010-12-01 17:24:00,2011-11-29 15:34:00,2010-12,18,12,6717.34,2646,373.18555555555554
13577,2011-04-12 10:33:00,2011-11-14 15:19:00,2011-04,4,4,1687.6,791,421.9
13579,2010-12-05 16:10:00,2011-11-25 08:41:00,2010-12,2,2,467.03999999999996,176,233.51999999999998
13581,2011-02-03 14:41:00,2011-02-03 14:41:00,2011-02,1,1,118.0,30,118.0
13583,2011-07-07 10:40:00,2011-07-07 10:40:00,2011-07,1,1,781.03,725,781.03
13584,2011-02-06 12:49:00,2011-02-06 12:49:00,2011-02,1,1,142.4,37,142.4
13587,2011-10-07 12:31:00,2011-10-07 12:31:00,2011-10,1,1,712.4,180,712.4
13588,2011-03-29 15:53:00,2011-11-24 10:42:00,2011-03,9,6,2478.95,2606,275.43888888888887
13589,2011-06-13 12:44:00,2011-11-25 12:10:00,2011-06,2,2,379.65,114,189.825
13590,2011-02-09 13:25:00,2011-11-28 12:54:00,2011-02,6,6,1981.92,1848,330.32
13591,2011-03-18 12:18:00,2011-10-06 12:26:00,2011-03,3,3,1117.1299999999999,485,372.3766666666666
13592,2011-03-20 14:01:00,2011-11-04 09:49:00,2011-03,4,3,247.95999999999998,84,61.989999999999995
13593,2011-01-07 16:32:00,2011-08-23 13:35:00,2011-01,5,4,2037.0800000000002,731,407.41600000000005
13594,2011-10-18 10:19:00,2011-10-18 10:19:00,2011-10,1,1,396.97,359,396.97
13596,2011-11-27 11:57:00,2011-11-27 11:57:00,2011-11,1,1,411.6,214,411.6
13598,2011-10-23 14:28:00,2011-10-23 14:28:00,2011-10,1,1,180.17000000000002,58,180.17000000000002
13599,2010-12-08 10:11:00,2011-11-29 09:15:00,2010-12,19,8,4833.99,3090,254.42052631578946
13600,2011-01-31 15:27:00,2011-01-31 15:27:00,2011-01,1,1,219.52,324,219.52
13601,2011-05-12 16:52:00,2011-10-25 17:31:00,2011-05,2,2,693.3199999999999,548,346.65999999999997
13602,2011-10-06 11:47:00,2011-10-06 11:47:00,2011-10,1,1,428.89,267,428.89
13603,2011-11-13 15:57:00,2011-11-13 15:57:00,2011-11,1,1,164.34,164,164.34
13606,2011-02-01 11:42:00,2011-11-10 17:46:00,2011-02,3,3,280.54,279,93.51333333333334
13607,2011-10-30 16:17:00,2011-10-30 16:17:00,2011-10,1,1,678.01,290,678.01
13610,2011-02-27 14:44:00,2011-11-27 15:38:00,2011-02,7,7,1131.88,516,161.69714285714286
13611,2010-12-15 10:31:00,2011-09-11 14:51:00,2010-12,3,3,1171.8000000000002,766,390.6000000000001
13614,2011-01-13 12:37:00,2011-11-15 14:47:00,2011-01,4,4,1610.46,570,402.615
13615,2011-01-25 08:21:00,2011-01-25 08:21:00,2011-01,1,1,417.69,189,417.69
13617,2011-06-12 12:55:00,2011-10-30 13:50:00,2011-06,3,3,544.18,300,181.39333333333332
13618,2011-06-19 11:09:00,2011-06-19 11:09:00,2011-06,1,1,177.34,246,177.34
13621,2011-08-15 08:26:00,2011-08-15 08:26:00,2011-08,1,1,213.85,343,213.85
13623,2011-02-15 13:08:00,2011-11-09 12:00:00,2011-02,5,5,747.78,294,149.55599999999998
13626,2011-04-01 10:05:00,2011-04-01 10:05:00,2011-04,1,1,257.23,209,257.23
13627,2010-12-17 09:52:00,2011-10-11 14:20:00,2010-12,5,5,1638.47,1269,327.694
13629,2011-01-05 12:09:00,2011-11-16 13:21:00,2011-01,11,9,7792.36,4372,708.3963636363636
13630,2011-02-27 12:49:00,2011-09-25 10:30:00,2011-02,6,5,1799.78,1271,299.9633333333333
13631,2011-03-17 17:13:00,2011-09-01 09:57:00,2011-03,11,5,3070.42,467,279.1290909090909
13632,2011-04-10 15:07:00,2011-11-15 10:51:00,2011-04,5,4,2121.27,1037,424.254
13634,2011-01-16 15:30:00,2011-11-06 13:40:00,2011-01,5,5,1575.16,704,315.03200000000004
13635,2011-10-03 10:55:00,2011-10-03 10:55:00,2011-10,1,1,1071.03,677,1071.03
13636,2011-02-27 14:29:00,2011-11-03 10:30:00,2011-02,5,5,949.12,592,189.824
13637,2011-04-27 13:06:00,2011-10-18 13:32:00,2011-04,3,3,809.25,408,269.75
13638,2011-11-24 10:38:00,2011-11-24 10:38:00,2011-11,1,1,122.64,93,122.64
13639,2011-09-26 13:36:00,2011-09-26 13:36:00,2011-09,1,1,1033.34,800,1033.34
13642,2011-05-08 12:34:00,2011-05-08 12:34:00,2011-05,1,1,354.8,173,354.8
13643,2011-06-07 11:40:00,2011-11-08 15:37:00,2011-06,3,3,519.44,273,173.14666666666668
13644,2011-08-26 11:53:00,2011-11-23 14:07:00,2011-08,4,4,2624.26,2067,656.065
13645,2011-08-11 16:11:00,2011-08-11 16:11:00,2011-08,1,1,252.1,158,252.1
13647,2011-04-19 09:49:00,2011-11-30 12:00:00,2011-04,4,4,1678.1200000000001,895,419.53000000000003
13649,2010-12-08 14:46:00,2011-03-28 11:51:00,2010-12,2,2,346.6,139,173.3
13650,2011-03-17 12:37:00,2011-11-23 12:22:00,2011-03,6,5,1836.3400000000001,922,306.0566666666667
13651,2011-10-31 12:11:00,2011-10-31 12:11:00,2011-10,1,1,79.2,32,79.2
13652,2010-12-06 09:21:00,2011-10-25 08:51:00,2010-12,3,3,1095.08,578,365.02666666666664
13654,2011-03-11 12:54:00,2011-10-27 16:24:00,2011-03,6,5,2707.33,2182,451.22166666666664
13655,2011-04-12 09:53:00,2011-08-17 14:25:00,2011-04,2,2,932.97,605,466.485
13656,2011-01-06 15:42:00,2011-06-28 10:31:00,2011-01,2,2,379.65,490,189.825
13657,2011-05-22 12:35:00,2011-11-29 12:32:00,2011-05,2,2,382.14,209,191.07
13658,2011-05-19 17:15:00,2011-11-30 10:13:00,2011-05,5,3,2639.17,1019,527.8340000000001
13659,2011-01-23 12:08:00,2011-05-18 12:37:00,2011-01,2,2,1573.2,894,786.6
13662,2011-03-25 13:23:00,2011-09-15 12:04:00,2011-03,3,3,897.76,543,299.25333333333333
13663,2011-06-13 15:44:00,2011-06-13 15:44:00,2011-06,1,1,189.47,91,189.47
13666,2011-02-25 13:05:00,2011-10-10 15:39:00,2011-02,3,2,84.65,41,28.21666666666667
13667,2011-07-13 15:42:00,2011-07-13 15:42:00,2011-07,1,1,305.02,154,305.02
13668,2010-12-12 12:35:00,2011-11-29 12:50:00,2010-12,20,11,6030.57,3568,301.5285
13669,2011-07-13 11:44:00,2011-10-20 09:32:00,2011-07,2,2,218.55,237,109.275
13670,2011-09-25 15:25:00,2011-09-25 15:25:00,2011-09,1,1,349.7,282,349.7
13672,2011-01-11 13:54:00,2011-02-11 13:53:00,2011-01,2,2,186.39000000000001,57,93.19500000000001
13673,2011-11-07 15:40:00,2011-11-21 12:11:00,2011-11,2,1,396.91999999999996,119,198.45999999999998
13675,2011-02-28 12:14:00,2011-07-11 12:57:00,2011-02,2,2,486.82000000000005,330,243.41000000000003
13678,2011-07-11 10:14:00,2011-07-11 10:14:00,2011-07,1,1,232.6,924,232.6
13680,2011-01-04 14:12:00,2011-10-31 13:22:00,2011-01,3,2,3084.04,1612,1028.0133333333333
13681,2011-07-07 15:21:00,2011-11-22 11:13:00,2011-07,4,3,827.83,360,206.9575
13682,2011-06-05 14:06:00,2011-06-05 14:06:00,2011-06,1,1,59.5,10,59.5
13684,2011-02-27 10:13:00,2011-02-27 10:13:00,2011-02,1,1,67.23,39,67.23
13685,2011-10-10 12:59:00,2011-10-25 13:14:00,2011-10,3,1,1934.45,4441,644.8166666666667
13686,2011-06-10 09:10:00,2011-06-10 09:10:00,2011-06,1,1,72.0,70,72.0
13689,2011-10-07 13:21:00,2011-10-07 13:21:00,2011-10,1,1,910.0,512,910.0
13690,2011-10-11 15:03:00,2011-10-11 15:03:00,2011-10,1,1,172.25,67,172.25
13692,2011-04-17 12:57:00,2011-11-15 11:17:00,2011-04,3,3,1488.32,1226,496.1066666666666
13694,2010-12-01 12:12:00,2011-11-14 11:11:00,2010-12,47,12,61908.46,60872,1317.2012765957447
13695,2011-03-25 11:31:00,2011-11-08 14:26:00,2011-03,15,9,2504.13,1603,166.942
13697,2011-11-01 09:14:00,2011-11-01 09:14:00,2011-11,1,1,151.29999999999998,177,151.29999999999998
13699,2011-07-07 16:51:00,2011-07-07 16:51:00,2011-07,1,1,308.58000000000004,66,308.58000000000004
13700,2011-01-16 13:18:00,2011-11-13 13:00:00,2011-01,10,7,2265.12,2304,226.512
13703,2011-01-25 13:10:00,2011-01-25 13:10:00,2011-01,1,1,99.5,10,99.5
13704,2011-09-12 14:40:00,2011-11-17 14:30:00,2011-09,8,3,2143.38,1441,267.9225
13705,2010-12-01 10:29:00,2011-07-18 09:15:00,2010-12,2,2,522.68,237,261.34
13706,2011-02-10 09:21:00,2011-02-10 09:21:00,2011-02,1,1,330.79,189,330.79
13707,2011-01-28 13:27:00,2011-03-17 18:03:00,2011-01,2,2,806.41,351,403.205
13708,2011-03-13 13:46:00,2011-03-13 13:46:00,2011-03,1,1,294.88,305,294.88
13709,2011-01-28 14:57:00,2011-11-03 11:32:00,2011-01,11,5,5799.74,3291,527.2490909090909
13710,2011-11-08 08:16:00,2011-11-08 08:16:00,2011-11,1,1,180.48,176,180.48
13711,2011-05-05 10:29:00,2011-05-05 10:31:00,2011-05,2,1,252.06,140,126.03
13712,2011-04-07 12:33:00,2011-04-07 12:33:00,2011-04,1,1,228.84,352,228.84
13715,2010-12-02 08:52:00,2011-03-03 19:21:00,2010-12,5,3,1079.34,563,215.868
13716,2011-03-15 13:49:00,2011-03-15 13:49:00,2011-03,1,1,138.28,138,138.28
13717,2011-02-14 13:21:00,2011-11-07 14:13:00,2011-02,6,6,1445.01,1959,240.835
13718,2011-02-17 11:58:00,2011-04-07 13:24:00,2011-02,2,2,306.55,173,153.275
13719,2011-04-19 13:56:00,2011-11-24 15:26:00,2011-04,5,4,1041.68,609,208.336
13720,2011-03-30 09:17:00,2011-08-15 12:46:00,2011-03,4,4,799.9,501,199.975
13721,2011-11-03 14:05:00,2011-11-03 14:05:00,2011-11,1,1,524.14,316,524.14
13722,2011-03-02 11:43:00,2011-07-31 12:44:00,2011-03,3,2,2375.41,1401,791.8033333333333
13723,2011-05-06 17:04:00,2011-05-06 17:04:00,2011-05,1,1,199.85000000000002,43,199.85000000000002
13725,2011-02-04 12:18:00,2011-10-21 10:03:00,2011-02,8,5,1980.56,806,247.57
13726,2011-08-31 11:06:00,2011-11-01 10:49:00,2011-08,2,2,1079.66,1054,539.83
13727,2011-11-06 12:16:00,2011-11-11 09:46:00,2011-11,2,1,333.48,162,166.74
13728,2011-02-02 12:09:00,2011-11-03 10:49:00,2011-02,6,6,1016.14,458,169.35666666666665
13730,2011-07-01 12:47:00,2011-07-27 08:35:00,2011-07,2,1,752.5999999999999,488,376.29999999999995
13731,2011-04-07 10:10:00,2011-05-04 14:33:00,2011-04,2,2,610.59,278,305.295
13732,2011-11-11 15:49:00,2011-11-11 15:49:00,2011-11,1,1,491.86,498,491.86
13735,2011-04-19 13:49:00,2011-11-15 11:14:00,2011-04,4,4,2885.24,1130,721.31
13736,2011-03-24 13:04:00,2011-03-24 13:04:00,2011-03,1,1,357.53,228,357.53
13737,2011-05-23 16:32:00,2011-05-23 16:32:00,2011-05,1,1,339.59999999999997,125,339.59999999999997
13739,2011-11-21 13:35:00,2011-11-21 13:35:00,2011-11,1,1,216.9,54,216.9
13740,2011-04-13 10:32:00,2011-04-13 10:32:00,2011-04,1,1,350.75,425,350.75
13741,2011-05-06 13:43:00,2011-09-29 09:19:00,2011-05,3,3,668.4300000000001,218,222.81000000000003
13742,2011-01-23 14:59:00,2011-11-23 11:07:00,2011-01,12,7,3131.02,1124,260.91833333333335
13743,2011-03-25 14:46:00,2011-09-12 12:19:00,2011-03,6,5,1065.84,1416,177.64
13744,2011-02-20 14:08:00,2011-09-05 15:19:00,2011-02,2,2,1156.36,1249,578.18
13745,2011-06-30 16:43:00,2011-06-30 16:43:00,2011-06,1,1,300.04,496,300.04
13747,2010-12-01 10:37:00,2010-12-01 10:37:00,2010-12,1,1,79.6,8,79.6
13748,2010-12-01 09:00:00,2011-09-05 09:45:00,2010-12,5,3,948.25,439,189.65
13750,2011-01-07 11:49:00,2011-10-17 12:16:00,2011-01,5,5,1647.26,516,329.452
13751,2011-02-24 15:56:00,2011-02-24 15:56:00,2011-02,1,1,296.25,152,296.25
13752,2011-04-07 12:04:00,2011-08-07 14:16:00,2011-04,6,5,1186.28,876,197.71333333333334
13753,2011-02-25 12:48:00,2011-02-25 12:48:00,2011-02,1,1,741.26,512,741.26
13754,2011-01-26 14:58:00,2011-07-11 11:51:00,2011-01,2,2,282.6,214,141.3
13755,2011-10-07 15:45:00,2011-11-30 13:29:00,2011-10,8,2,2004.45,1184,250.55625
13756,2010-12-07 11:41:00,2011-11-17 10:02:00,2010-12,12,8,4343.12,2776,361.9266666666667
13758,2010-12-01 12:08:00,2011-11-28 11:11:00,2010-12,7,5,3190.55,1844,455.79285714285714
13759,2011-09-29 15:40:00,2011-11-06 14:47:00,2011-09,2,2,659.41,287,329.705
13760,2011-03-28 12:52:00,2011-10-16 16:13:00,2011-03,2,2,286.79,197,143.395
13761,2011-06-13 08:43:00,2011-10-20 14:01:00,2011-06,2,2,1070.65,642,535.325
13762,2011-05-05 09:15:00,2011-05-05 09:15:00,2011-05,1,1,306.71999999999997,272,306.71999999999997
13763,2011-10-07 15:13:00,2011-10-07 15:13:00,2011-10,1,1,1714.96,728,1714.96
13764,2011-01-06 14:53:00,2011-09-30 12:03:00,2011-01,3,3,1518.76,929,506.25333333333333
13767,2010-12-01 10:47:00,2011-11-14 12:22:00,2010-12,36,11,16334.380000000001,6904,453.7327777777778
13769,2010-12-07 13:28:00,2011-11-02 13:37:00,2010-12,9,8,2478.59,1015,275.3988888888889
13771,2011-04-06 15:47:00,2011-10-06 14:18:00,2011-04,4,3,2634.45,1477,658.6125
13772,2011-04-14 12:31:00,2011-11-06 11:43:00,2011-04,3,3,1132.13,546,377.3766666666667
13774,2011-09-19 12:06:00,2011-09-19 12:06:00,2011-09,1,1,345.0,192,345.0
13777,2010-12-01 16:01:00,2011-11-15 09:42:00,2010-12,30,12,23460.41,11534,782.0136666666666
13778,2011-08-28 15:25:00,2011-08-28 15:25:00,2011-08,1,1,178.7,70,178.7
13780,2011-06-22 11:43:00,2011-06-22 11:43:00,2011-06,1,1,116.28000000000002,173,116.28000000000002
13781,2011-04-03 12:08:00,2011-04-03 12:08:00,2011-04,1,1,127.84,30,127.84
13782,2011-01-16 11:08:00,2011-11-27 11:54:00,2011-01,6,5,912.0,371,152.0
13784,2011-01-11 14:38:00,2011-11-30 09:33:00,2011-01,11,9,2462.79,2493,223.89
13786,2010-12-07 13:53:00,2010-12-07 13:53:00,2010-12,1,1,230.39999999999998,136,230.39999999999998
13787,2010-12-10 14:45:00,2011-09-25 12:06:00,2010-12,2,2,309.04,337,154.52
13791,2011-06-24 16:38:00,2011-08-04 11:44:00,2011-06,2,2,1516.0,1200,758.0
13792,2011-02-25 14:03:00,2011-10-04 14:31:00,2011-02,2,2,195.55,92,97.775
13798,2010-12-02 17:24:00,2011-11-28 12:19:00,2010-12,54,12,35316.61,22646,654.0112962962963
13799,2011-02-18 14:18:00,2011-08-15 12:07:00,2011-02,2,2,688.8599999999999,402,344.42999999999995
13800,2011-02-03 12:27:00,2011-02-03 12:27:00,2011-02,1,1,558.32,331,558.32
13801,2011-10-04 10:15:00,2011-10-04 10:15:00,2011-10,1,1,324.8,168,324.8
13802,2011-02-01 12:03:00,2011-07-24 10:54:00,2011-02,3,3,4599.42,2572,1533.14
13803,2011-03-29 12:57:00,2011-03-29 12:57:00,2011-03,1,1,277.07,121,277.07
13804,2011-02-23 09:09:00,2011-11-09 12:32:00,2011-02,7,4,2635.79,1498,376.5414285714286
13805,2011-08-02 15:29:00,2011-10-18 14:50:00,2011-08,2,2,924.6,1900,462.3
13806,2011-10-07 11:43:00,2011-10-07 11:43:00,2011-10,1,1,256.38,56,256.38
13807,2010-12-07 15:48:00,2010-12-07 15:48:00,2010-12,1,1,112.6,36,112.6
13808,2011-09-04 12:07:00,2011-10-24 12:38:00,2011-09,4,2,1518.5,668,379.625
13809,2011-02-07 13:15:00,2011-02-07 13:15:00,2011-02,1,1,155.05,29,155.05
13810,2011-10-14 12:57:00,2011-11-11 08:33:00,2011-10,2,2,827.51,307,413.755
13811,2011-04-14 18:40:00,2011-06-09 09:54:00,2011-04,2,2,519.75,63,259.875
13812,2011-08-26 12:54:00,2011-10-28 14:27:00,2011-08,3,2,485.0,330,161.66666666666666
13813,2011-07-28 10:33:00,2011-10-31 10:38:00,2011-07,4,3,1168.8600000000001,541,292.21500000000003
13814,2011-07-25 13:54:00,2011-09-08 13:48:00,2011-07,2,2,1579.12,864,789.56
13815,2011-01-25 12:16:00,2011-11-17 14:19:00,2011-01,4,3,3667.36,2540,916.84
13816,2011-10-06 14:37:00,2011-11-16 08:38:00,2011-10,2,2,499.67,265,249.835
13817,2010-12-23 11:46:00,2011-11-10 17:49:00,2010-12,2,2,328.98,208,164.49
13819,2011-01-24 10:38:00,2011-02-11 10:38:00,2011-01,3,2,1140.35,1109,380.1166666666666
13821,2011-03-23 11:30:00,2011-07-18 09:49:00,2011-03,2,2,385.64,153,192.82
13822,2011-10-30 15:55:00,2011-10-30 15:55:00,2011-10,1,1,468.38,500,468.38
13823,2011-09-09 10:42:00,2011-11-21 10:22:00,2011-09,2,2,957.66,439,478.83
13824,2011-02-02 13:07:00,2011-11-07 12:41:00,2011-02,5,5,1698.94,768,339.788
13826,2011-06-16 13:48:00,2011-06-16 13:48:00,2011-06,1,1,189.5,82,189.5
13827,2011-07-19 15:38:00,2011-10-13 12:38:00,2011-07,3,2,412.04999999999995,141,137.35
13828,2011-11-17 16:02:00,2011-11-17 16:02:00,2011-11,1,1,209.49,311,209.49
13831,2010-12-05 12:13:00,2011-11-23 15:41:00,2010-12,6,5,2202.99,745,367.16499999999996
13832,2011-11-20 15:36:00,2011-11-20 15:36:00,2011-11,1,1,52.199999999999996,28,52.199999999999996
13833,2011-07-03 13:27:00,2011-07-03 13:27:00,2011-07,1,1,384.8,118,384.8
13835,2011-05-08 15:22:00,2011-11-14 15:37:00,2011-05,4,4,834.5699999999999,442,208.64249999999998
13837,2011-01-26 12:15:00,2011-05-12 12:10:00,2011-01,2,2,271.24,183,135.62
13838,2010-12-05 10:45:00,2011-08-14 10:52:00,2010-12,3,2,479.59000000000003,169,159.86333333333334
13841,2011-04-01 12:10:00,2011-04-01 12:10:00,2011-04,1,1,85.0,100,85.0
13842,2010-12-08 10:39:00,2011-10-12 10:51:00,2010-12,9,9,3385.62,1768,376.18
13844,2011-11-28 13:21:00,2011-11-28 13:21:00,2011-11,1,1,361.62,196,361.62
13845,2011-10-06 08:25:00,2011-10-06 08:25:00,2011-10,1,1,312.98,182,312.98
13846,2010-12-14 16:07:00,2011-11-15 12:07:00,2010-12,3,3,865.06,388,288.3533333333333
13848,2010-12-08 15:10:00,2011-09-08 12:58:00,2010-12,3,3,1255.0,3700,418.3333333333333
13849,2011-06-22 10:11:00,2011-10-19 10:59:00,2011-06,2,2,1537.9499999999998,1016,768.9749999999999
13850,2011-08-02 14:04:00,2011-08-02 14:04:00,2011-08,1,1,1595.48,944,1595.48
13851,2011-02-24 17:18:00,2011-09-05 12:36:00,2011-02,3,3,2651.46,1705,883.82
13853,2011-10-13 14:18:00,2011-10-13 14:18:00,2011-10,1,1,1090.14,312,1090.14
13854,2010-12-09 10:48:00,2011-11-15 16:34:00,2010-12,24,11,7807.24,2092,325.3016666666667
13856,2011-05-20 13:13:00,2011-06-24 10:03:00,2011-05,3,2,388.5,494,129.5
13858,2011-10-13 16:17:00,2011-10-13 16:17:00,2011-10,1,1,216.17,75,216.17
13859,2011-01-17 16:14:00,2011-01-17 16:14:00,2011-01,1,1,201.16,129,201.16
13860,2011-09-14 09:27:00,2011-11-25 13:42:00,2011-09,4,3,926.45,368,231.6125
13862,2011-01-11 15:13:00,2011-11-21 16:24:00,2011-01,8,8,2209.36,1688,276.17
13863,2011-04-06 10:20:00,2011-04-06 10:20:00,2011-04,1,1,305.78,224,305.78
13865,2011-02-23 12:04:00,2011-10-12 13:31:00,2011-02,4,4,501.56,204,125.39
13866,2011-09-26 14:54:00,2011-09-26 14:54:00,2011-09,1,1,145.67000000000002,57,145.67000000000002
13867,2011-05-05 17:28:00,2011-11-08 15:48:00,2011-05,3,3,1015.29,513,338.43
13868,2011-11-01 12:45:00,2011-11-01 12:45:00,2011-11,1,1,507.54,464,507.54
13869,2010-12-17 15:14:00,2011-08-08 13:53:00,2010-12,4,4,3104.95,1721,776.2375
13870,2011-02-25 09:09:00,2011-10-30 16:11:00,2011-02,7,5,2618.19,1268,374.02714285714285
13871,2011-02-04 09:30:00,2011-11-17 10:49:00,2011-02,13,10,6403.25,2806,492.5576923076923
13873,2011-02-03 09:37:00,2011-08-12 10:08:00,2011-02,3,3,389.6,140,129.86666666666667
13874,2010-12-16 18:20:00,2010-12-16 18:20:00,2010-12,1,1,540.45,180,540.45
13875,2011-02-11 15:39:00,2011-10-17 09:36:00,2011-02,5,5,1786.79,1316,357.358
13876,2011-10-07 10:22:00,2011-10-07 10:22:00,2011-10,1,1,122.7,36,122.7
13877,2011-09-14 15:49:00,2011-09-14 15:49:00,2011-09,1,1,117.24,108,117.24
13878,2011-10-16 12:19:00,2011-10-16 12:19:00,2011-10,1,1,1281.53,475,1281.53
13880,2010-12-07 14:00:00,2011-11-18 13:44:00,2010-12,13,10,3219.77,1842,247.67461538461538
13881,2011-02-01 10:14:00,2011-11-28 15:10:00,2011-02,19,10,16590.4,9782,873.1789473684212
13882,2011-10-06 15:28:00,2011-11-28 13:08:00,2011-10,4,2,998.05,629,249.5125
13883,2011-03-31 17:17:00,2011-11-29 10:45:00,2011-03,5,3,2674.48,1436,534.896
13884,2011-03-01 13:40:00,2011-09-11 13:58:00,2011-03,4,2,540.5,214,135.125
13885,2011-05-23 08:52:00,2011-06-03 15:07:00,2011-05,2,2,506.80000000000007,182,253.40000000000003
13886,2011-09-29 13:17:00,2011-09-29 13:17:00,2011-09,1,1,243.56,126,243.56
13887,2011-05-19 17:22:00,2011-05-19 17:22:00,2011-05,1,1,349.55,147,349.55
13888,2011-05-05 14:41:00,2011-08-12 10:13:00,2011-05,2,2,605.63,258,302.815
13889,2011-09-08 09:13:00,2011-09-08 09:13:00,2011-09,1,1,416.90000000000003,146,416.90000000000003
13890,2010-12-16 09:31:00,2011-11-17 14:46:00,2010-12,7,4,1367.61,605,195.37285714285713
13892,2011-04-07 12:04:00,2011-11-13 11:50:00,2011-04,4,3,632.9699999999999,983,158.24249999999998
13893,2011-02-15 11:30:00,2011-02-15 11:30:00,2011-02,1,1,821.1,190,821.1
13894,2011-02-02 12:54:00,2011-11-16 09:44:00,2011-02,3,2,564.62,354,188.20666666666668
13895,2011-06-28 10:17:00,2011-11-11 16:57:00,2011-06,4,4,2593.07,1365,648.2675
13897,2011-10-20 14:30:00,2011-10-20 14:30:00,2011-10,1,1,311.16,200,311.16
13898,2011-01-18 10:28:00,2011-01-18 10:28:00,2011-01,1,1,155.93,133,155.93
13899,2011-03-10 09:30:00,2011-11-23 13:40:00,2011-03,2,2,388.52,156,194.26
13900,2011-03-22 10:13:00,2011-06-09 19:26:00,2011-03,3,3,740.95,430,246.98333333333335
13901,2011-01-25 09:01:00,2011-09-28 14:48:00,2011-01,5,5,2867.2,1739,573.4399999999999
13904,2011-02-18 11:18:00,2011-11-02 13:41:00,2011-02,2,2,332.64,332,166.32
13908,2011-03-08 12:04:00,2011-09-21 11:49:00,2011-03,4,4,2319.55,1477,579.8875
13911,2011-02-04 14:46:00,2011-10-13 15:43:00,2011-02,9,6,2580.91,2731,286.7677777777778
13914,2011-11-03 16:28:00,2011-11-28 10:35:00,2011-11,2,1,626.45,380,313.225
13917,2011-06-01 12:46:00,2011-10-21 09:56:00,2011-06,2,2,272.03999999999996,228,136.01999999999998
13918,2011-03-31 18:05:00,2011-10-21 12:25:00,2011-03,2,2,1212.84,1140,606.42
13919,2011-08-10 10:15:00,2011-10-11 14:24:00,2011-08,2,2,348.81,472,174.405
13922,2010-12-23 10:38:00,2010-12-23 10:38:00,2010-12,1,1,172.25,93,172.25
13923,2011-10-17 12:33:00,2011-10-17 12:33:00,2011-10,1,1,351.13,185,351.13
13924,2011-09-28 15:07:00,2011-11-22 11:28:00,2011-09,5,3,1536.45,933,307.29
13925,2011-07-28 12:09:00,2011-09-08 12:47:00,2011-07,4,3,678.25,331,169.5625
13926,2011-11-16 13:16:00,2011-11-16 13:16:00,2011-11,1,1,223.85000000000002,104,223.85000000000002
13927,2011-09-26 12:00:00,2011-09-26 12:00:00,2011-09,1,1,348.99,214,348.99
13928,2011-07-29 15:59:00,2011-11-29 10:33:00,2011-07,4,3,464.57,129,116.1425
13929,2011-01-17 15:11:00,2011-06-23 15:26:00,2011-01,2,2,842.6500000000001,143,421.32500000000005
13930,2011-07-26 11:00:00,2011-10-13 09:45:00,2011-07,2,2,337.34,274,168.67
13931,2011-03-04 08:43:00,2011-09-05 10:12:00,2011-03,2,2,1237.5300000000002,725,618.7650000000001
13932,2011-02-18 12:02:00,2011-02-18 12:02:00,2011-02,1,1,307.4,72,307.4
13933,2011-07-14 13:35:00,2011-08-22 14:03:00,2011-07,2,2,608.79,205,304.395
13934,2011-03-21 08:39:00,2011-03-21 08:39:00,2011-03,1,1,922.1,390,922.1
13936,2011-06-13 08:47:00,2011-06-13 08:47:00,2011-06,1,1,376.58,330,376.58
13937,2011-06-23 16:35:00,2011-06-23 16:35:00,2011-06,1,1,158.85,123,158.85
13938,2011-11-04 14:37:00,2011-11-04 14:37:00,2011-11,1,1,71.66,70,71.66
13939,2011-02-01 11:30:00,2011-11-16 13:33:00,2011-02,3,3,568.55,847,189.51666666666665
13940,2011-07-18 16:05:00,2011-11-22 15:15:00,2011-07,4,4,839.14,516,209.785
13941,2010-12-02 10:17:00,2011-11-18 09:43:00,2010-12,5,5,5112.96,2364,1022.592
13946,2011-03-17 10:02:00,2011-09-21 13:33:00,2011-03,3,3,561.5699999999999,443,187.18999999999997
13947,2011-10-05 14:42:00,2011-10-05 14:42:00,2011-10,1,1,90.6,44,90.6
13948,2010-12-14 10:18:00,2010-12-14 10:18:00,2010-12,1,1,102.0,40,102.0
13949,2011-09-06 11:55:00,2011-11-15 11:30:00,2011-09,5,3,1909.0900000000001,1801,381.81800000000004
13950,2011-04-07 11:29:00,2011-11-28 14:44:00,2011-04,4,3,745.06,323,186.265
13951,2011-02-18 15:21:00,2011-06-16 16:43:00,2011-02,3,3,674.45,459,224.8166666666667
13952,2011-04-15 09:27:00,2011-05-06 09:00:00,2011-04,2,2,3251.071,1431,1625.5355
13953,2010-12-22 10:29:00,2011-10-18 10:55:00,2010-12,6,6,3104.36,2448,517.3933333333333
13954,2011-09-30 10:52:00,2011-09-30 10:52:00,2011-09,1,1,227.41,49,227.41
13955,2011-02-07 12:24:00,2011-07-08 17:19:00,2011-02,2,2,322.96,154,161.48
13956,2011-03-13 12:51:00,2011-10-16 15:56:00,2011-03,4,4,869.9200000000001,440,217.48000000000002
13959,2010-12-12 13:56:00,2011-09-21 15:06:00,2010-12,3,3,598.2,357,199.4
13960,2011-09-29 12:39:00,2011-11-18 15:27:00,2011-09,2,2,230.22,142,115.11
13962,2011-04-08 11:21:00,2011-11-18 08:47:00,2011-04,2,2,169.55,87,84.775
13963,2010-12-07 09:21:00,2011-02-04 14:43:00,2010-12,4,3,664.54,460,166.135
13967,2011-07-17 12:02:00,2011-07-17 12:02:00,2011-07,1,1,80.7,42,80.7
13969,2010-12-09 19:32:00,2011-11-23 08:43:00,2010-12,16,10,7912.04,3901,494.5025
13971,2011-02-27 12:27:00,2011-11-21 12:06:00,2011-02,8,7,2758.26,1844,344.7825
13972,2011-05-22 11:34:00,2011-09-30 11:54:00,2011-05,2,2,190.25,187,95.125
13973,2011-02-25 15:21:00,2011-02-25 15:21:00,2011-02,1,1,264.7,109,264.7
13974,2011-10-21 14:41:00,2011-10-21 14:41:00,2011-10,1,1,413.59000000000003,249,413.59000000000003
13975,2011-03-08 12:19:00,2011-11-08 13:19:00,2011-03,6,5,2526.28,1732,421.0466666666667
13976,2011-05-17 09:13:00,2011-05-17 09:13:00,2011-05,1,1,357.98,154,357.98
13978,2011-10-25 15:04:00,2011-11-25 11:36:00,2011-10,2,2,196.79000000000002,315,98.39500000000001
13979,2011-09-27 13:32:00,2011-09-27 13:32:00,2011-09,1,1,869.87,639,869.87
13980,2011-10-10 13:34:00,2011-10-10 13:34:00,2011-10,1,1,200.14,172,200.14
13982,2010-12-09 13:57:00,2011-10-31 16:24:00,2010-12,4,4,1871.81,1136,467.9525
13983,2010-12-08 10:38:00,2011-11-10 11:06:00,2010-12,12,9,2603.43,1183,216.9525
13984,2010-12-08 15:58:00,2011-11-13 12:38:00,2010-12,5,5,920.51,679,184.102
13985,2011-03-20 13:48:00,2011-11-25 10:02:00,2011-03,14,8,6912.57,3371,493.755
13986,2011-11-22 15:00:00,2011-11-22 15:00:00,2011-11,1,1,320.46,430,320.46
13988,2011-03-30 11:48:00,2011-11-20 10:15:00,2011-03,6,6,4147.96,3044,691.3266666666667
13989,2011-04-14 15:39:00,2011-10-05 09:47:00,2011-04,2,2,1266.08,1313,633.04
13990,2011-05-10 15:19:00,2011-05-10 15:19:00,2011-05,1,1,311.3,190,311.3
13991,2011-07-19 12:58:00,2011-11-27 16:18:00,2011-07,6,4,854.97,997,142.495
13992,2011-11-09 15:23:00,2011-11-09 15:23:00,2011-11,1,1,76.8,64,76.8
13993,2011-01-13 10:43:00,2011-10-28 09:06:00,2011-01,9,8,3466.36,900,385.1511111111111
13994,2011-07-14 18:28:00,2011-10-31 11:10:00,2011-07,5,4,2197.04,914,439.408
13995,2011-04-08 08:20:00,2011-11-24 14:22:00,2011-04,5,5,1393.69,879,278.738
13999,2010-12-13 11:23:00,2011-11-29 13:40:00,2010-12,12,10,3901.81,2243,325.1508333333333
14000,2011-05-12 16:50:00,2011-05-12 16:50:00,2011-05,1,1,635.66,710,635.66
14001,2010-12-01 12:58:00,2011-10-25 10:31:00,2010-12,3,3,2043.08,962,681.0266666666666
14002,2011-07-06 14:59:00,2011-07-28 15:55:00,2011-07,2,1,529.73,877,264.865
14004,2011-02-24 09:28:00,2011-10-27 14:40:00,2011-02,7,5,4582.64,2668,654.6628571428572
14005,2011-05-08 10:33:00,2011-11-30 12:41:00,2011-05,5,5,2874.72,2478,574.944
14006,2011-01-31 15:11:00,2011-08-16 09:39:00,2011-01,3,3,962.19,641,320.73
14009,2011-05-18 13:00:00,2011-05-25 15:47:00,2011-05,2,1,695.61,365,347.805
14012,2011-03-07 12:26:00,2011-03-07 12:26:00,2011-03,1,1,328.8,160,328.8
14013,2011-03-09 08:59:00,2011-08-21 15:01:00,2011-03,3,3,473.02,462,157.67333333333332
14014,2011-09-23 13:18:00,2011-09-23 13:18:00,2011-09,1,1,505.18,1076,505.18
14015,2011-10-18 10:02:00,2011-10-18 10:02:00,2011-10,1,1,917.34,378,917.34
14016,2010-12-17 14:21:00,2011-07-01 11:29:00,2010-12,4,4,4291.21,2124,1072.8025
14019,2011-07-24 15:39:00,2011-10-24 10:13:00,2011-07,3,3,1421.61,1037,473.86999999999995
14020,2011-09-12 15:32:00,2011-11-23 09:22:00,2011-09,2,2,642.8,441,321.4
14021,2011-03-28 15:10:00,2011-07-07 15:46:00,2011-03,3,3,631.9,192,210.63333333333333
14022,2011-04-28 14:39:00,2011-04-28 14:39:00,2011-04,1,1,440.0,487,440.0
14023,2011-04-03 15:50:00,2011-04-03 15:50:00,2011-04,1,1,273.14,162,273.14
14024,2011-08-07 13:31:00,2011-08-10 11:30:00,2011-08,2,1,327.7,150,163.85
14027,2011-10-10 09:01:00,2011-10-10 09:01:00,2011-10,1,1,104.82,62,104.82
14029,2011-07-18 16:57:00,2011-10-07 14:46:00,2011-07,2,2,467.65999999999997,198,233.82999999999998
14030,2010-12-08 16:11:00,2011-11-21 16:48:00,2010-12,8,6,2360.09,1479,295.01125
14031,2010-12-02 16:34:00,2011-11-18 17:06:00,2010-12,18,10,16779.74,5642,932.2077777777779
14032,2010-12-08 10:53:00,2011-11-23 16:24:00,2010-12,10,7,2792.47,1944,279.24699999999996
14034,2011-07-05 13:06:00,2011-11-17 14:02:00,2011-07,3,2,651.82,423,217.27333333333334
14035,2011-02-15 12:48:00,2011-11-11 10:03:00,2011-02,5,5,1428.02,739,285.604
14036,2011-02-28 09:26:00,2011-02-28 09:26:00,2011-02,1,1,626.65,268,626.65
14037,2010-12-10 11:39:00,2011-06-16 13:57:00,2010-12,2,2,147.2,46,73.6
14038,2011-05-16 14:05:00,2011-09-22 13:37:00,2011-05,3,3,1560.38,965,520.1266666666667
14039,2011-11-06 13:48:00,2011-11-06 13:48:00,2011-11,1,1,152.2,92,152.2
14040,2011-01-12 14:57:00,2011-10-30 12:42:00,2011-01,12,8,3614.92,1554,301.24333333333334
14041,2011-03-18 13:25:00,2011-03-18 13:25:00,2011-03,1,1,141.41,94,141.41
14044,2011-02-03 11:39:00,2011-11-13 12:05:00,2011-02,4,4,652.82,308,163.205
14045,2010-12-01 11:32:00,2011-08-22 15:27:00,2010-12,4,3,1659.75,535,414.9375
14046,2011-02-28 14:48:00,2011-02-28 14:48:00,2011-02,1,1,151.59,443,151.59
14047,2010-12-02 10:09:00,2011-09-27 14:08:00,2010-12,4,4,957.46,272,239.365
14048,2011-02-07 14:53:00,2011-02-07 14:53:00,2011-02,1,1,409.93,288,409.93
14049,2011-01-26 11:27:00,2011-11-23 12:20:00,2011-01,4,4,5681.719999999999,3870,1420.4299999999998
14050,2011-08-25 13:46:00,2011-11-08 10:00:00,2011-08,2,2,746.36,689,373.18
14051,2010-12-08 12:49:00,2011-11-22 16:31:00,2010-12,21,12,13647.19,3234,649.8661904761905
14052,2011-11-20 12:30:00,2011-11-20 12:30:00,2011-11,1,1,225.36,89,225.36
14053,2011-07-03 12:21:00,2011-08-07 14:27:00,2011-07,2,2,260.25,215,130.125
14054,2011-10-05 15:49:00,2011-10-05 15:49:00,2011-10,1,1,92.46,62,92.46
14055,2011-08-25 15:04:00,2011-08-25 15:04:00,2011-08,1,1,725.6400000000001,216,725.6400000000001
14056,2011-02-28 15:19:00,2011-11-24 13:25:00,2011-02,22,10,7789.63,4083,354.0740909090909
14057,2010-12-14 12:11:00,2011-11-16 10:32:00,2010-12,17,11,6217.96,4876,365.76235294117646
14059,2011-03-18 10:06:00,2011-03-18 10:06:00,2011-03,1,1,183.6,128,183.6
14060,2010-12-02 12:11:00,2011-11-17 12:59:00,2010-12,18,12,5842.9400000000005,5194,324.6077777777778
14062,2010-12-10 15:56:00,2011-11-30 10:04:00,2010-12,12,8,10464.85,5593,872.0708333333333
14064,2011-03-10 12:59:00,2011-11-10 13:14:00,2011-03,5,4,1353.74,1788,270.748
14066,2011-03-18 12:21:00,2011-03-18 12:21:00,2011-03,1,1,152.55,45,152.55
14067,2011-09-04 12:00:00,2011-10-07 10:21:00,2011-09,2,2,374.7,361,187.35
14068,2011-01-23 16:02:00,2011-01-23 16:02:00,2011-01,1,1,265.85,73,265.85
14071,2011-03-20 11:33:00,2011-11-20 14:07:00,2011-03,6,3,1269.42,829,211.57000000000002
14073,2011-11-07 15:49:00,2011-11-07 15:49:00,2011-11,1,1,151.04,130,151.04
14075,2011-03-23 16:35:00,2011-11-20 12:32:00,2011-03,2,2,625.48,552,312.74
14076,2011-08-02 15:19:00,2011-08-02 15:19:00,2011-08,1,1,122.47,81,122.47
14077,2011-03-10 15:52:00,2011-10-30 12:35:00,2011-03,5,5,499.42,268,99.884
14078,2010-12-01 12:54:00,2011-08-30 12:16:00,2010-12,6,6,1049.37,310,174.89499999999998
14079,2011-08-07 12:10:00,2011-08-07 12:10:00,2011-08,1,1,375.09999999999997,301,375.09999999999997
14080,2011-11-07 11:09:00,2011-11-07 11:09:00,2011-11,1,1,45.599999999999994,48,45.599999999999994
14081,2010-12-05 15:47:00,2011-02-10 16:17:00,2010-12,2,2,934.52,596,467.26
14082,2010-12-10 11:02:00,2010-12-10 11:02:00,2010-12,1,1,182.25,110,182.25
14083,2010-12-03 12:24:00,2011-08-05 14:31:00,2010-12,7,5,548.9200000000001,401,78.41714285714286
14085,2010-12-06 12:39:00,2011-11-30 16:54:00,2010-12,15,9,3817.55,2688,254.50333333333336
14088,2011-01-21 13:07:00,2011-11-29 16:16:00,2011-01,13,6,50491.81,12665,3883.9853846153846
14089,2011-10-14 10:38:00,2011-10-14 10:38:00,2011-10,1,1,161.0,134,161.0
14090,2011-01-19 10:51:00,2011-01-19 10:51:00,2011-01,1,1,76.32000000000001,72,76.32000000000001
14092,2010-12-16 15:47:00,2011-11-16 12:08:00,2010-12,12,10,3722.4500000000003,1882,310.2041666666667
14093,2011-11-27 16:27:00,2011-11-27 16:27:00,2011-11,1,1,442.85,406,442.85
14096,2011-08-30 10:49:00,2011-11-28 15:54:00,2011-08,16,4,45921.71,14144,2870.106875
14098,2011-11-03 10:13:00,2011-11-03 10:13:00,2011-11,1,1,147.35,104,147.35
14099,2010-12-20 11:14:00,2011-11-23 13:53:00,2010-12,11,10,3104.17,2179,282.1972727272727
14100,2011-07-25 11:01:00,2011-07-25 11:01:00,2011-07,1,1,194.9,64,194.9
14101,2011-01-17 13:09:00,2011-09-27 12:28:00,2011-01,6,6,5976.79,6942,996.1316666666667
14102,2011-10-26 12:46:00,2011-11-28 10:20:00,2011-10,4,2,1241.78,871,310.445
14104,2011-06-27 12:49:00,2011-07-08 12:50:00,2011-06,2,2,216.21,72,108.105
14105,2011-04-14 17:58:00,2011-04-14 17:58:00,2011-04,1,1,1266.23,800,1266.23
14107,2010-12-10 13:29:00,2011-10-19 12:12:00,2010-12,7,7,2703.23,1793,386.17571428571426
14108,2011-08-30 11:32:00,2011-11-09 10:41:00,2011-08,2,2,597.91,381,298.955
14109,2011-09-28 10:18:00,2011-09-28 10:18:00,2011-09,1,1,144.2,88,144.2
14110,2011-03-18 09:59:00,2011-11-18 08:59:00,2011-03,11,8,5357.71,2349,487.06454545454545
14111,2011-04-12 11:36:00,2011-11-25 13:44:00,2011-04,4,4,692.85,458,173.2125
14112,2011-03-09 11:28:00,2011-11-17 12:30:00,2011-03,7,5,2915.15,1651,416.45
14113,2010-12-20 12:14:00,2011-11-17 10:59:00,2010-12,3,3,1368.52,514,456.17333333333335
14114,2011-01-13 11:05:00,2011-03-11 09:42:00,2011-01,2,2,386.53,101,193.265
14116,2011-08-10 12:44:00,2011-11-20 10:29:00,2011-08,5,4,1382.74,707,276.548
14117,2011-07-19 09:49:00,2011-07-19 09:49:00,2011-07,1,1,90.0,72,90.0
14121,2011-10-11 10:39:00,2011-11-29 13:43:00,2011-10,3,2,2008.99,1388,669.6633333333333
14124,2011-09-16 13:32:00,2011-09-16 13:32:00,2011-09,1,1,419.58,1618,419.58
14125,2011-09-22 15:40:00,2011-11-29 12:47:00,2011-09,3,2,2740.43,1640,913.4766666666666
14126,2011-11-29 12:21:00,2011-11-29 12:22:00,2011-11,2,1,643.6300000000001,458,321.81500000000005
14127,2011-02-02 12:26:00,2011-08-09 10:49:00,2011-02,3,3,709.71,321,236.57000000000002
14128,2011-03-29 10:49:00,2011-10-10 12:00:00,2011-03,2,2,637.5,564,318.75
14129,2011-03-24 08:44:00,2011-11-22 12:09:00,2011-03,4,3,971.2800000000001,506,242.82000000000002
14130,2011-01-24 16:05:00,2011-01-24 16:05:00,2011-01,1,1,483.86,258,483.86
14132,2011-06-09 12:04:00,2011-11-25 10:03:00,2011-06,10,6,3270.9,3053,327.09000000000003
14133,2011-01-28 11:27:00,2011-08-02 11:34:00,2011-01,3,2,605.64,348,201.88
14135,2010-12-02 10:27:00,2011-11-07 16:30:00,2010-12,13,7,4247.41,3673,326.7238461538461
14138,2011-10-07 09:38:00,2011-10-07 09:38:00,2011-10,1,1,638.21,459,638.21
14139,2011-10-24 13:34:00,2011-10-24 13:34:00,2011-10,1,1,415.82,510,415.82
14140,2011-11-08 11:20:00,2011-11-08 11:20:00,2011-11,1,1,540.99,517,540.99
14141,2011-08-26 14:40:00,2011-10-11 12:17:00,2011-08,3,3,688.7800000000001,278,229.59333333333336
14142,2010-12-01 16:33:00,2010-12-01 16:33:00,2010-12,1,1,311.81,313,311.81
14143,2011-07-29 09:48:00,2011-07-29 09:48:00,2011-07,1,1,115.8,30,115.8
14145,2011-05-06 13:01:00,2011-10-24 12:10:00,2011-05,4,3,3742.2,756,935.55
14146,2010-12-17 15:52:00,2011-09-19 15:01:00,2010-12,4,3,2965.84,1777,741.46
14147,2011-02-27 11:42:00,2011-09-22 18:10:00,2011-02,2,2,483.40000000000003,108,241.70000000000002
14148,2011-04-20 12:02:00,2011-04-20 12:02:00,2011-04,1,1,157.2,16,157.2
14149,2011-05-03 09:44:00,2011-05-03 09:44:00,2011-05,1,1,446.62,218,446.62
14150,2010-12-15 10:04:00,2011-11-04 10:05:00,2010-12,2,2,658.6400000000001,496,329.32000000000005
14152,2011-04-19 15:46:00,2011-09-25 12:54:00,2011-04,2,2,621.29,711,310.645
14154,2011-04-14 15:58:00,2011-04-14 16:26:00,2011-04,2,1,1345.62,465,672.81
14155,2011-03-18 14:13:00,2011-03-18 14:13:00,2011-03,1,1,118.75,25,118.75
14156,2010-12-03 11:48:00,2011-11-30 10:54:00,2010-12,54,12,116729.63,57872,2161.659814814815
14157,2011-02-27 13:04:00,2011-11-20 11:32:00,2011-02,2,2,432.88,284,216.44
14158,2011-10-30 15:08:00,2011-10-30 15:08:00,2011-10,1,1,507.66,781,507.66
14159,2010-12-12 11:17:00,2011-11-20 12:36:00,2010-12,11,7,4690.639999999999,4405,426.42181818181814
14161,2010-12-05 13:18:00,2011-05-08 11:41:00,2010-12,3,3,1110.52,455,370.17333333333335
14162,2011-02-20 12:32:00,2011-06-19 11:36:00,2011-02,2,2,289.36,142,144.68
14163,2011-04-14 17:33:00,2011-09-13 15:18:00,2011-04,4,4,2445.91,893,611.4775
14164,2011-09-20 12:18:00,2011-09-30 12:24:00,2011-09,2,1,1631.77,1033,815.885
14165,2011-03-09 12:39:00,2011-03-09 12:39:00,2011-03,1,1,122.53999999999999,54,122.53999999999999
14167,2011-01-12 15:44:00,2011-10-31 14:29:00,2011-01,4,4,574.84,150,143.71
14171,2011-09-02 16:43:00,2011-09-02 16:43:00,2011-09,1,1,363.79,167,363.79
14173,2011-05-04 14:03:00,2011-11-29 11:54:00,2011-05,4,3,450.84000000000003,150,112.71000000000001
14174,2011-11-06 13:17:00,2011-11-06 13:17:00,2011-11,1,1,134.46,94,134.46
14175,2011-01-14 12:22:00,2011-10-11 11:55:00,2011-01,3,3,3222.2999999999997,1515,1074.1
14176,2010-12-07 11:45:00,2011-02-15 13:12:00,2010-12,4,3,576.9000000000001,209,144.22500000000002
14177,2011-06-13 11:10:00,2011-09-14 15:11:00,2011-06,4,2,559.41,205,139.8525
14178,2011-06-10 12:51:00,2011-11-11 12:10:00,2011-06,6,5,1190.81,996,198.46833333333333
14179,2011-10-18 14:00:00,2011-10-30 12:07:00,2011-10,2,1,719.78,330,359.89
14180,2010-12-02 13:08:00,2011-11-29 10:56:00,2010-12,25,12,4748.52,719,189.94080000000002
14184,2011-10-04 12:43:00,2011-10-04 12:43:00,2011-10,1,1,452.89,127,452.89
14185,2011-01-12 13:52:00,2011-01-12 13:52:00,2011-01,1,1,197.65,6,197.65
14188,2011-02-02 13:46:00,2011-11-09 12:45:00,2011-02,6,6,2054.36,1162,342.3933333333334
14189,2010-12-06 11:42:00,2011-11-23 16:43:00,2010-12,14,11,4352.52,3615,310.89428571428573
14191,2011-05-03 10:30:00,2011-11-29 17:23:00,2011-05,12,7,4258.64,3186,354.8866666666667
14193,2011-03-15 11:38:00,2011-10-03 09:34:00,2011-03,2,2,853.3900000000001,445,426.69500000000005
14194,2011-02-04 14:51:00,2011-11-21 10:35:00,2011-02,20,9,10865.42,5616,543.271
14195,2011-04-01 16:50:00,2011-05-22 10:29:00,2011-04,2,2,1012.0,760,506.0
14196,2011-08-25 10:25:00,2011-08-25 10:25:00,2011-08,1,1,335.52,142,335.52
14198,2011-04-14 14:54:00,2011-11-21 16:35:00,2011-04,4,4,701.4000000000001,290,175.35000000000002
14199,2011-05-05 13:44:00,2011-05-05 13:44:00,2011-05,1,1,185.39999999999998,28,185.39999999999998
14201,2010-12-15 13:25:00,2011-10-10 13:27:00,2010-12,7,7,747.44,590,106.77714285714286
14205,2011-03-20 15:07:00,2011-11-23 10:55:00,2011-03,2,2,466.70000000000005,204,233.35000000000002
14206,2011-04-14 16:38:00,2011-04-14 16:38:00,2011-04,1,1,328.15999999999997,276,328.15999999999997
14208,2011-09-06 12:48:00,2011-09-06 12:48:00,2011-09,1,1,151.74,114,151.74
14209,2011-01-11 12:56:00,2011-11-29 10:18:00,2011-01,6,6,2073.4300000000003,691,345.5716666666667
14210,2010-12-03 12:43:00,2011-08-26 12:36:00,2010-12,6,6,1905.8400000000001,760,317.64000000000004
14211,2011-02-17 15:50:00,2011-10-17 13:23:00,2011-02,9,5,2241.1,1242,249.0111111111111
14212,2011-09-11 12:45:00,2011-09-11 12:45:00,2011-09,1,1,1070.48,1152,1070.48
14214,2011-03-07 12:26:00,2011-11-09 10:31:00,2011-03,5,5,1004.38,751,200.876
14215,2010-12-06 15:34:00,2011-11-28 12:19:00,2010-12,6,5,1789.72,1358,298.2866666666667
14216,2011-11-02 10:51:00,2011-11-23 13:24:00,2011-11,2,1,1252.74,452,626.37
14217,2010-12-08 13:28:00,2011-11-28 12:08:00,2010-12,16,11,1910.5,661,119.40625
14218,2011-10-28 10:00:00,2011-10-28 10:00:00,2011-10,1,1,169.48000000000002,160,169.48000000000002
14220,2010-12-16 18:18:00,2011-04-06 13:23:00,2010-12,2,2,632.4000000000001,272,316.20000000000005
14221,2011-01-04 15:33:00,2011-10-28 13:42:00,2011-01,9,7,3432.7999999999997,2191,381.4222222222222
14222,2011-06-15 16:42:00,2011-06-15 16:42:00,2011-06,1,1,683.17,607,683.17
14223,2011-03-20 16:02:00,2011-09-08 13:38:00,2011-03,3,3,991.13,585,330.37666666666667
14224,2011-01-23 13:58:00,2011-08-21 13:24:00,2011-01,4,4,1050.12,514,262.53
14226,2011-03-15 15:36:00,2011-11-11 11:34:00,2011-03,5,4,2232.19,1308,446.438
14227,2011-02-28 12:27:00,2011-11-13 15:48:00,2011-02,10,5,3350.96,1820,335.096
14229,2011-01-10 12:03:00,2011-10-19 10:03:00,2011-01,3,3,1547.1999999999998,610,515.7333333333332
14231,2011-02-24 11:55:00,2011-06-09 11:05:00,2011-02,3,3,925.71,409,308.57
14232,2011-03-20 12:44:00,2011-10-28 11:09:00,2011-03,5,5,2048.07,1941,409.61400000000003
14233,2011-01-26 12:43:00,2011-10-21 15:54:00,2011-01,4,4,1462.72,680,365.68
14234,2011-10-13 13:58:00,2011-11-17 17:53:00,2011-10,4,2,775.4599999999999,963,193.86499999999998
14235,2011-03-24 13:23:00,2011-09-25 14:37:00,2011-03,5,4,3144.86,1959,628.972
14236,2010-12-02 18:49:00,2011-09-20 09:13:00,2010-12,2,2,490.86,310,245.43
14237,2010-12-01 13:20:00,2010-12-01 13:20:00,2010-12,1,1,161.0,38,161.0
14238,2011-01-17 14:40:00,2011-01-17 14:40:00,2011-01,1,1,146.85,111,146.85
14239,2011-01-27 14:45:00,2011-10-27 14:40:00,2011-01,11,8,2380.85,993,216.4409090909091
14240,2011-04-28 11:40:00,2011-11-09 13:45:00,2011-04,2,2,890.34,418,445.17
14241,2011-06-09 11:46:00,2011-06-09 11:46:00,2011-06,1,1,213.70000000000002,146,213.70000000000002
14242,2011-01-18 08:53:00,2011-04-19 11:46:00,2011-01,2,2,280.54999999999995,123,140.27499999999998
14243,2010-12-09 08:34:00,2011-11-01 13:20:00,2010-12,9,8,2481.35,1155,275.7055555555555
14245,2011-03-21 10:41:00,2011-05-04 08:40:00,2011-03,2,2,1693.45,976,846.725
14246,2011-04-08 08:25:00,2011-08-21 11:50:00,2011-04,3,3,1474.06,804,491.3533333333333
14247,2011-03-06 15:21:00,2011-03-06 15:21:00,2011-03,1,1,136.77,47,136.77
14248,2011-01-25 14:45:00,2011-01-25 14:45:00,2011-01,1,1,302.58,102,302.58
14250,2011-09-11 13:44:00,2011-09-11 13:44:00,2011-09,1,1,1228.83,866,1228.83
14251,2011-10-13 12:46:00,2011-11-29 12:07:00,2011-10,4,2,2397.42,1450,599.355
14256,2010-12-10 11:44:00,2011-03-24 13:17:00,2010-12,2,2,969.06,414,484.53
14257,2011-01-25 10:49:00,2011-10-06 16:54:00,2011-01,5,5,3099.7200000000003,1682,619.9440000000001
14258,2011-01-06 12:18:00,2011-11-30 15:27:00,2011-01,9,8,12669.98,7100,1407.7755555555555
14259,2011-07-21 10:44:00,2011-07-21 10:44:00,2011-07,1,1,120.0,68,120.0
14261,2011-09-22 10:47:00,2011-10-20 10:04:00,2011-09,2,2,1163.45,406,581.725
14262,2011-04-13 12:23:00,2011-11-22 10:35:00,2011-04,7,6,2313.5299999999997,1397,330.5042857142857
14264,2011-04-08 12:20:00,2011-07-08 10:20:00,2011-04,2,2,333.97,70,166.985
14265,2011-07-14 09:10:00,2011-08-22 13:32:00,2011-07,2,2,530.1800000000001,330,265.09000000000003
14267,2011-03-24 11:38:00,2011-06-30 10:09:00,2011-03,3,2,1516.24,530,505.41333333333336
14270,2011-01-12 09:33:00,2011-01-12 09:33:00,2011-01,1,1,492.65000000000003,197,492.65000000000003
14271,2011-04-28 12:47:00,2011-04-28 12:47:00,2011-04,1,1,112.32000000000001,88,112.32000000000001
14272,2011-03-30 13:57:00,2011-09-27 10:08:00,2011-03,2,2,437.96000000000004,599,218.98000000000002
14273,2011-04-11 13:24:00,2011-10-19 13:20:00,2011-04,4,4,559.97,264,139.9925
14276,2011-02-23 09:38:00,2011-09-02 09:45:00,2011-02,3,3,1119.74,744,373.24666666666667
14277,2011-05-11 13:20:00,2011-11-24 15:01:00,2011-05,3,2,4180.2,1982,1393.3999999999999
14280,2011-05-27 10:37:00,2011-05-27 10:37:00,2011-05,1,1,134.04,52,134.04
14282,2010-12-07 12:21:00,2011-11-20 15:27:00,2010-12,13,8,3371.64,2478,259.35692307692307
14284,2011-09-14 13:04:00,2011-11-09 08:11:00,2011-09,2,2,595.25,161,297.625
14285,2011-06-16 12:36:00,2011-11-18 14:50:00,2011-06,4,3,1910.01,541,477.5025
14286,2011-04-11 08:16:00,2011-11-16 10:34:00,2011-04,3,3,4628.75,4338,1542.9166666666667
14287,2011-05-25 11:41:00,2011-05-25 11:44:00,2011-05,2,1,83.28,216,41.64
14288,2011-05-10 13:22:00,2011-05-10 13:22:00,2011-05,1,1,426.6,188,426.6
14289,2011-02-23 12:33:00,2011-07-28 10:24:00,2011-02,5,5,832.7800000000001,278,166.556
14290,2010-12-13 10:24:00,2011-11-28 14:02:00,2010-12,5,4,2314.65,915,462.93
14291,2011-03-09 15:20:00,2011-10-13 09:16:00,2011-03,9,5,3325.56,2251,369.50666666666666
14292,2011-03-02 08:26:00,2011-10-31 09:51:00,2011-03,7,5,4458.610000000001,1467,636.9442857142858
14293,2010-12-06 10:18:00,2011-07-15 15:28:00,2010-12,3,3,739.41,427,246.47
14295,2011-10-30 15:50:00,2011-10-30 15:50:00,2011-10,1,1,166.20000000000002,84,166.20000000000002
14297,2011-03-10 08:31:00,2011-11-22 09:06:00,2011-03,4,3,1305.33,865,326.3325
14298,2010-12-14 12:59:00,2011-11-09 10:26:00,2010-12,43,12,50889.7,57983,1183.4813953488372
14299,2010-12-09 10:30:00,2011-11-18 12:49:00,2010-12,8,6,3676.1,1909,459.5125
14300,2011-11-21 08:57:00,2011-11-21 08:57:00,2011-11,1,1,43.2,32,43.2
14301,2011-08-14 15:33:00,2011-08-14 15:33:00,2011-08,1,1,640.14,606,640.14
14304,2011-05-01 11:50:00,2011-05-01 11:50:00,2011-05,1,1,383.45,139,383.45
14305,2011-07-27 14:14:00,2011-09-29 15:29:00,2011-07,3,3,1858.96,1089,619.6533333333333
14306,2011-09-15 10:31:00,2011-10-19 13:23:00,2011-09,2,2,2093.32,1075,1046.66
14307,2010-12-01 11:41:00,2011-09-12 09:38:00,2010-12,6,5,2995.7200000000003,2058,499.2866666666667
14309,2010-12-16 13:05:00,2011-11-11 09:46:00,2010-12,8,6,1962.66,1380,245.3325
14311,2011-04-11 10:14:00,2011-04-11 10:14:00,2011-04,1,1,310.26,146,310.26
14312,2011-01-06 16:35:00,2011-10-24 09:46:00,2011-01,6,6,1611.59,1012,268.5983333333333
14314,2011-08-25 10:39:00,2011-08-25 10:39:00,2011-08,1,1,120.0,296,120.0
14315,2011-03-18 12:59:00,2011-10-26 12:06:00,2011-03,6,5,2481.13,1021,413.5216666666667
14317,2011-10-06 10:44:00,2011-10-06 10:44:00,2011-10,1,1,508.58,255,508.58
14320,2011-01-11 09:12:00,2011-05-17 09:24:00,2011-01,2,2,477.78999999999996,325,238.89499999999998
14321,2011-01-10 11:35:00,2011-11-29 09:47:00,2011-01,5,5,1530.75,2406,306.15
14323,2011-04-15 11:44:00,2011-08-17 11:37:00,2011-04,2,2,605.06,350,302.53
14326,2011-04-11 15:04:00,2011-04-11 15:04:00,2011-04,1,1,183.85,103,183.85
14327,2011-06-29 13:58:00,2011-06-29 13:58:00,2011-06,1,1,311.65000000000003,139,311.65000000000003
14329,2011-01-14 13:42:00,2011-11-22 15:50:00,2011-01,7,6,5014.84,3095,716.4057142857143
14331,2011-07-27 15:14:00,2011-08-07 13:17:00,2011-07,2,2,462.66,252,231.33
14332,2011-07-15 10:33:00,2011-11-17 11:54:00,2011-07,3,3,866.3100000000001,481,288.77000000000004
14333,2011-10-03 10:38:00,2011-10-03 10:38:00,2011-10,1,1,415.2,58,415.2
14334,2010-12-16 17:37:00,2011-11-23 10:01:00,2010-12,8,8,2552.21,1731,319.02625
14335,2011-09-04 13:07:00,2011-11-23 13:41:00,2011-09,2,2,468.26,379,234.13
14336,2011-03-08 16:48:00,2011-11-23 11:40:00,2011-03,4,3,1614.91,1759,403.7275
14338,2011-05-27 13:30:00,2011-07-01 14:08:00,2011-05,2,2,588.22,335,294.11
14339,2011-04-11 11:06:00,2011-04-11 11:06:00,2011-04,1,1,309.52,168,309.52
14340,2011-05-05 09:44:00,2011-05-05 09:44:00,2011-05,1,1,134.7,58,134.7
14341,2011-01-25 13:55:00,2011-10-25 15:48:00,2011-01,8,5,2182.28,1403,272.785
14342,2011-05-13 13:50:00,2011-11-18 13:21:00,2011-05,4,3,668.5600000000001,347,167.14000000000001
14344,2010-12-06 11:58:00,2011-08-04 13:51:00,2010-12,8,5,889.9300000000001,477,111.24125000000001
14345,2011-11-01 09:51:00,2011-11-01 09:51:00,2011-11,1,1,108.97999999999999,50,108.97999999999999
14346,2011-02-15 13:52:00,2011-08-11 09:47:00,2011-02,2,2,1021.5799999999999,605,510.78999999999996
14348,2011-03-24 16:23:00,2011-03-24 16:23:00,2011-03,1,1,409.57,183,409.57
14349,2011-11-29 15:39:00,2011-11-29 15:39:00,2011-11,1,1,133.5,86,133.5
14350,2011-03-10 14:14:00,2011-03-10 14:14:00,2011-03,1,1,282.93,183,282.93
14351,2011-06-28 11:56:00,2011-06-28 11:56:00,2011-06,1,1,51.0,12,51.0
14352,2011-03-11 14:58:00,2011-07-05 15:41:00,2011-03,4,3,1078.96,538,269.74
14353,2011-05-08 16:06:00,2011-05-08 16:06:00,2011-05,1,1,90.6,64,90.6
14354,2011-11-09 15:36:00,2011-11-09 15:36:00,2011-11,1,1,87.78,90,87.78
14355,2010-12-09 12:16:00,2010-12-09 12:16:00,2010-12,1,1,174.4,92,174.4
14356,2011-09-19 14:43:00,2011-09-21 09:18:00,2011-09,2,1,701.23,277,350.615
14357,2011-10-27 16:23:00,2011-10-27 16:23:00,2011-10,1,1,225.77,148,225.77
14359,2011-09-13 09:03:00,2011-11-20 13:17:00,2011-09,3,3,912.18,371,304.06
14360,2011-09-06 11:58:00,2011-11-08 09:12:00,2011-09,4,3,2128.23,1151,532.0575
14362,2011-11-17 15:08:00,2011-11-17 15:08:00,2011-11,1,1,161.2,100,161.2
14364,2011-05-12 12:56:00,2011-08-23 11:01:00,2011-05,8,4,3717.35,1967,464.66875
14367,2011-03-08 14:12:00,2011-11-18 12:09:00,2011-03,15,8,8627.99,4105,575.1993333333334
14368,2011-01-24 09:52:00,2011-01-24 09:52:00,2011-01,1,1,155.0,36,155.0
14371,2011-02-17 16:35:00,2011-02-17 16:35:00,2011-02,1,1,100.5,34,100.5
14373,2010-12-16 15:40:00,2010-12-16 15:40:00,2010-12,1,1,76.55,17,76.55
14375,2011-06-07 13:44:00,2011-06-07 13:44:00,2011-06,1,1,257.68,194,257.68
14377,2011-03-22 13:38:00,2011-06-01 13:32:00,2011-03,2,2,617.05,219,308.525
14379,2011-02-17 15:03:00,2011-10-26 16:43:00,2011-02,2,2,348.1,292,174.05
14381,2011-10-18 17:10:00,2011-10-18 17:10:00,2011-10,1,1,202.68,146,202.68
14382,2011-11-13 16:18:00,2011-11-13 16:18:00,2011-11,1,1,626.0699999999999,1237,626.0699999999999
14383,2011-06-29 10:18:00,2011-11-01 15:53:00,2011-06,3,3,1247.69,817,415.8966666666667
14385,2011-11-16 11:55:00,2011-11-30 15:36:00,2011-11,3,1,202.10999999999999,159,67.36999999999999
14386,2011-02-16 09:45:00,2011-02-16 09:45:00,2011-02,1,1,142.4,54,142.4
14387,2011-08-22 14:13:00,2011-11-07 12:29:00,2011-08,3,3,1770.56,819,590.1866666666666
14388,2010-12-02 11:02:00,2011-11-29 13:32:00,2010-12,8,7,3212.84,1941,401.605
14389,2011-06-02 12:04:00,2011-10-05 15:17:00,2011-06,2,2,1043.46,729,521.73
14390,2010-12-02 11:57:00,2011-11-29 13:49:00,2010-12,9,6,4652.82,2136,516.98
14393,2011-05-05 18:16:00,2011-05-05 18:16:00,2011-05,1,1,67.95,13,67.95
14395,2010-12-02 18:15:00,2011-10-10 17:26:00,2010-12,8,8,2948.7200000000003,1445,368.59000000000003
14396,2010-12-03 15:19:00,2011-10-05 16:09:00,2010-12,2,2,487.99,225,243.995
14397,2011-05-10 12:25:00,2011-11-28 12:30:00,2011-05,17,7,2183.76,1562,128.4564705882353
14400,2011-07-13 15:50:00,2011-07-13 15:50:00,2011-07,1,1,574.7,454,574.7
14401,2010-12-15 09:07:00,2011-11-01 13:37:00,2010-12,12,7,3697.7,4049,308.14166666666665
14403,2011-04-06 14:23:00,2011-08-01 12:57:00,2011-04,4,4,1475.81,519,368.9525
14404,2010-12-05 16:00:00,2011-11-06 12:30:00,2010-12,6,6,1474.32,839,245.72
14406,2011-08-12 16:54:00,2011-08-12 16:54:00,2011-08,1,1,156.75,77,156.75
14407,2011-03-08 11:59:00,2011-08-24 14:02:00,2011-03,5,4,2142.73,1414,428.546
14408,2011-03-20 14:41:00,2011-11-29 11:41:00,2011-03,7,6,2606.53,1616,372.3614285714286
14409,2010-12-06 15:03:00,2011-09-29 18:18:00,2010-12,6,5,2059.4500000000003,1230,343.24166666666673
14410,2011-02-07 09:36:00,2011-09-08 15:08:00,2011-02,9,6,1104.07,569,122.67444444444443
14411,2011-02-02 10:56:00,2011-02-02 10:56:00,2011-02,1,1,1063.0,196,1063.0
14412,2011-09-28 08:48:00,2011-10-28 10:45:00,2011-09,2,2,770.03,786,385.015
14413,2010-12-12 13:37:00,2010-12-12 13:37:00,2010-12,1,1,122.7,68,122.7
14414,2010-12-16 11:11:00,2011-09-09 12:09:00,2010-12,7,4,1496.98,2512,213.8542857142857
14415,2010-12-14 13:31:00,2011-11-20 15:52:00,2010-12,12,11,4804.33,2317,400.36083333333335
14416,2011-10-28 15:10:00,2011-11-17 15:22:00,2011-10,2,2,490.22,326,245.11
14418,2011-08-23 17:18:00,2011-11-14 13:55:00,2011-08,2,2,1039.9,922,519.95
14419,2010-12-10 10:56:00,2011-11-29 11:22:00,2010-12,6,5,1058.06,487,176.34333333333333
14420,2011-09-01 18:07:00,2011-09-01 18:07:00,2011-09,1,1,387.52,334,387.52
14421,2011-05-12 10:49:00,2011-10-13 13:24:00,2011-05,2,2,813.11,365,406.555
14422,2011-03-17 17:26:00,2011-11-22 14:59:00,2011-03,5,5,3881.63,2727,776.326
14423,2011-05-05 15:12:00,2011-05-05 15:12:00,2011-05,1,1,265.2,120,265.2
14424,2011-11-22 11:48:00,2011-11-22 11:48:00,2011-11,1,1,322.08,48,322.08
14426,2011-01-31 09:51:00,2011-11-16 12:25:00,2011-01,10,5,4481.67,2699,448.16700000000003
14427,2011-10-07 09:10:00,2011-10-20 14:23:00,2011-10,2,1,363.34000000000003,228,181.67000000000002
14428,2011-01-18 16:39:00,2011-11-03 16:30:00,2011-01,4,4,1042.97,360,260.7425
14431,2011-02-10 10:40:00,2011-02-10 10:40:00,2011-02,1,1,470.36,130,470.36
14432,2011-09-11 14:09:00,2011-11-30 08:04:00,2011-09,6,3,2255.51,2070,375.91833333333335
14434,2011-09-28 15:31:00,2011-11-18 08:56:00,2011-09,6,3,1372.8,368,228.79999999999998
14436,2011-09-02 10:13:00,2011-09-02 10:13:00,2011-09,1,1,89.06,129,89.06
14437,2010-12-09 09:27:00,2010-12-09 09:27:00,2010-12,1,1,63.0,60,63.0
14438,2011-02-06 14:56:00,2011-02-06 14:56:00,2011-02,1,1,131.9,82,131.9
14439,2011-01-24 11:39:00,2011-01-24 11:39:00,2011-01,1,1,2661.24,526,2661.24
14440,2010-12-09 12:49:00,2011-10-28 15:54:00,2010-12,4,4,1740.43,471,435.1075
14441,2011-03-29 12:01:00,2011-10-27 14:27:00,2011-03,3,3,1407.19,362,469.06333333333333
14442,2011-01-27 09:33:00,2011-05-19 11:36:00,2011-01,2,2,1589.8200000000002,482,794.9100000000001
14443,2010-12-06 11:03:00,2011-10-17 10:10:00,2010-12,4,4,1420.2,938,355.05
14446,2011-04-07 12:10:00,2011-11-11 12:02:00,2011-04,3,3,837.69,752,279.23
14447,2011-03-04 10:49:00,2011-11-21 08:28:00,2011-03,5,4,1163.23,571,232.64600000000002
14448,2010-12-10 17:26:00,2011-11-30 13:50:00,2010-12,2,2,375.35,104,187.675
14449,2010-12-02 14:09:00,2011-11-21 12:06:00,2010-12,4,4,907.1,757,226.775
14450,2011-01-23 11:53:00,2011-06-12 10:46:00,2011-01,3,3,483.25,241,161.08333333333334
14451,2011-05-29 12:35:00,2011-10-10 13:38:00,2011-05,2,2,662.59,389,331.295
14452,2011-09-07 11:32:00,2011-11-29 12:06:00,2011-09,2,2,264.44,119,132.22
14453,2011-06-02 14:15:00,2011-06-02 14:15:00,2011-06,1,1,119.93,49,119.93
14456,2011-07-20 13:06:00,2011-11-17 17:18:00,2011-07,8,4,2676.48,2337,334.56
14457,2011-02-02 09:39:00,2011-02-02 09:39:00,2011-02,1,1,113.64,88,113.64
14459,2011-07-07 13:35:00,2011-07-07 13:35:00,2011-07,1,1,1837.92,760,1837.92
14460,2011-02-02 11:55:00,2011-08-21 14:19:00,2011-02,3,3,434.34,881,144.78
14461,2011-03-23 12:15:00,2011-07-14 17:11:00,2011-03,3,3,2102.67,765,700.89
14462,2011-01-04 12:45:00,2011-10-04 15:55:00,2011-01,11,9,1999.02,962,181.7290909090909
14463,2011-05-18 14:42:00,2011-09-02 15:20:00,2011-05,3,3,529.62,179,176.54
14465,2011-02-10 12:13:00,2011-04-07 12:38:00,2011-02,3,2,1058.62,405,352.8733333333333
14466,2010-12-02 13:36:00,2011-11-10 14:07:00,2010-12,7,7,2272.4,1006,324.62857142857143
14467,2011-01-31 12:35:00,2011-11-22 12:48:00,2011-01,4,3,598.76,278,149.69
14470,2011-02-25 11:56:00,2011-11-28 10:31:00,2011-02,2,2,461.19,193,230.595
14472,2010-12-19 14:03:00,2011-08-28 11:01:00,2010-12,8,7,1936.84,1160,242.105
14473,2011-03-02 13:56:00,2011-09-26 15:10:00,2011-03,2,2,234.34,88,117.17
14474,2011-10-24 13:26:00,2011-10-24 13:26:00,2011-10,1,1,547.66,140,547.66
14475,2011-02-08 10:12:00,2011-09-29 10:46:00,2011-02,3,3,925.85,447,308.6166666666667
14476,2011-03-27 15:39:00,2011-03-27 15:39:00,2011-03,1,1,215.7,132,215.7
14477,2011-02-15 15:44:00,2011-11-20 11:11:00,2011-02,4,4,1309.6,720,327.4
14479,2010-12-09 12:59:00,2011-03-31 09:07:00,2010-12,2,2,316.25,117,158.125
14480,2011-11-28 16:35:00,2011-11-28 16:35:00,2011-11,1,1,279.05,143,279.05
14481,2011-02-25 13:53:00,2011-06-28 10:38:00,2011-02,2,2,636.51,489,318.255
14482,2011-04-14 16:41:00,2011-11-21 13:14:00,2011-04,6,4,2068.15,1646,344.69166666666666
14483,2011-03-03 10:26:00,2011-03-03 10:26:00,2011-03,1,1,137.1,97,137.1
14484,2011-10-20 14:11:00,2011-10-20 14:11:00,2011-10,1,1,321.92,210,321.92
14485,2011-11-01 12:25:00,2011-11-01 12:25:00,2011-11,1,1,165.75,71,165.75
14487,2010-12-06 13:22:00,2011-11-13 12:17:00,2010-12,6,4,1196.33,735,199.38833333333332
14488,2011-10-03 09:30:00,2011-10-03 09:30:00,2011-10,1,1,1064.28,799,1064.28
14489,2011-05-16 14:51:00,2011-05-16 14:51:00,2011-05,1,1,463.38,299,463.38
14491,2010-12-02 12:10:00,2011-06-17 15:22:00,2010-12,2,2,340.93,139,170.465
14493,2011-07-07 16:59:00,2011-11-23 10:21:00,2011-07,4,3,1867.54,1007,466.885
14494,2011-11-14 09:21:00,2011-11-14 09:21:00,2011-11,1,1,139.56,92,139.56
14495,2011-08-10 14:13:00,2011-10-20 12:28:00,2011-08,2,2,123.8,62,61.9
14496,2010-12-01 15:35:00,2011-02-01 09:01:00,2010-12,2,2,538.8100000000001,159,269.40500000000003
14497,2011-02-03 17:01:00,2011-02-03 17:01:00,2011-02,1,1,475.37,235,475.37
14498,2010-12-13 11:29:00,2011-10-28 12:09:00,2010-12,5,5,1957.32,1098,391.464
14499,2011-03-06 11:55:00,2011-11-13 13:01:00,2011-03,3,3,815.32,501,271.77333333333337
14500,2011-06-03 10:08:00,2011-09-12 16:45:00,2011-06,3,3,356.85,117,118.95
14501,2011-01-24 10:43:00,2011-06-09 12:02:00,2011-01,2,2,251.21,161,125.605
14502,2011-01-30 15:52:00,2011-11-20 11:50:00,2011-01,11,7,2467.63,1482,224.33
14503,2011-06-14 10:00:00,2011-11-29 12:15:00,2011-06,4,3,2772.39,1605,693.0975
14504,2011-03-06 14:38:00,2011-10-23 16:00:00,2011-03,4,3,673.26,308,168.315
14505,2010-12-12 16:14:00,2011-11-22 15:45:00,2010-12,8,6,5905.64,2759,738.205
14506,2010-12-05 14:25:00,2011-11-22 13:02:00,2010-12,5,5,2012.17,730,402.434
14507,2011-03-08 17:23:00,2011-11-16 12:21:00,2011-03,6,5,1383.18,600,230.53
14508,2011-09-11 11:29:00,2011-11-17 19:48:00,2011-09,2,2,276.41999999999996,131,138.20999999999998
14511,2011-07-29 12:13:00,2011-11-28 17:05:00,2011-07,5,4,1314.81,784,262.962
14512,2011-04-21 19:05:00,2011-06-05 12:39:00,2011-04,2,2,275.28,122,137.64
14513,2011-02-24 09:36:00,2011-08-31 11:25:00,2011-02,3,3,455.59000000000003,361,151.86333333333334
14514,2011-01-12 15:22:00,2011-10-09 16:05:00,2011-01,3,3,1055.35,589,351.7833333333333
14515,2011-05-05 12:13:00,2011-11-22 11:37:00,2011-05,6,4,2102.09,1134,350.34833333333336
14517,2011-07-21 11:42:00,2011-11-06 14:20:00,2011-07,2,2,330.45,91,165.225
14518,2011-10-06 14:43:00,2011-10-06 14:43:00,2011-10,1,1,174.37,278,174.37
14520,2011-02-22 09:15:00,2011-02-22 09:15:00,2011-02,1,1,165.0,100,165.0
14522,2011-05-25 16:01:00,2011-11-15 13:24:00,2011-05,4,3,974.54,525,243.635
14523,2011-08-23 13:13:00,2011-08-23 13:13:00,2011-08,1,1,241.09,251,241.09
14524,2010-12-14 11:01:00,2011-11-08 12:29:00,2010-12,9,6,1867.68,676,207.52
14525,2010-12-13 17:40:00,2011-11-20 11:37:00,2010-12,9,8,4332.2,2696,481.35555555555555
14527,2010-12-05 13:17:00,2011-11-27 12:01:00,2010-12,53,12,7875.87,1964,148.60132075471697
14528,2011-11-02 17:09:00,2011-11-02 17:09:00,2011-11,1,1,364.21999999999997,278,364.21999999999997
14529,2011-08-21 14:10:00,2011-10-10 15:27:00,2011-08,3,3,620.04,348,206.67999999999998
14530,2011-02-16 10:47:00,2011-11-14 10:38:00,2011-02,6,6,2925.91,1410,487.65166666666664
14532,2010-12-22 13:48:00,2011-04-17 13:05:00,2010-12,4,4,932.85,284,233.2125
14533,2010-12-22 11:07:00,2011-11-15 12:05:00,2010-12,7,5,1949.72,4019,278.5314285714286
14534,2011-01-25 12:33:00,2011-11-22 11:24:00,2011-01,17,11,4314.58,1963,253.79882352941175
14535,2011-04-05 12:50:00,2011-10-10 15:39:00,2011-04,3,3,2864.19,1831,954.73
14536,2011-03-25 12:21:00,2011-03-25 12:21:00,2011-03,1,1,171.8,40,171.8
14537,2011-10-13 10:54:00,2011-10-13 10:54:00,2011-10,1,1,355.56,120,355.56
14538,2011-03-28 14:57:00,2011-10-06 10:31:00,2011-03,2,2,388.25,155,194.125
14539,2011-10-26 12:03:00,2011-11-24 09:50:00,2011-10,2,2,537.48,428,268.74
14540,2011-02-03 15:02:00,2011-11-30 10:15:00,2011-02,3,3,996.26,421,332.08666666666664
14541,2011-01-24 14:16:00,2011-10-12 10:08:00,2011-01,8,6,1461.65,647,182.70625
14542,2011-06-07 08:19:00,2011-06-07 08:19:00,2011-06,1,1,103.25,19,103.25
14543,2010-12-10 11:51:00,2011-11-11 12:45:00,2010-12,16,10,3590.6800000000003,675,224.41750000000002
14544,2010-12-13 12:50:00,2011-11-15 15:06:00,2010-12,2,2,2024.45,1543,1012.225
14546,2011-04-05 12:37:00,2011-10-30 11:47:00,2011-04,4,4,2078.1,1082,519.525
14547,2011-10-16 14:35:00,2011-11-27 13:49:00,2011-10,6,2,3528.04,2412,588.0066666666667
14548,2011-01-26 08:38:00,2011-07-12 12:19:00,2011-01,2,2,652.8,256,326.4
14549,2011-02-01 13:47:00,2011-02-01 13:47:00,2011-02,1,1,289.24,136,289.24
14550,2011-10-26 12:14:00,2011-11-29 12:12:00,2011-10,2,2,765.62,394,382.81
14551,2011-05-19 18:21:00,2011-11-21 13:36:00,2011-05,2,2,186.23000000000002,106,93.11500000000001
14552,2011-07-11 12:49:00,2011-07-11 12:49:00,2011-07,1,1,165.07,91,165.07
14553,2011-01-04 15:40:00,2011-11-20 13:20:00,2011-01,5,3,859.27,493,171.85399999999998
14554,2011-10-18 13:04:00,2011-11-29 16:44:00,2011-10,4,2,2381.04,1478,595.26
14555,2011-02-10 17:19:00,2011-10-13 16:24:00,2011-02,2,2,324.14,130,162.07
14557,2011-09-15 15:48:00,2011-09-15 15:48:00,2011-09,1,1,788.38,510,788.38
14560,2010-12-17 09:22:00,2011-11-23 09:35:00,2010-12,21,11,2196.97,1212,104.61761904761904
14561,2011-06-08 13:26:00,2011-09-25 12:39:00,2011-06,3,2,1080.76,1014,360.25333333333333
14562,2011-02-08 14:45:00,2011-11-28 14:39:00,2011-02,16,8,4751.45,1714,296.965625
14565,2010-12-13 13:25:00,2011-09-05 09:07:00,2010-12,4,4,2949.12,1537,737.28
14566,2011-08-21 11:05:00,2011-08-21 11:05:00,2011-08,1,1,1432.0,800,1432.0
14567,2011-08-01 13:48:00,2011-10-14 10:21:00,2011-08,2,2,1530.3600000000001,412,765.1800000000001
14570,2011-03-04 10:39:00,2011-03-04 10:58:00,2011-03,2,1,217.21,94,108.605
14572,2011-01-19 17:23:00,2011-10-30 14:04:00,2011-01,6,5,2697.79,1413,449.63166666666666
14573,2010-12-02 19:59:00,2011-06-13 11:15:00,2010-12,9,5,1653.42,544,183.71333333333334
14576,2010-12-02 17:51:00,2010-12-02 17:51:00,2010-12,1,1,35.400000000000006,12,35.400000000000006
14577,2010-12-12 11:26:00,2011-11-27 12:47:00,2010-12,4,4,859.71,353,214.9275
14581,2011-11-23 12:39:00,2011-11-23 12:39:00,2011-11,1,1,138.6,217,138.6
14582,2011-10-30 11:56:00,2011-10-30 11:56:00,2011-10,1,1,114.11000000000001,73,114.11000000000001
14583,2011-05-18 11:28:00,2011-07-18 12:53:00,2011-05,4,3,787.64,572,196.91
14584,2011-05-25 17:31:00,2011-06-23 18:33:00,2011-05,4,2,1042.26,383,260.565
14585,2011-10-20 14:33:00,2011-10-20 14:33:00,2011-10,1,1,157.05,91,157.05
14586,2011-03-08 10:04:00,2011-03-08 10:04:00,2011-03,1,1,237.36,444,237.36
14587,2011-01-12 13:16:00,2011-11-21 11:34:00,2011-01,9,7,1601.1399999999999,761,177.90444444444444
14589,2010-12-03 11:42:00,2010-12-03 11:42:00,2010-12,1,1,39.75,5,39.75
14591,2011-05-10 14:09:00,2011-11-24 13:57:00,2011-05,4,2,1447.14,1297,361.785
14592,2011-10-06 18:08:00,2011-11-04 16:35:00,2011-10,3,2,570.46,415,190.15333333333334
14593,2011-05-25 11:14:00,2011-11-18 12:48:00,2011-05,3,2,617.99,332,205.99666666666667
14594,2010-12-01 13:54:00,2010-12-01 13:54:00,2010-12,1,1,255.0,146,255.0
14595,2011-01-30 13:36:00,2011-11-20 12:12:00,2011-01,6,4,1740.6,978,290.09999999999997
14597,2011-06-01 12:33:00,2011-11-28 13:13:00,2011-06,2,2,883.15,577,441.575
14598,2011-10-26 13:19:00,2011-10-26 13:19:00,2011-10,1,1,221.97,189,221.97
14600,2011-02-07 09:48:00,2011-02-07 09:48:00,2011-02,1,1,393.33000000000004,125,393.33000000000004
14601,2011-11-29 09:48:00,2011-11-29 09:48:00,2011-11,1,1,213.96,168,213.96
14603,2011-03-10 10:27:00,2011-03-10 10:27:00,2011-03,1,1,660.0,400,660.0
14606,2010-12-01 16:57:00,2011-11-30 14:00:00,2010-12,88,12,11650.94,6043,132.39704545454546
14607,2011-03-23 15:22:00,2011-11-24 10:35:00,2011-03,12,3,15021.5,10734,1251.7916666666667
14608,2010-12-12 14:49:00,2011-11-10 18:37:00,2010-12,3,3,1277.6,312,425.8666666666666
14609,2011-02-16 12:10:00,2011-09-28 12:54:00,2011-02,4,4,601.56,7026,150.39
14616,2011-01-26 12:42:00,2011-04-11 09:54:00,2011-01,3,3,406.08000000000004,104,135.36
14618,2011-01-06 11:59:00,2011-11-30 13:45:00,2011-01,3,2,553.44,264,184.48000000000002
14619,2011-04-08 07:37:00,2011-04-08 07:37:00,2011-04,1,1,394.44,152,394.44
14620,2011-03-01 08:30:00,2011-05-18 11:58:00,2011-03,2,2,412.78,214,206.39
14621,2010-12-16 13:00:00,2011-11-09 15:02:00,2010-12,4,4,1485.5,739,371.375
14622,2011-06-08 12:42:00,2011-06-08 12:42:00,2011-06,1,1,320.58000000000004,146,320.58000000000004
14623,2011-04-18 13:54:00,2011-11-07 13:56:00,2011-04,5,5,884.57,407,176.91400000000002
14624,2011-10-11 14:39:00,2011-10-13 13:44:00,2011-10,2,1,225.85,162,112.925
14625,2010-12-13 15:36:00,2011-05-27 15:32:00,2010-12,2,2,899.63,335,449.815
14626,2011-04-20 13:18:00,2011-11-16 10:37:00,2011-04,4,4,2791.27,1403,697.8175
14628,2011-04-11 14:43:00,2011-09-09 14:58:00,2011-04,2,2,671.96,272,335.98
14629,2011-10-23 16:13:00,2011-10-23 16:13:00,2011-10,1,1,604.83,215,604.83
14631,2011-02-14 09:31:00,2011-10-20 11:17:00,2011-02,3,3,1006.98,622,335.66
14632,2011-03-22 08:49:00,2011-03-22 08:49:00,2011-03,1,1,114.56,96,114.56
14633,2011-03-18 17:07:00,2011-03-18 17:07:00,2011-03,1,1,344.90000000000003,96,344.90000000000003
14636,2011-03-16 09:52:00,2011-11-03 16:12:00,2011-03,2,2,609.85,241,304.925
14638,2011-10-20 10:10:00,2011-10-20 10:10:00,2011-10,1,1,443.6,166,443.6
14639,2010-12-13 13:50:00,2011-10-18 15:06:00,2010-12,6,4,2984.49,1431,497.41499999999996
14640,2011-04-26 12:31:00,2011-11-15 13:07:00,2011-04,6,6,2125.08,886,354.18
14641,2011-11-18 10:42:00,2011-11-18 10:42:00,2011-11,1,1,110.46,90,110.46
14642,2011-10-12 11:08:00,2011-10-12 11:08:00,2011-10,1,1,96.12,76,96.12
14643,2010-12-16 17:53:00,2011-06-22 14:41:00,2010-12,2,2,693.81,815,346.905
14644,2011-02-14 14:14:00,2011-10-03 08:30:00,2011-02,2,2,830.76,258,415.38
14645,2011-03-09 09:52:00,2011-07-06 09:15:00,2011-03,2,2,597.09,381,298.545
14646,2010-12-20 10:09:00,2011-11-23 11:06:00,2010-12,69,12,267410.0,188886,3875.5072463768115
14647,2011-05-22 13:40:00,2011-05-22 13:40:00,2011-05,1,1,243.22,95,243.22
14649,2011-05-11 14:37:00,2011-09-28 15:42:00,2011-05,3,2,903.3,665,301.09999999999997
14651,2011-05-12 16:29:00,2011-10-03 15:52:00,2011-05,2,2,654.6,344,327.3
14652,2011-09-23 14:21:00,2011-09-23 14:21:00,2011-09,1,1,114.17999999999999,53,114.17999999999999
14653,2011-01-05 13:40:00,2011-11-30 10:14:00,2011-01,6,3,1534.57,763,255.76166666666666
14655,2011-05-01 14:59:00,2011-11-17 10:24:00,2011-05,3,3,1569.32,936,523.1066666666667
14656,2011-03-01 13:19:00,2011-06-23 13:51:00,2011-03,2,2,291.05,120,145.525
14657,2011-01-17 15:19:00,2011-11-22 12:47:00,2011-01,4,4,848.22,466,212.055
14658,2011-08-14 15:42:00,2011-08-14 15:42:00,2011-08,1,1,123.14,23,123.14
14659,2011-01-28 12:43:00,2011-11-04 10:46:00,2011-01,8,8,2380.53,1119,297.56625
14660,2011-08-31 10:40:00,2011-09-14 11:34:00,2011-08,2,2,285.74,228,142.87
14661,2011-11-13 11:51:00,2011-11-13 11:51:00,2011-11,1,1,107.95,35,107.95
14662,2011-01-27 17:41:00,2011-11-11 12:13:00,2011-01,4,4,771.17,602,192.7925
14664,2011-11-06 14:56:00,2011-11-20 10:59:00,2011-11,2,1,637.89,466,318.945
14665,2011-02-02 09:08:00,2011-10-10 09:14:00,2011-02,5,3,1835.6999999999998,740,367.14
14666,2011-11-15 12:57:00,2011-11-15 12:57:00,2011-11,1,1,179.95,155,179.95
14667,2010-12-06 13:13:00,2011-11-29 11:30:00,2010-12,25,11,9236.95,5384,369.478
14669,2011-01-11 12:30:00,2011-04-12 11:43:00,2011-01,3,2,1269.99,775,423.33
14670,2011-03-04 13:58:00,2011-03-04 14:13:00,2011-03,2,1,411.53,337,205.765
14672,2011-01-07 15:48:00,2011-04-19 10:19:00,2011-01,2,2,765.55,454,382.775
14673,2010-12-07 12:49:00,2011-11-30 12:36:00,2010-12,4,2,1369.63,787,342.4075
14675,2011-11-23 12:58:00,2011-11-23 12:58:00,2011-11,1,1,604.75,341,604.75
14676,2011-03-01 14:26:00,2011-11-08 13:29:00,2011-03,6,5,2548.2400000000002,2500,424.7066666666667
14680,2010-12-03 12:05:00,2011-11-14 16:59:00,2010-12,16,11,28754.11,13476,1797.131875
14681,2011-05-12 10:45:00,2011-09-29 15:52:00,2011-05,3,2,498.95,76,166.31666666666666
14682,2011-05-22 12:51:00,2011-06-05 12:12:00,2011-05,2,2,52.0,80,26.0
14684,2010-12-12 12:44:00,2011-11-14 11:33:00,2010-12,5,5,1236.28,853,247.256
14687,2011-08-25 11:59:00,2011-08-25 11:59:00,2011-08,1,1,628.38,470,628.38
14688,2010-12-01 09:37:00,2011-10-31 08:29:00,2010-12,19,11,4971.0,3317,261.63157894736844
14689,2011-05-15 11:22:00,2011-05-15 11:22:00,2011-05,1,1,112.8,76,112.8
14690,2011-07-11 11:58:00,2011-10-26 15:39:00,2011-07,2,2,371.70000000000005,170,185.85000000000002
14691,2011-05-11 09:55:00,2011-11-09 12:30:00,2011-05,5,3,2114.33,707,422.866
14692,2011-01-21 13:47:00,2011-07-25 15:08:00,2011-01,4,4,591.5500000000001,265,147.88750000000002
14693,2011-03-20 12:50:00,2011-03-20 12:50:00,2011-03,1,1,172.9,34,172.9
14696,2010-12-01 15:37:00,2011-09-29 15:04:00,2010-12,6,6,1778.41,1439,296.4016666666667
14697,2011-05-05 15:29:00,2011-05-05 15:39:00,2011-05,2,1,188.60999999999999,181,94.30499999999999
14698,2011-10-19 12:54:00,2011-11-24 11:10:00,2011-10,4,2,1093.6000000000001,513,273.40000000000003
14699,2011-05-09 14:54:00,2011-05-09 14:54:00,2011-05,1,1,109.13000000000001,77,109.13000000000001
14700,2011-04-15 13:16:00,2011-11-07 14:40:00,2011-04,3,3,2235.2999999999997,1342,745.0999999999999
14701,2011-01-27 12:40:00,2011-11-29 12:38:00,2011-01,9,6,2549.37,932,283.2633333333333
14702,2010-12-09 19:23:00,2011-11-21 11:50:00,2010-12,15,10,2962.56,1305,197.504
14703,2011-11-25 09:23:00,2011-11-25 09:23:00,2011-11,1,1,318.17,183,318.17
14704,2011-06-12 13:59:00,2011-11-20 12:20:00,2011-06,7,5,1514.57,1074,216.36714285714285
14705,2011-05-25 12:39:00,2011-05-25 12:39:00,2011-05,1,1,179.0,100,179.0
14708,2010-12-06 12:23:00,2011-07-08 16:08:00,2010-12,2,2,701.1800000000001,410,350.59000000000003
14709,2010-12-16 13:43:00,2011-11-24 15:41:00,2010-12,13,9,4921.04,2484,378.54153846153844
14710,2011-10-11 13:49:00,2011-11-25 14:53:00,2011-10,4,2,606.13,378,151.5325
14711,2011-03-22 13:32:00,2011-11-29 14:58:00,2011-03,11,7,2868.8,978,260.8
14712,2011-08-19 13:33:00,2011-11-10 12:59:00,2011-08,3,3,917.07,315,305.69
14713,2010-12-09 18:58:00,2011-11-30 16:26:00,2010-12,11,8,2666.36,1615,242.39636363636365
14714,2011-11-15 13:07:00,2011-11-15 13:07:00,2011-11,1,1,160.19,229,160.19
14715,2011-01-12 13:27:00,2011-11-15 12:10:00,2011-01,4,4,867.38,521,216.845
14716,2011-07-14 12:42:00,2011-10-27 17:29:00,2011-07,2,2,329.68,604,164.84
14719,2011-04-04 14:17:00,2011-11-29 12:52:00,2011-04,4,4,1195.71,779,298.9275
14720,2011-08-05 12:06:00,2011-09-11 13:56:00,2011-08,2,2,401.13,147,200.565
14722,2011-07-15 14:58:00,2011-07-15 14:58:00,2011-07,1,1,187.92000000000002,120,187.92000000000002
14723,2010-12-03 14:18:00,2011-11-29 15:23:00,2010-12,6,3,1156.6,693,192.76666666666665
14725,2011-11-15 12:42:00,2011-11-15 12:42:00,2011-11,1,1,718.08,593,718.08
14727,2011-03-10 14:45:00,2011-03-10 14:45:00,2011-03,1,1,268.58,62,268.58
14729,2010-12-01 12:43:00,2010-12-01 12:43:00,2010-12,1,1,313.49,197,313.49
14730,2011-03-08 12:49:00,2011-10-05 13:47:00,2011-03,7,5,1760.13,948,251.44714285714286
14731,2011-05-11 13:06:00,2011-10-23 15:54:00,2011-05,3,2,380.02,256,126.67333333333333
14732,2011-01-04 14:40:00,2011-11-09 10:32:00,2011-01,7,7,2238.38,1256,319.7685714285714
14733,2010-12-07 11:30:00,2011-11-23 15:39:00,2010-12,12,9,9585.91,3764,798.8258333333333
14735,2010-12-16 16:05:00,2011-11-28 12:32:00,2010-12,30,11,5493.25,2029,183.10833333333332
14737,2010-12-21 13:49:00,2011-08-03 10:04:00,2010-12,2,2,1081.75,303,540.875
14738,2011-01-27 14:10:00,2011-10-28 08:56:00,2011-01,7,5,1314.45,601,187.77857142857144
14739,2010-12-07 14:58:00,2011-11-20 10:37:00,2010-12,6,6,3367.32,3556,561.22
14740,2011-03-01 08:35:00,2011-05-26 18:17:00,2011-03,3,3,1448.21,735,482.7366666666667
14741,2010-12-02 08:43:00,2011-11-28 08:48:00,2010-12,6,5,1400.3400000000001,841,233.39000000000001
14744,2010-12-08 10:21:00,2011-11-23 12:51:00,2010-12,7,5,1099.98,627,157.14000000000001
14745,2011-02-27 15:25:00,2011-08-19 10:05:00,2011-02,5,4,1220.26,1038,244.052
14747,2011-04-04 14:09:00,2011-04-04 14:09:00,2011-04,1,1,328.2,84,328.2
14748,2010-12-06 10:19:00,2011-11-10 18:33:00,2010-12,5,4,1415.75,1223,283.15
14752,2011-10-27 11:55:00,2011-10-27 11:55:00,2011-10,1,1,389.64,260,389.64
14753,2011-09-13 14:50:00,2011-09-13 14:50:00,2011-09,1,1,563.15,211,563.15
14754,2011-02-17 12:21:00,2011-10-26 12:01:00,2011-02,2,2,638.05,486,319.025
14755,2011-01-09 14:02:00,2011-11-30 11:24:00,2011-01,11,10,5010.28,2219,455.47999999999996
14756,2011-11-24 18:13:00,2011-11-24 18:13:00,2011-11,1,1,738.96,416,738.96
14757,2011-09-25 14:36:00,2011-09-25 14:36:00,2011-09,1,1,420.5,160,420.5
14758,2011-03-25 12:10:00,2011-07-18 08:21:00,2011-03,4,4,1484.06,419,371.015
14759,2011-04-21 10:55:00,2011-08-19 08:57:00,2011-04,2,2,870.85,247,435.425
14760,2011-02-15 16:27:00,2011-02-15 16:27:00,2011-02,1,1,89.2,40,89.2
14761,2011-01-09 12:03:00,2011-10-12 12:10:00,2011-01,2,2,255.9,118,127.95
14762,2011-03-21 08:20:00,2011-03-21 08:20:00,2011-03,1,1,300.52,341,300.52
14764,2011-10-24 11:54:00,2011-10-24 11:54:00,2011-10,1,1,278.3,190,278.3
14765,2011-06-16 19:49:00,2011-11-10 19:53:00,2011-06,3,3,254.11,135,84.70333333333333
14766,2010-12-08 15:33:00,2011-09-20 09:45:00,2010-12,5,5,2050.85,1199,410.16999999999996
14768,2011-08-04 13:25:00,2011-11-22 12:54:00,2011-08,2,2,192.60000000000002,52,96.30000000000001
14769,2010-12-17 11:40:00,2011-09-18 15:32:00,2010-12,7,7,10331.130000000001,7234,1475.8757142857144
14770,2011-01-20 15:00:00,2011-04-21 14:21:00,2011-01,2,2,876.42,490,438.21
14772,2011-08-19 15:04:00,2011-08-19 15:04:00,2011-08,1,1,139.26,82,139.26
14775,2010-12-02 16:38:00,2011-10-12 15:27:00,2010-12,3,3,1011.9,1174,337.3
14776,2011-01-31 13:17:00,2011-10-19 15:34:00,2011-01,11,7,2538.3,3134,230.75454545454548
14778,2011-02-04 11:43:00,2011-08-04 15:23:00,2011-02,2,2,730.86,306,365.43
14779,2011-01-20 12:04:00,2011-03-04 12:42:00,2011-01,3,2,386.15,84,128.71666666666667
14780,2011-09-21 15:15:00,2011-10-16 12:46:00,2011-09,2,2,447.68,310,223.84
14782,2011-01-24 11:12:00,2011-01-24 11:12:00,2011-01,1,1,200.10000000000002,114,200.10000000000002
14784,2011-01-20 09:25:00,2011-11-13 13:30:00,2011-01,2,2,289.99,237,144.995
14785,2011-11-24 13:40:00,2011-11-29 13:21:00,2011-11,2,1,77.4,84,38.7
14788,2011-11-13 15:52:00,2011-11-13 15:52:00,2011-11,1,1,368.45,193,368.45
14789,2011-11-11 08:59:00,2011-11-11 08:59:00,2011-11,1,1,197.64000000000001,116,197.64000000000001
14790,2011-03-31 11:49:00,2011-11-23 09:28:00,2011-03,4,3,745.06,699,186.265
14792,2011-10-07 09:19:00,2011-10-07 09:19:00,2011-10,1,1,6.2,2,6.2
14793,2011-11-18 14:50:00,2011-11-18 14:50:00,2011-11,1,1,228.99,91,228.99
14794,2011-01-09 16:11:00,2011-11-30 09:00:00,2011-01,6,4,1115.05,515,185.84166666666667
14795,2011-06-26 13:04:00,2011-06-26 13:04:00,2011-06,1,1,131.45000000000002,17,131.45000000000002
14796,2010-12-08 10:40:00,2011-11-17 13:30:00,2010-12,16,12,7593.7,5654,474.60625
14798,2011-02-02 15:26:00,2011-10-18 10:58:00,2011-02,3,3,173.74,150,57.913333333333334
14799,2011-10-19 16:16:00,2011-10-19 16:16:00,2011-10,1,1,157.7,146,157.7
14800,2010-12-05 11:10:00,2011-10-23 12:46:00,2010-12,12,9,4339.74,3655,361.645
14801,2011-10-09 15:24:00,2011-10-09 15:24:00,2011-10,1,1,193.14,175,193.14
14803,2011-02-20 13:21:00,2011-06-30 13:58:00,2011-02,3,3,845.55,370,281.84999999999997
14805,2011-01-30 10:43:00,2011-11-24 16:20:00,2011-01,4,3,554.65,115,138.6625
14806,2011-09-25 15:32:00,2011-09-25 15:32:00,2011-09,1,1,193.39,330,193.39
14808,2011-06-20 12:53:00,2011-10-31 12:21:00,2011-06,8,4,2741.17,2147,342.64625
14810,2010-12-05 12:08:00,2011-10-30 11:19:00,2010-12,11,9,2087.88,1016,189.80727272727273
14813,2010-12-05 11:54:00,2010-12-05 11:57:00,2010-12,2,1,155.43,67,77.715
14815,2011-10-03 11:36:00,2011-11-03 11:36:00,2011-10,2,2,778.5,744,389.25
14816,2011-05-26 13:16:00,2011-05-26 13:16:00,2011-05,1,1,271.85,5,271.85
14817,2011-03-07 13:51:00,2011-05-23 13:35:00,2011-03,2,2,1010.3399999999999,653,505.16999999999996
14818,2011-03-31 12:28:00,2011-09-27 11:01:00,2011-03,3,3,657.8,324,219.26666666666665
14819,2011-05-31 13:50:00,2011-10-06 13:41:00,2011-05,2,2,272.07,109,136.035
14820,2011-06-19 14:56:00,2011-11-18 15:41:00,2011-06,4,3,507.29,253,126.8225
14821,2010-12-08 08:43:00,2010-12-08 08:43:00,2010-12,1,1,48.800000000000004,20,48.800000000000004
14823,2011-05-29 12:48:00,2011-06-12 13:12:00,2011-05,3,2,321.43,88,107.14333333333333
14824,2011-09-09 14:12:00,2011-11-29 14:20:00,2011-09,4,2,1127.71,525,281.9275
14825,2010-12-06 12:30:00,2011-11-24 10:07:00,2010-12,11,9,2125.82,912,193.25636363636366
14828,2011-01-07 09:50:00,2011-05-27 10:16:00,2011-01,3,3,2139.76,2172,713.2533333333334
14829,2010-12-02 16:12:00,2011-11-10 16:16:00,2010-12,4,3,697.55,452,174.3875
14830,2011-10-17 14:29:00,2011-10-17 14:29:00,2011-10,1,1,196.28,168,196.28
14834,2011-04-13 15:00:00,2011-11-22 10:30:00,2011-04,6,5,1720.3,734,286.71666666666664
14836,2011-11-09 13:26:00,2011-11-29 16:45:00,2011-11,3,1,102.44999999999999,45,34.15
14837,2011-05-22 12:49:00,2011-09-11 10:58:00,2011-05,4,4,1649.5,1436,412.375
14840,2011-03-17 12:00:00,2011-03-17 12:00:00,2011-03,1,1,62.85,31,62.85
14841,2010-12-16 10:28:00,2011-10-17 15:03:00,2010-12,6,5,3295.76,1778,549.2933333333334
14842,2011-02-04 15:32:00,2011-10-27 12:37:00,2011-02,4,4,2824.69,1166,706.1725
14844,2011-04-12 13:10:00,2011-10-07 10:41:00,2011-04,4,4,3189.81,1833,797.4525
14847,2011-07-14 10:52:00,2011-07-14 10:52:00,2011-07,1,1,309.4,120,309.4
14849,2010-12-01 12:22:00,2011-11-18 10:58:00,2010-12,25,11,7930.54,5694,317.2216
14850,2011-02-01 11:21:00,2011-02-01 11:21:00,2011-02,1,1,325.75,293,325.75
14851,2011-03-28 14:59:00,2011-11-16 14:20:00,2011-03,2,2,511.35,325,255.675
14852,2011-04-01 13:22:00,2011-10-12 13:20:00,2011-04,6,5,2836.69,1747,472.7816666666667
14853,2011-05-12 15:17:00,2011-11-15 16:56:00,2011-05,2,2,475.8,82,237.9
14854,2011-03-10 12:22:00,2011-09-22 17:00:00,2011-03,7,5,2759.83,1832,394.26142857142855
14855,2011-07-28 12:06:00,2011-08-12 14:02:00,2011-07,2,2,645.6500000000001,267,322.82500000000005
14856,2011-10-14 09:35:00,2011-11-03 14:53:00,2011-10,3,2,1311.38,714,437.1266666666667
14857,2011-07-14 15:03:00,2011-10-11 09:23:00,2011-07,2,2,1173.12,464,586.56
14859,2011-05-19 14:42:00,2011-11-27 11:18:00,2011-05,4,3,1353.74,671,338.435
14860,2011-11-20 14:17:00,2011-11-20 14:17:00,2011-11,1,1,170.32,232,170.32
14861,2011-10-18 12:54:00,2011-10-18 12:54:00,2011-10,1,1,125.79,117,125.79
14862,2011-07-14 11:20:00,2011-11-14 10:01:00,2011-07,2,2,841.2,772,420.6
14863,2011-11-10 15:04:00,2011-11-10 15:04:00,2011-11,1,1,266.76,132,266.76
14865,2010-12-02 18:23:00,2010-12-02 18:23:00,2010-12,1,1,37.2,96,37.2
14866,2010-12-08 14:58:00,2011-11-29 11:45:00,2010-12,11,6,14353.4,6751,1304.8545454545454
14867,2011-01-07 16:34:00,2011-06-07 11:39:00,2011-01,3,3,710.28,328,236.76
14868,2011-04-20 13:36:00,2011-11-18 14:40:00,2011-04,7,5,2563.5,1260,366.2142857142857
14869,2011-08-28 16:09:00,2011-08-28 16:09:00,2011-08,1,1,391.31,355,391.31
14870,2011-03-23 10:51:00,2011-03-23 10:51:00,2011-03,1,1,327.25,119,327.25
14871,2010-12-14 12:18:00,2011-06-14 13:04:00,2010-12,3,3,354.75,114,118.25
14873,2011-05-13 13:52:00,2011-05-13 13:52:00,2011-05,1,1,519.68,168,519.68
14875,2011-03-22 11:53:00,2011-08-24 12:20:00,2011-03,2,2,1465.32,558,732.66
14878,2010-12-16 12:11:00,2011-11-27 11:15:00,2010-12,9,7,1485.54,802,165.06
14880,2011-02-24 12:27:00,2011-09-23 13:42:00,2011-02,3,3,706.19,373,235.39666666666668
14881,2011-11-20 11:06:00,2011-11-20 11:06:00,2011-11,1,1,255.4,316,255.4
14882,2011-11-06 10:15:00,2011-11-13 12:47:00,2011-11,2,1,589.7,158,294.85
14883,2011-05-12 09:49:00,2011-11-21 10:23:00,2011-05,6,5,761.59,790,126.93166666666667
14885,2011-07-31 12:05:00,2011-07-31 12:05:00,2011-07,1,1,765.3199999999999,724,765.3199999999999
14886,2011-04-01 08:56:00,2011-04-01 08:56:00,2011-04,1,1,364.8,160,364.8
14887,2011-09-21 15:32:00,2011-09-21 15:32:00,2011-09,1,1,1862.0,1100,1862.0
14888,2011-05-16 14:58:00,2011-05-16 14:58:00,2011-05,1,1,369.2,184,369.2
14889,2011-01-07 15:19:00,2011-01-07 15:19:00,2011-01,1,1,135.9,90,135.9
14890,2011-03-31 11:57:00,2011-03-31 11:57:00,2011-03,1,1,125.65,51,125.65
14891,2011-06-05 10:58:00,2011-07-14 18:08:00,2011-06,2,2,554.38,505,277.19
14893,2011-11-28 10:49:00,2011-11-30 12:31:00,2011-11,2,1,1237.85,799,618.925
14894,2011-09-15 13:51:00,2011-09-15 13:51:00,2011-09,1,1,655.75,265,655.75
14895,2011-02-22 13:08:00,2011-11-10 10:29:00,2011-02,17,9,10213.09,4396,600.77
14896,2010-12-09 12:24:00,2011-05-19 10:20:00,2010-12,2,2,468.77000000000004,279,234.38500000000002
14897,2011-02-16 08:37:00,2011-10-18 09:54:00,2011-02,3,3,746.3199999999999,322,248.7733333333333
14898,2010-12-03 15:25:00,2011-11-16 14:54:00,2010-12,6,6,1303.52,1020,217.25333333333333
14901,2010-12-02 11:20:00,2011-11-28 17:09:00,2010-12,9,4,1421.29,661,157.92111111111112
14902,2011-11-14 10:34:00,2011-11-14 10:34:00,2011-11,1,1,332.66,218,332.66
14903,2011-03-06 11:50:00,2011-11-18 16:07:00,2011-03,5,5,2810.63,1536,562.126
14904,2011-11-14 09:13:00,2011-11-14 09:13:00,2011-11,1,1,396.96,593,396.96
14905,2011-04-20 10:48:00,2011-07-05 12:41:00,2011-04,2,2,616.1500000000001,287,308.07500000000005
14907,2010-12-07 10:14:00,2011-11-11 13:25:00,2010-12,6,4,3024.7400000000002,1423,504.1233333333334
14908,2011-09-26 12:56:00,2011-09-26 12:56:00,2011-09,1,1,277.8,132,277.8
14910,2011-10-16 11:06:00,2011-11-14 17:10:00,2011-10,3,2,323.55,158,107.85000000000001
14911,2010-12-01 14:05:00,2011-11-30 15:08:00,2010-12,189,12,129446.8,76236,684.9037037037037
14912,2011-04-07 11:06:00,2011-11-23 09:20:00,2011-04,2,2,867.8499999999999,971,433.92499999999995
14913,2010-12-15 14:35:00,2011-11-04 08:29:00,2010-12,4,4,1227.43,1743,306.8575
14915,2011-03-07 09:39:00,2011-09-09 13:34:00,2011-03,2,2,307.48,112,153.74
14916,2011-01-19 15:30:00,2011-09-30 09:20:00,2011-01,4,3,1268.98,1136,317.245
14918,2011-07-08 12:50:00,2011-08-16 11:50:00,2011-07,2,2,1610.15,675,805.075
14920,2011-05-11 10:31:00,2011-05-11 10:32:00,2011-05,2,1,977.77,509,488.885
14921,2011-05-22 12:51:00,2011-11-09 13:17:00,2011-05,2,2,1316.07,953,658.035
14923,2011-10-20 11:51:00,2011-10-20 11:51:00,2011-10,1,1,749.1,418,749.1
14924,2011-04-08 09:25:00,2011-04-08 09:25:00,2011-04,1,1,310.05,64,310.05
14929,2011-11-07 17:21:00,2011-11-07 17:21:00,2011-11,1,1,223.88,136,223.88
14930,2011-03-10 14:42:00,2011-08-23 10:31:00,2011-03,3,2,2372.86,1166,790.9533333333334
14931,2011-04-13 09:32:00,2011-11-17 09:25:00,2011-04,3,3,666.28,354,222.09333333333333
14932,2010-12-09 11:48:00,2010-12-09 11:48:00,2010-12,1,1,313.53,79,313.53
14934,2011-03-02 11:48:00,2011-09-19 10:10:00,2011-03,2,2,1890.94,1042,945.47
14935,2011-02-15 14:44:00,2011-02-15 14:44:00,2011-02,1,1,1784.71,935,1784.71
14936,2011-03-09 11:53:00,2011-11-06 10:30:00,2011-03,8,5,8137.02,4085,1017.1275
14937,2011-08-01 14:16:00,2011-10-14 12:29:00,2011-08,3,2,1621.8799999999999,484,540.6266666666667
14944,2011-02-16 12:47:00,2011-11-10 09:10:00,2011-02,12,6,5900.250000000001,2815,491.68750000000006
14946,2011-11-25 13:33:00,2011-11-25 13:33:00,2011-11,1,1,100.9,22,100.9
14947,2011-08-01 09:31:00,2011-09-28 15:48:00,2011-08,2,2,290.82,179,145.41
14948,2011-05-04 14:52:00,2011-11-16 17:16:00,2011-05,6,5,1101.97,673,183.66166666666666
14950,2011-11-20 13:48:00,2011-11-20 13:48:00,2011-11,1,1,371.2,136,371.2
14951,2011-09-21 15:15:00,2011-09-21 15:15:00,2011-09,1,1,311.69,311,311.69
14952,2010-12-10 12:48:00,2011-10-11 10:33:00,2010-12,11,5,8099.490000000001,3355,736.3172727272728
14953,2011-11-14 14:59:00,2011-11-14 14:59:00,2011-11,1,1,289.82,225,289.82
14954,2011-11-27 14:30:00,2011-11-27 14:30:00,2011-11,1,1,336.17,127,336.17
14957,2011-03-31 17:59:00,2011-03-31 17:59:00,2011-03,1,1,58.49,34,58.49
14958,2011-04-08 11:28:00,2011-07-15 14:20:00,2011-04,3,3,499.68,129,166.56
14959,2011-02-16 13:00:00,2011-10-06 18:23:00,2011-02,4,4,695.42,494,173.855
14960,2011-06-21 13:38:00,2011-06-21 13:38:00,2011-06,1,1,88.3,20,88.3
14961,2010-12-14 11:38:00,2011-11-29 09:42:00,2010-12,9,6,7044.68,3708,782.7422222222223
14962,2011-03-14 09:42:00,2011-03-14 09:42:00,2011-03,1,1,126.7,44,126.7
14963,2011-06-09 12:30:00,2011-11-30 12:16:00,2011-06,5,3,1487.8,1176,297.56
14964,2011-04-06 14:13:00,2011-04-06 14:13:00,2011-04,1,1,206.21,143,206.21
14965,2011-09-04 13:15:00,2011-09-04 13:20:00,2011-09,2,1,599.0,365,299.5
14966,2011-11-25 12:20:00,2011-11-25 12:20:00,2011-11,1,1,191.32,187,191.32
14967,2011-10-21 11:06:00,2011-10-21 11:06:00,2011-10,1,1,463.8,140,463.8
14968,2011-11-09 13:58:00,2011-11-09 13:58:00,2011-11,1,1,147.59,127,147.59
14970,2011-01-27 12:23:00,2011-10-02 13:44:00,2011-01,4,4,1592.06,250,398.015
14971,2011-10-27 13:33:00,2011-11-04 17:07:00,2011-10,3,2,1116.57,644,372.19
14972,2011-08-03 14:54:00,2011-08-03 14:54:00,2011-08,1,1,114.77,28,114.77
14973,2011-04-28 12:22:00,2011-08-24 15:51:00,2011-04,3,3,1314.45,369,438.15000000000003
14974,2011-11-02 13:01:00,2011-11-02 13:01:00,2011-11,1,1,114.39,44,114.39
14975,2011-10-13 14:08:00,2011-10-13 14:08:00,2011-10,1,1,279.94,380,279.94
14976,2011-01-17 11:09:00,2011-10-13 16:33:00,2011-01,6,5,774.86,232,129.14333333333335
14978,2011-01-13 12:03:00,2011-09-28 13:07:00,2011-01,5,4,1931.42,525,386.284
14981,2011-04-07 13:45:00,2011-04-07 13:45:00,2011-04,1,1,102.12,97,102.12
14984,2011-06-12 11:04:00,2011-11-20 14:28:00,2011-06,2,2,213.27,60,106.635
14985,2010-12-16 19:51:00,2011-05-25 14:29:00,2010-12,2,2,296.75,260,148.375
14987,2010-12-09 12:13:00,2011-11-24 09:59:00,2010-12,2,2,326.4,128,163.2
14988,2011-05-12 12:05:00,2011-05-12 12:05:00,2011-05,1,1,334.54,141,334.54
14995,2011-03-04 13:14:00,2011-11-01 11:39:00,2011-03,2,2,233.23000000000002,103,116.61500000000001
14997,2011-06-14 16:52:00,2011-10-24 13:28:00,2011-06,3,3,546.1999999999999,1120,182.06666666666663
14998,2011-04-12 16:28:00,2011-06-22 17:30:00,2011-04,2,2,429.87,270,214.935
15000,2011-10-23 11:42:00,2011-10-23 11:42:00,2011-10,1,1,490.52,218,490.52
15002,2010-12-07 13:16:00,2011-08-16 10:44:00,2010-12,4,4,1641.76,862,410.44
15004,2011-07-15 14:05:00,2011-07-15 14:05:00,2011-07,1,1,1245.93,629,1245.93
15005,2010-12-08 14:36:00,2011-11-24 12:25:00,2010-12,28,12,6314.87,4245,225.53107142857144
15006,2011-10-19 15:08:00,2011-10-19 15:08:00,2011-10,1,1,497.14,301,497.14
15007,2011-07-03 16:00:00,2011-07-03 16:00:00,2011-07,1,1,156.91,69,156.91
15009,2011-11-14 17:40:00,2011-11-27 13:35:00,2011-11,3,1,1261.7800000000002,642,420.5933333333334
15010,2011-11-04 12:42:00,2011-11-04 12:42:00,2011-11,1,1,308.94,184,308.94
15012,2010-12-01 12:49:00,2011-10-17 12:22:00,2010-12,2,2,423.03999999999996,231,211.51999999999998
15014,2011-06-16 19:40:00,2011-10-27 20:07:00,2011-06,2,2,260.17,151,130.085
15016,2011-06-20 12:06:00,2011-06-20 12:06:00,2011-06,1,1,170.04,76,170.04
15017,2011-11-06 10:33:00,2011-11-06 10:33:00,2011-11,1,1,125.58,63,125.58
15018,2010-12-07 10:47:00,2011-11-01 12:47:00,2010-12,3,3,496.21000000000004,189,165.40333333333334
15019,2011-03-18 12:35:00,2011-03-18 12:35:00,2011-03,1,1,266.0,159,266.0
15021,2010-12-08 12:17:00,2011-11-13 12:31:00,2010-12,8,7,1672.8500000000001,737,209.10625000000002
15022,2011-10-23 15:47:00,2011-11-28 12:35:00,2011-10,4,2,905.0400000000001,543,226.26000000000002
15023,2010-12-05 13:49:00,2011-10-31 17:13:00,2010-12,10,8,6092.22,2537,609.222
15024,2010-12-07 13:20:00,2011-11-30 12:06:00,2010-12,10,5,1661.3300000000002,920,166.133
15025,2011-11-06 15:20:00,2011-11-06 15:20:00,2011-11,1,1,377.01,189,377.01
15026,2011-03-07 13:45:00,2011-09-20 13:52:00,2011-03,3,3,464.2,225,154.73333333333332
15027,2011-04-15 14:14:00,2011-11-09 10:16:00,2011-04,4,4,1066.1499999999999,565,266.53749999999997
15028,2010-12-06 12:47:00,2011-10-28 11:41:00,2010-12,3,2,512.43,397,170.80999999999997
15030,2011-03-16 15:34:00,2011-09-29 10:50:00,2011-03,2,2,518.28,372,259.14
15031,2011-03-02 14:46:00,2011-11-09 17:44:00,2011-03,3,3,492.61,345,164.20333333333335
15032,2010-12-08 12:57:00,2011-03-28 15:03:00,2010-12,3,2,4959.1,2968,1653.0333333333335
15033,2011-01-14 13:28:00,2011-11-14 13:12:00,2011-01,9,7,2415.57,1555,268.3966666666667
15034,2010-12-21 09:47:00,2011-11-24 12:11:00,2010-12,8,6,4308.61,2422,538.57625
15035,2011-09-11 11:08:00,2011-09-11 11:08:00,2011-09,1,1,252.73000000000002,245,252.73000000000002
15036,2011-06-13 12:19:00,2011-09-28 15:42:00,2011-06,3,2,465.54999999999995,327,155.1833333333333
15038,2010-12-05 10:54:00,2011-10-12 11:33:00,2010-12,6,5,705.49,217,117.58166666666666
15039,2010-12-06 11:26:00,2011-11-30 11:31:00,2010-12,47,12,19914.440000000002,9209,423.71148936170215
15041,2011-06-22 16:16:00,2011-06-22 16:16:00,2011-06,1,1,180.35,104,180.35
15042,2011-05-24 16:25:00,2011-05-24 16:25:00,2011-05,1,1,135.93,30,135.93
15043,2011-11-08 14:26:00,2011-11-08 14:26:00,2011-11,1,1,537.0,300,537.0
15044,2010-12-12 14:27:00,2011-11-20 13:20:00,2010-12,17,11,7700.2300000000005,2795,452.954705882353
15045,2011-03-27 11:44:00,2011-07-11 11:33:00,2011-03,2,2,735.66,114,367.83
15046,2011-01-05 15:30:00,2011-11-30 15:50:00,2011-01,15,9,5194.82,3450,346.3213333333333
15047,2011-03-15 10:49:00,2011-03-15 10:49:00,2011-03,1,1,343.62,222,343.62
15048,2010-12-06 12:15:00,2011-10-05 14:55:00,2010-12,4,4,384.05,195,96.0125
15049,2011-03-11 12:13:00,2011-03-11 12:13:00,2011-03,1,1,121.17,63,121.17
15050,2011-09-29 13:22:00,2011-11-14 16:17:00,2011-09,3,2,1782.0900000000001,1224,594.0300000000001
15051,2011-07-12 15:29:00,2011-11-16 15:38:00,2011-07,3,3,1391.61,1011,463.86999999999995
15052,2011-01-24 15:52:00,2011-01-24 15:52:00,2011-01,1,1,215.78,82,215.78
15053,2011-03-03 12:06:00,2011-07-06 13:06:00,2011-03,2,2,478.6,514,239.3
15054,2011-10-30 14:33:00,2011-11-27 15:02:00,2011-10,2,2,302.1,198,151.05
15057,2011-01-28 09:09:00,2011-03-09 15:17:00,2011-01,2,2,1489.5,668,744.75
15058,2011-01-31 15:35:00,2011-11-14 14:57:00,2011-01,11,8,2124.9900000000002,1069,193.18090909090913
15059,2011-01-09 11:54:00,2011-10-30 11:35:00,2011-01,9,6,1337.72,604,148.63555555555556
15060,2011-11-30 14:03:00,2011-11-30 14:21:00,2011-11,3,1,285.23,241,95.07666666666667
15061,2010-12-02 15:19:00,2011-11-29 10:52:00,2010-12,47,12,50638.28,27510,1077.4102127659573
15062,2010-12-15 15:37:00,2011-09-29 16:51:00,2010-12,4,4,987.86,763,246.965
15063,2011-05-10 13:25:00,2011-05-10 13:25:00,2011-05,1,1,370.79999999999995,56,370.79999999999995
15065,2011-02-21 12:54:00,2011-11-02 09:45:00,2011-02,4,4,3158.13,1383,789.5325
15066,2011-10-17 13:25:00,2011-10-17 13:25:00,2011-10,1,1,893.59,317,893.59
15067,2011-03-02 12:10:00,2011-09-22 13:20:00,2011-03,3,2,1744.7599999999998,954,581.5866666666666
15068,2011-03-28 14:27:00,2011-10-24 14:47:00,2011-03,2,2,553.36,364,276.68
15069,2011-06-13 14:16:00,2011-06-13 14:16:00,2011-06,1,1,1109.53,520,1109.53
15070,2010-12-02 11:23:00,2010-12-02 11:23:00,2010-12,1,1,106.2,36,106.2
15071,2011-03-09 10:19:00,2011-09-07 11:43:00,2011-03,2,2,982.0699999999999,269,491.03499999999997
15073,2011-06-06 09:59:00,2011-11-30 10:44:00,2011-06,3,2,1043.41,491,347.80333333333334
15074,2011-08-26 14:45:00,2011-08-26 14:45:00,2011-08,1,1,748.87,455,748.87
15075,2011-09-23 12:27:00,2011-09-23 12:27:00,2011-09,1,1,773.03,447,773.03
15076,2011-06-20 08:23:00,2011-06-20 08:23:00,2011-06,1,1,880.85,571,880.85
15078,2010-12-06 12:38:00,2011-11-28 09:40:00,2010-12,29,12,8920.03,4491,307.58724137931034
15079,2010-12-09 09:25:00,2011-05-11 12:45:00,2010-12,4,3,895.61,389,223.9025
15081,2010-12-07 16:20:00,2011-11-17 17:08:00,2010-12,5,5,504.8,190,100.96000000000001
15083,2011-03-28 12:18:00,2011-03-28 12:18:00,2011-03,1,1,88.2,38,88.2
15087,2011-03-03 10:34:00,2011-03-03 10:34:00,2011-03,1,1,306.94,470,306.94
15088,2011-10-03 14:05:00,2011-11-18 13:14:00,2011-10,2,2,1160.0700000000002,460,580.0350000000001
15089,2011-08-03 14:14:00,2011-11-29 16:31:00,2011-08,6,4,2420.84,1359,403.47333333333336
15090,2011-02-04 14:03:00,2011-02-04 14:03:00,2011-02,1,1,381.32,208,381.32
15091,2011-10-03 12:47:00,2011-10-03 12:47:00,2011-10,1,1,480.71,346,480.71
15092,2011-03-01 12:24:00,2011-05-08 14:10:00,2011-03,2,2,457.81000000000006,135,228.90500000000003
15093,2010-12-02 18:25:00,2011-11-21 13:09:00,2010-12,6,6,4597.02,3760,766.1700000000001
15095,2011-05-20 14:27:00,2011-08-28 12:01:00,2011-05,4,3,1370.6,1079,342.65
15096,2011-10-28 10:27:00,2011-10-28 10:27:00,2011-10,1,1,219.39000000000001,120,219.39000000000001
15098,2011-06-10 15:22:00,2011-06-10 15:33:00,2011-06,3,1,39916.5,121,13305.5
15099,2011-09-16 13:13:00,2011-09-16 13:13:00,2011-09,1,1,410.48,343,410.48
15100,2010-12-01 09:09:00,2011-01-10 10:35:00,2010-12,3,2,876.0,80,292.0
15101,2010-12-15 12:54:00,2010-12-15 12:54:00,2010-12,1,1,102.28,34,102.28
15103,2011-09-14 13:54:00,2011-11-08 14:53:00,2011-09,2,2,703.36,329,351.68
15104,2011-03-02 14:16:00,2011-05-27 12:29:00,2011-03,2,2,1027.44,637,513.72
15105,2011-07-28 10:09:00,2011-11-21 16:54:00,2011-07,7,4,2298.93,1211,328.4185714285714
15106,2011-03-15 12:52:00,2011-11-22 09:16:00,2011-03,5,5,1422.52,1181,284.504
15107,2010-12-02 13:45:00,2011-02-01 14:46:00,2010-12,6,3,319.5,169,53.25
15108,2011-04-26 10:54:00,2011-07-21 10:24:00,2011-04,3,3,1159.25,490,386.4166666666667
15109,2011-04-08 09:58:00,2011-04-08 09:58:00,2011-04,1,1,484.95,131,484.95
15110,2011-01-25 11:41:00,2011-11-16 11:16:00,2011-01,4,4,996.1,246,249.025
15111,2010-12-02 11:45:00,2011-11-10 16:58:00,2010-12,3,3,1567.48,710,522.4933333333333
15113,2011-10-16 15:27:00,2011-11-30 08:23:00,2011-10,3,2,3608.94,2385,1202.98
15114,2011-02-11 08:45:00,2011-11-09 15:05:00,2011-02,10,8,2760.56,3096,276.056
15115,2011-11-21 14:59:00,2011-11-21 14:59:00,2011-11,1,1,340.11,157,340.11
15116,2011-05-19 08:50:00,2011-11-22 12:25:00,2011-05,4,4,1352.75,648,338.1875
15117,2011-05-08 12:38:00,2011-11-25 08:12:00,2011-05,5,4,1551.78,1948,310.356
15118,2011-07-28 14:54:00,2011-07-28 14:54:00,2011-07,1,1,244.8,1440,244.8
15119,2011-04-08 09:08:00,2011-04-08 09:08:00,2011-04,1,1,266.40000000000003,88,266.40000000000003
15120,2011-07-29 09:48:00,2011-07-29 09:48:00,2011-07,1,1,358.82,296,358.82
15121,2011-02-24 12:41:00,2011-10-20 14:51:00,2011-02,2,2,457.71999999999997,199,228.85999999999999
15122,2011-02-15 09:59:00,2011-08-17 16:48:00,2011-02,3,3,1633.78,800,544.5933333333334
15123,2011-05-17 14:57:00,2011-05-17 14:57:00,2011-05,1,1,1069.47,509,1069.47
15124,2011-06-01 09:06:00,2011-11-17 10:09:00,2011-06,2,2,184.19,233,92.095
15125,2011-03-14 09:59:00,2011-11-14 13:57:00,2011-03,15,8,11528.48,6193,768.5653333333333
15127,2011-10-05 10:30:00,2011-10-05 10:30:00,2011-10,1,1,406.53,251,406.53
15128,2011-05-04 12:32:00,2011-10-10 13:54:00,2011-05,4,4,1471.0,1343,367.75
15129,2011-02-21 09:09:00,2011-10-20 14:40:00,2011-02,11,7,3447.4,1794,313.40000000000003
15130,2011-06-23 10:15:00,2011-06-23 10:15:00,2011-06,1,1,330.11,197,330.11
15132,2011-03-22 12:02:00,2011-11-21 17:10:00,2011-03,5,5,977.9300000000001,679,195.586
15133,2011-02-11 10:38:00,2011-08-04 10:44:00,2011-02,3,3,982.42,680,327.4733333333333
15134,2011-04-13 11:05:00,2011-11-25 08:55:00,2011-04,8,7,1387.99,887,173.49875
15135,2011-04-14 19:16:00,2011-04-14 19:16:00,2011-04,1,1,139.05,43,139.05
15136,2011-09-04 16:05:00,2011-11-17 16:35:00,2011-09,2,2,1029.8,612,514.9
15139,2011-01-07 12:44:00,2011-04-14 11:39:00,2011-01,2,2,178.96,208,89.48
15140,2011-03-20 14:37:00,2011-10-18 14:07:00,2011-03,7,6,2354.25,1572,336.32142857142856
15142,2011-10-24 12:51:00,2011-10-24 12:51:00,2011-10,1,1,498.74,365,498.74
15143,2011-04-28 12:03:00,2011-04-28 12:03:00,2011-04,1,1,259.45,150,259.45
15144,2011-01-31 13:17:00,2011-11-15 08:32:00,2011-01,16,8,6054.54,2848,378.40875
15145,2011-04-05 15:20:00,2011-10-27 12:33:00,2011-04,3,2,1036.37,628,345.45666666666665
15146,2011-02-21 13:07:00,2011-06-28 12:09:00,2011-02,2,2,1327.16,1473,663.58
15147,2011-04-13 15:57:00,2011-04-13 15:57:00,2011-04,1,1,623.5,366,623.5
15148,2011-11-29 08:21:00,2011-11-29 08:21:00,2011-11,1,1,301.29,187,301.29
15149,2011-07-29 10:58:00,2011-07-29 10:58:00,2011-07,1,1,520.8000000000001,128,520.8000000000001
15150,2011-03-15 14:21:00,2011-11-22 12:52:00,2011-03,10,6,5314.47,3658,531.447
15152,2011-06-05 15:36:00,2011-11-30 12:32:00,2011-06,13,6,4745.6900000000005,2704,365.05307692307696
15153,2011-11-08 17:09:00,2011-11-08 17:09:00,2011-11,1,1,329.25,198,329.25
15154,2011-09-25 16:05:00,2011-09-25 16:05:00,2011-09,1,1,296.42,104,296.42
15156,2011-11-06 12:41:00,2011-11-06 12:41:00,2011-11,1,1,317.8,268,317.8
15157,2010-12-16 13:44:00,2011-07-08 13:26:00,2010-12,2,2,1505.3700000000001,1910,752.6850000000001
15158,2011-10-25 13:53:00,2011-10-25 13:53:00,2011-10,1,1,401.40000000000003,198,401.40000000000003
15159,2010-12-13 15:44:00,2011-11-21 14:24:00,2010-12,27,11,16806.22,10358,622.4525925925926
15160,2010-12-17 14:15:00,2010-12-17 14:15:00,2010-12,1,1,158.16,84,158.16
15163,2011-05-31 15:22:00,2011-11-21 13:10:00,2011-05,2,2,304.47,186,152.235
15164,2011-01-04 14:21:00,2011-10-02 12:05:00,2011-01,3,3,843.05,360,281.01666666666665
15165,2010-12-01 14:03:00,2010-12-01 14:03:00,2010-12,1,1,487.75,160,487.75
15167,2011-01-23 12:41:00,2011-01-23 12:41:00,2011-01,1,1,163.0,67,163.0
15168,2011-11-14 11:26:00,2011-11-14 11:26:00,2011-11,1,1,106.56,52,106.56
15171,2011-01-12 15:36:00,2011-01-12 15:36:00,2011-01,1,1,1289.5,290,1289.5
15172,2011-04-17 11:56:00,2011-09-30 13:15:00,2011-04,4,4,1247.95,1225,311.9875
15174,2011-01-21 09:06:00,2011-01-21 09:06:00,2011-01,1,1,135.75,145,135.75
15175,2011-09-29 11:31:00,2011-09-29 11:31:00,2011-09,1,1,224.14,454,224.14
15178,2011-03-24 15:12:00,2011-03-24 15:12:00,2011-03,1,1,40.5,30,40.5
15179,2011-01-24 13:48:00,2011-11-21 12:53:00,2011-01,5,4,2206.95,1938,441.39
15180,2010-12-07 14:57:00,2010-12-07 14:57:00,2010-12,1,1,87.5,36,87.5
15181,2011-03-15 12:03:00,2011-10-04 13:58:00,2011-03,3,3,689.48,544,229.82666666666668
15182,2011-03-16 12:42:00,2011-07-08 13:37:00,2011-03,2,2,622.85,253,311.425
15184,2011-06-02 12:06:00,2011-11-10 13:41:00,2011-06,2,2,406.76,223,203.38
15185,2011-09-30 14:06:00,2011-09-30 14:06:00,2011-09,1,1,310.62,666,310.62
15186,2011-06-24 14:54:00,2011-11-25 14:58:00,2011-06,2,2,411.41,215,205.705
15187,2011-05-11 13:49:00,2011-11-24 13:28:00,2011-05,12,7,3929.7,1576,327.47499999999997
15189,2011-01-11 12:29:00,2011-11-29 14:57:00,2011-01,38,11,15030.73,5659,395.54552631578946
15192,2010-12-09 14:56:00,2011-08-12 11:41:00,2010-12,3,3,1044.32,918,348.1066666666666
15193,2011-10-10 08:23:00,2011-10-10 08:23:00,2011-10,1,1,499.32,144,499.32
15194,2010-12-06 15:00:00,2011-11-08 10:26:00,2010-12,14,9,6909.89,4945,493.56357142857144
15197,2010-12-16 18:01:00,2011-11-29 10:00:00,2010-12,3,3,1079.6100000000001,469,359.87000000000006
15198,2011-08-07 15:16:00,2011-09-08 14:42:00,2011-08,2,2,193.64,120,96.82
15199,2011-02-04 14:04:00,2011-10-11 15:12:00,2011-02,4,4,1268.6999999999998,396,317.17499999999995
15201,2011-04-06 14:02:00,2011-09-13 14:53:00,2011-04,5,4,1236.5400000000002,1210,247.30800000000005
15203,2011-02-01 12:29:00,2011-11-14 08:16:00,2011-02,6,6,1827.8,1753,304.6333333333333
15204,2010-12-17 13:49:00,2010-12-17 13:49:00,2010-12,1,1,316.58,258,316.58
15205,2011-08-04 16:07:00,2011-09-15 19:36:00,2011-08,2,2,653.24,378,326.62
15206,2011-03-09 08:59:00,2011-11-29 13:41:00,2011-03,4,4,420.3,162,105.075
15208,2010-12-21 13:03:00,2011-11-08 14:39:00,2010-12,4,4,662.52,268,165.63
15210,2011-04-28 16:11:00,2011-04-28 16:11:00,2011-04,1,1,331.18,228,331.18
15211,2010-12-09 16:08:00,2011-10-10 13:31:00,2010-12,2,2,894.4100000000001,240,447.20500000000004
15212,2011-04-12 13:45:00,2011-04-12 13:45:00,2011-04,1,1,101.8,36,101.8
15213,2011-01-14 11:05:00,2011-01-25 12:21:00,2011-01,2,1,328.34999999999997,272,164.17499999999998
15214,2011-04-11 09:46:00,2011-11-29 14:51:00,2011-04,7,5,1532.68,1102,218.95428571428573
15215,2011-09-04 12:24:00,2011-10-24 11:41:00,2011-09,3,2,734.94,225,244.98000000000002
15216,2011-09-13 11:41:00,2011-09-13 11:41:00,2011-09,1,1,96.6,28,96.6
15218,2011-01-25 11:20:00,2011-11-29 11:48:00,2011-01,11,9,5756.89,3329,523.3536363636364
15219,2011-06-16 16:57:00,2011-06-16 16:57:00,2011-06,1,1,305.75,45,305.75
15220,2011-03-04 10:24:00,2011-10-19 12:39:00,2011-03,6,6,1778.96,1393,296.49333333333334
15221,2010-12-08 13:08:00,2010-12-08 13:08:00,2010-12,1,1,403.25,43,403.25
15222,2011-01-25 08:03:00,2011-01-25 08:03:00,2011-01,1,1,585.0,440,585.0
15223,2011-04-04 12:17:00,2011-04-28 11:31:00,2011-04,2,1,755.75,213,377.875
15224,2010-12-12 12:34:00,2010-12-16 15:02:00,2010-12,2,1,322.08000000000004,152,161.04000000000002
15225,2011-04-19 14:51:00,2011-04-19 14:51:00,2011-04,1,1,409.40000000000003,226,409.40000000000003
15226,2011-02-02 11:41:00,2011-02-02 11:41:00,2011-02,1,1,154.41,71,154.41
15227,2011-01-26 15:31:00,2011-11-03 11:59:00,2011-01,5,4,1219.4,750,243.88000000000002
15228,2011-02-18 09:04:00,2011-10-04 13:56:00,2011-02,4,4,3386.71,2255,846.6775
15230,2011-04-13 11:04:00,2011-04-14 14:39:00,2011-04,2,1,429.6,351,214.8
15232,2011-07-22 12:21:00,2011-08-18 16:27:00,2011-07,2,2,612.06,686,306.03
15234,2011-03-08 08:53:00,2011-03-08 08:53:00,2011-03,1,1,197.0,196,197.0
15235,2010-12-01 17:22:00,2011-05-06 09:44:00,2010-12,12,5,2247.51,1324,187.29250000000002
15236,2011-02-14 10:52:00,2011-02-14 10:52:00,2011-02,1,1,321.05,269,321.05
15237,2011-04-26 15:04:00,2011-09-22 15:28:00,2011-04,3,3,1328.72,983,442.9066666666667
15238,2011-06-08 16:00:00,2011-11-10 14:28:00,2011-06,3,3,1071.99,692,357.33
15239,2011-09-22 09:53:00,2011-11-29 14:14:00,2011-09,2,2,780.59,594,390.295
15240,2011-02-01 08:23:00,2011-10-26 09:50:00,2011-02,5,5,1706.57,1369,341.31399999999996
15241,2011-03-01 11:02:00,2011-10-04 09:05:00,2011-03,8,7,1756.44,1818,219.555
15243,2011-09-26 14:12:00,2011-09-26 14:12:00,2011-09,1,1,316.68,185,316.68
15244,2011-04-05 15:12:00,2011-10-05 13:19:00,2011-04,2,2,631.5699999999999,405,315.78499999999997
15245,2011-03-23 13:42:00,2011-07-28 18:56:00,2011-03,3,3,2515.84,1784,838.6133333333333
15246,2010-12-16 09:46:00,2011-04-15 14:45:00,2010-12,2,2,514.1500000000001,247,257.07500000000005
15247,2011-08-09 12:52:00,2011-08-09 12:52:00,2011-08,1,1,356.0,160,356.0
15249,2011-03-28 12:49:00,2011-11-08 11:45:00,2011-03,13,8,6688.46,3577,514.496923076923
15251,2011-04-12 10:38:00,2011-11-30 15:02:00,2011-04,11,8,10484.99,6171,953.180909090909
15252,2011-06-09 14:15:00,2011-11-03 13:30:00,2011-06,2,2,740.78,522,370.39
15253,2011-06-23 12:19:00,2011-11-23 16:22:00,2011-06,5,3,918.2,866,183.64000000000001
15254,2011-08-04 15:04:00,2011-08-04 15:04:00,2011-08,1,1,300.36,275,300.36
15255,2011-10-04 12:43:00,2011-10-04 12:43:00,2011-10,1,1,890.85,489,890.85
15256,2011-07-14 11:47:00,2011-07-14 11:47:00,2011-07,1,1,98.45,55,98.45
15257,2011-03-01 12:58:00,2011-03-01 12:58:00,2011-03,1,1,317.15,46,317.15
15258,2011-05-06 14:16:00,2011-06-24 12:30:00,2011-05,2,2,623.16,142,311.58
15260,2010-12-02 12:09:00,2011-08-31 13:55:00,2010-12,7,6,1810.77,885,258.68142857142857
15261,2011-07-27 15:20:00,2011-07-27 15:20:00,2011-07,1,1,254.82,270,254.82
15262,2011-01-20 12:16:00,2011-01-20 12:16:00,2011-01,1,1,178.95000000000002,73,178.95000000000002
15263,2011-08-25 10:26:00,2011-08-25 10:26:00,2011-08,1,1,156.51,89,156.51
15264,2011-10-06 13:49:00,2011-10-06 13:49:00,2011-10,1,1,393.74,265,393.74
15265,2011-04-18 12:16:00,2011-07-11 14:46:00,2011-04,2,2,1506.12,612,753.06
15266,2011-01-05 13:40:00,2011-01-05 13:40:00,2011-01,1,1,119.3,18,119.3
15267,2011-06-10 10:24:00,2011-11-17 15:59:00,2011-06,5,4,1717.36,944,343.472
15269,2011-11-16 09:32:00,2011-11-16 09:32:00,2011-11,1,1,408.8,26,408.8
15270,2011-02-02 13:25:00,2011-11-24 09:24:00,2011-02,7,4,2379.4900000000002,1521,339.9271428571429
15271,2010-12-09 13:47:00,2011-11-13 13:26:00,2010-12,14,9,2314.99,1138,165.35642857142855
15272,2011-09-14 16:36:00,2011-10-13 12:59:00,2011-09,2,2,721.94,310,360.97
15274,2011-11-21 14:17:00,2011-11-21 14:17:00,2011-11,1,1,383.99,377,383.99
15275,2011-11-02 11:20:00,2011-11-02 11:20:00,2011-11,1,1,615.14,498,615.14
15276,2011-10-04 16:39:00,2011-10-04 16:39:00,2011-10,1,1,135.31,64,135.31
15277,2011-10-24 10:08:00,2011-10-24 10:08:00,2011-10,1,1,255.89999999999998,205,255.89999999999998
15279,2010-12-20 10:48:00,2010-12-20 10:48:00,2010-12,1,1,290.51,189,290.51
15280,2011-06-20 17:14:00,2011-06-20 17:14:00,2011-06,1,1,113.12,154,113.12
15281,2011-01-10 15:51:00,2011-10-12 09:10:00,2011-01,9,6,2332.15,1211,259.1277777777778
15286,2011-10-21 11:08:00,2011-10-21 11:08:00,2011-10,1,1,240.55,55,240.55
15287,2011-09-30 12:30:00,2011-11-17 15:34:00,2011-09,2,2,486.69000000000005,433,243.34500000000003
15288,2010-12-09 13:59:00,2011-10-27 16:58:00,2010-12,5,5,2306.52,775,461.304
15289,2011-04-04 12:44:00,2011-11-10 13:49:00,2011-04,3,3,939.78,1008,313.26
15290,2010-12-15 16:03:00,2011-11-08 17:19:00,2010-12,15,11,6405.51,3212,427.034
15291,2010-12-01 09:32:00,2011-11-14 11:02:00,2010-12,14,7,4623.3,2102,330.2357142857143
15292,2011-05-22 15:00:00,2011-05-22 15:00:00,2011-05,1,1,180.94,56,180.94
15296,2011-01-17 11:57:00,2011-10-20 11:47:00,2011-01,6,5,3672.8599999999997,1766,612.1433333333333
15297,2011-10-07 09:42:00,2011-11-29 16:32:00,2011-10,3,2,641.94,292,213.98000000000002
15298,2010-12-08 13:55:00,2011-11-29 10:23:00,2010-12,11,8,4487.68,2682,407.9709090909091
15299,2010-12-02 16:48:00,2011-10-03 14:19:00,2010-12,6,3,3907.01,2947,651.1683333333334
15300,2011-10-06 17:08:00,2011-10-06 17:08:00,2011-10,1,1,496.44,292,496.44
15301,2010-12-06 12:21:00,2011-10-20 09:57:00,2010-12,12,9,5070.35,2775,422.5291666666667
15303,2011-02-22 13:59:00,2011-02-22 13:59:00,2011-02,1,1,574.02,248,574.02
15304,2010-12-06 11:42:00,2011-10-10 10:23:00,2010-12,8,7,694.4,104,86.8
15306,2011-07-14 15:22:00,2011-10-06 12:56:00,2011-07,3,3,1174.35,810,391.45
15307,2011-09-05 11:38:00,2011-09-05 11:38:00,2011-09,1,1,205.3,37,205.3
15308,2011-03-10 13:08:00,2011-03-10 13:08:00,2011-03,1,1,310.47,175,310.47
15311,2010-12-01 09:41:00,2011-11-29 13:12:00,2010-12,88,12,59591.83,37685,677.1798863636363
15312,2010-12-20 12:51:00,2011-09-25 13:10:00,2010-12,4,4,924.85,516,231.2125
15313,2011-08-21 16:02:00,2011-08-21 16:02:00,2011-08,1,1,52.0,25,52.0
15314,2011-05-24 14:39:00,2011-05-24 14:39:00,2011-05,1,1,327.97,313,327.97
15315,2011-08-15 15:17:00,2011-10-06 12:51:00,2011-08,2,2,570.5,862,285.25
15316,2011-01-17 11:34:00,2011-01-17 11:34:00,2011-01,1,1,165.0,100,165.0
15319,2011-03-01 12:48:00,2011-03-01 12:48:00,2011-03,1,1,204.5,175,204.5
15320,2011-10-26 13:27:00,2011-10-26 13:27:00,2011-10,1,1,267.13,326,267.13
15321,2011-02-21 11:10:00,2011-09-30 09:40:00,2011-02,3,2,2748.31,1181,916.1033333333334
15322,2011-09-15 09:34:00,2011-09-15 09:34:00,2011-09,1,1,679.68,416,679.68
15325,2011-08-28 11:55:00,2011-08-28 11:55:00,2011-08,1,1,162.29,232,162.29
15326,2011-01-10 11:38:00,2011-01-10 11:38:00,2011-01,1,1,311.71,386,311.71
15327,2011-10-18 11:55:00,2011-10-18 11:55:00,2011-10,1,1,208.75,116,208.75
15329,2011-06-21 10:37:00,2011-10-31 15:36:00,2011-06,3,3,1049.7,486,349.90000000000003
15330,2011-10-10 12:30:00,2011-11-07 17:50:00,2011-10,2,2,714.96,1312,357.48
15332,2010-12-05 12:00:00,2010-12-08 14:43:00,2010-12,4,1,1661.06,652,415.265
15333,2011-05-15 13:27:00,2011-05-15 13:27:00,2011-05,1,1,1028.56,344,1028.56
15334,2011-06-19 13:51:00,2011-07-06 11:22:00,2011-06,3,2,348.72,273,116.24000000000001
15335,2011-10-17 12:50:00,2011-10-17 12:50:00,2011-10,1,1,173.97,80,173.97
15339,2011-01-25 13:15:00,2011-10-04 12:51:00,2011-01,2,2,574.0699999999999,416,287.03499999999997
15341,2011-09-20 09:40:00,2011-09-20 09:40:00,2011-09,1,1,2020.52,812,2020.52
15342,2011-08-02 10:19:00,2011-08-02 10:19:00,2011-08,1,1,406.09,283,406.09
15343,2011-09-13 13:55:00,2011-09-13 13:55:00,2011-09,1,1,364.5,84,364.5
15344,2011-09-26 14:48:00,2011-11-07 17:08:00,2011-09,2,2,460.64,106,230.32
15345,2011-10-25 11:28:00,2011-10-25 11:28:00,2011-10,1,1,393.54,81,393.54
15346,2011-01-11 11:18:00,2011-01-11 11:18:00,2011-01,1,1,252.42000000000002,144,252.42000000000002
15347,2010-12-08 15:25:00,2010-12-08 15:25:00,2010-12,1,1,201.60000000000002,130,201.60000000000002
15348,2011-09-28 13:17:00,2011-09-28 13:17:00,2011-09,1,1,158.04,84,158.04
15349,2011-06-05 15:46:00,2011-07-04 16:06:00,2011-06,2,2,473.81,327,236.905
15350,2010-12-01 13:33:00,2010-12-01 13:33:00,2010-12,1,1,115.65,51,115.65
15351,2010-12-05 11:49:00,2011-11-27 12:52:00,2010-12,7,4,1960.1100000000001,753,280.0157142857143
15353,2010-12-07 11:49:00,2011-03-30 12:15:00,2010-12,2,2,777.02,343,388.51
15355,2011-10-17 15:22:00,2011-11-10 13:44:00,2011-10,2,2,277.05,45,138.525
15356,2010-12-06 14:05:00,2011-11-08 13:11:00,2010-12,10,9,2766.5,1673,276.65
15358,2010-12-09 10:04:00,2011-11-04 13:44:00,2010-12,20,12,7517.14,6400,375.857
15360,2011-10-31 09:35:00,2011-10-31 09:35:00,2011-10,1,1,427.93,223,427.93
15361,2010-12-13 09:52:00,2010-12-13 09:52:00,2010-12,1,1,418.92,336,418.92
15363,2010-12-02 12:28:00,2010-12-02 12:28:00,2010-12,1,1,326.0,144,326.0
15364,2011-03-30 13:39:00,2011-09-05 09:46:00,2011-03,2,2,913.19,493,456.595
15365,2011-01-28 13:08:00,2011-11-14 08:29:00,2011-01,7,3,2314.32,1084,330.6171428571429
15366,2010-12-16 15:59:00,2011-09-25 15:01:00,2010-12,2,2,602.51,621,301.255
15367,2011-03-09 13:53:00,2011-10-13 14:13:00,2011-03,4,3,1877.5900000000001,1057,469.39750000000004
15368,2011-11-18 14:42:00,2011-11-18 14:42:00,2011-11,1,1,446.94000000000005,230,446.94000000000005
15370,2011-01-11 11:32:00,2011-10-30 10:58:00,2011-01,7,6,2386.0499999999997,830,340.8642857142857
15372,2011-07-25 16:39:00,2011-07-25 16:39:00,2011-07,1,1,2007.3999999999999,2924,2007.3999999999999
15373,2010-12-03 14:40:00,2011-11-21 09:55:00,2010-12,11,8,2070.38,437,188.21636363636364
15374,2011-08-03 09:59:00,2011-08-03 09:59:00,2011-08,1,1,168.0,126,168.0
15376,2011-05-01 13:45:00,2011-10-30 15:04:00,2011-05,3,3,1233.36,619,411.11999999999995
15379,2010-12-16 13:02:00,2011-06-23 13:13:00,2010-12,7,5,3703.29,2305,529.0414285714286
15380,2010-12-09 15:01:00,2011-10-24 10:30:00,2010-12,4,4,1304.96,322,326.24
15381,2011-03-16 13:44:00,2011-05-10 11:55:00,2011-03,2,2,596.85,171,298.425
15382,2011-02-17 12:01:00,2011-11-25 10:58:00,2011-02,6,5,5955.71,4012,992.6183333333333
15384,2010-12-15 11:34:00,2011-06-23 10:57:00,2010-12,2,2,642.41,596,321.205
15385,2011-10-30 15:11:00,2011-10-30 15:11:00,2011-10,1,1,316.88,161,316.88
15386,2011-06-06 13:47:00,2011-06-06 13:47:00,2011-06,1,1,394.14,446,394.14
15388,2011-03-14 13:53:00,2011-03-14 13:53:00,2011-03,1,1,140.54,88,140.54
15389,2011-06-20 16:18:00,2011-06-20 16:18:00,2011-06,1,1,500.0,400,500.0
15392,2010-12-14 15:50:00,2011-11-09 13:37:00,2010-12,3,3,1231.12,1070,410.3733333333333
15393,2011-03-03 16:58:00,2011-11-23 16:48:00,2011-03,2,2,231.86,150,115.93
15394,2010-12-16 12:46:00,2011-11-30 11:49:00,2010-12,4,4,2183.54,910,545.885
15395,2011-01-18 12:40:00,2011-01-18 12:40:00,2011-01,1,1,107.45,17,107.45
15396,2011-08-19 10:56:00,2011-08-19 10:56:00,2011-08,1,1,288.18,122,288.18
15397,2011-02-23 09:25:00,2011-02-23 09:25:00,2011-02,1,1,94.0,20,94.0
15398,2011-09-22 14:56:00,2011-11-23 16:47:00,2011-09,2,2,1345.5300000000002,769,672.7650000000001
15399,2011-09-21 15:57:00,2011-11-17 15:04:00,2011-09,2,2,549.13,423,274.565
15400,2011-03-06 11:27:00,2011-09-08 13:57:00,2011-03,5,4,716.2,390,143.24
15402,2011-05-27 13:32:00,2011-07-14 12:17:00,2011-05,2,2,626.35,693,313.175
15405,2011-06-03 14:44:00,2011-06-03 14:44:00,2011-06,1,1,349.1,193,349.1
15406,2011-02-11 16:19:00,2011-11-08 13:22:00,2011-02,2,2,510.71000000000004,254,255.35500000000002
15407,2011-02-07 13:18:00,2011-11-06 11:55:00,2011-02,4,4,1056.44,558,264.11
15408,2011-03-20 15:02:00,2011-03-20 15:02:00,2011-03,1,1,267.18,106,267.18
15410,2011-03-23 10:15:00,2011-09-16 14:47:00,2011-03,8,6,3450.84,1200,431.355
15411,2011-06-10 12:30:00,2011-11-13 15:19:00,2011-06,4,4,1358.8799999999999,530,339.71999999999997
15412,2011-06-21 15:24:00,2011-06-21 15:24:00,2011-06,1,1,190.53,108,190.53
15414,2011-04-11 13:45:00,2011-11-30 09:50:00,2011-04,3,2,774.9000000000001,443,258.3
15415,2011-01-30 14:13:00,2011-01-30 14:13:00,2011-01,1,1,572.8100000000001,575,572.8100000000001
15416,2011-03-02 08:41:00,2011-10-06 09:38:00,2011-03,4,4,3984.32,2090,996.08
15417,2011-09-15 15:26:00,2011-09-15 15:26:00,2011-09,1,1,508.8,284,508.8
15419,2011-11-15 09:23:00,2011-11-15 09:23:00,2011-11,1,1,135.85999999999999,230,135.85999999999999
15421,2011-02-02 14:36:00,2011-10-12 09:20:00,2011-02,4,3,950.36,500,237.59
15422,2011-01-20 14:17:00,2011-01-20 16:17:00,2011-01,2,1,97.7,38,48.85
15423,2011-11-01 14:01:00,2011-11-01 14:01:00,2011-11,1,1,43.5,101,43.5
15424,2011-03-30 13:00:00,2011-03-30 13:02:00,2011-03,2,1,383.34000000000003,554,191.67000000000002
15426,2010-12-05 13:55:00,2011-11-20 15:36:00,2010-12,5,3,1447.39,674,289.478
15427,2011-10-23 14:47:00,2011-11-06 14:29:00,2011-10,3,2,1483.1399999999999,1013,494.37999999999994
15428,2011-11-24 16:54:00,2011-11-24 16:54:00,2011-11,1,1,93.78,102,93.78
15429,2011-09-25 13:42:00,2011-11-13 12:28:00,2011-09,2,2,397.35,380,198.675
15432,2011-11-16 16:30:00,2011-11-16 16:30:00,2011-11,1,1,171.19,65,171.19
15433,2011-03-17 14:12:00,2011-05-10 10:45:00,2011-03,2,2,533.3,534,266.65
15434,2011-05-23 14:18:00,2011-11-08 08:18:00,2011-05,4,3,890.58,601,222.645
15435,2011-11-17 16:39:00,2011-11-17 16:39:00,2011-11,1,1,149.29,54,149.29
15436,2011-04-19 16:52:00,2011-11-27 16:05:00,2011-04,3,3,1122.53,613,374.1766666666667
15437,2011-03-22 13:11:00,2011-03-22 13:11:00,2011-03,1,1,200.16,79,200.16
15438,2011-07-31 14:19:00,2011-07-31 14:19:00,2011-07,1,1,156.58,59,156.58
15440,2011-05-15 11:30:00,2011-10-16 12:16:00,2011-05,3,3,383.68,197,127.89333333333333
15442,2011-04-05 12:24:00,2011-04-05 12:24:00,2011-04,1,1,594.0,120,594.0
15443,2011-01-23 13:25:00,2011-11-27 12:29:00,2011-01,6,5,2857.4,1482,476.23333333333335
15444,2011-10-30 16:12:00,2011-11-30 17:37:00,2011-10,2,2,1418.2599999999998,764,709.1299999999999
15445,2011-03-20 15:06:00,2011-03-20 15:06:00,2011-03,1,1,113.5,58,113.5
15447,2011-01-13 11:26:00,2011-01-13 11:26:00,2011-01,1,1,155.17,85,155.17
15448,2011-01-31 10:42:00,2011-01-31 10:42:00,2011-01,1,1,494.64,232,494.64
15449,2011-03-23 10:43:00,2011-11-13 15:02:00,2011-03,3,3,974.52,812,324.84
15450,2011-11-09 17:11:00,2011-11-09 17:11:00,2011-11,1,1,429.84,376,429.84
15452,2011-03-20 15:21:00,2011-11-10 12:13:00,2011-03,3,3,538.73,283,179.57666666666668
15453,2011-06-05 12:37:00,2011-11-04 12:21:00,2011-06,6,5,1253.09,778,208.84833333333333
15454,2010-12-12 14:21:00,2010-12-12 14:21:00,2010-12,1,1,179.1,86,179.1
15456,2010-12-15 15:34:00,2011-03-01 13:51:00,2010-12,3,2,447.22,660,149.07333333333335
15457,2011-03-22 15:31:00,2011-03-22 15:31:00,2011-03,1,1,237.07,132,237.07
15458,2011-11-14 13:08:00,2011-11-14 13:08:00,2011-11,1,1,161.64,156,161.64
15460,2010-12-20 16:08:00,2010-12-20 16:08:00,2010-12,1,1,216.76,109,216.76
15462,2011-06-05 15:36:00,2011-09-06 13:11:00,2011-06,3,3,234.6,172,78.2
15463,2011-11-10 12:57:00,2011-11-10 12:57:00,2011-11,1,1,126.14,106,126.14
15464,2011-01-05 15:56:00,2011-01-05 15:56:00,2011-01,1,1,1048.85,350,1048.85
15465,2010-12-05 10:12:00,2011-11-20 10:11:00,2010-12,18,10,7354.62,1257,408.59
15466,2011-09-15 14:08:00,2011-09-15 14:08:00,2011-09,1,1,334.53,246,334.53
15467,2011-07-10 14:42:00,2011-11-30 14:17:00,2011-07,3,2,524.88,310,174.96
15468,2011-10-19 13:38:00,2011-10-19 13:49:00,2011-10,2,1,467.51,155,233.755
15469,2011-08-11 16:54:00,2011-10-20 16:21:00,2011-08,2,2,538.55,153,269.275
15472,2011-08-18 15:17:00,2011-08-18 15:17:00,2011-08,1,1,371.56,251,371.56
15473,2011-10-10 11:12:00,2011-11-25 15:15:00,2011-10,7,2,1771.2,672,253.02857142857144
15475,2011-09-23 15:20:00,2011-09-23 15:20:00,2011-09,1,1,454.11,319,454.11
15478,2011-10-14 11:09:00,2011-10-30 14:19:00,2011-10,2,1,1441.42,585,720.71
15480,2011-08-15 14:32:00,2011-08-15 14:32:00,2011-08,1,1,905.5,303,905.5
15482,2010-12-16 10:08:00,2011-11-24 10:46:00,2010-12,11,5,11014.96,5019,1001.3599999999999
15483,2011-03-18 12:26:00,2011-07-01 13:07:00,2011-03,4,2,233.81,295,58.4525
15484,2011-09-22 13:31:00,2011-11-21 17:00:00,2011-09,3,3,2920.06,2412,973.3533333333334
15485,2010-12-01 13:23:00,2011-11-09 14:31:00,2010-12,3,3,2575.0,1306,858.3333333333334
15488,2011-09-08 10:11:00,2011-09-08 10:11:00,2011-09,1,1,91.32000000000001,73,91.32000000000001
15489,2011-05-12 12:54:00,2011-11-17 08:53:00,2011-05,3,3,1134.28,608,378.0933333333333
15491,2011-04-18 10:04:00,2011-09-05 15:56:00,2011-04,6,5,3100.09,1646,516.6816666666667
15492,2011-09-26 14:02:00,2011-11-11 14:53:00,2011-09,2,2,659.46,483,329.73
15493,2011-03-14 11:44:00,2011-11-07 12:04:00,2011-03,5,4,2001.8,560,400.36
15494,2011-08-10 15:29:00,2011-11-18 14:51:00,2011-08,2,2,1299.23,1148,649.615
15497,2011-01-24 10:01:00,2011-11-22 11:51:00,2011-01,2,2,1262.2,624,631.1
15498,2010-12-08 12:29:00,2011-11-22 13:40:00,2010-12,26,10,12451.46,5655,478.90230769230766
15500,2011-09-19 13:47:00,2011-11-21 08:40:00,2011-09,3,2,865.3000000000001,452,288.43333333333334
15502,2010-12-05 15:40:00,2011-11-24 12:48:00,2010-12,10,5,6923.9800000000005,4232,692.398
15503,2010-12-12 10:57:00,2010-12-12 10:57:00,2010-12,1,1,147.09,74,147.09
15504,2011-09-19 13:45:00,2011-09-19 13:45:00,2011-09,1,1,52.83,33,52.83
15505,2011-07-07 13:33:00,2011-10-18 07:56:00,2011-07,5,4,3610.96,2390,722.192
15506,2011-07-24 11:45:00,2011-11-17 12:11:00,2011-07,3,3,979.26,848,326.42
15507,2011-06-21 11:19:00,2011-06-21 11:19:00,2011-06,1,1,492.36,162,492.36
15508,2011-04-18 15:31:00,2011-06-03 15:43:00,2011-04,6,3,1000.27,440,166.71166666666667
15510,2011-01-13 12:10:00,2011-01-13 12:10:00,2011-01,1,1,250.0,2,250.0
15511,2011-09-15 15:05:00,2011-11-28 09:43:00,2011-09,5,3,909.23,271,181.846
15512,2010-12-15 12:01:00,2011-07-07 10:20:00,2010-12,2,2,121.0,68,60.5
15513,2010-12-01 11:22:00,2011-11-06 14:36:00,2010-12,19,10,14758.220000000001,5709,776.7484210526317
15514,2010-12-10 13:50:00,2011-11-27 14:40:00,2010-12,11,4,4139.46,2160,376.31454545454545
15516,2011-10-24 11:33:00,2011-10-26 10:51:00,2011-10,3,1,62.43,27,20.81
15517,2011-04-20 14:02:00,2011-04-20 14:02:00,2011-04,1,1,267.03,293,267.03
15518,2011-01-11 12:55:00,2011-10-06 13:05:00,2011-01,8,5,1942.45,1273,242.80625
15521,2011-03-30 09:15:00,2011-10-30 13:42:00,2011-03,8,6,3000.2,1836,375.025
15522,2011-09-13 12:26:00,2011-11-07 11:26:00,2011-09,2,2,398.84,573,199.42
15523,2011-09-16 16:29:00,2011-09-16 16:29:00,2011-09,1,1,412.01000000000005,132,412.01000000000005
15524,2011-11-15 12:09:00,2011-11-15 12:09:00,2011-11,1,1,440.0,4,440.0
15525,2010-12-01 13:17:00,2011-11-22 12:07:00,2010-12,2,2,508.73,286,254.365
15526,2011-11-06 15:01:00,2011-11-06 15:04:00,2011-11,2,1,148.44,24,74.22
15527,2010-12-20 14:15:00,2011-11-21 12:17:00,2010-12,8,7,2429.78,992,303.7225
15528,2011-03-30 16:14:00,2011-03-30 16:14:00,2011-03,1,1,229.33,123,229.33
15529,2010-12-08 12:24:00,2011-11-17 11:29:00,2010-12,11,9,3992.68,3495,362.97090909090906
15530,2011-04-07 11:16:00,2011-11-18 12:25:00,2011-04,4,4,1502.35,950,375.5875
15531,2011-11-09 17:47:00,2011-11-09 17:47:00,2011-11,1,1,1522.31,840,1522.31
15532,2010-12-16 16:45:00,2011-11-14 14:51:00,2010-12,4,4,1571.03,519,392.7575
15533,2011-09-11 15:41:00,2011-11-20 15:35:00,2011-09,3,2,807.5699999999999,289,269.19
15535,2011-01-16 12:35:00,2011-06-19 16:02:00,2011-01,4,3,536.4,143,134.1
15537,2011-06-29 13:10:00,2011-06-29 13:10:00,2011-06,1,1,110.92,29,110.92
15540,2011-11-28 13:51:00,2011-11-28 13:51:00,2011-11,1,1,213.3,200,213.3
15541,2011-08-17 14:58:00,2011-08-17 14:58:00,2011-08,1,1,85.13000000000001,49,85.13000000000001
15543,2011-02-24 15:26:00,2011-02-24 15:26:00,2011-02,1,1,127.86,86,127.86
15544,2010-12-02 12:47:00,2011-11-30 16:43:00,2010-12,9,7,3546.71,3109,394.0788888888889
15545,2010-12-03 17:28:00,2011-10-16 13:24:00,2010-12,2,2,292.72,163,146.36
15547,2010-12-12 13:26:00,2011-10-30 15:19:00,2010-12,13,9,4432.43,3640,340.9561538461539
15549,2011-01-27 15:38:00,2011-09-23 16:22:00,2011-01,3,3,1689.51,695,563.17
15550,2011-02-11 12:49:00,2011-08-25 15:18:00,2011-02,3,3,433.28,252,144.42666666666665
15551,2011-11-03 12:37:00,2011-11-03 12:37:00,2011-11,1,1,436.06,218,436.06
15552,2011-05-06 14:47:00,2011-05-06 14:47:00,2011-05,1,1,90.12,60,90.12
15553,2011-10-10 14:02:00,2011-10-10 14:02:00,2011-10,1,1,437.23,451,437.23
15554,2011-03-07 09:00:00,2011-03-07 09:00:00,2011-03,1,1,217.2,74,217.2
15555,2010-12-05 14:45:00,2011-11-27 16:19:00,2010-12,16,9,4802.18,4409,300.13625
15556,2011-11-15 16:08:00,2011-11-15 16:08:00,2011-11,1,1,279.77,236,279.77
15557,2011-11-11 12:46:00,2011-11-11 12:46:00,2011-11,1,1,473.65000000000003,219,473.65000000000003
15561,2011-05-08 11:38:00,2011-11-28 11:07:00,2011-05,4,3,800.59,267,200.1475
15562,2010-12-23 09:55:00,2010-12-23 09:55:00,2010-12,1,1,134.55,39,134.55
15563,2010-12-16 11:27:00,2011-11-17 12:59:00,2010-12,3,3,1361.44,1441,453.81333333333333
15565,2011-09-30 10:44:00,2011-10-20 14:33:00,2011-09,2,2,173.16000000000003,60,86.58000000000001
15567,2011-11-21 10:48:00,2011-11-21 10:48:00,2011-11,1,1,186.01,223,186.01
15568,2011-09-27 14:37:00,2011-10-26 11:51:00,2011-09,2,2,422.52,281,211.26
15569,2011-01-11 13:26:00,2011-08-28 10:15:00,2011-01,5,3,1375.71,666,275.142
15570,2010-12-05 12:57:00,2011-11-29 15:24:00,2010-12,11,7,4130.12,2055,375.4654545454545
15571,2011-09-22 13:15:00,2011-11-28 10:02:00,2011-09,4,2,650.4300000000001,264,162.60750000000002
15572,2011-03-06 14:44:00,2011-11-14 12:14:00,2011-03,6,4,2357.88,1135,392.98
15573,2011-09-15 12:16:00,2011-11-08 11:38:00,2011-09,2,2,599.5,362,299.75
15574,2010-12-02 15:46:00,2011-06-15 12:01:00,2010-12,4,2,702.25,349,175.5625
15576,2011-11-02 12:03:00,2011-11-02 12:03:00,2011-11,1,1,940.6700000000001,404,940.6700000000001
15577,2011-02-07 13:32:00,2011-07-11 17:03:00,2011-02,3,2,258.88,89,86.29333333333334
15578,2011-06-30 13:03:00,2011-06-30 13:03:00,2011-06,1,1,127.10000000000001,52,127.10000000000001
15579,2011-01-30 12:09:00,2011-10-02 12:45:00,2011-01,2,2,348.6,120,174.3
15581,2010-12-08 14:38:00,2011-07-06 14:04:00,2010-12,10,5,721.63,283,72.163
15582,2011-05-03 13:36:00,2011-11-15 09:55:00,2011-05,3,3,682.9100000000001,453,227.63666666666668
15584,2011-06-30 16:39:00,2011-11-16 10:55:00,2011-06,4,4,725.11,314,181.2775
15585,2011-06-16 08:38:00,2011-06-16 08:38:00,2011-06,1,1,455.3,320,455.3
15587,2010-12-23 09:59:00,2011-10-20 13:37:00,2010-12,4,4,913.68,312,228.42
15589,2011-02-02 10:46:00,2011-03-29 09:54:00,2011-02,3,2,478.53,243,159.51
15592,2011-10-24 08:59:00,2011-10-24 08:59:00,2011-10,1,1,388.58,354,388.58
15593,2011-09-30 11:46:00,2011-09-30 11:46:00,2011-09,1,1,199.8,60,199.8
15594,2011-04-19 10:08:00,2011-11-24 08:53:00,2011-04,5,3,1771.78,983,354.356
15596,2010-12-09 16:10:00,2011-08-31 10:55:00,2010-12,5,5,1406.59,561,281.318
15597,2011-11-04 13:26:00,2011-11-04 13:26:00,2011-11,1,1,324.57,279,324.57
15598,2011-10-17 16:04:00,2011-10-17 16:04:00,2011-10,1,1,240.68,160,240.68
15599,2011-05-19 13:05:00,2011-11-13 11:44:00,2011-05,2,2,761.74,718,380.87
15601,2010-12-02 10:39:00,2011-11-28 15:15:00,2010-12,14,10,6776.56,4983,484.04
15602,2010-12-06 15:35:00,2011-11-17 19:52:00,2010-12,8,5,1117.03,933,139.62875
15603,2011-09-22 10:04:00,2011-09-22 10:04:00,2011-09,1,1,48.480000000000004,96,48.480000000000004
15604,2011-10-18 14:47:00,2011-10-18 14:47:00,2011-10,1,1,216.39,159,216.39
15605,2010-12-01 13:38:00,2011-11-03 14:17:00,2010-12,5,5,1198.23,441,239.64600000000002
15606,2011-01-19 12:07:00,2011-10-09 15:47:00,2011-01,9,7,2920.16,892,324.4622222222222
15607,2011-01-07 12:44:00,2011-01-07 12:44:00,2011-01,1,1,104.76,202,104.76
15608,2011-08-11 09:56:00,2011-11-11 13:20:00,2011-08,4,3,1093.68,714,273.42
15609,2011-06-08 13:00:00,2011-06-08 13:00:00,2011-06,1,1,298.48,148,298.48
15610,2011-10-19 10:36:00,2011-10-19 10:36:00,2011-10,1,1,112.46000000000001,66,112.46000000000001
15611,2011-01-09 11:32:00,2011-11-30 12:36:00,2011-01,11,7,1570.45,502,142.76818181818183
15612,2011-10-09 12:49:00,2011-11-03 14:52:00,2011-10,2,2,195.15,52,97.575
15615,2010-12-15 16:21:00,2011-11-29 14:42:00,2010-12,23,10,10399.74,5508,452.1626086956522
15618,2011-07-26 10:13:00,2011-11-07 08:34:00,2011-07,4,3,776.851,454,194.21275
15619,2011-11-29 08:14:00,2011-11-29 08:14:00,2011-11,1,1,336.40000000000003,136,336.40000000000003
15620,2010-12-16 14:34:00,2011-10-14 12:41:00,2010-12,3,3,1553.1799999999998,915,517.7266666666666
15621,2011-11-18 11:49:00,2011-11-28 15:16:00,2011-11,2,1,1044.96,368,522.48
15622,2011-03-02 13:42:00,2011-10-27 16:44:00,2011-03,9,5,3709.56,1674,412.17333333333335
15623,2011-07-21 17:26:00,2011-07-21 17:26:00,2011-07,1,1,301.03,125,301.03
15624,2011-03-28 13:32:00,2011-08-15 11:38:00,2011-03,4,4,588.13,357,147.0325
15625,2011-04-18 14:01:00,2011-08-28 10:21:00,2011-04,4,3,1534.2599999999998,1188,383.56499999999994
15626,2011-01-14 10:10:00,2011-09-26 10:03:00,2011-01,2,2,675.8,766,337.9
15628,2010-12-08 09:51:00,2011-11-15 09:15:00,2010-12,8,7,2667.29,1798,333.41125
15630,2011-05-19 10:16:00,2011-10-25 15:36:00,2011-05,2,2,1186.35,800,593.175
15632,2011-03-10 08:29:00,2011-11-24 09:51:00,2011-03,8,7,3285.31,2109,410.66375
15634,2011-11-22 16:28:00,2011-11-22 16:28:00,2011-11,1,1,243.55,99,243.55
15636,2011-03-02 14:50:00,2011-09-11 11:17:00,2011-03,2,2,724.76,284,362.38
15637,2011-10-18 08:28:00,2011-10-18 08:28:00,2011-10,1,1,223.36,128,223.36
15639,2011-07-28 14:30:00,2011-07-28 14:30:00,2011-07,1,1,425.32,323,425.32
15640,2010-12-02 15:40:00,2011-11-23 14:36:00,2010-12,14,9,11329.18,6009,809.2271428571429
15641,2010-12-15 14:45:00,2011-08-26 14:04:00,2010-12,4,3,1887.2,1562,471.8
15643,2011-03-02 14:34:00,2011-06-01 07:38:00,2011-03,3,2,664.0,246,221.33333333333334
15644,2011-03-23 15:37:00,2011-06-26 14:54:00,2011-03,4,2,813.0,557,203.25
15645,2011-11-21 11:55:00,2011-11-21 11:55:00,2011-11,1,1,611.59,255,611.59
15646,2010-12-02 16:59:00,2011-07-05 09:53:00,2010-12,3,3,447.64000000000004,394,149.21333333333334
15648,2011-03-17 18:59:00,2011-05-19 15:53:00,2011-03,2,2,657.35,221,328.675
15649,2010-12-07 10:06:00,2011-01-07 13:34:00,2010-12,2,2,816.0,192,408.0
15651,2011-03-24 08:56:00,2011-11-03 08:41:00,2011-03,3,2,646.3000000000001,479,215.43333333333337
15652,2011-09-09 14:22:00,2011-09-09 14:22:00,2011-09,1,1,337.74,208,337.74
15653,2011-08-16 09:50:00,2011-09-08 10:49:00,2011-08,2,2,877.4399999999999,1200,438.71999999999997
15654,2011-11-13 15:15:00,2011-11-30 13:08:00,2011-11,2,1,922.53,475,461.265
15655,2011-04-10 15:25:00,2011-04-10 15:25:00,2011-04,1,1,560.6700000000001,324,560.6700000000001
15656,2011-02-28 15:32:00,2011-10-25 14:56:00,2011-02,4,4,748.5,343,187.125
15657,2011-11-17 12:19:00,2011-11-17 12:19:00,2011-11,1,1,30.0,24,30.0
15658,2010-12-02 10:53:00,2011-06-02 15:22:00,2010-12,5,5,1024.1,242,204.82
15659,2011-10-27 09:23:00,2011-10-27 09:23:00,2011-10,1,1,306.45,111,306.45
15660,2010-12-09 09:49:00,2011-11-14 16:58:00,2010-12,9,6,1600.8600000000001,1050,177.87333333333333
15661,2011-01-05 12:32:00,2011-01-26 13:56:00,2011-01,2,1,309.8,236,154.9
15663,2011-08-25 15:50:00,2011-08-25 15:50:00,2011-08,1,1,138.14,106,138.14
15664,2011-10-20 10:57:00,2011-10-20 10:57:00,2011-10,1,1,386.43,157,386.43
15665,2011-04-10 15:09:00,2011-06-24 14:57:00,2011-04,2,2,2242.01,1666,1121.005
15667,2011-10-31 10:56:00,2011-10-31 10:56:00,2011-10,1,1,301.32,240,301.32
15668,2011-05-06 10:39:00,2011-05-06 10:39:00,2011-05,1,1,76.32000000000001,72,76.32000000000001
15669,2011-03-21 09:13:00,2011-10-30 16:03:00,2011-03,4,4,684.34,342,171.085
15670,2011-02-16 10:50:00,2011-02-16 10:50:00,2011-02,1,1,173.05,91,173.05
15671,2011-03-14 09:37:00,2011-11-21 12:43:00,2011-03,7,5,2657.13,1699,379.59000000000003
15673,2011-01-16 16:25:00,2011-09-12 16:12:00,2011-01,4,4,2881.02,1514,720.255
15674,2011-03-30 09:19:00,2011-09-27 15:17:00,2011-03,4,4,2111.8900000000003,1274,527.9725000000001
15675,2011-03-04 14:21:00,2011-09-19 13:48:00,2011-03,3,3,323.69,527,107.89666666666666
15676,2011-03-01 10:19:00,2011-11-21 12:40:00,2011-03,3,2,3435.7599999999998,2252,1145.2533333333333
15677,2011-10-21 15:36:00,2011-10-21 15:36:00,2011-10,1,1,657.23,319,657.23
15678,2011-10-18 09:25:00,2011-10-18 09:25:00,2011-10,1,1,352.7,184,352.7
15679,2011-06-10 08:24:00,2011-11-15 16:19:00,2011-06,4,3,781.28,1170,195.32
15680,2010-12-08 14:43:00,2011-11-30 13:46:00,2010-12,3,3,1333.68,952,444.56
15681,2011-03-04 13:46:00,2011-11-14 16:30:00,2011-03,5,3,1426.16,816,285.232
15683,2011-08-14 12:56:00,2011-08-14 12:56:00,2011-08,1,1,193.75,131,193.75
15687,2011-01-13 15:13:00,2011-11-16 10:57:00,2011-01,8,6,2741.51,1173,342.68875
15689,2010-12-13 09:57:00,2011-08-12 09:37:00,2010-12,2,2,254.1,84,127.05
15690,2011-08-31 11:40:00,2011-08-31 11:40:00,2011-08,1,1,111.0,204,111.0
15691,2011-04-01 15:13:00,2011-04-01 15:13:00,2011-04,1,1,136.8,72,136.8
15692,2011-11-11 14:12:00,2011-11-11 14:12:00,2011-11,1,1,191.04,138,191.04
15694,2010-12-02 07:49:00,2011-11-14 13:33:00,2010-12,11,8,5592.72,1420,508.4290909090909
15695,2011-03-18 08:31:00,2011-03-18 08:32:00,2011-03,2,1,409.98,212,204.99
15696,2011-01-17 11:24:00,2011-11-06 14:02:00,2011-01,8,5,2736.46,1028,342.0575
15699,2011-11-22 08:26:00,2011-11-22 08:26:00,2011-11,1,1,309.65,113,309.65
15700,2011-06-19 15:36:00,2011-06-20 16:53:00,2011-06,2,1,696.68,357,348.34
15701,2011-08-21 12:36:00,2011-10-02 14:00:00,2011-08,3,3,1223.2,659,407.73333333333335
15703,2011-03-20 10:51:00,2011-03-20 10:51:00,2011-03,1,1,211.5,66,211.5
15704,2011-05-08 12:42:00,2011-07-22 13:35:00,2011-05,4,3,2293.62,1028,573.405
15705,2011-05-22 15:37:00,2011-05-22 15:37:00,2011-05,1,1,143.1,62,143.1
15706,2011-08-15 14:32:00,2011-10-07 10:09:00,2011-08,4,3,1060.56,321,265.14
15707,2011-09-14 14:19:00,2011-11-04 14:35:00,2011-09,4,3,945.5799999999999,605,236.39499999999998
15708,2010-12-05 11:12:00,2011-10-30 10:54:00,2010-12,7,6,3364.2400000000002,1267,480.6057142857143
15709,2011-03-01 10:38:00,2011-03-01 10:38:00,2011-03,1,1,133.25,121,133.25
15712,2011-02-25 11:32:00,2011-11-30 14:09:00,2011-02,5,5,1072.3600000000001,486,214.47200000000004
15713,2010-12-08 15:16:00,2011-07-19 13:34:00,2010-12,2,2,356.70000000000005,150,178.35000000000002
15714,2011-09-23 11:25:00,2011-11-28 11:26:00,2011-09,2,2,330.88,187,165.44
15716,2010-12-05 12:26:00,2011-07-17 11:59:00,2010-12,4,4,1118.81,744,279.7025
15717,2011-04-19 13:21:00,2011-04-19 13:21:00,2011-04,1,1,150.3,70,150.3
15719,2011-01-06 12:31:00,2011-11-07 12:29:00,2011-01,13,11,5043.96,2724,387.99692307692305
15720,2011-11-15 14:48:00,2011-11-15 14:48:00,2011-11,1,1,598.73,281,598.73
15721,2011-11-28 12:14:00,2011-11-28 12:14:00,2011-11,1,1,507.08,409,507.08
15722,2011-02-22 12:24:00,2011-11-04 11:43:00,2011-02,5,4,2222.56,1026,444.512
15723,2010-12-10 11:12:00,2010-12-10 11:12:00,2010-12,1,1,203.1,87,203.1
15724,2011-02-28 10:40:00,2011-05-22 14:40:00,2011-02,2,2,218.25,73,109.125
15725,2011-11-24 14:51:00,2011-11-24 14:51:00,2011-11,1,1,415.25,221,415.25
15727,2010-12-15 15:47:00,2011-11-23 12:36:00,2010-12,7,7,5178.96,3065,739.8514285714285
15729,2011-05-11 12:36:00,2011-05-11 12:36:00,2011-05,1,1,85.0,28,85.0
15730,2011-05-17 12:43:00,2011-10-05 12:31:00,2011-05,3,3,1120.88,689,373.6266666666667
15732,2010-12-02 15:00:00,2011-05-11 14:24:00,2010-12,2,2,294.12,215,147.06
15733,2011-03-02 09:05:00,2011-03-02 09:05:00,2011-03,1,1,162.3,62,162.3
15734,2011-05-23 14:59:00,2011-08-17 10:50:00,2011-05,2,2,1339.4500000000003,346,669.7250000000001
15737,2011-04-11 10:01:00,2011-11-25 11:21:00,2011-04,8,5,1205.12,599,150.64
15738,2010-12-02 12:50:00,2011-11-21 08:26:00,2010-12,16,12,4812.42,2982,300.77625
15739,2011-10-04 13:42:00,2011-10-04 13:42:00,2011-10,1,1,449.12,472,449.12
15740,2011-10-21 14:29:00,2011-10-21 14:29:00,2011-10,1,1,154.88,152,154.88
15743,2011-06-08 10:14:00,2011-11-23 17:19:00,2011-06,4,3,784.46,216,196.115
15744,2011-09-23 09:52:00,2011-09-23 09:52:00,2011-09,1,1,34.8,120,34.8
15745,2011-04-17 13:04:00,2011-11-20 13:45:00,2011-04,4,3,1094.5900000000001,421,273.64750000000004
15746,2011-07-28 15:21:00,2011-07-28 15:21:00,2011-07,1,1,196.88,178,196.88
15747,2011-06-20 11:30:00,2011-11-27 12:26:00,2011-06,3,3,974.04,480,324.68
15748,2011-10-30 12:51:00,2011-10-30 12:51:00,2011-10,1,1,149.31,51,149.31
15749,2011-01-11 12:55:00,2011-04-18 13:20:00,2011-01,3,2,44534.3,18028,14844.766666666668
15750,2010-12-08 10:36:00,2011-11-24 19:30:00,2010-12,7,5,2125.09,1581,303.5842857142857
15752,2010-12-02 09:43:00,2011-10-31 11:37:00,2010-12,7,7,2637.38,1978,376.7685714285714
15753,2011-02-08 12:41:00,2011-02-08 12:41:00,2011-02,1,1,79.2,144,79.2
15754,2011-04-07 12:24:00,2011-10-19 14:40:00,2011-04,3,3,458.57,199,152.85666666666665
15755,2011-02-18 11:53:00,2011-11-29 14:57:00,2011-02,6,5,2364.25,1427,394.0416666666667
15756,2011-04-04 14:00:00,2011-10-09 13:30:00,2011-04,4,4,532.96,242,133.24
15757,2011-05-06 11:40:00,2011-10-05 12:14:00,2011-05,2,2,714.4200000000001,491,357.21000000000004
15758,2011-11-15 10:48:00,2011-11-15 10:48:00,2011-11,1,1,205.25,47,205.25
15759,2010-12-16 15:29:00,2011-05-05 15:13:00,2010-12,3,3,253.04000000000002,60,84.34666666666668
15762,2011-09-23 15:17:00,2011-10-05 16:15:00,2011-09,2,2,583.75,251,291.875
15763,2011-09-23 12:10:00,2011-11-08 09:44:00,2011-09,2,2,1086.92,271,543.46
15764,2011-03-08 09:23:00,2011-09-12 17:58:00,2011-03,6,4,3279.9700000000003,2050,546.6616666666667
15766,2011-10-06 17:03:00,2011-10-06 17:03:00,2011-10,1,1,315.06,170,315.06
15768,2011-04-28 09:20:00,2011-08-16 10:48:00,2011-04,3,3,621.83,244,207.27666666666667
15769,2010-12-03 15:16:00,2011-11-09 11:55:00,2010-12,25,12,52848.72,27928,2113.9488
15774,2011-10-02 12:04:00,2011-10-02 12:04:00,2011-10,1,1,270.8,87,270.8
15775,2011-04-08 12:56:00,2011-04-08 12:56:00,2011-04,1,1,104.9,68,104.9
15776,2011-07-29 13:46:00,2011-07-29 13:46:00,2011-07,1,1,241.62,138,241.62
15777,2010-12-13 16:38:00,2011-04-12 16:43:00,2010-12,4,3,1047.11,378,261.7775
15780,2010-12-17 11:43:00,2011-06-09 12:01:00,2010-12,3,3,475.28000000000003,220,158.42666666666668
15781,2011-02-07 09:15:00,2011-11-14 14:57:00,2011-02,3,3,345.46000000000004,180,115.15333333333335
15782,2011-09-11 14:29:00,2011-11-30 10:49:00,2011-09,3,3,2614.7400000000002,864,871.58
15783,2011-11-29 09:50:00,2011-11-29 09:50:00,2011-11,1,1,246.3,212,246.3
15785,2011-02-17 14:17:00,2011-11-07 11:33:00,2011-02,5,4,2328.97,1612,465.794
15786,2011-08-17 13:33:00,2011-10-24 14:13:00,2011-08,3,2,4932.2,3364,1644.0666666666666
15787,2011-10-09 13:11:00,2011-11-13 14:55:00,2011-10,3,2,948.0500000000001,540,316.0166666666667
15789,2010-12-16 14:35:00,2010-12-16 14:35:00,2010-12,1,1,351.3,438,351.3
15790,2011-11-29 14:53:00,2011-11-29 14:53:00,2011-11,1,1,220.85,114,220.85
15791,2011-05-19 15:15:00,2011-10-27 10:14:00,2011-05,2,2,1612.69,731,806.345
15793,2011-03-16 10:45:00,2011-11-25 09:31:00,2011-03,3,3,965.61,553,321.87
15795,2011-07-13 10:43:00,2011-07-13 10:43:00,2011-07,1,1,610.01,581,610.01
15796,2011-02-10 15:40:00,2011-11-22 13:41:00,2011-02,7,6,2262.91,721,323.2728571428571
15797,2011-02-08 10:17:00,2011-08-18 17:04:00,2011-02,3,3,2192.4,872,730.8000000000001
15799,2011-01-09 15:13:00,2011-09-25 12:46:00,2011-01,3,3,884.14,955,294.7133333333333
15800,2011-04-07 12:39:00,2011-08-24 14:23:00,2011-04,2,2,699.0799999999999,335,349.53999999999996
15801,2011-08-22 09:53:00,2011-10-24 13:52:00,2011-08,3,2,1063.95,570,354.65000000000003
15803,2011-10-19 14:56:00,2011-10-19 14:56:00,2011-10,1,1,415.82,290,415.82
15804,2011-05-25 10:12:00,2011-11-28 15:50:00,2011-05,12,7,3877.34,2287,323.1116666666667
15805,2010-12-10 09:33:00,2011-11-16 16:32:00,2010-12,17,8,5528.48,3387,325.2047058823529
15806,2011-03-08 09:24:00,2011-10-24 14:35:00,2011-03,3,3,784.58,602,261.5266666666667
15807,2011-09-23 14:43:00,2011-10-20 14:10:00,2011-09,3,2,903.9000000000001,430,301.3
15808,2010-12-05 13:05:00,2011-02-06 14:33:00,2010-12,4,3,3734.9700000000003,1343,933.7425000000001
15809,2011-02-10 11:16:00,2011-11-03 16:40:00,2011-02,5,5,515.77,301,103.154
15810,2011-02-16 09:11:00,2011-09-22 09:38:00,2011-02,4,4,1391.98,861,347.995
15811,2010-12-09 15:29:00,2011-11-17 15:31:00,2010-12,6,5,2218.62,1071,369.77
15812,2011-01-26 12:12:00,2011-08-24 14:19:00,2011-01,5,5,1801.14,922,360.228
15813,2011-04-14 09:09:00,2011-05-16 08:13:00,2011-04,2,2,1303.9099999999999,603,651.9549999999999
15814,2011-10-20 09:04:00,2011-11-23 08:17:00,2011-10,4,2,1945.33,1271,486.3325
15815,2011-03-25 08:43:00,2011-10-07 12:42:00,2011-03,5,5,2100.6,1856,420.12
15819,2011-03-08 09:45:00,2011-10-21 14:50:00,2011-03,4,4,1905.45,1357,476.3625
15820,2011-01-24 12:00:00,2011-01-24 12:00:00,2011-01,1,1,206.98,128,206.98
15821,2011-10-09 13:28:00,2011-10-26 15:48:00,2011-10,2,1,570.96,202,285.48
15822,2010-12-15 13:38:00,2010-12-15 13:38:00,2010-12,1,1,440.2,160,440.2
15825,2011-06-20 13:27:00,2011-06-20 13:27:00,2011-06,1,1,532.94,220,532.94
15826,2011-05-13 10:44:00,2011-10-14 16:05:00,2011-05,3,2,1654.31,963,551.4366666666666
15827,2010-12-02 13:06:00,2011-09-27 15:35:00,2010-12,14,10,1836.0900000000001,882,131.14928571428572
15829,2011-07-22 10:23:00,2011-09-01 16:45:00,2011-07,2,2,636.14,996,318.07
15830,2011-11-02 10:40:00,2011-11-02 10:40:00,2011-11,1,1,576.0,415,576.0
15831,2011-01-19 14:52:00,2011-10-12 13:14:00,2011-01,3,3,801.76,1105,267.25333333333333
15832,2011-03-30 15:29:00,2011-03-30 15:29:00,2011-03,1,1,836.79,465,836.79
15834,2011-03-07 17:52:00,2011-09-30 14:41:00,2011-03,4,3,2231.25,963,557.8125
15835,2011-01-13 10:35:00,2011-10-26 15:47:00,2011-01,4,4,954.09,439,238.5225
15836,2011-10-20 17:13:00,2011-10-20 17:13:00,2011-10,1,1,137.37,26,137.37
15837,2011-10-06 09:01:00,2011-10-06 09:01:00,2011-10,1,1,391.98,189,391.98
15838,2010-12-07 11:26:00,2011-11-28 14:00:00,2010-12,19,10,33643.08,18368,1770.6884210526316
15839,2011-07-14 16:35:00,2011-11-06 13:54:00,2011-07,3,3,1048.49,675,349.49666666666667
15840,2011-06-20 11:42:00,2011-10-12 09:08:00,2011-06,2,2,355.56,396,177.78
15841,2011-01-05 11:25:00,2011-09-28 12:15:00,2011-01,4,3,1224.06,942,306.015
15843,2011-02-09 10:19:00,2011-02-09 10:19:00,2011-02,1,1,118.95000000000002,27,118.95000000000002
15844,2011-10-24 15:19:00,2011-10-24 15:19:00,2011-10,1,1,130.73999999999998,134,130.73999999999998
15845,2011-01-06 17:19:00,2011-11-22 09:42:00,2011-01,8,7,3711.77,1926,463.97125
15847,2011-02-24 16:46:00,2011-11-01 14:41:00,2011-02,2,2,389.27,449,194.635
15850,2011-06-24 14:16:00,2011-11-20 14:14:00,2011-06,2,2,238.85,302,119.425
15852,2011-05-26 13:26:00,2011-06-06 11:22:00,2011-05,2,2,160.71,48,80.355
15853,2011-10-19 10:38:00,2011-10-19 10:38:00,2011-10,1,1,110.8,135,110.8
15854,2010-12-13 11:47:00,2011-09-14 12:25:00,2010-12,10,8,2839.94,819,283.994
15855,2011-03-21 12:32:00,2011-07-26 10:20:00,2011-03,5,5,712.24,470,142.448
15856,2010-12-09 13:34:00,2011-10-25 17:29:00,2010-12,21,10,13275.61,9119,632.1719047619048
15857,2011-11-21 12:18:00,2011-11-21 12:18:00,2011-11,1,1,297.0,308,297.0
15858,2010-12-07 14:31:00,2011-11-24 12:48:00,2010-12,5,5,1438.8500000000001,1167,287.77000000000004
15860,2010-12-06 11:38:00,2011-10-30 11:25:00,2010-12,8,6,977.21,440,122.15125
15861,2011-03-17 20:12:00,2011-11-27 15:59:00,2011-03,8,4,3165.36,2544,395.67
15862,2010-12-01 11:21:00,2011-08-19 16:34:00,2010-12,3,3,659.73,499,219.91
15863,2011-05-31 11:36:00,2011-11-14 12:49:00,2011-05,2,2,68.84,19,34.42
15864,2011-01-27 16:43:00,2011-11-17 13:32:00,2011-01,6,5,1936.32,1192,322.71999999999997
15865,2011-05-10 11:44:00,2011-10-30 12:43:00,2011-05,3,3,895.1300000000001,368,298.3766666666667
15866,2011-08-30 14:09:00,2011-08-30 14:09:00,2011-08,1,1,230.53,126,230.53
15867,2010-12-05 14:17:00,2011-11-17 16:39:00,2010-12,14,11,3520.52,1783,251.46571428571428
15869,2011-03-07 17:19:00,2011-03-07 17:23:00,2011-03,2,1,149.64,175,74.82
15870,2011-11-07 10:58:00,2011-11-07 10:58:00,2011-11,1,1,354.09000000000003,335,354.09000000000003
15872,2011-11-25 11:54:00,2011-11-25 11:55:00,2011-11,2,1,360.93,212,180.465
15874,2011-02-28 13:28:00,2011-10-07 12:31:00,2011-02,7,6,4405.88,2534,629.4114285714286
15877,2011-11-22 11:18:00,2011-11-22 11:18:00,2011-11,1,1,242.26,175,242.26
15880,2010-12-05 13:00:00,2010-12-05 13:00:00,2010-12,1,1,343.28,211,343.28
15881,2010-12-10 13:32:00,2011-01-31 16:59:00,2010-12,5,2,501.39000000000004,260,100.278
15882,2010-12-06 13:01:00,2011-05-25 11:35:00,2010-12,4,2,514.08,264,128.52
15883,2011-11-06 14:50:00,2011-11-06 14:50:00,2011-11,1,1,143.76,72,143.76
15885,2011-09-07 14:56:00,2011-09-07 14:56:00,2011-09,1,1,349.35,109,349.35
15886,2011-10-10 14:25:00,2011-10-10 14:25:00,2011-10,1,1,181.09,147,181.09
15888,2011-09-20 12:30:00,2011-09-20 12:30:00,2011-09,1,1,162.64,67,162.64
15889,2010-12-05 15:12:00,2011-07-06 11:10:00,2010-12,2,2,427.57,209,213.785
15891,2011-04-27 12:35:00,2011-04-27 12:35:00,2011-04,1,1,521.97,441,521.97
15894,2010-12-05 14:06:00,2011-03-31 13:50:00,2010-12,2,2,262.9,167,131.45
15895,2011-07-13 10:27:00,2011-07-13 10:27:00,2011-07,1,1,179.17,94,179.17
15897,2011-05-29 13:32:00,2011-05-29 13:50:00,2011-05,2,1,222.05,261,111.025
15898,2010-12-06 11:01:00,2011-04-27 10:03:00,2010-12,4,3,1002.99,424,250.7475
15899,2010-12-06 10:36:00,2010-12-06 10:36:00,2010-12,1,1,56.25,39,56.25
15900,2011-11-16 12:19:00,2011-11-16 12:19:00,2011-11,1,1,351.11,221,351.11
15901,2011-07-08 12:18:00,2011-11-23 12:43:00,2011-07,3,3,361.9,377,120.63333333333333
15903,2011-02-17 14:04:00,2011-11-30 08:08:00,2011-02,7,4,5126.76,2410,732.3942857142857
15906,2011-03-29 13:28:00,2011-11-20 12:24:00,2011-03,7,5,1567.69,544,223.9557142857143
15907,2011-05-13 13:01:00,2011-06-16 12:45:00,2011-05,2,2,529.52,256,264.76
15909,2011-06-19 10:38:00,2011-06-19 10:38:00,2011-06,1,1,191.93999999999997,98,191.93999999999997
15910,2011-01-27 11:55:00,2011-11-24 16:59:00,2011-01,7,7,1098.83,857,156.97571428571428
15912,2011-04-20 17:10:00,2011-06-14 14:29:00,2011-04,2,2,264.62,185,132.31
15916,2010-12-08 13:07:00,2011-11-23 13:46:00,2010-12,8,6,1528.0900000000001,757,191.01125000000002
15917,2011-04-06 10:40:00,2011-04-06 10:40:00,2011-04,1,1,123.1,42,123.1
15918,2011-03-13 15:55:00,2011-06-02 11:42:00,2011-03,2,2,334.23,153,167.115
15919,2010-12-06 11:26:00,2011-11-20 11:28:00,2010-12,2,2,639.89,545,319.945
15920,2011-07-08 15:16:00,2011-07-08 15:25:00,2011-07,3,1,163.55,94,54.51666666666667
15921,2011-06-20 11:03:00,2011-06-20 11:03:00,2011-06,1,1,336.03000000000003,166,336.03000000000003
15922,2010-12-01 13:51:00,2010-12-01 13:51:00,2010-12,1,1,369.5,138,369.5
15923,2010-12-02 12:16:00,2010-12-02 12:16:00,2010-12,1,1,127.08,122,127.08
15925,2011-05-29 15:35:00,2011-05-29 15:35:00,2011-05,1,1,207.15,93,207.15
15930,2011-10-03 14:52:00,2011-10-03 14:52:00,2011-10,1,1,426.63,139,426.63
15932,2011-02-23 14:50:00,2011-09-12 14:24:00,2011-02,7,7,2195.65,1931,313.6642857142857
15933,2011-09-14 12:05:00,2011-11-18 13:14:00,2011-09,3,2,1107.46,885,369.15333333333336
15935,2011-04-14 13:27:00,2011-04-14 13:27:00,2011-04,1,1,108.04,114,108.04
15937,2011-10-06 15:48:00,2011-10-06 15:48:00,2011-10,1,1,145.35,73,145.35
15938,2011-01-20 10:11:00,2011-08-19 12:56:00,2011-01,5,5,404.58000000000004,240,80.91600000000001
15939,2011-01-12 12:43:00,2011-09-11 11:30:00,2011-01,14,9,6100.01,4727,435.71500000000003
15940,2011-02-01 16:18:00,2011-02-01 16:18:00,2011-02,1,1,35.8,4,35.8
15942,2011-07-29 09:01:00,2011-07-29 09:01:00,2011-07,1,1,337.44,232,337.44
15944,2011-03-08 10:33:00,2011-03-08 10:33:00,2011-03,1,1,325.1,50,325.1
15945,2010-12-09 13:14:00,2010-12-09 13:14:00,2010-12,1,1,181.0,52,181.0
15947,2011-09-18 10:46:00,2011-09-18 10:46:00,2011-09,1,1,1708.24,898,1708.24
15948,2011-10-27 08:35:00,2011-10-27 08:35:00,2011-10,1,1,644.24,439,644.24
15949,2011-09-29 17:34:00,2011-11-23 09:09:00,2011-09,2,2,364.72,284,182.36
15950,2010-12-15 11:56:00,2011-11-08 11:09:00,2010-12,4,4,1765.51,729,441.3775
15951,2011-02-27 11:57:00,2011-02-27 11:57:00,2011-02,1,1,375.17,174,375.17
15952,2011-04-28 12:55:00,2011-11-06 11:18:00,2011-04,4,4,806.57,399,201.6425
15953,2010-12-05 15:15:00,2011-11-24 15:32:00,2010-12,8,6,1659.3799999999999,892,207.42249999999999
15955,2010-12-02 11:22:00,2011-11-15 14:15:00,2010-12,14,7,4416.26,2135,315.44714285714286
15957,2011-11-08 12:14:00,2011-11-08 12:14:00,2011-11,1,1,428.89,211,428.89
15958,2011-09-26 13:41:00,2011-09-26 13:41:00,2011-09,1,1,104.35000000000001,33,104.35000000000001
15963,2011-10-25 13:05:00,2011-11-20 11:33:00,2011-10,2,2,470.76,298,235.38
15965,2010-12-07 13:18:00,2011-11-22 16:44:00,2010-12,4,2,845.6400000000001,453,211.41000000000003
15967,2011-01-25 11:57:00,2011-11-16 15:41:00,2011-01,2,2,418.83000000000004,211,209.41500000000002
15969,2011-06-07 12:19:00,2011-10-21 08:24:00,2011-06,2,2,531.1,92,265.55
15970,2011-02-09 12:08:00,2011-02-09 12:08:00,2011-02,1,1,314.1,116,314.1
15971,2011-02-01 16:47:00,2011-11-22 12:50:00,2011-02,12,8,4194.9,1716,349.575
15973,2010-12-08 11:42:00,2010-12-08 11:42:00,2010-12,1,1,307.82,106,307.82
15974,2011-02-24 10:10:00,2011-10-31 13:13:00,2011-02,7,7,3442.15,2262,491.7357142857143
15975,2011-09-16 13:33:00,2011-09-16 13:33:00,2011-09,1,1,371.01,243,371.01
15976,2011-05-03 17:12:00,2011-06-27 13:00:00,2011-05,2,2,430.94,277,215.47
15977,2011-10-31 16:24:00,2011-11-22 13:29:00,2011-10,2,2,1054.73,1016,527.365
15978,2011-09-23 15:21:00,2011-09-23 15:21:00,2011-09,1,1,1098.78,888,1098.78
15980,2011-03-30 15:05:00,2011-09-12 09:41:00,2011-03,3,2,2398.8599999999997,1560,799.6199999999999
15981,2011-02-01 13:50:00,2011-11-15 08:00:00,2011-02,8,8,3408.48,1866,426.06
15983,2010-12-01 12:15:00,2011-11-17 17:34:00,2010-12,4,2,1475.02,892,368.755
15984,2010-12-06 13:21:00,2011-09-29 19:30:00,2010-12,8,7,2091.96,1104,261.495
15985,2011-04-17 11:04:00,2011-08-08 16:31:00,2011-04,2,2,1142.42,1086,571.21
15986,2011-11-09 15:17:00,2011-11-09 15:17:00,2011-11,1,1,168.12,268,168.12
15987,2010-12-06 08:34:00,2011-11-27 15:38:00,2010-12,7,5,1451.2800000000002,1556,207.32571428571433
15988,2011-11-20 13:23:00,2011-11-20 13:23:00,2011-11,1,1,158.03,181,158.03
15990,2011-02-25 15:35:00,2011-10-26 15:58:00,2011-02,2,2,792.11,443,396.055
15993,2011-10-26 16:21:00,2011-11-23 12:45:00,2011-10,5,2,2553.43,1878,510.686
15994,2011-10-16 12:28:00,2011-10-16 12:28:00,2011-10,1,1,427.07,177,427.07
15996,2010-12-08 15:59:00,2011-09-12 15:14:00,2010-12,6,6,1060.68,384,176.78
15998,2010-12-12 13:32:00,2011-11-03 12:45:00,2010-12,5,5,3089.9700000000003,2041,617.994
16003,2010-12-15 12:09:00,2011-11-10 09:57:00,2010-12,5,4,2735.37,1185,547.074
16005,2011-03-14 11:46:00,2011-11-27 13:47:00,2011-03,4,3,615.39,300,153.8475
16006,2011-05-12 13:12:00,2011-05-12 13:12:00,2011-05,1,1,101.4,84,101.4
16007,2011-05-08 13:32:00,2011-10-23 11:05:00,2011-05,4,3,1701.94,1393,425.485
16008,2011-05-19 10:54:00,2011-11-16 10:32:00,2011-05,3,3,478.78,323,159.59333333333333
16009,2011-07-03 11:26:00,2011-11-17 16:51:00,2011-07,4,3,992.71,378,248.1775
16010,2010-12-12 12:18:00,2011-04-08 10:14:00,2010-12,3,2,407.5,210,135.83333333333334
16011,2010-12-08 16:34:00,2011-11-10 12:32:00,2010-12,15,10,2968.79,1814,197.91933333333333
16012,2011-07-07 18:02:00,2011-11-04 13:25:00,2011-07,3,3,1415.29,799,471.7633333333333
16013,2010-12-03 13:09:00,2011-11-21 12:21:00,2010-12,45,12,34486.88,14356,766.3751111111111
16014,2011-02-21 17:42:00,2011-11-02 12:04:00,2011-02,3,3,662.38,265,220.79333333333332
16015,2011-10-21 12:56:00,2011-11-13 11:55:00,2011-10,2,2,502.0,632,251.0
16016,2010-12-08 12:36:00,2011-11-24 19:07:00,2010-12,7,5,1368.16,544,195.45142857142858
16017,2011-10-23 12:56:00,2011-10-23 12:56:00,2011-10,1,1,211.88,102,211.88
16018,2011-06-12 13:52:00,2011-10-31 14:13:00,2011-06,2,2,408.9,190,204.45
16019,2010-12-10 12:29:00,2011-10-24 11:51:00,2010-12,9,7,3786.2400000000002,1733,420.6933333333334
16020,2011-10-05 13:54:00,2011-11-23 11:18:00,2011-10,3,2,851.01,487,283.67
16022,2011-03-24 13:16:00,2011-03-24 13:16:00,2011-03,1,1,628.28,261,628.28
16023,2011-03-18 13:32:00,2011-10-24 16:34:00,2011-03,3,3,719.8100000000001,358,239.9366666666667
16024,2011-11-27 13:26:00,2011-11-27 13:26:00,2011-11,1,1,245.96,378,245.96
16025,2011-11-10 11:45:00,2011-11-10 11:45:00,2011-11,1,1,439.65999999999997,338,439.65999999999997
16026,2011-10-27 13:53:00,2011-10-27 13:53:00,2011-10,1,1,236.09,243,236.09
16027,2011-02-10 12:19:00,2011-09-09 10:47:00,2011-02,6,5,934.62,1147,155.77
16029,2010-12-01 09:57:00,2011-11-01 10:27:00,2010-12,62,12,72882.09,40207,1175.5175806451612
16030,2011-02-03 11:28:00,2011-02-03 11:28:00,2011-02,1,1,331.24,283,331.24
16031,2011-04-06 14:23:00,2011-09-08 13:07:00,2011-04,2,2,548.94,423,274.47
16033,2010-12-05 10:36:00,2011-11-06 13:53:00,2010-12,19,12,8394.53,3333,441.81736842105266
16034,2011-01-11 11:54:00,2011-05-27 16:17:00,2011-01,3,2,437.7,242,145.9
16036,2011-03-21 13:01:00,2011-09-13 14:53:00,2011-03,2,2,758.9200000000001,716,379.46000000000004
16037,2010-12-16 10:18:00,2011-03-15 09:13:00,2010-12,3,3,855.02,428,285.00666666666666
16038,2011-05-22 11:29:00,2011-06-15 13:50:00,2011-05,2,2,393.33,229,196.665
16040,2011-03-16 09:58:00,2011-10-05 13:47:00,2011-03,3,3,1313.55,684,437.84999999999997
16041,2011-07-21 16:27:00,2011-11-09 12:25:00,2011-07,3,2,3166.4,1584,1055.4666666666667
16042,2011-01-11 13:25:00,2011-11-17 17:50:00,2011-01,5,4,1197.27,755,239.454
16043,2011-01-26 11:14:00,2011-11-02 12:50:00,2011-01,4,4,773.99,503,193.4975
16045,2011-02-22 14:55:00,2011-08-12 12:41:00,2011-02,4,4,1340.7,897,335.175
16048,2010-12-01 15:27:00,2010-12-01 15:28:00,2010-12,2,1,256.44000000000005,144,128.22000000000003
16049,2011-09-25 14:33:00,2011-10-30 13:19:00,2011-09,3,2,1111.79,793,370.59666666666664
16050,2011-06-19 11:44:00,2011-06-19 11:44:00,2011-06,1,1,137.9,278,137.9
16052,2011-10-16 15:13:00,2011-10-16 15:13:00,2011-10,1,1,362.06,282,362.06
16053,2011-08-09 14:57:00,2011-11-07 11:21:00,2011-08,2,2,1511.95,1793,755.975
16054,2011-07-17 13:08:00,2011-07-17 13:08:00,2011-07,1,1,783.9,380,783.9
16055,2011-05-03 09:26:00,2011-05-03 09:26:00,2011-05,1,1,134.8,22,134.8
16056,2011-10-25 15:19:00,2011-10-25 15:19:00,2011-10,1,1,664.85,347,664.85
16057,2011-02-28 10:35:00,2011-11-23 15:23:00,2011-02,7,4,2263.12,863,323.30285714285714
16059,2010-12-07 10:36:00,2011-10-05 09:56:00,2010-12,6,6,1459.8600000000001,643,243.31000000000003
16062,2010-12-10 12:00:00,2011-11-30 12:15:00,2010-12,4,4,1153.6200000000001,800,288.40500000000003
16063,2011-03-24 14:55:00,2011-03-24 14:55:00,2011-03,1,1,335.32,262,335.32
16065,2010-12-09 13:03:00,2010-12-09 13:03:00,2010-12,1,1,372.09,231,372.09
16066,2011-08-07 14:33:00,2011-11-23 11:54:00,2011-08,5,3,1521.87,936,304.37399999999997
16070,2011-11-07 16:36:00,2011-11-17 15:50:00,2011-11,2,1,852.1500000000001,457,426.07500000000005
16071,2011-10-26 11:14:00,2011-10-26 11:14:00,2011-10,1,1,326.24,180,326.24
16072,2011-02-24 14:32:00,2011-02-24 14:32:00,2011-02,1,1,584.32,140,584.32
16073,2011-02-15 15:41:00,2011-02-15 15:41:00,2011-02,1,1,122.39999999999999,48,122.39999999999999
16076,2011-05-15 12:31:00,2011-11-17 17:16:00,2011-05,9,6,2073.75,1353,230.41666666666666
16078,2011-03-01 09:47:00,2011-03-01 09:47:00,2011-03,1,1,79.2,16,79.2
16079,2011-10-30 13:06:00,2011-11-23 12:48:00,2011-10,3,2,1352.0,864,450.6666666666667
16080,2011-03-10 14:44:00,2011-09-19 10:42:00,2011-03,2,2,217.16,128,108.58
16081,2010-12-08 11:16:00,2011-10-14 13:06:00,2010-12,5,5,2806.9,1477,561.38
16083,2010-12-14 11:51:00,2011-08-31 10:47:00,2010-12,2,2,1317.62,908,658.81
16084,2011-02-13 16:05:00,2011-02-13 16:05:00,2011-02,1,1,436.18,216,436.18
16085,2011-01-23 12:07:00,2011-11-16 13:24:00,2011-01,5,5,981.51,636,196.302
16086,2010-12-07 13:45:00,2011-10-11 13:09:00,2010-12,5,5,1121.3899999999999,511,224.27799999999996
16091,2011-05-25 09:18:00,2011-07-08 08:45:00,2011-05,2,2,315.06,154,157.53
16092,2011-03-30 15:38:00,2011-08-17 10:46:00,2011-03,3,3,817.86,628,272.62
16093,2011-08-25 11:09:00,2011-08-25 11:09:00,2011-08,1,1,17.0,20,17.0
16094,2011-05-04 13:57:00,2011-11-28 12:45:00,2011-05,4,2,1078.23,647,269.5575
16096,2011-03-20 13:38:00,2011-03-20 13:38:00,2011-03,1,1,320.62,155,320.62
16097,2011-04-13 13:47:00,2011-04-13 13:47:00,2011-04,1,1,185.04999999999998,87,185.04999999999998
16098,2010-12-01 09:45:00,2011-09-13 09:59:00,2010-12,7,7,2005.63,613,286.5185714285714
16099,2011-04-28 08:34:00,2011-10-20 13:13:00,2011-04,3,3,731.9000000000001,434,243.9666666666667
16101,2011-09-30 10:18:00,2011-09-30 10:18:00,2011-09,1,1,1290.7,757,1290.7
16102,2011-08-03 12:50:00,2011-10-28 13:19:00,2011-08,3,3,1842.14,942,614.0466666666667
16103,2011-04-20 12:28:00,2011-09-21 11:55:00,2011-04,5,4,1413.14,556,282.62800000000004
16104,2011-10-09 10:23:00,2011-10-09 10:23:00,2011-10,1,1,302.36,123,302.36
16105,2011-04-05 10:13:00,2011-04-05 10:13:00,2011-04,1,1,336.96,330,336.96
16106,2011-10-05 10:37:00,2011-10-05 10:37:00,2011-10,1,1,108.38,74,108.38
16107,2011-06-09 18:42:00,2011-11-22 09:40:00,2011-06,7,6,3204.1600000000003,1176,457.7371428571429
16108,2011-09-16 11:48:00,2011-09-16 11:48:00,2011-09,1,1,842.5,615,842.5
16109,2011-02-04 12:37:00,2011-05-05 09:17:00,2011-02,2,2,611.8799999999999,612,305.93999999999994
16110,2011-02-01 14:01:00,2011-10-25 14:35:00,2011-02,3,3,1337.48,733,445.82666666666665
16112,2011-01-05 11:47:00,2011-07-19 14:28:00,2011-01,4,2,195.74,574,48.935
16113,2011-06-09 16:16:00,2011-06-09 16:16:00,2011-06,1,1,161.38,176,161.38
16114,2011-06-22 10:13:00,2011-06-22 10:13:00,2011-06,1,1,135.75000000000003,43,135.75000000000003
16115,2011-02-20 12:14:00,2011-11-30 11:32:00,2011-02,8,8,1667.97,1001,208.49625
16116,2011-05-12 12:01:00,2011-05-12 12:01:00,2011-05,1,1,612.78,248,612.78
16117,2011-06-03 11:42:00,2011-06-03 11:42:00,2011-06,1,1,232.21,130,232.21
16119,2011-09-28 10:15:00,2011-09-28 10:15:00,2011-09,1,1,309.48,172,309.48
16120,2011-10-11 14:10:00,2011-10-11 14:22:00,2011-10,4,1,1309.14,878,327.285
16121,2011-05-08 11:52:00,2011-10-13 12:59:00,2011-05,2,2,867.11,586,433.555
16122,2010-12-08 11:41:00,2011-09-27 15:34:00,2010-12,4,4,684.4200000000001,1128,171.10500000000002
16123,2011-10-19 09:18:00,2011-10-19 09:18:00,2011-10,1,1,307.78,170,307.78
16124,2011-01-26 14:45:00,2011-01-26 14:45:00,2011-01,1,1,249.0,48,249.0
16125,2010-12-07 15:48:00,2010-12-07 15:48:00,2010-12,1,1,289.35,124,289.35
16126,2011-02-16 11:18:00,2011-11-10 16:03:00,2011-02,4,4,6287.77,2125,1571.9425
16127,2011-10-31 13:58:00,2011-10-31 13:58:00,2011-10,1,1,656.25,323,656.25
16128,2011-03-02 12:21:00,2011-11-22 11:14:00,2011-03,5,4,1880.22,988,376.044
16131,2011-04-14 08:32:00,2011-10-19 11:53:00,2011-04,6,4,3506.54,1802,584.4233333333333
16133,2011-01-25 15:55:00,2011-11-23 09:02:00,2011-01,30,10,13651.92,7859,455.064
16134,2010-12-15 14:00:00,2011-11-18 10:05:00,2010-12,2,2,618.09,371,309.045
16135,2011-03-22 12:30:00,2011-03-22 12:30:00,2011-03,1,1,517.55,209,517.55
16136,2011-03-07 09:52:00,2011-10-11 09:10:00,2011-03,3,3,709.38,440,236.46
16139,2011-05-17 10:23:00,2011-11-21 08:37:00,2011-05,3,3,635.41,330,211.8033333333333
16140,2010-12-03 14:40:00,2011-10-05 12:15:00,2010-12,2,2,725.18,730,362.59
16141,2011-09-12 13:11:00,2011-09-12 13:11:00,2011-09,1,1,620.4,238,620.4
16142,2011-04-04 10:16:00,2011-04-04 10:16:00,2011-04,1,1,535.34,422,535.34
16143,2010-12-05 15:18:00,2011-08-23 16:01:00,2010-12,5,4,1949.3600000000001,715,389.872
16144,2011-04-07 10:09:00,2011-04-07 10:09:00,2011-04,1,1,175.2,16,175.2
16145,2010-12-15 09:09:00,2011-10-30 13:17:00,2010-12,10,9,3432.1,2943,343.21
16146,2011-04-21 15:25:00,2011-07-05 14:20:00,2011-04,3,3,734.13,427,244.71
16147,2011-07-29 09:57:00,2011-07-29 09:57:00,2011-07,1,1,375.0,246,375.0
16148,2011-02-16 14:01:00,2011-02-16 14:01:00,2011-02,1,1,76.32000000000001,72,76.32000000000001
16149,2011-07-20 14:54:00,2011-07-20 14:54:00,2011-07,1,1,163.68,168,163.68
16150,2010-12-02 18:27:00,2011-10-28 12:39:00,2010-12,5,5,2053.02,1047,410.604
16152,2011-03-16 09:47:00,2011-03-16 09:47:00,2011-03,1,1,1829.04,642,1829.04
16153,2010-12-20 09:22:00,2011-10-21 10:50:00,2010-12,5,5,1824.23,1073,364.846
16156,2011-02-02 12:02:00,2011-11-15 17:14:00,2011-02,8,7,2806.4300000000003,1223,350.80375000000004
16157,2011-09-28 11:48:00,2011-11-24 11:41:00,2011-09,3,2,656.69,347,218.89666666666668
16159,2011-03-03 12:27:00,2011-03-03 12:27:00,2011-03,1,1,348.2,236,348.2
16160,2011-09-15 10:53:00,2011-10-05 14:19:00,2011-09,2,2,1025.44,1162,512.72
16161,2010-12-06 10:03:00,2011-11-25 12:17:00,2010-12,18,10,5257.05,2507,292.05833333333334
16162,2011-04-01 15:03:00,2011-04-01 15:03:00,2011-04,1,1,37.4,4,37.4
16163,2010-12-09 16:28:00,2011-04-21 15:15:00,2010-12,2,2,856.6000000000001,192,428.30000000000007
16164,2011-10-28 09:12:00,2011-11-22 15:04:00,2011-10,3,2,822.48,433,274.16
16168,2010-12-05 11:38:00,2011-11-29 12:45:00,2010-12,27,11,3787.6,1892,140.28148148148148
16169,2011-09-25 11:33:00,2011-11-10 15:23:00,2011-09,3,3,1483.95,1115,494.65000000000003
16170,2011-04-05 13:42:00,2011-10-20 08:21:00,2011-04,6,5,1885.05,1770,314.175
16171,2011-10-11 14:51:00,2011-10-11 14:51:00,2011-10,1,1,73.2,24,73.2
16172,2011-04-12 12:02:00,2011-09-05 13:22:00,2011-04,5,4,1140.21,787,228.042
16173,2011-09-02 15:23:00,2011-11-24 10:53:00,2011-09,6,3,1418.32,575,236.38666666666666
16174,2011-07-11 09:23:00,2011-08-05 13:26:00,2011-07,3,2,1009.55,651,336.51666666666665
16175,2011-04-13 14:38:00,2011-09-06 14:32:00,2011-04,4,4,1037.59,533,259.3975
16177,2011-10-20 12:57:00,2011-10-20 12:57:00,2011-10,1,1,331.95,95,331.95
16178,2011-07-24 16:05:00,2011-07-24 16:05:00,2011-07,1,1,197.9,94,197.9
16179,2011-10-10 09:41:00,2011-10-10 09:41:00,2011-10,1,1,215.83,99,215.83
16180,2011-04-01 10:23:00,2011-08-31 16:28:00,2011-04,8,5,10254.18,5867,1281.7725
16181,2011-09-27 13:38:00,2011-09-27 13:38:00,2011-09,1,1,305.54,152,305.54
16182,2011-02-18 10:11:00,2011-09-28 13:23:00,2011-02,4,4,6617.65,3791,1654.4125
16183,2011-10-03 14:59:00,2011-10-03 14:59:00,2011-10,1,1,338.71000000000004,113,338.71000000000004
16184,2011-05-12 13:33:00,2011-10-06 17:43:00,2011-05,6,5,1158.79,561,193.13166666666666
16185,2011-04-21 11:59:00,2011-11-23 09:41:00,2011-04,2,2,529.41,260,264.705
16186,2010-12-02 14:40:00,2011-11-17 12:43:00,2010-12,12,8,4006.94,3020,333.9116666666667
16187,2011-02-28 13:34:00,2011-11-08 09:50:00,2011-02,15,8,6911.4400000000005,5048,460.7626666666667
16188,2011-04-11 09:44:00,2011-10-26 12:19:00,2011-04,4,3,981.86,782,245.465
16189,2011-09-15 15:21:00,2011-11-24 11:47:00,2011-09,2,2,215.48,134,107.74
16190,2011-10-30 15:59:00,2011-10-30 15:59:00,2011-10,1,1,215.08,88,215.08
16191,2010-12-14 12:38:00,2011-11-28 09:08:00,2010-12,12,6,4935.86,3174,411.32166666666666
16193,2011-04-17 11:45:00,2011-04-17 11:45:00,2011-04,1,1,314.45,219,314.45
16198,2011-09-25 14:58:00,2011-09-25 14:58:00,2011-09,1,1,400.68100000000004,129,400.68100000000004
16200,2011-06-28 15:47:00,2011-06-28 15:47:00,2011-06,1,1,550.57,231,550.57
16201,2011-08-22 10:47:00,2011-11-18 17:20:00,2011-08,3,3,1354.07,950,451.3566666666666
16202,2010-12-14 10:43:00,2010-12-14 10:43:00,2010-12,1,1,365.27,191,365.27
16203,2010-12-02 15:39:00,2011-10-12 12:31:00,2010-12,4,4,592.9,262,148.225
16204,2011-11-16 13:40:00,2011-11-16 13:40:00,2011-11,1,1,405.71,231,405.71
16205,2011-06-13 11:33:00,2011-11-09 09:32:00,2011-06,4,3,754.78,513,188.695
16206,2011-01-16 11:07:00,2011-10-16 10:41:00,2011-01,4,4,537.06,272,134.265
16207,2011-11-14 13:51:00,2011-11-14 13:51:00,2011-11,1,1,394.38,140,394.38
16208,2011-02-23 13:37:00,2011-10-26 11:36:00,2011-02,2,2,664.26,333,332.13
16209,2011-04-07 12:23:00,2011-09-12 11:58:00,2011-04,5,4,2262.62,1179,452.524
16210,2010-12-01 12:27:00,2011-11-30 10:54:00,2010-12,16,7,17476.9,6502,1092.30625
16211,2011-09-12 12:11:00,2011-09-12 12:11:00,2011-09,1,1,547.02,154,547.02
16212,2011-03-01 12:51:00,2011-11-20 13:00:00,2011-03,2,2,690.34,244,345.17
16213,2011-09-22 10:03:00,2011-09-22 10:03:00,2011-09,1,1,159.0,48,159.0
16214,2011-03-15 13:23:00,2011-06-22 11:30:00,2011-03,3,3,1062.75,420,354.25
16215,2011-09-20 10:18:00,2011-09-20 10:18:00,2011-09,1,1,242.35,104,242.35
16216,2011-03-17 15:34:00,2011-03-17 15:34:00,2011-03,1,1,914.9300000000001,254,914.9300000000001
16217,2011-03-02 15:28:00,2011-04-18 13:31:00,2011-03,2,2,304.25,91,152.125
16218,2010-12-01 11:29:00,2011-11-10 09:59:00,2010-12,7,6,3084.68,2088,440.6685714285714
16221,2010-12-07 13:13:00,2011-11-03 11:43:00,2010-12,3,3,864.86,717,288.2866666666667
16222,2011-01-25 13:38:00,2011-01-25 13:38:00,2011-01,1,1,846.72,365,846.72
16224,2011-04-04 12:00:00,2011-10-13 17:51:00,2011-04,4,3,1295.3,1116,323.825
16225,2011-03-07 12:17:00,2011-10-26 08:30:00,2011-03,5,4,1096.3200000000002,493,219.26400000000004
16226,2011-04-18 12:58:00,2011-05-20 14:41:00,2011-04,3,2,255.12,192,85.04
16227,2011-04-28 13:33:00,2011-04-28 13:33:00,2011-04,1,1,314.22,90,314.22
16229,2011-05-11 10:18:00,2011-09-13 17:16:00,2011-05,2,2,1010.5999999999999,318,505.29999999999995
16230,2011-05-03 15:12:00,2011-06-03 10:06:00,2011-05,2,2,542.03,365,271.015
16232,2011-05-08 14:05:00,2011-10-27 12:16:00,2011-05,4,3,990.88,550,247.72
16233,2010-12-08 12:51:00,2011-09-29 17:27:00,2010-12,3,3,536.6800000000001,174,178.89333333333335
16235,2011-01-11 15:42:00,2011-10-30 10:56:00,2011-01,4,4,857.31,329,214.3275
16236,2011-09-22 14:10:00,2011-09-22 14:10:00,2011-09,1,1,432.2,184,432.2
16239,2011-06-03 09:30:00,2011-10-14 08:29:00,2011-06,2,2,414.2,228,207.1
16240,2011-09-23 13:44:00,2011-11-15 14:30:00,2011-09,2,2,3718.8,1641,1859.4
16241,2010-12-05 11:04:00,2011-11-30 11:08:00,2010-12,13,10,2607.87,1453,200.6053846153846
16242,2011-03-07 17:04:00,2011-11-21 14:26:00,2011-03,6,5,3054.3,1676,509.05
16243,2011-10-16 12:09:00,2011-11-06 12:32:00,2011-10,2,2,409.1,110,204.55
16244,2010-12-02 11:41:00,2011-05-12 10:18:00,2010-12,2,2,1522.75,855,761.375
16245,2011-03-28 09:30:00,2011-11-16 10:14:00,2011-03,3,3,1413.66,1014,471.22
16247,2011-06-22 14:23:00,2011-06-22 14:23:00,2011-06,1,1,114.56,182,114.56
16248,2011-10-09 11:32:00,2011-10-09 11:32:00,2011-10,1,1,152.94,78,152.94
16249,2011-04-14 13:50:00,2011-10-18 10:07:00,2011-04,5,5,1800.0700000000002,950,360.014
16250,2010-12-01 09:59:00,2011-03-23 15:07:00,2010-12,2,2,389.44,208,194.72
16253,2011-03-29 13:33:00,2011-10-04 09:09:00,2011-03,2,2,3683.86,3233,1841.93
16255,2010-12-09 14:25:00,2011-11-23 12:40:00,2010-12,8,7,2619.91,1767,327.48875
16256,2011-03-18 12:18:00,2011-03-18 12:18:00,2011-03,1,1,752.4300000000001,581,752.4300000000001
16257,2011-06-16 10:11:00,2011-06-16 10:11:00,2011-06,1,1,21.95,1,21.95
16258,2011-05-04 14:33:00,2011-10-25 13:30:00,2011-05,5,5,5203.51,2994,1040.702
16260,2011-10-20 09:40:00,2011-10-20 09:40:00,2011-10,1,1,1035.45,311,1035.45
16261,2011-04-07 19:05:00,2011-11-22 17:23:00,2011-04,4,4,746.83,306,186.7075
16265,2010-12-10 10:21:00,2011-11-30 16:41:00,2010-12,9,7,5347.0,2644,594.1111111111111
16266,2011-05-17 14:50:00,2011-09-27 12:08:00,2011-05,7,5,861.89,398,123.12714285714286
16268,2011-09-29 18:30:00,2011-09-29 18:30:00,2011-09,2,1,617.65,532,308.825
16270,2010-12-21 14:26:00,2010-12-21 14:26:00,2010-12,1,1,1141.24,688,1141.24
16271,2010-12-16 16:36:00,2011-11-24 12:12:00,2010-12,4,4,1414.24,1037,353.56
16272,2011-08-15 10:53:00,2011-08-15 10:53:00,2011-08,1,1,411.7,224,411.7
16274,2010-12-01 15:35:00,2010-12-01 15:35:00,2010-12,1,1,337.75,153,337.75
16275,2011-05-27 12:41:00,2011-05-27 12:41:00,2011-05,1,1,559.87,336,559.87
16276,2011-06-16 09:34:00,2011-06-16 09:34:00,2011-06,1,1,810.6000000000001,420,810.6000000000001
16278,2011-08-31 17:12:00,2011-08-31 17:12:00,2011-08,1,1,566.38,114,566.38
16279,2011-06-16 11:50:00,2011-11-18 15:00:00,2011-06,3,3,1509.58,1054,503.1933333333333
16281,2011-09-28 14:57:00,2011-09-28 14:57:00,2011-09,1,1,2062.06,934,2062.06
16282,2011-01-04 11:42:00,2011-01-04 11:42:00,2011-01,1,1,168.3,114,168.3
16283,2011-05-15 13:37:00,2011-10-02 13:49:00,2011-05,4,4,1328.44,1085,332.11
16284,2011-10-20 13:54:00,2011-11-08 16:12:00,2011-10,2,2,823.97,544,411.985
16287,2011-06-23 09:08:00,2011-06-23 09:08:00,2011-06,1,1,142.5,298,142.5
16292,2011-08-10 12:24:00,2011-08-10 12:24:00,2011-08,1,1,302.25,191,302.25
16293,2010-12-07 15:02:00,2011-11-18 09:58:00,2010-12,10,6,2248.9900000000002,982,224.89900000000003
16295,2011-10-06 10:45:00,2011-11-30 08:17:00,2011-10,4,2,1328.55,841,332.1375
16297,2011-03-16 08:29:00,2011-03-16 08:29:00,2011-03,1,1,301.9,206,301.9
16298,2011-06-06 10:06:00,2011-11-17 11:59:00,2011-06,3,3,598.2,198,199.4
16302,2011-08-05 09:44:00,2011-08-05 09:44:00,2011-08,1,1,233.22,158,233.22
16303,2011-01-10 14:16:00,2011-11-14 10:49:00,2011-01,3,3,5360.63,2659,1786.8766666666668
16305,2011-07-24 12:18:00,2011-07-24 12:18:00,2011-07,1,1,361.21999999999997,256,361.21999999999997
16306,2010-12-07 15:18:00,2011-05-10 12:12:00,2010-12,6,4,632.27,487,105.37833333333333
16308,2011-03-23 14:46:00,2011-11-02 11:24:00,2011-03,4,4,2560.0,8000,640.0
16309,2011-04-13 11:46:00,2011-08-25 15:35:00,2011-04,2,2,706.5699999999999,467,353.28499999999997
16311,2011-10-21 13:13:00,2011-11-22 08:54:00,2011-10,2,2,616.26,394,308.13
16313,2011-10-21 09:04:00,2011-10-21 09:04:00,2011-10,1,1,167.62,66,167.62
16315,2011-01-13 11:57:00,2011-01-13 11:57:00,2011-01,1,1,226.37,75,226.37
16316,2010-12-16 14:26:00,2011-10-06 13:48:00,2010-12,8,6,2938.91,1484,367.36375
16317,2011-02-15 14:30:00,2011-08-12 12:46:00,2011-02,3,3,1341.65,890,447.2166666666667
16318,2011-11-04 13:05:00,2011-11-04 13:05:00,2011-11,1,1,328.15,199,328.15
16319,2011-05-06 11:27:00,2011-05-06 11:27:00,2011-05,1,1,404.40000000000003,72,404.40000000000003
16320,2011-05-10 15:31:00,2011-06-20 15:25:00,2011-05,2,2,1038.46,732,519.23
16321,2011-01-20 12:11:00,2011-09-28 14:55:00,2011-01,5,3,373.65,135,74.72999999999999
16322,2011-11-03 14:33:00,2011-11-03 14:33:00,2011-11,1,1,213.07999999999998,120,213.07999999999998
16323,2011-05-27 14:48:00,2011-05-27 14:48:00,2011-05,1,1,207.50000000000003,50,207.50000000000003
16324,2011-06-15 14:26:00,2011-08-03 12:58:00,2011-06,3,2,428.68,282,142.89333333333335
16325,2011-04-08 09:20:00,2011-10-24 08:48:00,2011-04,3,3,594.24,194,198.08
16326,2011-01-09 12:01:00,2011-11-24 11:57:00,2011-01,13,8,2827.42,644,217.49384615384616
16327,2010-12-05 12:43:00,2011-11-25 13:23:00,2010-12,6,6,3813.62,2535,635.6033333333334
16330,2011-08-19 17:08:00,2011-11-22 12:24:00,2011-08,3,2,251.91,147,83.97
16332,2011-02-07 14:16:00,2011-11-11 14:22:00,2011-02,7,6,1593.2,801,227.6
16333,2011-02-03 10:50:00,2011-11-03 15:47:00,2011-02,20,8,25079.600000000002,30776,1253.98
16337,2011-11-03 10:03:00,2011-11-03 10:03:00,2011-11,1,1,151.05,87,151.05
16338,2011-07-05 13:56:00,2011-07-05 13:56:00,2011-07,1,1,214.8,94,214.8
16339,2011-02-28 13:41:00,2011-02-28 13:41:00,2011-02,1,1,109.95,23,109.95
16340,2011-08-24 14:53:00,2011-08-24 14:53:00,2011-08,1,1,549.07,501,549.07
16341,2011-05-22 13:20:00,2011-11-15 09:12:00,2011-05,4,3,1971.87,1398,492.9675
16342,2011-06-13 10:10:00,2011-09-25 14:36:00,2011-06,4,4,322.40999999999997,157,80.60249999999999
16343,2011-11-23 17:43:00,2011-11-23 17:45:00,2011-11,2,1,370.48,195,185.24
16344,2011-07-04 15:50:00,2011-07-04 15:50:00,2011-07,1,1,101.10000000000001,18,101.10000000000001
16345,2011-10-26 16:03:00,2011-10-26 16:03:00,2011-10,1,1,575.41,289,575.41
16347,2011-11-03 13:01:00,2011-11-28 13:14:00,2011-11,2,1,887.6500000000001,353,443.82500000000005
16348,2011-04-13 15:49:00,2011-11-07 15:44:00,2011-04,7,5,1467.11,813,209.58714285714285
16349,2011-02-22 12:40:00,2011-02-22 12:40:00,2011-02,1,1,53.5,9,53.5
16350,2011-01-10 09:44:00,2011-11-18 15:53:00,2011-01,4,4,1116.47,545,279.1175
16351,2011-01-11 10:26:00,2011-01-11 10:26:00,2011-01,1,1,153.9,90,153.9
16352,2011-11-02 08:44:00,2011-11-22 10:32:00,2011-11,2,1,494.44,300,247.22
16353,2010-12-05 12:09:00,2011-11-22 10:39:00,2010-12,21,10,6081.71,1886,289.6052380952381
16354,2011-09-27 16:28:00,2011-10-07 14:28:00,2011-09,2,2,395.8,150,197.9
16356,2011-03-07 12:31:00,2011-05-26 11:51:00,2011-03,3,3,211.77,93,70.59
16357,2011-05-10 10:35:00,2011-11-06 16:04:00,2011-05,3,3,658.88,246,219.62666666666667
16358,2011-06-08 15:05:00,2011-10-07 10:50:00,2011-06,3,3,1594.3400000000001,870,531.4466666666667
16359,2011-01-12 10:49:00,2011-10-05 13:00:00,2011-01,8,8,1640.19,1092,205.02375
16360,2011-09-12 13:50:00,2011-11-20 11:56:00,2011-09,5,3,2748.19,1647,549.638
16361,2011-09-29 13:13:00,2011-11-30 12:32:00,2011-09,4,3,896.66,421,224.165
16362,2011-09-09 14:47:00,2011-11-07 13:01:00,2011-09,5,3,734.77,351,146.954
16363,2011-10-17 14:14:00,2011-10-17 14:14:00,2011-10,1,1,109.36,52,109.36
16364,2011-07-25 14:35:00,2011-11-28 11:27:00,2011-07,2,2,707.04,280,353.52
16365,2010-12-07 17:19:00,2011-11-22 11:24:00,2010-12,9,5,1540.42,504,171.1577777777778
16366,2011-11-21 08:19:00,2011-11-21 08:19:00,2011-11,1,1,327.3,256,327.3
16367,2010-12-12 12:01:00,2011-11-02 13:13:00,2010-12,2,2,804.49,647,402.245
16368,2011-11-11 15:08:00,2011-11-11 15:08:00,2011-11,1,1,302.48,124,302.48
16369,2011-05-27 09:39:00,2011-11-21 16:25:00,2011-05,3,3,1551.58,1031,517.1933333333333
16370,2011-04-28 16:40:00,2011-09-18 15:55:00,2011-04,4,4,1320.56,647,330.14
16372,2011-11-06 12:50:00,2011-11-06 13:08:00,2011-11,2,1,367.93,166,183.965
16374,2011-03-22 13:46:00,2011-10-04 15:21:00,2011-03,2,2,465.08000000000004,239,232.54000000000002
16376,2011-11-22 16:47:00,2011-11-22 16:47:00,2011-11,1,1,874.25,658,874.25
16377,2011-03-17 15:41:00,2011-03-17 15:41:00,2011-03,1,1,676.2,1500,676.2
16378,2011-02-02 12:42:00,2011-04-06 15:07:00,2011-02,3,2,362.95,267,120.98333333333333
16379,2011-09-22 09:33:00,2011-11-21 15:27:00,2011-09,3,2,1755.76,1184,585.2533333333333
16380,2011-10-09 15:40:00,2011-10-09 15:40:00,2011-10,1,1,1780.59,1524,1780.59
16383,2011-03-16 13:00:00,2011-09-26 12:45:00,2011-03,2,2,668.36,475,334.18
16384,2011-03-21 10:13:00,2011-09-11 11:19:00,2011-03,2,2,584.5,260,292.25
16385,2010-12-08 12:56:00,2011-10-10 13:12:00,2010-12,3,3,555.8900000000001,261,185.2966666666667
16386,2011-03-31 12:19:00,2011-11-11 12:28:00,2011-03,2,2,317.20000000000005,224,158.60000000000002
16387,2011-01-21 11:34:00,2011-01-21 11:34:00,2011-01,1,1,94.36,44,94.36
16389,2011-03-01 15:47:00,2011-10-17 14:41:00,2011-03,4,4,1382.07,1242,345.5175
16392,2011-03-15 12:11:00,2011-03-15 12:11:00,2011-03,1,1,221.19,203,221.19
16393,2010-12-05 13:10:00,2011-11-28 13:58:00,2010-12,12,9,2739.51,1436,228.29250000000002
16394,2011-02-23 10:58:00,2011-10-14 09:48:00,2011-02,5,5,1555.3400000000001,2604,311.06800000000004
16395,2011-01-13 12:10:00,2011-10-10 12:50:00,2011-01,5,4,1486.9,1476,297.38
16398,2011-03-31 09:38:00,2011-07-08 15:16:00,2011-03,2,2,1705.8000000000002,758,852.9000000000001
16399,2011-04-18 13:46:00,2011-11-20 16:12:00,2011-04,2,2,406.77,246,203.385
16400,2011-09-06 12:27:00,2011-09-06 12:27:00,2011-09,1,1,303.93,172,303.93
16401,2011-01-16 10:56:00,2011-11-25 12:57:00,2011-01,11,9,3785.58,3428,344.14363636363635
16402,2010-12-05 13:42:00,2011-03-20 12:25:00,2010-12,2,2,299.6,149,149.8
16403,2011-01-31 13:39:00,2011-01-31 13:39:00,2011-01,1,1,177.5,114,177.5
16404,2011-09-30 14:55:00,2011-09-30 14:55:00,2011-09,1,1,443.05,157,443.05
16405,2011-02-02 17:08:00,2011-02-10 15:24:00,2011-02,2,1,167.25,187,83.625
16406,2011-11-21 11:57:00,2011-11-21 11:57:00,2011-11,1,1,163.07,122,163.07
16407,2011-01-31 14:02:00,2011-11-27 11:05:00,2011-01,10,8,2126.93,1124,212.69299999999998
16409,2011-01-26 14:51:00,2011-11-03 16:45:00,2011-01,5,5,2028.88,1306,405.776
16411,2010-12-05 13:26:00,2011-11-20 13:23:00,2010-12,2,2,214.65,132,107.325
16412,2011-10-17 12:35:00,2011-10-17 12:35:00,2011-10,1,1,151.83,73,151.83
16413,2011-10-14 12:08:00,2011-10-14 12:08:00,2011-10,1,1,262.2,148,262.2
16414,2011-03-04 13:27:00,2011-11-18 09:42:00,2011-03,2,2,126.25,27,63.125
16415,2011-10-26 13:35:00,2011-10-26 13:35:00,2011-10,1,1,210.35,187,210.35
16416,2011-10-14 13:35:00,2011-11-13 12:50:00,2011-10,3,2,1051.4,672,350.4666666666667
16418,2011-04-27 16:54:00,2011-10-26 12:39:00,2011-04,3,3,675.27,288,225.09
16419,2011-02-01 12:25:00,2011-08-19 12:33:00,2011-02,6,4,972.23,436,162.03833333333333
16422,2010-12-05 15:35:00,2011-11-22 14:00:00,2010-12,51,12,34684.4,33704,680.086274509804
16423,2011-11-15 09:21:00,2011-11-15 09:21:00,2011-11,1,1,346.12,230,346.12
16424,2011-06-01 13:40:00,2011-06-01 13:40:00,2011-06,1,1,133.56,88,133.56
16425,2011-02-10 14:30:00,2011-02-10 14:30:00,2011-02,1,1,302.7,199,302.7
16426,2011-03-08 15:45:00,2011-11-18 13:33:00,2011-03,7,4,1353.65,838,193.37857142857143
16427,2011-02-28 15:18:00,2011-03-21 17:10:00,2011-02,2,2,241.06,156,120.53
16429,2011-08-25 13:54:00,2011-08-25 13:54:00,2011-08,1,1,284.55,9,284.55
16430,2011-10-13 14:47:00,2011-10-13 14:47:00,2011-10,1,1,300.85,103,300.85
16431,2011-02-15 14:02:00,2011-05-10 14:09:00,2011-02,3,2,642.81,453,214.26999999999998
16432,2011-10-06 13:59:00,2011-10-06 13:59:00,2011-10,1,1,287.4,276,287.4
16433,2011-11-11 14:09:00,2011-11-11 14:09:00,2011-11,1,1,184.26,106,184.26
16434,2011-02-13 12:17:00,2011-11-10 14:28:00,2011-02,7,6,1522.25,767,217.46428571428572
16438,2011-09-18 13:31:00,2011-11-13 11:39:00,2011-09,4,3,648.54,368,162.135
16440,2011-05-09 12:25:00,2011-11-10 14:16:00,2011-05,4,3,2665.24,1508,666.31
16441,2011-02-21 17:35:00,2011-10-03 17:48:00,2011-02,2,2,381.2,173,190.6
16442,2010-12-14 10:46:00,2011-04-26 11:51:00,2010-12,2,2,437.03,354,218.515
16444,2011-03-20 12:14:00,2011-10-24 13:50:00,2011-03,4,4,654.67,407,163.6675
16445,2011-11-06 12:32:00,2011-11-06 12:32:00,2011-11,1,1,230.51,111,230.51
16446,2011-05-18 09:52:00,2011-05-18 09:52:00,2011-05,1,1,2.9,2,2.9
16447,2011-07-27 12:45:00,2011-07-27 12:45:00,2011-07,1,1,259.01,223,259.01
16448,2011-05-25 16:28:00,2011-05-25 16:28:00,2011-05,1,1,188.89000000000001,78,188.89000000000001
16449,2011-03-04 12:15:00,2011-05-26 10:25:00,2011-03,2,2,707.69,367,353.845
16450,2011-07-13 11:47:00,2011-07-13 11:47:00,2011-07,1,1,311.92,200,311.92
16451,2011-09-13 09:17:00,2011-09-13 09:17:00,2011-09,1,1,266.97,120,266.97
16454,2011-10-06 16:57:00,2011-10-06 16:57:00,2011-10,1,1,5.9,2,5.9
16455,2010-12-03 16:44:00,2011-10-07 12:17:00,2010-12,7,5,1841.1799999999998,988,263.0257142857143
16456,2010-12-01 14:11:00,2011-09-01 13:50:00,2010-12,5,5,2158.37,1148,431.674
16457,2011-05-05 13:19:00,2011-05-05 13:19:00,2011-05,1,1,208.36,140,208.36
16458,2010-12-14 11:51:00,2011-11-25 08:23:00,2010-12,17,11,3307.2400000000002,2068,194.54352941176472
16460,2011-09-19 10:15:00,2011-11-11 13:46:00,2011-09,3,2,814.72,879,271.5733333333333
16461,2011-06-15 12:07:00,2011-06-15 12:07:00,2011-06,1,1,151.42,49,151.42
16462,2011-03-01 08:58:00,2011-09-27 10:24:00,2011-03,3,3,136.0,16,45.333333333333336
16463,2011-05-19 14:45:00,2011-11-18 14:01:00,2011-05,4,3,1422.4,1163,355.6
16464,2011-07-20 13:53:00,2011-11-20 12:11:00,2011-07,3,3,1314.68,963,438.2266666666667
16466,2011-02-20 11:39:00,2011-11-06 11:35:00,2011-02,7,6,1603.46,789,229.06571428571428
16468,2011-09-26 14:13:00,2011-09-26 14:13:00,2011-09,1,1,74.9,31,74.9
16469,2011-04-07 13:11:00,2011-11-16 12:25:00,2011-04,4,3,650.4300000000001,273,162.60750000000002
16470,2010-12-16 11:53:00,2011-10-19 12:11:00,2010-12,4,4,762.39,531,190.5975
16471,2011-03-10 09:41:00,2011-03-10 09:41:00,2011-03,1,1,223.95000000000002,141,223.95000000000002
16473,2011-01-07 10:55:00,2011-06-28 09:10:00,2011-01,3,3,316.11,196,105.37
16474,2011-07-17 14:51:00,2011-11-22 14:04:00,2011-07,6,4,1750.23,894,291.705
16475,2011-03-11 09:39:00,2011-09-12 14:37:00,2011-03,4,4,544.3,319,136.075
16477,2010-12-03 12:48:00,2011-10-07 09:44:00,2010-12,7,6,2494.46,1415,356.3514285714286
16478,2011-10-05 12:02:00,2011-11-14 15:51:00,2011-10,3,2,331.0,224,110.33333333333333
16479,2011-11-29 13:04:00,2011-11-29 13:40:00,2011-11,2,1,300.83000000000004,102,150.41500000000002
16480,2011-09-25 11:40:00,2011-09-25 11:40:00,2011-09,1,1,769.29,455,769.29
16482,2011-11-24 12:33:00,2011-11-24 12:33:00,2011-11,1,1,220.62,346,220.62
16483,2011-05-31 13:08:00,2011-05-31 13:08:00,2011-05,1,1,139.35,44,139.35
16484,2011-06-02 10:39:00,2011-06-19 12:06:00,2011-06,2,1,404.3,200,202.15
16485,2011-09-23 15:50:00,2011-09-23 15:50:00,2011-09,1,1,363.65,235,363.65
16488,2011-07-14 11:46:00,2011-11-06 13:42:00,2011-07,3,3,498.8,728,166.26666666666668
16491,2011-10-24 10:18:00,2011-10-24 10:18:00,2011-10,1,1,731.5,478,731.5
16493,2011-01-14 08:16:00,2011-09-21 11:10:00,2011-01,4,4,1351.63,1164,337.9075
16494,2011-02-16 12:49:00,2011-02-16 12:49:00,2011-02,1,1,826.53,675,826.53
16495,2011-03-08 16:38:00,2011-03-08 16:39:00,2011-03,2,1,246.51,166,123.255
16496,2011-01-27 09:42:00,2011-05-16 10:48:00,2011-01,2,2,1185.04,784,592.52
16497,2011-01-10 13:20:00,2011-10-21 10:55:00,2011-01,6,4,2965.69,1396,494.2816666666667
16498,2011-06-30 19:52:00,2011-07-01 15:07:00,2011-06,2,2,100.97,45,50.485
16499,2010-12-10 10:27:00,2010-12-14 13:31:00,2010-12,2,1,365.45000000000005,127,182.72500000000002
16500,2011-01-13 10:28:00,2011-11-23 14:18:00,2011-01,5,2,348.12,105,69.624
16503,2010-12-14 13:50:00,2011-08-25 11:46:00,2010-12,4,4,1431.93,569,357.9825
16504,2011-11-14 15:18:00,2011-11-14 15:18:00,2011-11,1,1,484.38,524,484.38
16505,2011-11-08 12:14:00,2011-11-08 12:14:00,2011-11,1,1,777.6,576,777.6
16506,2011-10-30 15:50:00,2011-11-20 12:17:00,2011-10,2,2,90.30000000000001,42,45.150000000000006
16509,2011-02-16 09:25:00,2011-02-16 09:25:00,2011-02,1,1,363.7,64,363.7
16510,2010-12-02 13:39:00,2010-12-02 13:39:00,2010-12,1,1,248.1,92,248.1
16511,2011-03-18 11:24:00,2011-11-18 10:41:00,2011-03,3,3,948.26,413,316.08666666666664
16513,2011-10-27 14:56:00,2011-11-20 13:39:00,2011-10,2,2,662.7900000000001,339,331.39500000000004
16515,2011-02-01 13:09:00,2011-10-18 13:10:00,2011-02,5,5,1627.13,833,325.42600000000004
16516,2011-11-09 14:59:00,2011-11-09 14:59:00,2011-11,1,1,101.7,58,101.7
16517,2011-03-07 13:50:00,2011-03-07 13:50:00,2011-03,1,1,162.7,96,162.7
16518,2011-02-28 16:36:00,2011-10-09 15:04:00,2011-02,2,2,484.32,327,242.16
16519,2010-12-09 14:08:00,2011-11-14 15:41:00,2010-12,2,2,212.98000000000002,53,106.49000000000001
16520,2010-12-09 13:08:00,2011-06-06 13:24:00,2010-12,3,3,1046.57,558,348.8566666666666
16523,2011-01-28 12:06:00,2011-11-24 13:53:00,2011-01,19,10,8562.85,3777,450.6763157894737
16525,2010-12-08 11:31:00,2011-11-23 11:49:00,2010-12,25,11,12705.73,7113,508.2292
16526,2011-06-21 12:02:00,2011-06-21 12:02:00,2011-06,1,1,290.36,106,290.36
16527,2011-09-19 16:21:00,2011-09-19 16:21:00,2011-09,1,1,228.06000000000003,106,228.06000000000003
16529,2011-06-02 17:23:00,2011-06-02 17:23:00,2011-06,1,1,455.25,198,455.25
16531,2010-12-14 13:19:00,2011-11-17 16:29:00,2010-12,7,6,1244.59,915,177.79857142857142
16532,2011-01-05 12:37:00,2011-11-22 11:08:00,2011-01,3,3,6748.8,2016,2249.6
16533,2011-10-02 15:07:00,2011-11-20 13:08:00,2011-10,3,2,1095.56,612,365.18666666666667
16536,2011-08-21 15:54:00,2011-08-21 15:54:00,2011-08,1,1,548.97,251,548.97
16539,2010-12-01 15:40:00,2011-05-04 09:52:00,2010-12,3,2,1053.61,421,351.2033333333333
16542,2011-10-17 10:47:00,2011-10-17 10:47:00,2011-10,1,1,119.62,46,119.62
16545,2011-06-28 10:37:00,2011-06-28 10:37:00,2011-06,1,1,339.3,78,339.3
16546,2010-12-02 12:07:00,2011-02-22 11:20:00,2010-12,2,2,787.1500000000001,549,393.57500000000005
16549,2011-01-09 14:03:00,2011-11-29 15:06:00,2011-01,10,5,4154.64,2365,415.46400000000006
16550,2010-12-06 13:53:00,2011-08-23 11:12:00,2010-12,5,4,2298.9700000000003,1540,459.79400000000004
16551,2011-01-07 10:24:00,2011-09-05 09:38:00,2011-01,3,3,922.12,970,307.37333333333333
16552,2010-12-01 12:36:00,2011-04-11 10:04:00,2010-12,2,2,379.73,219,189.865
16553,2010-12-14 13:58:00,2011-06-29 15:42:00,2010-12,12,6,5719.82,4600,476.65166666666664
16554,2011-01-12 12:41:00,2011-10-28 14:51:00,2011-01,3,3,837.1,402,279.03333333333336
16555,2011-08-22 12:32:00,2011-11-04 14:31:00,2011-08,2,2,285.89,175,142.945
16556,2010-12-14 13:32:00,2011-10-04 11:36:00,2010-12,7,7,3313.79,1890,473.3985714285714
16557,2011-07-25 13:28:00,2011-11-15 14:04:00,2011-07,2,2,281.85,111,140.925
16558,2010-12-08 12:01:00,2011-11-17 17:30:00,2010-12,19,12,7739.52,4881,407.34315789473686
16560,2010-12-16 14:36:00,2011-11-13 10:35:00,2010-12,2,2,841.4100000000001,500,420.70500000000004
16561,2011-10-11 09:53:00,2011-10-11 09:53:00,2011-10,1,1,264.96,158,264.96
16563,2011-10-17 11:51:00,2011-10-17 11:51:00,2011-10,1,1,1077.74,486,1077.74
16565,2010-12-10 15:21:00,2010-12-10 15:21:00,2010-12,1,1,173.7,46,173.7
16566,2011-02-20 10:29:00,2011-11-24 16:34:00,2011-02,5,5,614.66,362,122.93199999999999
16567,2011-01-07 09:31:00,2011-05-29 13:57:00,2011-01,2,2,865.5999999999999,996,432.79999999999995
16570,2011-02-01 10:37:00,2011-11-24 17:02:00,2011-02,10,7,3738.4,2112,373.84000000000003
16571,2011-03-03 09:41:00,2011-11-13 11:46:00,2011-03,3,3,1421.69,1239,473.8966666666667
16572,2011-03-09 12:04:00,2011-08-04 16:34:00,2011-03,3,3,1009.5999999999999,532,336.5333333333333
16573,2011-02-22 15:14:00,2011-09-16 09:13:00,2011-02,2,2,663.61,360,331.805
16574,2011-09-29 13:39:00,2011-09-29 13:39:00,2011-09,1,1,451.44,416,451.44
16581,2011-06-10 10:05:00,2011-06-10 10:05:00,2011-06,1,1,105.84,134,105.84
16582,2011-08-18 17:02:00,2011-08-18 17:02:00,2011-08,1,1,313.62,164,313.62
16583,2010-12-01 12:03:00,2010-12-01 12:03:00,2010-12,1,1,233.45000000000002,111,233.45000000000002
16584,2011-03-30 13:14:00,2011-09-20 13:45:00,2011-03,2,2,936.08,646,468.04
16586,2011-04-05 09:32:00,2011-04-05 09:32:00,2011-04,1,1,463.95,95,463.95
16587,2011-04-21 15:51:00,2011-04-21 15:51:00,2011-04,1,1,225.15,71,225.15
16589,2011-07-01 13:31:00,2011-09-29 14:50:00,2011-07,3,3,459.24,368,153.08
16591,2011-10-02 10:43:00,2011-10-02 10:43:00,2011-10,1,1,213.5,41,213.5
16592,2011-02-25 10:19:00,2011-11-27 13:07:00,2011-02,15,7,3195.52,2319,213.03466666666665
16593,2011-01-16 12:11:00,2011-10-20 12:41:00,2011-01,3,3,330.03,116,110.00999999999999
16594,2011-09-25 14:08:00,2011-09-25 14:08:00,2011-09,1,1,181.09,64,181.09
16595,2011-10-09 13:15:00,2011-10-09 13:15:00,2011-10,1,1,360.16,335,360.16
16596,2010-12-08 16:18:00,2011-11-24 10:02:00,2010-12,2,2,250.15,97,125.075
16598,2011-02-27 11:42:00,2011-02-27 11:42:00,2011-02,1,1,145.04999999999998,73,145.04999999999998
16600,2011-01-05 12:13:00,2011-11-23 09:44:00,2011-01,5,4,573.2,862,114.64000000000001
16601,2011-10-30 11:09:00,2011-10-30 11:09:00,2011-10,1,1,243.63,131,243.63
16602,2011-11-03 15:54:00,2011-11-03 15:54:00,2011-11,1,1,528.08,336,528.08
16603,2011-09-09 13:02:00,2011-09-26 10:06:00,2011-09,2,1,482.47,480,241.235
16607,2010-12-16 08:41:00,2011-11-22 10:24:00,2010-12,14,10,3347.71,2859,239.12214285714285
16609,2011-04-01 10:11:00,2011-11-24 13:32:00,2011-04,7,5,5493.46,2420,784.78
16610,2011-05-04 13:13:00,2011-05-04 13:13:00,2011-05,1,1,75.66,66,75.66
16611,2011-06-06 15:46:00,2011-06-06 15:46:00,2011-06,1,1,129.49,47,129.49
16612,2011-02-01 10:38:00,2011-11-07 07:38:00,2011-02,4,4,1187.66,506,296.915
16613,2011-09-30 15:52:00,2011-09-30 15:52:00,2011-09,1,1,618.59,293,618.59
16614,2011-06-10 11:36:00,2011-06-10 11:36:00,2011-06,1,1,506.19,223,506.19
16616,2011-07-05 13:38:00,2011-11-24 16:31:00,2011-07,2,2,500.41999999999996,370,250.20999999999998
16617,2011-04-18 10:35:00,2011-04-18 10:35:00,2011-04,1,1,151.85,91,151.85
16618,2011-01-21 11:55:00,2011-11-08 13:52:00,2011-01,5,4,2647.59,1363,529.518
16619,2011-03-21 08:18:00,2011-03-21 08:18:00,2011-03,1,1,226.21,133,226.21
16620,2011-03-24 10:37:00,2011-03-24 10:37:00,2011-03,1,1,95.76,48,95.76
16621,2011-03-07 11:32:00,2011-10-19 11:38:00,2011-03,4,4,813.48,302,203.37
16623,2011-04-08 10:09:00,2011-04-08 10:09:00,2011-04,1,1,129.45000000000002,39,129.45000000000002
16624,2011-05-26 14:20:00,2011-09-20 12:39:00,2011-05,2,2,810.5699999999999,488,405.28499999999997
16625,2011-03-10 12:50:00,2011-03-10 12:50:00,2011-03,1,1,333.08,164,333.08
16626,2011-03-18 12:27:00,2011-11-17 15:41:00,2011-03,15,7,3888.89,2241,259.2593333333333
16627,2011-09-21 14:38:00,2011-09-21 14:38:00,2011-09,1,1,322.8,162,322.8
16628,2011-04-19 08:55:00,2011-11-10 12:45:00,2011-04,5,5,2188.05,1205,437.61
16629,2011-09-04 16:12:00,2011-09-27 10:34:00,2011-09,2,1,417.73,493,208.865
16633,2011-04-19 14:36:00,2011-11-22 13:41:00,2011-04,6,6,2883.1,1138,480.51666666666665
16634,2010-12-02 17:41:00,2011-05-01 12:09:00,2010-12,2,2,217.9,82,108.95
16637,2011-04-28 10:20:00,2011-11-07 13:17:00,2011-04,4,4,1154.47,927,288.6175
16638,2010-12-06 10:19:00,2011-11-17 11:09:00,2010-12,10,7,1680.72,1255,168.072
16639,2011-04-18 09:31:00,2011-11-08 13:20:00,2011-04,3,3,1257.51,510,419.17
16641,2011-08-26 12:49:00,2011-08-26 12:49:00,2011-08,1,1,231.1,256,231.1
16642,2011-05-16 12:35:00,2011-05-16 12:35:00,2011-05,1,1,307.73,131,307.73
16643,2011-04-08 08:24:00,2011-04-08 08:24:00,2011-04,1,1,487.51,269,487.51
16644,2011-05-11 12:53:00,2011-06-15 12:39:00,2011-05,2,2,833.78,826,416.89
16647,2011-05-19 09:31:00,2011-06-23 11:47:00,2011-05,2,2,214.06,146,107.03
16648,2011-10-28 08:58:00,2011-10-28 08:58:00,2011-10,1,1,290.65999999999997,281,290.65999999999997
16650,2011-09-29 09:51:00,2011-09-29 09:51:00,2011-09,1,1,518.42,372,518.42
16652,2011-03-11 13:13:00,2011-10-12 09:38:00,2011-03,7,5,6773.97,3283,967.71
16653,2011-09-29 13:38:00,2011-11-23 14:51:00,2011-09,2,2,1212.6599999999999,733,606.3299999999999
16654,2010-12-06 15:09:00,2011-07-21 15:23:00,2010-12,4,4,601.27,282,150.3175
16655,2011-01-12 10:16:00,2011-11-22 11:25:00,2011-01,6,5,3794.52,2367,632.42
16656,2010-12-10 11:23:00,2011-11-17 14:43:00,2010-12,15,11,8625.8,8894,575.0533333333333
16657,2011-03-30 12:02:00,2011-11-30 11:48:00,2011-03,4,3,933.62,1229,233.405
16658,2010-12-06 13:47:00,2010-12-06 13:47:00,2010-12,1,1,123.24,40,123.24
16659,2011-06-03 15:03:00,2011-06-03 15:03:00,2011-06,1,1,39.12,72,39.12
16660,2011-01-24 12:44:00,2011-11-23 14:53:00,2011-01,4,3,1267.6499999999999,571,316.91249999999997
16665,2010-12-12 14:03:00,2010-12-12 14:03:00,2010-12,1,1,135.4,59,135.4
16666,2011-11-20 14:01:00,2011-11-20 14:01:00,2011-11,1,1,118.98,233,118.98
16667,2011-02-28 12:57:00,2011-10-02 15:26:00,2011-02,2,2,570.13,237,285.065
16668,2011-02-28 12:46:00,2011-11-24 17:43:00,2011-02,6,6,306.71999999999997,318,51.12
16669,2011-09-22 14:13:00,2011-11-16 12:26:00,2011-09,2,2,1370.47,878,685.235
16670,2010-12-16 10:30:00,2011-11-23 09:34:00,2010-12,11,8,4095.9,2556,372.3545454545455
16671,2011-06-28 11:20:00,2011-11-11 13:40:00,2011-06,3,2,1692.2700000000002,875,564.09
16672,2011-03-18 10:15:00,2011-11-04 09:44:00,2011-03,19,8,7864.9400000000005,2760,413.9442105263158
16674,2011-09-02 13:59:00,2011-10-16 11:31:00,2011-09,2,2,319.61,188,159.805
16676,2011-01-06 13:00:00,2011-11-06 12:01:00,2011-01,4,4,1592.12,636,398.03
16678,2011-03-02 09:24:00,2011-11-29 13:17:00,2011-03,11,7,2786.05,2187,253.27727272727273
16679,2010-12-08 13:51:00,2010-12-08 13:51:00,2010-12,1,1,129.75,29,129.75
16680,2011-10-27 17:35:00,2011-10-27 17:35:00,2011-10,1,1,183.7,94,183.7
16681,2011-03-31 13:46:00,2011-09-28 11:11:00,2011-03,6,5,1770.34,1407,295.0566666666667
16682,2011-06-05 11:02:00,2011-10-13 15:47:00,2011-06,4,4,917.14,870,229.285
16684,2010-12-16 17:34:00,2011-11-28 15:35:00,2010-12,27,8,61251.58,45523,2268.577037037037
16685,2011-10-09 13:44:00,2011-10-09 13:58:00,2011-10,2,1,324.24,396,162.12
16686,2010-12-19 14:41:00,2011-10-23 13:49:00,2010-12,7,7,3062.83,2030,437.54714285714283
16688,2011-10-10 12:23:00,2011-11-29 17:12:00,2011-10,3,2,1115.1599999999999,752,371.71999999999997
16689,2011-09-18 13:29:00,2011-09-25 11:39:00,2011-09,2,1,422.6,330,211.3
16690,2011-05-22 10:53:00,2011-09-28 15:02:00,2011-05,2,2,225.57999999999998,138,112.78999999999999
16692,2011-02-23 15:41:00,2011-03-28 14:46:00,2011-02,2,2,1126.0,151,563.0
16693,2011-03-13 11:06:00,2011-10-02 11:10:00,2011-03,2,2,482.01,204,241.005
16696,2011-04-05 15:20:00,2011-07-27 14:23:00,2011-04,4,3,657.9000000000001,146,164.47500000000002
16697,2011-04-12 17:12:00,2011-04-12 17:12:00,2011-04,1,1,112.75,27,112.75
16698,2011-03-31 13:33:00,2011-04-27 10:52:00,2011-03,2,2,1998.0,840,999.0
16700,2010-12-08 16:34:00,2011-11-10 10:10:00,2010-12,12,11,4792.74,3817,399.395
16701,2010-12-13 11:51:00,2011-10-26 12:31:00,2010-12,12,9,4899.86,5688,408.32166666666666
16705,2010-12-16 10:51:00,2011-11-28 11:45:00,2010-12,19,8,13784.470000000001,5416,725.4984210526317
16706,2011-08-17 15:53:00,2011-11-02 13:50:00,2011-08,3,3,531.3499999999999,249,177.11666666666665
16708,2011-10-25 12:20:00,2011-10-25 12:20:00,2011-10,1,1,656.63,285,656.63
16709,2011-03-03 10:55:00,2011-09-16 10:56:00,2011-03,5,4,3029.87,851,605.9739999999999
16710,2010-12-06 13:13:00,2011-11-20 14:50:00,2010-12,10,6,2483.04,1836,248.304
16711,2010-12-17 12:43:00,2011-11-13 11:51:00,2010-12,4,4,1355.43,489,338.8575
16712,2011-03-08 15:07:00,2011-11-30 13:48:00,2011-03,11,6,3637.78,1746,330.70727272727277
16713,2010-12-08 13:01:00,2011-11-21 12:36:00,2010-12,15,10,6923.13,4276,461.54200000000003
16714,2011-01-26 13:40:00,2011-01-26 13:46:00,2011-01,2,1,1146.53,609,573.265
16715,2011-09-22 18:15:00,2011-09-22 18:15:00,2011-09,1,1,301.71999999999997,642,301.71999999999997
16716,2011-02-01 15:35:00,2011-03-18 10:03:00,2011-02,2,2,901.2,120,450.6
16717,2010-12-08 16:48:00,2011-11-16 12:16:00,2010-12,6,4,3858.38,1866,643.0633333333334
16718,2010-12-05 13:03:00,2010-12-05 13:03:00,2010-12,1,1,623.75,413,623.75
16719,2010-12-06 12:06:00,2011-11-25 09:27:00,2010-12,7,7,1790.42,1204,255.77428571428572
16720,2011-11-13 16:22:00,2011-11-13 16:22:00,2011-11,1,1,155.23999999999998,182,155.23999999999998
16721,2011-03-22 16:08:00,2011-03-22 16:08:00,2011-03,1,1,292.47,172,292.47
16722,2010-12-06 12:59:00,2011-11-22 13:28:00,2010-12,13,10,4730.8099999999995,5001,363.9084615384615
16723,2011-08-24 11:31:00,2011-09-09 13:01:00,2011-08,2,2,589.15,399,294.575
16725,2010-12-03 16:02:00,2011-02-10 16:52:00,2010-12,6,3,779.57,293,129.92833333333334
16726,2010-12-13 13:28:00,2011-11-13 14:53:00,2010-12,5,4,1382.02,977,276.404
16727,2010-12-10 13:48:00,2010-12-10 13:48:00,2010-12,1,1,272.82,177,272.82
16728,2011-03-20 13:28:00,2011-10-24 14:36:00,2011-03,4,4,1054.67,677,263.6675
16729,2011-04-12 14:22:00,2011-11-01 14:29:00,2011-04,21,8,7236.6,5779,344.6
16730,2011-01-24 14:01:00,2011-10-18 14:11:00,2011-01,3,3,743.11,994,247.70333333333335
16732,2011-11-08 09:54:00,2011-11-08 09:54:00,2011-11,1,1,603.75,317,603.75
16734,2011-08-17 15:00:00,2011-10-18 13:44:00,2011-08,3,2,650.51,346,216.83666666666667
16735,2011-01-09 12:53:00,2011-09-22 11:49:00,2011-01,5,3,2300.56,1573,460.11199999999997
16737,2011-10-17 13:03:00,2011-10-17 13:03:00,2011-10,1,1,417.59999999999997,288,417.59999999999997
16738,2011-02-15 09:46:00,2011-02-15 09:46:00,2011-02,1,1,3.75,3,3.75
16739,2011-06-16 09:17:00,2011-06-16 09:17:00,2011-06,1,1,323.0,172,323.0
16743,2010-12-16 12:15:00,2011-11-10 13:13:00,2010-12,7,6,2238.09,2047,319.7271428571429
16744,2011-06-19 15:13:00,2011-11-28 13:06:00,2011-06,7,5,1304.76,805,186.3942857142857
16745,2011-02-01 11:31:00,2011-09-14 11:58:00,2011-02,17,8,7194.3,6735,423.1941176470588
16746,2010-12-16 11:43:00,2011-11-28 15:17:00,2010-12,17,10,6247.74,4011,367.5141176470588
16747,2011-10-03 10:18:00,2011-11-02 11:37:00,2011-10,2,2,836.06,583,418.03
16748,2011-01-09 13:50:00,2011-11-22 10:17:00,2011-01,5,4,1515.9,880,303.18
16750,2011-04-21 16:53:00,2011-10-26 12:48:00,2011-04,5,5,623.93,214,124.78599999999999
16751,2011-11-09 10:48:00,2011-11-09 10:48:00,2011-11,1,1,1764.72,1031,1764.72
16752,2010-12-02 12:18:00,2010-12-02 12:18:00,2010-12,1,1,207.5,54,207.5
16753,2011-10-12 13:14:00,2011-10-12 13:14:00,2011-10,1,1,223.92000000000002,189,223.92000000000002
16754,2010-12-02 17:38:00,2010-12-02 17:38:00,2010-12,1,1,2002.4,4280,2002.4
16755,2011-01-28 10:47:00,2011-08-17 13:21:00,2011-01,3,3,1496.83,1064,498.9433333333333
16756,2011-05-09 09:33:00,2011-05-09 09:33:00,2011-05,1,1,239.4,106,239.4
16757,2011-01-25 11:59:00,2011-01-25 11:59:00,2011-01,1,1,106.83000000000001,81,106.83000000000001
16758,2011-10-05 14:47:00,2011-10-05 14:47:00,2011-10,1,1,369.34,203,369.34
16759,2011-11-09 09:06:00,2011-11-09 09:07:00,2011-11,2,1,418.84999999999997,295,209.42499999999998
16761,2011-09-04 11:15:00,2011-09-04 11:15:00,2011-09,1,1,316.62,341,316.62
16762,2011-07-18 12:52:00,2011-11-20 11:43:00,2011-07,3,3,1501.38,618,500.46000000000004
16763,2011-05-25 11:52:00,2011-05-25 11:52:00,2011-05,1,1,611.85,319,611.85
16764,2011-07-19 17:17:00,2011-11-30 11:30:00,2011-07,12,5,2596.38,1163,216.365
16765,2011-02-18 15:41:00,2011-02-18 15:41:00,2011-02,1,1,34.0,4,34.0
16766,2011-03-11 13:34:00,2011-03-11 15:22:00,2011-03,2,1,1145.6,536,572.8
16767,2011-01-27 13:38:00,2011-11-09 09:42:00,2011-01,11,8,5580.6,4435,507.32727272727277
16768,2011-03-13 10:25:00,2011-10-23 10:38:00,2011-03,3,3,478.09000000000003,196,159.36333333333334
16769,2011-03-24 13:41:00,2011-03-24 13:41:00,2011-03,1,1,380.39,83,380.39
16770,2010-12-02 15:49:00,2011-10-13 12:21:00,2010-12,5,4,770.1,464,154.02
16771,2011-01-05 13:57:00,2011-11-06 13:28:00,2011-01,5,5,2234.81,1477,446.962
16773,2011-10-13 14:37:00,2011-10-13 14:37:00,2011-10,1,1,171.59,171,171.59
16774,2011-06-14 12:45:00,2011-10-03 12:41:00,2011-06,4,4,661.52,322,165.38
16775,2010-12-07 15:15:00,2011-11-29 15:22:00,2010-12,11,10,1695.66,440,154.1509090909091
16776,2011-10-10 13:04:00,2011-10-10 13:04:00,2011-10,1,1,388.28,262,388.28
16777,2011-03-27 14:34:00,2011-09-20 13:41:00,2011-03,2,2,226.35,64,113.175
16778,2011-03-10 15:21:00,2011-09-26 13:48:00,2011-03,2,2,245.94,194,122.97
16779,2010-12-08 09:56:00,2011-11-25 09:07:00,2010-12,20,11,9672.66,4933,483.633
16780,2011-03-25 17:34:00,2011-08-31 16:09:00,2011-03,2,2,425.19,271,212.595
16781,2010-12-02 14:26:00,2010-12-02 14:26:00,2010-12,1,1,311.25,113,311.25
16782,2010-12-09 11:28:00,2011-11-29 13:20:00,2010-12,13,8,2279.9,712,175.37692307692308
16784,2011-11-20 12:20:00,2011-11-20 12:20:00,2011-11,1,1,107.6,24,107.6
16788,2011-03-30 13:05:00,2011-08-08 14:53:00,2011-03,2,2,595.8299999999999,310,297.91499999999996
16790,2011-11-02 11:23:00,2011-11-23 14:37:00,2011-11,5,1,1366.1200000000001,772,273.22400000000005
16791,2011-01-11 15:42:00,2011-11-10 19:12:00,2011-01,7,6,1709.03,762,244.14714285714285
16792,2011-03-02 14:39:00,2011-03-02 14:41:00,2011-03,2,1,110.38000000000001,44,55.190000000000005
16793,2011-10-13 15:08:00,2011-10-13 15:08:00,2011-10,1,1,243.84,146,243.84
16794,2011-06-12 14:15:00,2011-11-29 12:46:00,2011-06,9,6,1120.03,872,124.44777777777777
16795,2010-12-09 14:08:00,2010-12-09 14:08:00,2010-12,1,1,414.88,239,414.88
16796,2011-09-11 14:01:00,2011-09-11 14:01:00,2011-09,1,1,305.62,186,305.62
16800,2011-11-28 14:06:00,2011-11-28 14:06:00,2011-11,1,1,1201.49,540,1201.49
16801,2011-03-11 13:56:00,2011-06-29 15:33:00,2011-03,4,3,1619.73,499,404.9325
16803,2011-10-05 14:28:00,2011-10-05 14:28:00,2011-10,1,1,332.3,245,332.3
16804,2011-03-14 15:48:00,2011-11-16 16:43:00,2011-03,3,2,536.99,246,178.99666666666667
16805,2010-12-14 13:35:00,2011-06-19 11:23:00,2010-12,2,2,460.59000000000003,539,230.29500000000002
16806,2011-04-14 19:59:00,2011-08-28 15:27:00,2011-04,4,4,775.54,377,193.885
16807,2011-03-14 09:46:00,2011-07-20 12:00:00,2011-03,3,3,1121.5900000000001,778,373.8633333333334
16808,2011-03-10 19:05:00,2011-09-01 19:34:00,2011-03,2,2,288.42,196,144.21
16809,2011-03-22 15:20:00,2011-11-16 15:45:00,2011-03,5,5,914.69,652,182.93800000000002
16810,2011-05-31 15:32:00,2011-05-31 15:32:00,2011-05,1,1,309.54,114,309.54
16811,2011-11-22 17:19:00,2011-11-22 17:19:00,2011-11,1,1,314.77,393,314.77
16812,2010-12-14 12:35:00,2010-12-14 12:35:00,2010-12,1,1,479.35,81,479.35
16813,2011-05-19 13:28:00,2011-10-20 15:20:00,2011-05,9,6,1544.44,1446,171.60444444444445
16814,2010-12-05 11:45:00,2011-11-25 13:27:00,2010-12,21,12,6499.2,2763,309.48571428571427
16816,2010-12-16 17:01:00,2011-08-28 14:16:00,2010-12,4,4,417.06,274,104.265
16817,2010-12-06 14:19:00,2011-11-07 12:39:00,2010-12,8,6,1387.42,669,173.4275
16818,2011-05-18 11:42:00,2011-11-29 10:41:00,2011-05,11,6,3349.57,2164,304.50636363636363
16820,2011-09-05 12:06:00,2011-09-05 12:06:00,2011-09,1,1,497.61,307,497.61
16823,2011-04-26 15:00:00,2011-04-26 15:00:00,2011-04,1,1,358.38,136,358.38
16824,2011-06-28 13:36:00,2011-11-24 12:38:00,2011-06,2,2,460.64,236,230.32
16825,2011-06-07 09:44:00,2011-11-01 11:51:00,2011-06,2,2,775.1800000000001,566,387.59000000000003
16826,2011-10-19 14:05:00,2011-10-19 14:05:00,2011-10,1,1,341.7,158,341.7
16828,2011-08-19 13:24:00,2011-08-19 13:24:00,2011-08,1,1,113.5,58,113.5
16829,2011-07-06 10:48:00,2011-07-06 10:48:00,2011-07,1,1,197.22,99,197.22
16830,2011-11-01 11:35:00,2011-11-01 11:35:00,2011-11,1,1,325.91,264,325.91
16832,2011-05-06 14:12:00,2011-06-08 15:36:00,2011-05,3,2,199.15,33,66.38333333333334
16833,2011-01-09 13:02:00,2011-03-25 08:53:00,2011-01,3,2,671.2900000000001,306,223.76333333333335
16834,2011-04-26 09:37:00,2011-04-26 09:37:00,2011-04,1,1,413.46,358,413.46
16835,2010-12-01 17:15:00,2011-08-03 13:50:00,2010-12,2,2,180.85000000000002,61,90.42500000000001
16836,2011-08-15 12:38:00,2011-10-31 10:05:00,2011-08,2,2,251.87,165,125.935
16837,2011-04-08 08:48:00,2011-11-08 14:27:00,2011-04,11,5,3170.98,1563,288.2709090909091
16838,2011-02-24 15:01:00,2011-05-26 13:13:00,2011-02,2,2,588.85,185,294.425
16839,2010-12-05 11:15:00,2011-11-17 16:43:00,2010-12,32,11,15753.87,8375,492.3084375
16841,2011-02-25 12:40:00,2011-11-03 11:51:00,2011-02,6,5,1869.82,2250,311.63666666666666
16842,2011-02-10 14:51:00,2011-08-31 10:42:00,2011-02,3,3,1264.19,693,421.3966666666667
16843,2011-01-16 16:10:00,2011-10-28 09:06:00,2011-01,16,8,10196.57,10159,637.285625
16846,2011-10-20 13:55:00,2011-10-20 13:55:00,2011-10,1,1,214.32,135,214.32
16847,2011-10-27 13:29:00,2011-10-27 13:29:00,2011-10,1,1,193.44,78,193.44
16848,2011-10-18 08:42:00,2011-10-18 08:42:00,2011-10,1,1,281.42,182,281.42
16849,2011-06-06 09:16:00,2011-06-06 09:16:00,2011-06,1,1,124.57,33,124.57
16850,2011-01-10 11:09:00,2011-01-10 11:09:00,2011-01,1,1,332.41,249,332.41
16851,2011-10-19 09:48:00,2011-10-28 12:33:00,2011-10,2,1,239.45999999999998,190,119.72999999999999
16852,2011-06-16 15:49:00,2011-11-29 13:22:00,2011-06,2,2,144.91,56,72.455
16855,2011-10-27 16:31:00,2011-11-16 12:03:00,2011-10,2,2,328.4,164,164.2
16856,2011-11-25 08:59:00,2011-11-25 08:59:00,2011-11,1,1,35.400000000000006,12,35.400000000000006
16858,2010-12-06 09:52:00,2010-12-06 09:52:00,2010-12,1,1,375.69,91,375.69
16859,2011-03-23 13:39:00,2011-07-18 12:19:00,2011-03,2,2,747.81,827,373.905
16861,2011-07-04 15:38:00,2011-10-11 09:05:00,2011-07,2,2,173.76,140,86.88
16863,2010-12-08 08:58:00,2011-11-08 15:26:00,2010-12,2,2,502.8,409,251.4
16866,2011-07-01 12:34:00,2011-07-22 10:06:00,2011-07,3,1,207.73999999999998,60,69.24666666666666
16869,2011-06-17 13:01:00,2011-11-17 12:02:00,2011-06,4,3,825.4200000000001,585,206.35500000000002
16871,2011-03-14 10:31:00,2011-11-17 19:27:00,2011-03,6,4,2812.34,1253,468.72333333333336
16872,2011-06-08 14:32:00,2011-09-23 16:05:00,2011-06,3,3,680.0200000000001,600,226.67333333333337
16873,2010-12-10 15:45:00,2011-10-09 12:20:00,2010-12,5,5,5268.79,2835,1053.758
16875,2011-01-04 10:37:00,2011-10-03 13:39:00,2011-01,5,4,2095.53,1069,419.10600000000005
16877,2011-05-15 16:13:00,2011-11-27 13:47:00,2011-05,6,4,853.72,463,142.28666666666666
16878,2011-09-16 17:39:00,2011-09-16 17:39:00,2011-09,1,1,13.3,12,13.3
16880,2011-06-03 16:45:00,2011-11-09 11:33:00,2011-06,7,5,1519.08,753,217.01142857142855
16881,2011-10-04 10:33:00,2011-10-04 10:33:00,2011-10,1,1,432.0,600,432.0
16882,2011-01-26 17:43:00,2011-10-04 10:42:00,2011-01,3,3,705.12,424,235.04
16883,2010-12-03 10:33:00,2011-06-05 12:51:00,2010-12,2,2,276.73,104,138.365
16884,2011-11-02 10:16:00,2011-11-02 11:52:00,2011-11,2,1,429.84000000000003,320,214.92000000000002
16885,2010-12-17 17:23:00,2011-11-24 13:40:00,2010-12,3,3,471.51,184,157.17
16887,2011-11-04 14:07:00,2011-11-04 14:07:00,2011-11,1,1,194.88,157,194.88
16889,2011-01-07 10:47:00,2011-05-29 11:05:00,2011-01,3,3,1578.6699999999998,925,526.2233333333332
16891,2010-12-03 11:35:00,2011-11-03 13:50:00,2010-12,4,4,693.75,255,173.4375
16892,2011-06-09 11:35:00,2011-11-24 13:06:00,2011-06,3,2,390.62,200,130.20666666666668
16893,2010-12-08 12:06:00,2010-12-08 12:06:00,2010-12,1,1,145.93,62,145.93
16895,2011-10-06 12:15:00,2011-10-06 12:15:00,2011-10,1,1,219.14000000000001,102,219.14000000000001
16897,2011-01-30 11:52:00,2011-02-13 15:02:00,2011-01,2,2,289.78,73,144.89
16898,2010-12-06 12:23:00,2011-11-13 15:44:00,2010-12,3,3,508.81,419,169.60333333333332
16899,2010-12-14 13:11:00,2011-11-20 14:31:00,2010-12,5,5,969.98,451,193.996
16900,2011-10-07 13:17:00,2011-11-23 10:32:00,2011-10,3,2,882.1600000000001,832,294.05333333333334
16902,2011-08-15 14:17:00,2011-08-15 14:17:00,2011-08,1,1,1706.88,629,1706.88
16903,2011-11-10 15:32:00,2011-11-10 15:32:00,2011-11,1,1,373.24,262,373.24
16904,2010-12-07 13:29:00,2011-11-10 13:46:00,2010-12,14,9,3386.4500000000003,1784,241.88928571428573
16905,2010-12-03 10:43:00,2011-11-20 13:37:00,2010-12,6,5,2767.73,1249,461.28833333333336
16906,2011-04-05 12:30:00,2011-09-19 11:49:00,2011-04,4,4,579.77,281,144.9425
16907,2010-12-09 16:52:00,2011-11-10 18:04:00,2010-12,5,5,981.65,298,196.32999999999998
16909,2011-09-28 16:45:00,2011-09-28 16:45:00,2011-09,1,1,379.14,436,379.14
16910,2011-09-09 14:14:00,2011-11-30 14:33:00,2011-09,7,3,1323.26,739,189.03714285714287
16912,2011-01-20 15:42:00,2011-11-11 12:18:00,2011-01,11,6,2575.38,1029,234.12545454545455
16913,2011-02-22 12:56:00,2011-02-22 12:56:00,2011-02,1,1,113.44,82,113.44
16914,2011-11-03 15:27:00,2011-11-03 15:27:00,2011-11,1,1,208.46,121,208.46
16915,2011-03-01 09:52:00,2011-11-30 16:39:00,2011-03,6,6,621.6800000000001,132,103.61333333333334
16916,2010-12-02 13:14:00,2011-11-16 12:08:00,2010-12,2,2,576.26,440,288.13
16917,2011-03-08 11:55:00,2011-03-08 11:55:00,2011-03,1,1,391.52,232,391.52
16918,2011-01-26 17:37:00,2011-10-21 12:50:00,2011-01,6,4,1068.8200000000002,721,178.13666666666668
16919,2010-12-06 12:52:00,2011-07-06 13:35:00,2010-12,11,5,2596.4500000000003,1413,236.0409090909091
16921,2011-10-09 16:22:00,2011-10-09 16:22:00,2011-10,1,1,169.79,171,169.79
16923,2010-12-12 11:06:00,2011-11-27 13:00:00,2010-12,19,10,7247.61,3417,381.4531578947368
16924,2011-09-16 12:54:00,2011-11-18 12:53:00,2011-09,3,3,846.75,493,282.25
16926,2010-12-03 13:42:00,2010-12-03 13:42:00,2010-12,1,1,230.25,35,230.25
16927,2010-12-13 11:57:00,2011-08-16 11:10:00,2010-12,3,3,543.05,993,181.01666666666665
16928,2010-12-01 15:21:00,2011-09-20 15:10:00,2010-12,17,9,2839.65,2113,167.03823529411764
16929,2011-07-07 12:39:00,2011-11-22 15:36:00,2011-07,6,4,1089.45,723,181.57500000000002
16930,2011-10-02 14:25:00,2011-11-13 16:13:00,2011-10,3,2,380.55,341,126.85000000000001
16931,2010-12-05 11:40:00,2011-11-20 14:43:00,2010-12,20,12,4192.78,2825,209.63899999999998
16932,2011-10-17 14:12:00,2011-10-17 14:12:00,2011-10,1,1,161.94,87,161.94
16933,2011-04-14 13:33:00,2011-04-14 13:33:00,2011-04,1,1,224.73,127,224.73
16934,2011-10-16 12:25:00,2011-10-16 12:40:00,2011-10,2,1,950.9300000000001,399,475.46500000000003
16936,2011-11-14 11:04:00,2011-11-14 11:04:00,2011-11,1,1,262.68,173,262.68
16938,2011-02-04 09:34:00,2011-06-13 11:24:00,2011-02,3,2,2410.75,2325,803.5833333333334
16940,2011-02-23 12:27:00,2011-10-18 13:15:00,2011-02,3,3,3049.88,2169,1016.6266666666667
16942,2011-04-26 11:59:00,2011-11-27 12:40:00,2011-04,9,5,1920.59,811,213.39888888888888
16943,2011-01-25 14:00:00,2011-05-12 11:57:00,2011-01,3,3,816.73,145,272.24333333333334
16945,2010-12-16 17:49:00,2011-11-18 11:39:00,2010-12,19,10,4345.5,2725,228.71052631578948
16947,2011-04-18 09:38:00,2011-04-18 09:38:00,2011-04,1,1,406.48,312,406.48
16948,2011-01-18 10:58:00,2011-07-24 12:46:00,2011-01,3,3,435.02,1614,145.00666666666666
16949,2011-01-27 12:11:00,2011-10-30 11:55:00,2011-01,5,5,1204.23,699,240.846
16950,2010-12-07 15:20:00,2011-10-14 09:06:00,2010-12,3,3,1178.56,644,392.8533333333333
16951,2011-02-08 14:58:00,2011-07-28 12:05:00,2011-02,3,2,1277.75,1318,425.9166666666667
16952,2011-08-22 12:58:00,2011-08-22 13:03:00,2011-08,2,1,167.60999999999999,92,83.80499999999999
16953,2011-11-09 15:54:00,2011-11-09 15:54:00,2011-11,1,1,20.8,10,20.8
16954,2010-12-15 10:41:00,2011-11-23 11:42:00,2010-12,7,5,1703.96,862,243.42285714285714
16955,2010-12-01 13:31:00,2011-06-08 10:36:00,2010-12,4,3,518.67,266,129.6675
16956,2011-11-22 08:56:00,2011-11-22 08:56:00,2011-11,1,1,308.74,114,308.74
16957,2011-03-03 09:25:00,2011-04-14 13:56:00,2011-03,2,2,416.64,172,208.32
16959,2011-09-13 15:03:00,2011-09-13 15:03:00,2011-09,1,1,117.35000000000001,49,117.35000000000001
16960,2011-04-01 11:54:00,2011-11-01 11:35:00,2011-04,3,3,505.1,301,168.36666666666667
16961,2011-08-15 13:46:00,2011-08-15 13:46:00,2011-08,1,1,234.17,125,234.17
16963,2011-06-05 13:48:00,2011-06-05 13:48:00,2011-06,1,1,110.55000000000001,35,110.55000000000001
16965,2011-04-27 12:08:00,2011-04-27 12:08:00,2011-04,1,1,192.07,243,192.07
16966,2011-04-13 14:17:00,2011-11-24 09:13:00,2011-04,6,5,1769.17,1705,294.8616666666667
16967,2011-06-03 14:24:00,2011-06-03 14:24:00,2011-06,1,1,319.02,333,319.02
16968,2011-08-24 10:51:00,2011-08-24 10:51:00,2011-08,1,1,253.31,98,253.31
16969,2011-06-01 12:10:00,2011-10-31 13:12:00,2011-06,3,3,650.41,816,216.8033333333333
16971,2011-11-01 15:06:00,2011-11-01 15:06:00,2011-11,1,1,357.21,72,357.21
16976,2011-03-17 16:33:00,2011-03-17 16:33:00,2011-03,1,1,251.51999999999998,88,251.51999999999998
16978,2011-09-23 12:50:00,2011-09-23 12:50:00,2011-09,1,1,344.33,166,344.33
16979,2011-02-15 09:20:00,2011-11-22 13:20:00,2011-02,5,4,1620.26,807,324.052
16980,2011-02-21 12:58:00,2011-03-29 16:36:00,2011-02,2,2,1078.96,788,539.48
16982,2011-10-10 12:28:00,2011-10-10 12:28:00,2011-10,1,1,384.06,182,384.06
16983,2010-12-05 12:34:00,2011-11-27 12:10:00,2010-12,7,6,1931.25,1379,275.89285714285717
16984,2011-08-01 17:37:00,2011-09-12 13:43:00,2011-08,2,2,4481.35,2423,2240.675
16985,2010-12-16 10:38:00,2011-11-22 13:33:00,2010-12,10,7,5464.12,1832,546.412
16986,2011-11-09 15:52:00,2011-11-10 11:55:00,2011-11,2,1,1873.2,1040,936.6
16987,2011-05-18 15:55:00,2011-10-28 17:26:00,2011-05,6,3,1393.1200000000001,327,232.1866666666667
16989,2011-07-12 09:11:00,2011-11-24 17:32:00,2011-07,5,4,1093.65,1209,218.73000000000002
16990,2011-05-05 08:30:00,2011-05-05 08:30:00,2011-05,1,1,179.0,100,179.0
16992,2011-02-28 10:37:00,2011-11-29 11:50:00,2011-02,5,4,1614.31,860,322.86199999999997
16996,2010-12-21 13:22:00,2011-11-09 16:43:00,2010-12,6,5,1456.96,544,242.82666666666668
16997,2011-01-18 11:51:00,2011-02-24 17:28:00,2011-01,3,2,702.0,360,234.0
16998,2011-02-08 15:42:00,2011-07-13 09:44:00,2011-02,4,3,295.0,76,73.75
16999,2011-09-26 15:43:00,2011-11-16 13:53:00,2011-09,2,2,484.82000000000005,294,242.41000000000003
17001,2010-12-16 09:35:00,2011-11-17 15:24:00,2010-12,10,10,3581.89,1946,358.18899999999996
17002,2011-02-22 11:46:00,2011-09-15 12:40:00,2011-02,3,3,1493.73,679,497.91
17004,2011-09-08 12:16:00,2011-10-24 14:25:00,2011-09,2,2,1412.94,819,706.47
17006,2011-09-25 12:15:00,2011-11-21 13:44:00,2011-09,3,2,534.72,187,178.24
17007,2010-12-17 13:57:00,2011-10-20 10:47:00,2010-12,6,4,889.9300000000001,597,148.3216666666667
17010,2011-11-21 14:49:00,2011-11-21 14:49:00,2011-11,1,1,195.36,118,195.36
17011,2011-11-09 13:30:00,2011-11-09 13:30:00,2011-11,1,1,270.9,186,270.9
17014,2011-10-04 11:36:00,2011-11-07 14:51:00,2011-10,2,2,355.06,118,177.53
17015,2011-06-07 13:19:00,2011-11-11 10:45:00,2011-06,3,3,1842.56,1981,614.1866666666666
17017,2010-12-02 10:17:00,2011-11-30 09:18:00,2010-12,19,9,8063.66,6249,424.4031578947368
17018,2011-01-18 08:46:00,2011-10-30 11:42:00,2011-01,2,2,920.1,176,460.05
17019,2010-12-06 12:55:00,2011-11-28 13:06:00,2010-12,4,4,1272.61,827,318.1525
17022,2011-11-08 17:09:00,2011-11-08 17:09:00,2011-11,1,1,71.0,108,71.0
17024,2011-07-05 09:31:00,2011-10-25 13:47:00,2011-07,3,3,95.85,69,31.95
17025,2010-12-01 15:45:00,2011-10-10 09:06:00,2010-12,3,2,357.77000000000004,235,119.25666666666667
17026,2010-12-05 12:47:00,2011-06-07 14:28:00,2010-12,2,2,154.82999999999998,97,77.41499999999999
17027,2011-01-26 14:19:00,2011-09-22 12:24:00,2011-01,6,5,890.29,421,148.38166666666666
17029,2011-04-17 10:57:00,2011-08-21 11:06:00,2011-04,2,2,716.0,400,358.0
17030,2011-10-07 08:49:00,2011-10-07 08:49:00,2011-10,1,1,146.87,146,146.87
17031,2011-07-08 09:38:00,2011-11-28 10:23:00,2011-07,2,2,380.35,235,190.175
17033,2010-12-15 13:21:00,2011-09-14 14:34:00,2010-12,3,3,1030.1399999999999,750,343.37999999999994
17034,2011-02-25 10:10:00,2011-11-23 15:14:00,2011-02,3,3,745.52,410,248.50666666666666
17035,2011-02-01 12:27:00,2011-04-08 11:23:00,2011-02,2,2,433.53,229,216.765
17037,2011-09-13 12:49:00,2011-09-13 12:49:00,2011-09,1,1,1267.32,656,1267.32
17038,2011-11-09 13:50:00,2011-11-09 13:50:00,2011-11,1,1,112.4,28,112.4
17040,2011-07-25 10:19:00,2011-07-25 10:19:00,2011-07,1,1,449.73,181,449.73
17041,2010-12-14 11:43:00,2011-11-13 11:21:00,2010-12,3,3,1081.57,951,360.5233333333333
17042,2011-04-06 14:53:00,2011-08-10 13:19:00,2011-04,4,4,922.8199999999999,892,230.70499999999998
17043,2011-03-18 14:53:00,2011-11-07 15:33:00,2011-03,4,4,1735.18,998,433.795
17044,2011-11-14 14:28:00,2011-11-14 14:28:00,2011-11,1,1,948.48,504,948.48
17045,2011-04-06 12:08:00,2011-08-18 17:09:00,2011-04,3,3,339.44,106,113.14666666666666
17046,2011-07-05 14:24:00,2011-07-05 14:24:00,2011-07,1,1,642.02,510,642.02
17047,2011-05-18 16:50:00,2011-09-15 13:27:00,2011-05,3,2,1100.9,533,366.9666666666667
17048,2011-01-12 16:51:00,2011-08-14 11:49:00,2011-01,3,3,925.35,485,308.45
17049,2011-03-09 08:33:00,2011-11-18 13:18:00,2011-03,8,7,5263.9800000000005,2442,657.9975000000001
17050,2011-02-13 12:41:00,2011-09-04 13:48:00,2011-02,6,5,3228.84,1614,538.14
17051,2011-05-29 14:13:00,2011-05-29 14:13:00,2011-05,1,1,247.14,184,247.14
17052,2011-11-11 14:50:00,2011-11-11 14:50:00,2011-11,1,1,413.75,261,413.75
17053,2011-08-01 10:23:00,2011-08-01 10:23:00,2011-08,1,1,498.48,122,498.48
17054,2011-04-08 13:14:00,2011-11-11 12:56:00,2011-04,5,4,1356.33,804,271.26599999999996
17058,2011-04-14 09:18:00,2011-09-19 10:13:00,2011-04,3,3,1179.89,592,393.2966666666667
17059,2010-12-05 12:35:00,2011-11-10 12:27:00,2010-12,5,5,3095.04,1855,619.008
17060,2011-03-18 13:27:00,2011-03-18 13:27:00,2011-03,1,1,234.24,216,234.24
17061,2011-04-21 13:29:00,2011-09-27 11:24:00,2011-04,11,6,5232.2300000000005,1526,475.65727272727275
17062,2010-12-05 11:59:00,2011-01-30 11:01:00,2010-12,4,2,533.33,418,133.3325
17063,2011-02-23 13:44:00,2011-11-18 16:19:00,2011-02,7,4,1461.14,770,208.73428571428573
17064,2011-01-16 16:10:00,2011-10-12 10:18:00,2011-01,3,3,859.35,318,286.45
17068,2010-12-06 13:58:00,2011-11-27 13:14:00,2010-12,21,11,4545.89,2159,216.47095238095238
17069,2010-12-01 16:49:00,2011-11-11 17:13:00,2010-12,9,5,2709.7,1506,301.0777777777778
17070,2011-08-17 17:01:00,2011-08-17 17:01:00,2011-08,1,1,312.14,133,312.14
17071,2011-02-03 08:18:00,2011-11-11 16:31:00,2011-02,9,8,2429.03,1197,269.89222222222224
17073,2011-08-22 14:37:00,2011-11-22 11:47:00,2011-08,4,4,1444.8400000000001,758,361.21000000000004
17075,2011-01-26 13:20:00,2011-11-22 11:58:00,2011-01,4,4,834.12,292,208.53
17076,2010-12-10 10:08:00,2011-11-03 17:53:00,2010-12,3,3,841.0799999999999,295,280.35999999999996
17078,2011-11-03 18:49:00,2011-11-03 19:17:00,2011-11,2,1,375.86,782,187.93
17079,2011-09-22 15:34:00,2011-09-22 15:34:00,2011-09,1,1,118.80000000000001,24,118.80000000000001
17080,2011-03-15 12:05:00,2011-11-17 12:59:00,2011-03,2,2,287.62,166,143.81
17081,2011-10-24 13:08:00,2011-11-14 12:56:00,2011-10,2,2,290.15999999999997,78,145.07999999999998
17082,2011-01-25 14:36:00,2011-11-06 15:17:00,2011-01,2,2,2003.8500000000001,1049,1001.9250000000001
17083,2011-02-09 11:38:00,2011-08-22 15:43:00,2011-02,3,2,1405.78,772,468.5933333333333
17084,2011-11-04 14:49:00,2011-11-04 14:54:00,2011-11,2,1,2949.75,1816,1474.875
17085,2010-12-12 12:24:00,2011-08-08 14:15:00,2010-12,5,4,1566.65,786,313.33000000000004
17086,2011-10-07 11:22:00,2011-11-15 13:07:00,2011-10,5,2,1590.22,1390,318.044
17088,2011-03-31 09:48:00,2011-11-11 14:23:00,2011-03,4,4,1991.01,868,497.7525
17090,2010-12-20 13:52:00,2011-10-18 12:59:00,2010-12,6,5,1819.91,799,303.3183333333333
17091,2010-12-07 09:55:00,2011-11-08 10:17:00,2010-12,8,6,3376.96,1566,422.12
17092,2011-03-07 14:51:00,2011-10-20 19:51:00,2011-03,4,4,1777.78,1131,444.445
17094,2011-01-21 13:09:00,2011-01-21 13:09:00,2011-01,1,1,302.0,152,302.0
17095,2011-01-09 11:05:00,2011-11-17 12:21:00,2011-01,3,3,1324.16,618,441.3866666666667
17096,2011-03-23 12:05:00,2011-11-24 15:01:00,2011-03,4,4,1022.13,339,255.5325
17097,2010-12-09 14:55:00,2011-11-29 16:23:00,2010-12,7,4,810.27,367,115.75285714285714
17100,2011-11-21 16:36:00,2011-11-21 16:36:00,2011-11,2,1,971.74,800,485.87
17101,2011-06-14 14:49:00,2011-11-29 13:57:00,2011-06,4,3,1621.73,815,405.4325
17102,2011-03-23 10:08:00,2011-03-23 10:08:00,2011-03,1,1,25.5,2,25.5
17105,2011-02-06 14:46:00,2011-07-03 15:53:00,2011-02,2,2,665.78,693,332.89
17107,2011-03-06 15:17:00,2011-11-06 14:14:00,2011-03,6,5,10815.43,4837,1802.5716666666667
17109,2011-04-21 15:46:00,2011-11-10 16:59:00,2011-04,6,3,885.04,589,147.50666666666666
17110,2011-06-27 12:58:00,2011-06-27 12:58:00,2011-06,1,1,163.29999999999998,50,163.29999999999998
17111,2011-10-23 15:59:00,2011-10-23 15:59:00,2011-10,1,1,248.61,302,248.61
17114,2011-01-09 11:39:00,2011-11-06 13:37:00,2011-01,7,7,717.73,179,102.53285714285714
17115,2011-04-20 14:46:00,2011-06-10 08:54:00,2011-04,2,2,612.8199999999999,260,306.40999999999997
17117,2011-02-24 13:54:00,2011-02-24 13:54:00,2011-02,1,1,116.19999999999999,68,116.19999999999999
17118,2011-01-26 12:19:00,2011-01-26 12:19:00,2011-01,1,1,157.02,154,157.02
17119,2011-10-11 11:03:00,2011-10-11 11:03:00,2011-10,1,1,547.25,306,547.25
17120,2011-04-20 15:21:00,2011-04-20 15:21:00,2011-04,1,1,307.46,120,307.46
17122,2011-08-12 14:33:00,2011-08-12 14:33:00,2011-08,1,1,138.32,80,138.32
17123,2011-07-01 10:47:00,2011-07-01 10:47:00,2011-07,1,1,345.3,246,345.3
17124,2011-06-07 14:02:00,2011-06-07 14:02:00,2011-06,1,1,298.89,130,298.89
17125,2011-10-20 14:41:00,2011-10-20 14:41:00,2011-10,1,1,259.35,291,259.35
17126,2010-12-12 11:26:00,2011-07-10 13:52:00,2010-12,5,3,1004.75,792,200.95
17128,2011-01-09 12:02:00,2011-01-09 12:02:00,2011-01,1,1,157.09,76,157.09
17131,2011-09-25 12:42:00,2011-11-06 15:43:00,2011-09,4,3,1395.84,565,348.96
17133,2011-03-18 13:47:00,2011-11-24 12:27:00,2011-03,7,5,4892.240000000001,2730,698.8914285714287
17134,2011-03-20 11:56:00,2011-08-25 09:53:00,2011-03,2,2,425.0,102,212.5
17135,2010-12-03 09:31:00,2011-11-23 16:48:00,2010-12,7,4,1139.73,1224,162.81857142857143
17138,2011-03-09 11:54:00,2011-03-09 11:54:00,2011-03,1,1,380.5,126,380.5
17139,2011-02-24 09:32:00,2011-11-24 10:12:00,2011-02,12,8,10668.47,5182,889.0391666666666
17140,2011-04-06 13:33:00,2011-04-06 13:33:00,2011-04,1,1,465.32,302,465.32
17142,2011-04-14 18:22:00,2011-04-14 18:22:00,2011-04,1,1,579.0,81,579.0
17144,2011-09-16 12:50:00,2011-09-16 12:50:00,2011-09,1,1,595.89,351,595.89
17146,2010-12-16 12:20:00,2011-08-26 12:44:00,2010-12,3,3,749.78,212,249.92666666666665
17147,2011-02-01 09:36:00,2011-11-17 12:32:00,2011-02,4,4,1714.5900000000001,882,428.64750000000004
17148,2011-10-19 09:59:00,2011-10-19 09:59:00,2011-10,1,1,124.88,82,124.88
17152,2011-03-21 16:20:00,2011-05-29 12:19:00,2011-03,3,2,1689.5,517,563.1666666666666
17153,2011-11-15 13:42:00,2011-11-15 13:42:00,2011-11,1,1,213.78,104,213.78
17154,2011-09-25 13:42:00,2011-09-25 13:42:00,2011-09,1,1,329.34,490,329.34
17155,2011-06-15 10:22:00,2011-11-22 12:38:00,2011-06,2,2,251.7,242,125.85
17157,2011-06-16 15:08:00,2011-06-16 15:08:00,2011-06,1,1,161.46,102,161.46
17158,2010-12-14 13:03:00,2011-11-07 15:15:00,2010-12,3,3,1266.97,778,422.3233333333333
17159,2011-06-21 09:49:00,2011-11-18 10:52:00,2011-06,3,3,1538.88,1111,512.96
17160,2011-04-12 12:00:00,2011-11-08 14:05:00,2011-04,6,4,3518.03,2856,586.3383333333334
17162,2011-02-07 12:27:00,2011-11-11 11:34:00,2011-02,10,6,1715.46,1001,171.546
17163,2011-09-22 15:54:00,2011-11-18 08:57:00,2011-09,2,2,293.1,66,146.55
17164,2011-03-11 14:26:00,2011-11-07 09:14:00,2011-03,7,5,2467.35,1501,352.4785714285714
17165,2011-02-28 16:39:00,2011-02-28 16:39:00,2011-02,1,1,158.68,100,158.68
17166,2011-05-20 08:18:00,2011-11-01 09:46:00,2011-05,2,2,206.34,78,103.17
17169,2011-06-09 13:16:00,2011-10-13 10:25:00,2011-06,2,2,835.78,526,417.89
17171,2011-02-23 16:37:00,2011-02-23 16:37:00,2011-02,1,1,224.91,185,224.91
17172,2011-09-22 09:36:00,2011-09-22 09:36:00,2011-09,1,1,317.76,480,317.76
17173,2011-07-31 15:26:00,2011-11-29 14:38:00,2011-07,7,4,3209.4,922,458.4857142857143
17174,2011-05-06 11:47:00,2011-05-06 11:47:00,2011-05,1,1,59.9,41,59.9
17175,2011-02-16 14:56:00,2011-10-26 15:31:00,2011-02,4,4,1443.69,866,360.9225
17176,2011-05-22 12:41:00,2011-05-22 12:41:00,2011-05,1,1,306.13,170,306.13
17179,2010-12-13 14:24:00,2011-06-14 16:48:00,2010-12,3,3,711.79,290,237.26333333333332
17180,2011-01-27 18:05:00,2011-10-14 15:46:00,2011-01,4,3,796.03,683,199.0075
17181,2010-12-01 12:38:00,2011-10-13 14:48:00,2010-12,2,2,239.92000000000002,241,119.96000000000001
17183,2011-08-26 15:25:00,2011-11-17 14:41:00,2011-08,5,3,2633.53,1104,526.706
17186,2011-10-10 12:52:00,2011-10-24 10:20:00,2011-10,2,1,144.0,200,72.0
17187,2011-04-27 12:39:00,2011-04-27 12:39:00,2011-04,1,1,203.95,144,203.95
17188,2010-12-12 12:56:00,2011-11-28 13:53:00,2010-12,7,4,2474.23,1328,353.4614285714286
17189,2010-12-15 17:28:00,2011-08-25 19:39:00,2010-12,2,2,384.4,227,192.2
17190,2011-05-16 15:29:00,2011-10-12 11:33:00,2011-05,2,2,444.74,161,222.37
17191,2010-12-06 14:36:00,2011-11-11 16:58:00,2010-12,7,5,2095.13,1167,299.30428571428575
17193,2011-06-16 10:04:00,2011-11-04 12:47:00,2011-06,7,4,1699.3000000000002,1254,242.7571428571429
17194,2010-12-14 12:06:00,2010-12-14 12:06:00,2010-12,1,1,226.78,112,226.78
17197,2011-11-10 10:32:00,2011-11-10 10:32:00,2011-11,1,1,1013.01,191,1013.01
17198,2010-12-03 14:54:00,2011-11-16 10:39:00,2010-12,3,2,692.22,357,230.74
17201,2011-10-17 11:55:00,2011-10-17 11:55:00,2011-10,1,1,342.63,268,342.63
17203,2011-10-10 14:37:00,2011-11-04 12:27:00,2011-10,6,2,3563.85,2850,593.975
17204,2011-03-21 12:42:00,2011-06-17 14:46:00,2011-03,4,3,1564.5600000000002,646,391.14000000000004
17205,2011-10-17 12:46:00,2011-10-17 12:46:00,2011-10,1,1,384.08,884,384.08
17206,2011-10-17 13:25:00,2011-10-17 13:25:00,2011-10,1,1,204.24,76,204.24
17211,2010-12-05 12:44:00,2011-11-13 12:03:00,2010-12,8,6,2317.22,1323,289.6525
17212,2011-03-31 19:42:00,2011-03-31 19:42:00,2011-03,1,1,226.85,147,226.85
17213,2010-12-08 13:03:00,2011-10-30 14:53:00,2010-12,7,4,2781.23,1176,397.31857142857143
17214,2010-12-15 15:14:00,2011-10-10 13:17:00,2010-12,6,5,1069.12,276,178.18666666666664
17217,2011-04-19 17:19:00,2011-04-19 17:19:00,2011-04,1,1,113.5,24,113.5
17218,2010-12-06 15:25:00,2011-11-28 13:27:00,2010-12,9,5,1852.03,905,205.7811111111111
17219,2011-11-08 11:25:00,2011-11-08 11:25:00,2011-11,1,1,114.23,89,114.23
17220,2010-12-10 14:54:00,2011-11-15 13:47:00,2010-12,14,9,3198.25,1905,228.44642857142858
17221,2011-11-03 17:39:00,2011-11-03 17:39:00,2011-11,1,1,132.28,115,132.28
17222,2011-10-05 13:58:00,2011-10-05 13:58:00,2011-10,1,1,354.15,128,354.15
17223,2010-12-06 14:08:00,2011-02-02 15:57:00,2010-12,2,2,391.78999999999996,111,195.89499999999998
17226,2011-02-04 11:52:00,2011-02-04 11:52:00,2011-02,1,1,393.49,406,393.49
17227,2010-12-06 11:16:00,2011-11-21 10:51:00,2010-12,6,6,939.32,741,156.55333333333334
17228,2010-12-02 16:00:00,2011-11-24 10:24:00,2010-12,8,6,1906.09,1532,238.26125
17229,2011-07-20 12:38:00,2011-09-04 13:56:00,2011-07,2,2,318.76,185,159.38
17230,2010-12-15 11:22:00,2011-03-20 16:12:00,2010-12,8,3,3638.41,1651,454.80125
17231,2010-12-13 14:16:00,2011-11-27 15:18:00,2010-12,10,9,3174.32,1742,317.432
17232,2011-11-25 12:24:00,2011-11-25 12:24:00,2011-11,1,1,208.04,110,208.04
17233,2011-11-04 14:06:00,2011-11-04 14:06:00,2011-11,1,1,190.88,131,190.88
17234,2011-06-10 11:20:00,2011-06-10 11:20:00,2011-06,1,1,149.89,55,149.89
17235,2010-12-02 13:38:00,2011-11-14 15:51:00,2010-12,2,2,550.06,224,275.03
17236,2010-12-12 11:49:00,2011-11-27 12:00:00,2010-12,6,6,916.13,474,152.68833333333333
17237,2011-11-17 12:55:00,2011-11-28 15:02:00,2011-11,2,1,314.69,105,157.345
17238,2010-12-03 15:05:00,2011-11-22 12:09:00,2010-12,15,9,3104.18,1562,206.9453333333333
17239,2011-01-31 09:41:00,2011-01-31 09:41:00,2011-01,1,1,382.5,150,382.5
17242,2011-06-12 13:04:00,2011-08-23 14:55:00,2011-06,2,2,1135.04,611,567.52
17243,2010-12-05 10:03:00,2011-11-25 12:29:00,2010-12,24,11,7732.87,3015,322.2029166666667
17244,2011-10-17 15:19:00,2011-10-17 15:19:00,2011-10,1,1,954.9,616,954.9
17245,2011-05-19 10:43:00,2011-05-19 10:43:00,2011-05,1,1,171.45,75,171.45
17247,2011-11-24 15:21:00,2011-11-24 15:21:00,2011-11,1,1,282.19,106,282.19
17248,2011-08-11 13:34:00,2011-08-11 13:34:00,2011-08,1,1,318.65,213,318.65
17250,2011-03-23 16:45:00,2011-03-23 16:45:00,2011-03,1,1,162.65,70,162.65
17251,2010-12-12 11:06:00,2010-12-12 11:06:00,2010-12,1,1,283.28000000000003,110,283.28000000000003
17252,2011-06-06 16:41:00,2011-08-15 09:45:00,2011-06,2,2,353.85999999999996,193,176.92999999999998
17253,2011-11-21 12:59:00,2011-11-21 12:59:00,2011-11,1,1,178.26,43,178.26
17254,2011-11-24 14:09:00,2011-11-24 14:09:00,2011-11,1,1,170.31,151,170.31
17255,2011-02-13 15:18:00,2011-10-30 12:18:00,2011-02,2,2,298.40999999999997,232,149.20499999999998
17256,2011-01-31 14:53:00,2011-08-24 13:30:00,2011-01,2,2,240.0,141,120.0
17259,2010-12-06 12:55:00,2011-07-14 15:01:00,2010-12,2,2,603.37,410,301.685
17262,2010-12-08 13:30:00,2011-10-18 12:56:00,2010-12,5,4,1253.36,367,250.67199999999997
17263,2011-05-15 14:32:00,2011-05-15 14:32:00,2011-05,1,1,63.44,36,63.44
17265,2011-06-12 12:00:00,2011-07-24 10:49:00,2011-06,2,2,562.9000000000001,394,281.45000000000005
17266,2011-07-15 11:57:00,2011-07-15 11:57:00,2011-07,1,1,113.06,27,113.06
17267,2011-08-04 17:19:00,2011-08-04 17:22:00,2011-08,2,1,317.62,159,158.81
17268,2011-04-08 13:20:00,2011-08-24 10:06:00,2011-04,4,3,763.64,844,190.91
17272,2011-03-22 12:05:00,2011-10-28 16:37:00,2011-03,4,3,2148.63,1778,537.1575
17274,2011-11-04 13:16:00,2011-11-04 13:16:00,2011-11,1,1,111.98,79,111.98
17277,2011-01-21 12:37:00,2011-04-26 12:47:00,2011-01,2,2,1065.35,430,532.675
17278,2011-04-12 13:10:00,2011-04-12 13:10:00,2011-04,1,1,246.04,179,246.04
17279,2011-10-13 11:58:00,2011-10-13 11:58:00,2011-10,1,1,187.83,48,187.83
17282,2011-02-13 11:36:00,2011-08-01 14:29:00,2011-02,3,3,1703.41,1877,567.8033333333334
17284,2011-01-07 14:31:00,2011-10-10 14:38:00,2011-01,6,5,1652.58,1364,275.43
17286,2011-11-18 12:47:00,2011-11-18 12:47:00,2011-11,1,1,153.92,118,153.92
17287,2010-12-02 12:22:00,2011-11-13 13:27:00,2010-12,7,6,1064.11,559,152.01571428571427
17288,2010-12-16 13:33:00,2011-11-30 16:09:00,2010-12,7,6,1419.73,1203,202.81857142857143
17289,2011-06-12 13:51:00,2011-11-08 12:01:00,2011-06,3,2,944.41,520,314.80333333333334
17290,2011-11-23 15:53:00,2011-11-23 15:53:00,2011-11,1,1,353.03,276,353.03
17291,2011-02-04 13:04:00,2011-02-04 13:04:00,2011-02,1,1,550.8000000000001,72,550.8000000000001
17293,2010-12-13 14:55:00,2011-11-09 13:46:00,2010-12,8,7,1680.98,1014,210.1225
17295,2011-10-06 12:22:00,2011-11-11 10:49:00,2011-10,3,2,556.95,294,185.65
17297,2011-11-22 14:43:00,2011-11-22 14:43:00,2011-11,1,1,131.78,67,131.78
17298,2011-08-07 12:21:00,2011-08-30 16:43:00,2011-08,2,1,498.42,387,249.21
17299,2011-06-19 16:04:00,2011-11-28 12:01:00,2011-06,4,4,669.11,678,167.2775
17301,2011-11-18 13:43:00,2011-11-18 13:43:00,2011-11,1,1,197.63,149,197.63
17302,2011-02-07 10:14:00,2011-11-25 09:36:00,2011-02,5,4,1135.63,575,227.12600000000003
17303,2010-12-13 13:32:00,2010-12-13 13:32:00,2010-12,1,1,250.04,144,250.04
17306,2010-12-21 13:34:00,2011-11-29 12:14:00,2010-12,19,10,8631.31,11491,454.2794736842105
17309,2011-09-05 15:20:00,2011-09-05 15:20:00,2011-09,1,1,82.75,41,82.75
17311,2011-01-27 10:56:00,2011-09-22 14:11:00,2011-01,2,2,1384.85,1005,692.425
17312,2011-07-03 13:12:00,2011-07-24 11:52:00,2011-07,3,1,644.3,372,214.76666666666665
17313,2011-11-08 15:45:00,2011-11-08 15:45:00,2011-11,1,1,2328.84,1402,2328.84
17314,2011-01-31 11:25:00,2011-11-15 09:41:00,2011-01,8,7,2527.92,1896,315.99
17315,2010-12-17 12:24:00,2011-11-22 10:20:00,2010-12,35,12,6062.0,3731,173.2
17317,2011-09-11 12:45:00,2011-10-24 17:19:00,2011-09,3,2,2600.34,1146,866.7800000000001
17320,2010-12-06 15:38:00,2011-08-31 13:31:00,2010-12,3,3,1200.62,634,400.20666666666665
17321,2011-10-03 11:34:00,2011-10-03 11:34:00,2011-10,1,1,659.61,368,659.61
17323,2011-02-20 14:38:00,2011-11-24 17:29:00,2011-02,7,6,917.67,772,131.09571428571428
17324,2010-12-08 12:45:00,2011-11-22 10:34:00,2010-12,4,3,990.23,844,247.5575
17325,2011-03-04 13:09:00,2011-03-04 13:09:00,2011-03,1,1,96.8,60,96.8
17329,2011-01-28 15:29:00,2011-11-25 14:24:00,2011-01,2,2,523.11,142,261.555
17330,2011-10-03 11:26:00,2011-11-17 08:56:00,2011-10,2,2,363.9,120,181.95
17331,2011-08-08 11:55:00,2011-08-08 11:55:00,2011-08,1,1,175.2,16,175.2
17333,2011-09-15 10:11:00,2011-09-15 10:11:00,2011-09,1,1,494.25,375,494.25
17334,2011-02-04 09:03:00,2011-02-10 14:59:00,2011-02,2,1,307.02,315,153.51
17337,2011-02-02 17:06:00,2011-07-11 14:55:00,2011-02,4,4,2026.42,1268,506.605
17338,2010-12-13 12:57:00,2011-11-22 14:23:00,2010-12,8,8,6635.14,3113,829.3925
17339,2010-12-09 14:44:00,2011-09-06 13:29:00,2010-12,2,2,243.36,152,121.68
17340,2010-12-08 15:56:00,2011-11-10 10:45:00,2010-12,11,7,12353.29,5967,1123.0263636363636
17341,2010-12-08 12:46:00,2011-07-06 12:33:00,2010-12,3,2,781.36,489,260.4533333333333
17343,2010-12-19 15:07:00,2010-12-19 15:07:00,2010-12,1,1,193.64,56,193.64
17344,2011-10-24 12:56:00,2011-10-24 12:56:00,2011-10,1,1,160.57,66,160.57
17345,2011-05-27 12:26:00,2011-11-24 15:02:00,2011-05,4,3,537.74,346,134.435
17346,2010-12-01 14:34:00,2011-11-28 11:54:00,2010-12,14,8,2539.4700000000003,1591,181.3907142857143
17347,2011-09-14 13:12:00,2011-09-14 13:12:00,2011-09,1,1,228.96,216,228.96
17348,2011-02-15 10:49:00,2011-11-25 11:25:00,2011-02,5,3,1159.52,1401,231.904
17349,2011-06-13 14:29:00,2011-06-13 14:29:00,2011-06,1,1,110.75,112,110.75
17350,2011-10-19 16:05:00,2011-10-25 12:06:00,2011-10,2,1,891.09,643,445.545
17351,2011-03-11 16:05:00,2011-11-03 18:45:00,2011-03,3,3,587.15,113,195.71666666666667
17353,2011-07-08 16:17:00,2011-08-02 17:19:00,2011-07,2,2,1740.0,1200,870.0
17354,2011-10-20 10:34:00,2011-10-20 10:34:00,2011-10,1,1,1393.06,1006,1393.06
17356,2011-02-01 11:07:00,2011-02-01 11:07:00,2011-02,1,1,178.22,166,178.22
17357,2011-11-15 16:29:00,2011-11-15 16:30:00,2011-11,2,1,388.14,153,194.07
17358,2010-12-19 14:16:00,2011-02-09 16:57:00,2010-12,2,2,365.85,202,182.925
17359,2011-11-28 14:37:00,2011-11-28 14:37:00,2011-11,1,1,127.86,161,127.86
17360,2011-06-08 17:09:00,2011-11-22 13:11:00,2011-06,3,2,585.79,335,195.26333333333332
17361,2011-02-21 09:55:00,2011-10-21 15:43:00,2011-02,3,3,488.2,157,162.73333333333332
17362,2011-02-03 10:26:00,2011-04-14 14:43:00,2011-02,2,2,312.23,191,156.115
17364,2011-01-12 16:57:00,2011-11-24 14:40:00,2011-01,8,6,3788.67,2328,473.58375
17365,2011-01-11 12:11:00,2011-11-27 12:13:00,2011-01,8,7,4796.52,4765,599.565
17367,2011-04-15 14:21:00,2011-04-15 14:21:00,2011-04,1,1,168.4,150,168.4
17368,2011-01-06 11:57:00,2011-11-16 15:26:00,2011-01,8,5,1912.6699999999998,1391,239.08374999999998
17370,2011-06-23 11:50:00,2011-09-28 10:14:00,2011-06,4,2,446.18,540,111.545
17371,2010-12-13 15:20:00,2011-11-22 13:30:00,2010-12,3,2,423.89,152,141.29666666666665
17372,2010-12-12 12:00:00,2011-10-30 11:37:00,2010-12,8,5,1342.68,749,167.835
17373,2011-01-31 11:46:00,2011-10-30 15:28:00,2011-01,4,4,646.9200000000001,408,161.73000000000002
17374,2011-03-03 12:53:00,2011-05-05 09:05:00,2011-03,2,2,495.77,85,247.885
17375,2010-12-13 15:16:00,2011-05-24 15:45:00,2010-12,3,3,400.1,367,133.36666666666667
17376,2011-02-01 14:12:00,2011-09-30 12:36:00,2011-02,2,2,203.2,86,101.6
17377,2010-12-01 12:35:00,2011-11-16 11:17:00,2010-12,20,8,4100.92,2076,205.046
17379,2011-11-28 13:56:00,2011-11-28 13:56:00,2011-11,1,1,404.66,663,404.66
17381,2010-12-02 12:58:00,2011-11-15 15:49:00,2010-12,28,12,19967.45,25289,713.1232142857143
17382,2011-10-05 13:05:00,2011-10-05 13:05:00,2011-10,1,1,65.4,25,65.4
17384,2011-05-04 16:07:00,2011-11-20 15:48:00,2011-05,2,2,336.4,88,168.2
17385,2011-11-25 11:02:00,2011-11-25 11:02:00,2011-11,1,1,261.11,201,261.11
17386,2011-06-27 12:11:00,2011-09-01 13:47:00,2011-06,5,3,1697.3400000000001,1022,339.468
17387,2011-11-06 11:25:00,2011-11-20 11:00:00,2011-11,2,1,784.11,542,392.055
17388,2011-02-25 12:28:00,2011-09-23 10:31:00,2011-02,4,4,1259.56,1068,314.89
17389,2011-01-12 15:48:00,2011-11-25 13:59:00,2011-01,31,10,25956.899999999998,6242,837.3193548387096
17391,2011-06-28 12:21:00,2011-06-29 09:58:00,2011-06,2,1,508.8,480,254.4
17392,2010-12-16 19:04:00,2011-02-06 12:48:00,2010-12,2,2,451.91,318,225.955
17394,2011-05-04 13:22:00,2011-05-04 13:22:00,2011-05,1,1,203.86999999999998,241,203.86999999999998
17396,2010-12-03 09:45:00,2011-10-31 14:12:00,2010-12,7,3,7312.799999999999,2004,1044.685714285714
17397,2011-11-17 13:58:00,2011-11-17 14:08:00,2011-11,2,1,696.41,254,348.205
17398,2011-03-29 13:04:00,2011-08-17 09:48:00,2011-03,3,3,653.38,310,217.79333333333332
17400,2010-12-21 17:16:00,2011-08-05 15:38:00,2010-12,5,4,2129.96,1097,425.992
17402,2010-12-05 13:53:00,2011-11-09 13:12:00,2010-12,11,8,2312.0499999999997,612,210.1863636363636
17403,2011-11-03 15:18:00,2011-11-03 15:18:00,2011-11,1,1,281.62,117,281.62
17404,2010-12-14 13:28:00,2011-11-14 08:22:00,2010-12,12,9,31543.82,32704,2628.6516666666666
17405,2011-07-12 14:17:00,2011-09-28 10:27:00,2011-07,2,2,883.01,562,441.505
17406,2010-12-08 10:35:00,2011-01-10 15:07:00,2010-12,3,2,2200.42,787,733.4733333333334
17408,2011-06-29 12:53:00,2011-06-29 12:53:00,2011-06,1,1,32.65,3,32.65
17409,2011-04-05 16:42:00,2011-06-08 10:36:00,2011-04,2,2,771.85,105,385.925
17410,2011-05-08 15:21:00,2011-11-23 15:46:00,2011-05,5,4,1214.72,616,242.94400000000002
17411,2011-03-23 13:44:00,2011-11-27 14:25:00,2011-03,3,3,778.94,306,259.6466666666667
17412,2010-12-02 16:29:00,2011-11-16 12:21:00,2010-12,6,5,1071.66,652,178.61
17414,2011-06-08 11:43:00,2011-10-27 12:13:00,2011-06,2,2,778.0,2100,389.0
17415,2011-09-21 12:50:00,2011-09-21 12:50:00,2011-09,1,1,507.84,114,507.84
17416,2011-03-03 13:45:00,2011-11-10 12:47:00,2011-03,7,6,6893.42,4302,984.7742857142857
17418,2011-01-20 11:39:00,2011-10-28 13:00:00,2011-01,2,2,463.46,289,231.73
17419,2010-12-07 15:03:00,2011-11-28 13:47:00,2010-12,12,8,4226.57,1876,352.21416666666664
17420,2010-12-01 09:56:00,2011-10-20 14:52:00,2010-12,3,3,598.83,265,199.61
17422,2011-02-16 14:44:00,2011-11-23 13:27:00,2011-02,6,6,1979.37,2253,329.895
17423,2011-05-06 09:14:00,2011-10-24 13:36:00,2011-05,2,2,698.4100000000001,459,349.20500000000004
17425,2011-10-10 11:37:00,2011-11-20 15:30:00,2011-10,2,2,759.1700000000001,407,379.58500000000004
17426,2011-03-02 16:34:00,2011-09-09 15:51:00,2011-03,4,3,4280.59,2541,1070.1475
17427,2011-09-29 11:29:00,2011-09-29 11:29:00,2011-09,1,1,100.8,34,100.8
17428,2010-12-06 09:37:00,2011-11-17 13:46:00,2010-12,27,12,16841.25,9418,623.75
17429,2011-05-05 09:53:00,2011-08-03 13:22:00,2011-05,3,3,524.9200000000001,624,174.97333333333336
17430,2010-12-09 13:05:00,2011-11-07 09:24:00,2010-12,2,2,265.76,190,132.88
17431,2011-01-30 14:36:00,2011-01-30 14:36:00,2011-01,1,1,403.3,292,403.3
17432,2011-11-02 17:30:00,2011-11-21 17:33:00,2011-11,2,1,365.76,207,182.88
17433,2011-09-12 14:24:00,2011-09-12 14:24:00,2011-09,1,1,303.16,185,303.16
17434,2011-09-15 13:54:00,2011-11-30 15:58:00,2011-09,6,3,2052.48,1447,342.08
17436,2011-04-27 11:33:00,2011-04-27 11:33:00,2011-04,1,1,122.39999999999999,48,122.39999999999999
17438,2011-03-31 10:26:00,2011-03-31 10:26:00,2011-03,1,1,388.45000000000005,103,388.45000000000005
17440,2011-04-06 12:05:00,2011-07-06 11:54:00,2011-04,3,2,186.42,246,62.13999999999999
17442,2011-02-22 13:02:00,2011-11-03 09:17:00,2011-02,6,6,2248.56,1496,374.76
17443,2011-05-04 10:47:00,2011-05-04 10:47:00,2011-05,1,1,534.24,504,534.24
17444,2011-06-20 09:04:00,2011-07-11 10:33:00,2011-06,2,2,2389.1,2118,1194.55
17446,2011-02-02 14:40:00,2011-06-16 10:42:00,2011-02,2,2,120.9,198,60.45
17447,2011-09-29 10:10:00,2011-10-30 14:18:00,2011-09,2,2,541.53,443,270.765
17449,2010-12-15 10:57:00,2011-10-25 17:22:00,2010-12,6,5,2092.17,974,348.695
17450,2010-12-07 09:23:00,2011-11-29 09:56:00,2010-12,45,11,192988.38999999998,69273,4288.630888888889
17451,2011-08-26 11:54:00,2011-11-24 11:19:00,2011-08,6,4,1427.22,1049,237.87
17453,2011-10-06 17:02:00,2011-11-22 09:42:00,2011-10,2,2,486.7199999999999,219,243.35999999999996
17454,2010-12-15 10:54:00,2011-05-31 13:58:00,2010-12,4,4,517.53,243,129.3825
17455,2011-05-20 12:31:00,2011-05-20 12:31:00,2011-05,1,1,131.7,66,131.7
17456,2010-12-09 15:23:00,2010-12-09 15:23:00,2010-12,1,1,249.85999999999999,222,249.85999999999999
17457,2011-01-04 14:33:00,2011-08-05 12:48:00,2011-01,5,5,1737.6999999999998,826,347.53999999999996
17458,2011-11-24 13:01:00,2011-11-24 13:01:00,2011-11,1,1,316.5,170,316.5
17459,2011-10-10 17:00:00,2011-10-27 13:25:00,2011-10,2,1,657.3,537,328.65
17460,2010-12-01 16:24:00,2011-09-06 15:04:00,2010-12,6,5,622.4300000000001,236,103.73833333333334
17461,2011-11-10 12:01:00,2011-11-17 10:21:00,2011-11,3,1,757.46,799,252.48666666666668
17462,2011-02-28 17:01:00,2011-10-10 13:56:00,2011-02,2,2,675.69,227,337.845
17463,2011-01-30 15:48:00,2011-11-23 13:40:00,2011-01,5,5,1896.4099999999999,1095,379.282
17464,2011-07-04 13:19:00,2011-07-04 13:19:00,2011-07,1,1,289.96,220,289.96
17466,2011-09-22 09:16:00,2011-11-29 13:15:00,2011-09,2,2,763.28,306,381.64
17468,2011-11-25 12:52:00,2011-11-29 15:33:00,2011-11,2,1,137.0,116,68.5
17469,2011-05-19 08:55:00,2011-11-23 13:15:00,2011-05,5,5,1870.97,787,374.194
17470,2010-12-07 09:57:00,2011-10-26 12:42:00,2010-12,5,5,1125.07,1675,225.01399999999998
17472,2011-02-13 14:40:00,2011-06-01 14:57:00,2011-02,3,2,710.29,462,236.76333333333332
17475,2011-09-21 14:55:00,2011-09-21 14:55:00,2011-09,1,1,194.37,178,194.37
17480,2011-09-23 11:39:00,2011-09-23 11:39:00,2011-09,1,1,511.82,338,511.82
17481,2011-09-07 09:57:00,2011-11-24 09:06:00,2011-09,3,2,1083.19,903,361.06333333333333
17483,2011-06-09 19:40:00,2011-10-05 13:10:00,2011-06,3,3,414.04,191,138.01333333333335
17486,2011-03-23 14:00:00,2011-03-23 14:00:00,2011-03,1,1,396.87,191,396.87
17489,2011-05-11 11:34:00,2011-10-12 08:56:00,2011-05,2,2,376.64,428,188.32
17490,2011-06-16 09:15:00,2011-10-06 17:52:00,2011-06,4,3,1321.22,640,330.305
17491,2010-12-07 12:18:00,2011-11-25 13:10:00,2010-12,9,7,3115.97,1735,346.21888888888884
17492,2011-04-05 15:21:00,2011-04-05 15:21:00,2011-04,1,1,374.57,155,374.57
17495,2011-11-01 12:06:00,2011-11-01 12:06:00,2011-11,1,1,342.59000000000003,150,342.59000000000003
17496,2010-12-16 08:39:00,2010-12-16 08:39:00,2010-12,1,1,271.05,79,271.05
17498,2011-09-25 12:25:00,2011-09-25 12:25:00,2011-09,1,1,272.22,394,272.22
17499,2011-02-23 09:14:00,2011-02-23 09:14:00,2011-02,1,1,622.88,711,622.88
17500,2011-11-10 09:08:00,2011-11-22 14:25:00,2011-11,3,1,1138.0,17,379.3333333333333
17501,2011-05-03 09:46:00,2011-05-03 09:47:00,2011-05,2,1,288.6,160,144.3
17502,2011-11-10 16:39:00,2011-11-30 13:13:00,2011-11,4,1,689.1,376,172.275
17503,2011-11-01 11:12:00,2011-11-01 11:12:00,2011-11,1,1,340.43,213,340.43
17504,2011-01-21 11:09:00,2011-05-17 12:59:00,2011-01,9,4,2997.03,1664,333.00333333333333
17505,2011-05-18 09:01:00,2011-07-01 12:50:00,2011-05,2,2,1145.8400000000001,556,572.9200000000001
17506,2011-09-25 11:39:00,2011-09-25 11:39:00,2011-09,1,1,302.2,139,302.2
17507,2011-02-03 18:08:00,2011-03-23 11:48:00,2011-02,2,2,605.5799999999999,359,302.78999999999996
17508,2011-03-04 08:10:00,2011-03-04 08:10:00,2011-03,1,1,387.31,289,387.31
17509,2011-10-07 13:14:00,2011-10-13 10:26:00,2011-10,8,1,6115.14,3534,764.3925
17510,2011-11-15 10:00:00,2011-11-15 10:00:00,2011-11,1,1,308.48,214,308.48
17511,2010-12-01 10:19:00,2011-11-23 10:31:00,2010-12,29,12,83683.06,57334,2885.6227586206896
17512,2011-02-11 12:22:00,2011-11-11 12:11:00,2011-02,10,7,2924.99,2753,292.49899999999997
17513,2011-09-28 16:42:00,2011-09-28 16:42:00,2011-09,1,1,513.2,254,513.2
17514,2011-08-03 15:45:00,2011-08-03 15:45:00,2011-08,1,1,208.65,135,208.65
17515,2011-01-25 14:33:00,2011-11-08 14:04:00,2011-01,4,4,639.02,243,159.755
17516,2011-02-27 12:41:00,2011-11-24 16:51:00,2011-02,5,4,768.08,416,153.616
17517,2011-02-04 11:48:00,2011-02-04 11:48:00,2011-02,1,1,153.94,102,153.94
17519,2010-12-06 15:18:00,2011-11-22 16:43:00,2010-12,6,6,1844.02,1236,307.33666666666664
17520,2011-10-17 12:04:00,2011-10-17 12:04:00,2011-10,1,1,546.81,365,546.81
17521,2011-05-24 15:14:00,2011-11-10 11:22:00,2011-05,3,3,723.21,519,241.07000000000002
17522,2011-05-05 16:31:00,2011-07-24 12:29:00,2011-05,4,3,907.6899999999999,920,226.92249999999999
17523,2011-11-20 13:40:00,2011-11-28 13:20:00,2011-11,4,1,652.74,872,163.185
17524,2010-12-13 14:32:00,2010-12-13 14:32:00,2010-12,1,1,145.0,90,145.0
17525,2010-12-15 12:05:00,2010-12-15 12:05:00,2010-12,1,1,422.70000000000005,82,422.70000000000005
17526,2010-12-09 12:20:00,2011-02-22 09:10:00,2010-12,3,2,872.8,140,290.93333333333334
17527,2011-05-05 13:43:00,2011-10-17 12:32:00,2011-05,4,4,939.37,488,234.8425
17528,2011-09-29 13:04:00,2011-11-22 10:21:00,2011-09,7,3,3428.0,1940,489.7142857142857
17530,2010-12-09 20:01:00,2011-11-23 17:32:00,2010-12,9,7,2164.6,1353,240.5111111111111
17531,2011-06-02 19:17:00,2011-06-02 19:17:00,2011-06,1,1,296.7,136,296.7
17534,2011-10-17 12:47:00,2011-10-17 12:47:00,2011-10,1,1,223.36,103,223.36
17535,2011-03-04 15:20:00,2011-03-04 15:20:00,2011-03,1,1,164.4,136,164.4
17536,2011-06-15 13:23:00,2011-06-15 13:23:00,2011-06,1,1,76.5,6,76.5
17537,2011-02-09 13:37:00,2011-11-10 10:56:00,2011-02,2,2,897.6200000000001,700,448.81000000000006
17538,2011-11-14 12:12:00,2011-11-14 12:12:00,2011-11,1,1,98.42,134,98.42
17540,2011-01-27 14:35:00,2011-11-15 11:56:00,2011-01,2,2,578.9000000000001,194,289.45000000000005
17542,2011-03-15 11:45:00,2011-03-15 11:45:00,2011-03,1,1,170.75,134,170.75
17545,2011-10-27 13:48:00,2011-10-27 14:04:00,2011-10,3,1,645.96,341,215.32000000000002
17548,2011-04-20 12:01:00,2011-04-20 12:01:00,2011-04,1,1,103.3,58,103.3
17549,2011-10-19 10:05:00,2011-11-16 09:59:00,2011-10,2,2,148.86,210,74.43
17550,2011-04-10 15:19:00,2011-05-26 14:09:00,2011-04,3,2,267.15999999999997,86,89.05333333333333
17551,2010-12-15 14:12:00,2010-12-15 14:12:00,2010-12,1,1,306.84,150,306.84
17552,2010-12-02 18:45:00,2011-10-10 17:00:00,2010-12,4,3,930.41,719,232.6025
17553,2011-08-02 10:00:00,2011-08-02 10:00:00,2011-08,1,1,1487.6,1048,1487.6
17554,2011-07-14 20:01:00,2011-11-23 08:42:00,2011-07,4,4,1714.15,1685,428.5375
17555,2011-01-09 12:31:00,2011-11-20 12:22:00,2011-01,2,2,483.26,349,241.63
17556,2011-05-18 10:48:00,2011-05-18 10:48:00,2011-05,1,1,157.9,101,157.9
17557,2011-09-19 14:23:00,2011-11-25 12:57:00,2011-09,3,3,541.46,306,180.48666666666668
17560,2011-02-02 11:14:00,2011-09-06 09:18:00,2011-02,4,4,854.95,635,213.7375
17561,2011-11-20 12:53:00,2011-11-20 12:53:00,2011-11,1,1,167.62,146,167.62
17562,2011-06-19 13:06:00,2011-11-25 14:21:00,2011-06,7,6,1122.38,817,160.34
17564,2011-09-20 14:00:00,2011-11-15 13:27:00,2011-09,3,3,454.01,146,151.33666666666667
17566,2011-11-14 13:42:00,2011-11-14 13:42:00,2011-11,1,1,414.26,292,414.26
17567,2010-12-02 15:18:00,2011-10-13 12:52:00,2010-12,7,7,3913.48,2328,559.0685714285714
17569,2011-01-11 14:15:00,2011-01-11 14:15:00,2011-01,1,1,344.14,159,344.14
17571,2011-02-14 15:15:00,2011-10-20 15:57:00,2011-02,4,4,1497.26,904,374.315
17572,2010-12-01 12:51:00,2011-09-29 17:53:00,2010-12,4,3,226.75,95,56.6875
17573,2011-09-07 10:36:00,2011-11-10 13:01:00,2011-09,3,2,380.6,308,126.86666666666667
17574,2011-04-11 09:47:00,2011-04-11 09:47:00,2011-04,1,1,185.65,77,185.65
17576,2010-12-09 16:57:00,2011-11-01 17:20:00,2010-12,18,12,3227.68,1842,179.31555555555553
17578,2011-05-05 18:38:00,2011-05-05 18:38:00,2011-05,1,1,143.46,138,143.46
17579,2011-06-13 14:12:00,2011-07-25 09:50:00,2011-06,2,2,270.86,130,135.43
17580,2010-12-16 15:27:00,2011-04-01 12:41:00,2010-12,3,3,212.77,87,70.92333333333333
17581,2010-12-02 14:47:00,2011-11-06 13:02:00,2010-12,22,9,10060.36,5411,457.28909090909093
17582,2011-04-17 13:18:00,2011-04-17 13:18:00,2011-04,1,1,175.27,123,175.27
17584,2011-08-04 14:12:00,2011-08-04 14:12:00,2011-08,1,1,749.45,245,749.45
17585,2011-01-05 15:09:00,2011-08-22 13:30:00,2011-01,4,4,1133.07,1671,283.2675
17588,2011-04-21 10:31:00,2011-08-31 13:37:00,2011-04,3,3,1240.2,676,413.40000000000003
17589,2011-04-13 13:47:00,2011-10-10 16:58:00,2011-04,4,4,2402.92,1630,600.73
17590,2011-10-30 14:05:00,2011-11-22 16:06:00,2011-10,2,2,1157.04,683,578.52
17591,2010-12-07 15:39:00,2011-09-27 13:42:00,2010-12,7,7,2225.9700000000003,1009,317.9957142857143
17593,2010-12-22 10:29:00,2011-09-09 09:52:00,2010-12,4,4,3249.14,2261,812.285
17594,2011-03-30 10:32:00,2011-09-15 16:34:00,2011-03,2,2,993.18,550,496.59
17595,2011-11-02 16:19:00,2011-11-27 16:08:00,2011-11,2,1,388.79,229,194.395
17596,2010-12-06 12:34:00,2011-11-16 14:11:00,2010-12,7,6,2827.9300000000003,4400,403.99000000000007
17597,2011-05-10 11:54:00,2011-05-10 11:54:00,2011-05,1,1,2044.3700000000001,1176,2044.3700000000001
17600,2011-11-22 09:43:00,2011-11-22 09:43:00,2011-11,1,1,161.67000000000002,144,161.67000000000002
17601,2011-04-14 18:02:00,2011-04-14 18:02:00,2011-04,1,1,116.00999999999999,103,116.00999999999999
17602,2011-01-19 16:18:00,2011-11-16 15:58:00,2011-01,5,5,4014.28,3249,802.856
17603,2011-09-22 14:18:00,2011-09-22 14:18:00,2011-09,1,1,394.72,74,394.72
17604,2011-01-31 15:09:00,2011-05-06 13:43:00,2011-01,2,2,309.36,169,154.68
17608,2011-11-06 13:00:00,2011-11-06 13:06:00,2011-11,2,1,193.42000000000002,232,96.71000000000001
17609,2011-01-16 16:23:00,2011-10-30 12:28:00,2011-01,5,4,1104.72,696,220.94400000000002
17611,2010-12-13 13:52:00,2011-11-09 09:01:00,2010-12,13,11,3678.17,2429,282.93615384615384
17612,2011-02-15 10:40:00,2011-10-17 14:59:00,2011-02,6,6,2048.45,1808,341.4083333333333
17613,2011-02-07 11:20:00,2011-11-17 10:51:00,2011-02,14,9,4559.150000000001,2496,325.65357142857147
17614,2011-10-13 16:01:00,2011-10-13 16:01:00,2011-10,1,1,390.07,238,390.07
17615,2011-05-01 15:33:00,2011-08-01 14:06:00,2011-05,3,2,329.6,140,109.86666666666667
17616,2010-12-07 10:04:00,2011-06-19 10:11:00,2010-12,3,3,571.1999999999999,224,190.39999999999998
17618,2010-12-12 16:05:00,2011-04-05 13:07:00,2010-12,2,2,666.78,247,333.39
17619,2011-01-31 14:18:00,2011-01-31 14:18:00,2011-01,1,1,218.52,127,218.52
17620,2011-10-11 12:08:00,2011-10-11 12:08:00,2011-10,1,1,81.44,60,81.44
17621,2010-12-20 13:31:00,2011-11-18 17:11:00,2010-12,3,3,1379.9,514,459.9666666666667
17623,2011-11-07 11:32:00,2011-11-07 11:32:00,2011-11,1,1,527.0500000000001,265,527.0500000000001
17624,2011-05-05 17:59:00,2011-11-25 10:52:00,2011-05,2,2,843.48,554,421.74
17625,2011-03-27 12:21:00,2011-11-21 13:36:00,2011-03,4,4,2047.0,1198,511.75
17628,2011-09-19 15:21:00,2011-09-19 15:21:00,2011-09,1,1,75.75,79,75.75
17629,2010-12-15 09:58:00,2011-11-21 17:04:00,2010-12,7,7,1474.67,1335,210.66714285714286
17630,2011-04-21 14:03:00,2011-06-23 11:58:00,2011-04,2,2,503.6,158,251.8
17631,2011-04-21 13:22:00,2011-07-25 13:37:00,2011-04,2,2,416.5,185,208.25
17633,2011-08-11 15:43:00,2011-11-08 13:25:00,2011-08,4,3,1324.8400000000001,644,331.21000000000004
17634,2011-01-06 12:45:00,2011-11-03 13:09:00,2011-01,9,8,2361.97,840,262.44111111111107
17636,2011-11-20 14:40:00,2011-11-20 14:40:00,2011-11,1,1,285.56,182,285.56
17637,2011-08-16 13:25:00,2011-11-08 12:51:00,2011-08,2,2,547.06,280,273.53
17639,2011-03-08 15:22:00,2011-03-08 15:22:00,2011-03,1,1,108.5,49,108.5
17640,2011-09-14 09:13:00,2011-09-14 09:13:00,2011-09,1,1,621.66,250,621.66
17642,2011-06-16 12:55:00,2011-08-12 09:11:00,2011-06,2,2,712.29,474,356.145
17643,2010-12-01 14:38:00,2010-12-01 14:38:00,2010-12,1,1,101.55,71,101.55
17644,2011-03-24 09:44:00,2011-11-03 15:02:00,2011-03,10,7,2562.88,1537,256.288
17646,2010-12-09 14:28:00,2011-05-04 13:17:00,2010-12,3,3,1008.3900000000001,323,336.13000000000005
17647,2011-10-05 15:38:00,2011-10-05 15:38:00,2011-10,1,1,133.06,30,133.06
17648,2011-04-04 10:29:00,2011-10-10 09:41:00,2011-04,4,3,1797.5,487,449.375
17649,2011-07-24 15:53:00,2011-07-24 15:53:00,2011-07,1,1,868.49,399,868.49
17650,2011-11-18 14:52:00,2011-11-18 14:52:00,2011-11,1,1,166.08,150,166.08
17651,2011-06-15 15:57:00,2011-11-28 10:29:00,2011-06,10,5,3945.0,3112,394.5
17652,2011-03-03 14:05:00,2011-11-14 12:55:00,2011-03,12,7,4867.72,2509,405.6433333333334
17653,2011-08-11 15:24:00,2011-11-03 12:46:00,2011-08,4,3,1207.5600000000002,1409,301.89000000000004
17654,2011-03-07 13:17:00,2011-03-07 13:17:00,2011-03,1,1,117.55,41,117.55
17655,2010-12-08 16:45:00,2011-11-29 11:34:00,2010-12,7,6,2638.94,1116,376.99142857142857
17656,2011-08-03 10:45:00,2011-09-27 13:04:00,2011-08,5,2,1674.69,1399,334.938
17658,2011-05-12 15:23:00,2011-11-14 12:07:00,2011-05,2,2,595.4200000000001,616,297.71000000000004
17659,2010-12-02 16:46:00,2011-11-22 13:29:00,2010-12,12,7,2999.46,1525,249.955
17660,2011-07-21 13:37:00,2011-07-21 13:37:00,2011-07,1,1,196.0,130,196.0
17663,2011-02-25 14:11:00,2011-11-14 08:56:00,2011-02,7,6,1802.91,797,257.55857142857144
17664,2011-05-11 14:17:00,2011-11-21 11:29:00,2011-05,2,2,604.64,604,302.32
17666,2011-10-05 11:06:00,2011-10-05 11:06:00,2011-10,1,1,409.08,356,409.08
17667,2011-02-14 09:24:00,2011-10-04 14:32:00,2011-02,5,4,2055.51,1033,411.10200000000003
17668,2011-11-01 14:45:00,2011-11-01 14:45:00,2011-11,1,1,161.85,31,161.85
17669,2011-04-04 10:11:00,2011-10-28 08:53:00,2011-04,7,6,3406.7200000000003,1916,486.67428571428576
17670,2011-04-26 09:12:00,2011-04-26 09:12:00,2011-04,1,1,205.7,110,205.7
17671,2010-12-09 14:27:00,2011-11-24 12:21:00,2010-12,4,4,1572.71,772,393.1775
17672,2011-02-03 13:29:00,2011-10-20 14:18:00,2011-02,2,2,3178.17,1690,1589.085
17673,2011-01-23 15:16:00,2011-10-04 12:25:00,2011-01,5,4,1516.65,1394,303.33000000000004
17674,2010-12-06 10:20:00,2011-09-26 13:35:00,2010-12,2,2,551.04,672,275.52
17675,2010-12-07 13:22:00,2011-11-21 08:31:00,2010-12,29,12,19124.7,7838,659.4724137931034
17676,2010-12-08 13:49:00,2011-10-12 14:21:00,2010-12,5,3,1040.08,716,208.016
17677,2010-12-06 08:42:00,2011-11-11 12:53:00,2010-12,28,12,15659.07,9319,559.2524999999999
17678,2011-03-21 11:52:00,2011-03-21 11:52:00,2011-03,1,1,298.11,207,298.11
17679,2011-09-15 10:35:00,2011-10-18 07:43:00,2011-09,2,2,1992.1100000000001,729,996.0550000000001
17680,2011-11-16 12:42:00,2011-11-16 12:42:00,2011-11,1,1,184.4,96,184.4
17682,2010-12-06 13:35:00,2011-11-29 15:59:00,2010-12,6,6,2474.33,1367,412.3883333333333
17684,2011-10-27 11:10:00,2011-10-27 11:10:00,2011-10,1,1,239.41,145,239.41
17685,2010-12-02 14:42:00,2011-11-23 11:36:00,2010-12,7,6,3191.53,1956,455.9328571428572
17686,2011-02-10 10:18:00,2011-09-20 11:39:00,2011-02,6,4,5110.09,2183,851.6816666666667
17690,2010-12-01 16:15:00,2011-11-09 15:17:00,2010-12,15,9,4757.95,1773,317.19666666666666
17691,2010-12-06 11:10:00,2010-12-16 17:20:00,2010-12,2,1,290.4,134,145.2
17692,2010-12-15 13:37:00,2011-08-04 14:01:00,2010-12,4,4,725.5799999999999,624,181.39499999999998
17693,2011-07-25 15:48:00,2011-07-25 15:48:00,2011-07,1,1,200.47,231,200.47
17694,2011-07-21 12:00:00,2011-07-21 12:00:00,2011-07,1,1,283.12,184,283.12
17695,2011-06-21 12:35:00,2011-07-31 10:40:00,2011-06,2,2,765.34,779,382.67
17696,2010-12-10 09:51:00,2011-11-01 13:43:00,2010-12,8,6,2285.71,1756,285.71375
17697,2011-04-17 15:40:00,2011-04-17 15:40:00,2011-04,1,1,338.95,93,338.95
17698,2011-03-24 11:34:00,2011-03-24 11:34:00,2011-03,1,1,154.95,93,154.95
17700,2011-03-03 16:34:00,2011-11-23 11:51:00,2011-03,4,4,2534.6400000000003,1266,633.6600000000001
17701,2011-04-01 12:25:00,2011-04-01 12:25:00,2011-04,1,1,417.95,109,417.95
17702,2011-05-17 16:23:00,2011-11-09 16:03:00,2011-05,4,4,1824.37,1353,456.0925
17703,2011-07-24 13:30:00,2011-11-04 15:51:00,2011-07,3,3,798.74,590,266.24666666666667
17704,2011-04-14 09:28:00,2011-06-24 09:40:00,2011-04,2,2,885.19,343,442.595
17705,2011-02-11 10:57:00,2011-11-09 15:50:00,2011-02,8,7,1605.52,889,200.69
17706,2010-12-08 11:02:00,2011-10-26 13:31:00,2010-12,16,6,9728.65,3577,608.040625
17707,2011-01-07 13:30:00,2011-06-07 15:03:00,2011-01,2,2,152.4,144,76.2
17708,2011-01-19 10:09:00,2011-06-05 10:12:00,2011-01,2,2,267.08,91,133.54
17709,2011-06-23 11:55:00,2011-06-23 11:55:00,2011-06,1,1,137.45000000000002,17,137.45000000000002
17711,2011-02-23 11:32:00,2011-11-29 11:40:00,2011-02,2,2,385.1,246,192.55
17712,2011-10-26 12:28:00,2011-10-26 12:28:00,2011-10,1,1,522.91,215,522.91
17714,2011-01-23 10:32:00,2011-01-23 10:32:00,2011-01,1,1,153.0,92,153.0
17715,2011-05-23 12:32:00,2011-05-23 12:32:00,2011-05,1,1,326.4,384,326.4
17716,2011-03-17 10:38:00,2011-11-17 12:00:00,2011-03,11,6,5655.99,3072,514.180909090909
17718,2011-04-21 13:39:00,2011-04-21 13:39:00,2011-04,1,1,139.35,83,139.35
17719,2011-03-29 11:29:00,2011-11-02 10:36:00,2011-03,15,8,5396.04,2466,359.736
17720,2010-12-07 10:43:00,2011-11-13 15:04:00,2010-12,4,4,1195.94,576,298.985
17722,2010-12-08 12:41:00,2011-09-04 15:22:00,2010-12,4,4,2424.04,1595,606.01
17723,2011-05-09 14:44:00,2011-08-04 18:37:00,2011-05,6,4,3276.4000000000005,792,546.0666666666667
17724,2011-07-24 13:26:00,2011-09-29 15:26:00,2011-07,3,2,1033.0,300,344.3333333333333
17725,2011-03-17 19:47:00,2011-11-23 16:34:00,2011-03,11,9,3439.08,2162,312.64363636363635
17727,2011-11-24 17:06:00,2011-11-24 17:06:00,2011-11,1,1,1060.25,645,1060.25
17728,2011-09-14 11:39:00,2011-10-05 08:17:00,2011-09,2,2,2288.16,1148,1144.08
17730,2011-01-17 14:49:00,2011-11-11 11:02:00,2011-01,12,9,4635.78,3115,386.315
17731,2011-06-09 14:18:00,2011-09-21 15:02:00,2011-06,4,3,1240.1100000000001,493,310.02750000000003
17732,2010-12-02 09:29:00,2010-12-02 09:29:00,2010-12,1,1,303.97,93,303.97
17733,2011-03-23 09:54:00,2011-11-01 08:16:00,2011-03,2,2,692.19,463,346.095
17734,2011-04-20 10:04:00,2011-10-17 12:33:00,2011-04,3,3,700.63,422,233.54333333333332
17735,2010-12-07 10:32:00,2011-11-02 14:52:00,2010-12,18,12,12216.42,7423,678.69
17736,2011-08-18 14:33:00,2011-11-30 15:36:00,2011-08,3,3,377.44,238,125.81333333333333
17737,2011-10-12 14:42:00,2011-11-30 15:16:00,2011-10,2,2,168.24,108,84.12
17738,2011-03-02 16:26:00,2011-11-20 15:05:00,2011-03,4,3,1879.05,1029,469.7625
17739,2010-12-14 14:26:00,2011-11-28 09:12:00,2010-12,7,6,2791.35,861,398.7642857142857
17742,2011-01-11 10:04:00,2011-08-18 15:28:00,2011-01,2,2,355.11,89,177.555
17744,2010-12-16 14:17:00,2011-11-14 09:05:00,2010-12,5,4,1592.02,2260,318.404
17746,2011-04-13 14:31:00,2011-04-13 14:31:00,2011-04,1,1,110.25,29,110.25
17747,2011-08-19 08:13:00,2011-08-19 08:13:00,2011-08,1,1,71.4,12,71.4
17749,2011-03-28 13:39:00,2011-06-14 15:45:00,2011-03,2,2,674.52,320,337.26
17750,2011-06-28 15:44:00,2011-11-03 15:16:00,2011-06,8,6,1667.96,3638,208.495
17752,2010-12-15 16:19:00,2010-12-15 16:19:00,2010-12,1,1,80.64,192,80.64
17754,2011-03-24 13:54:00,2011-11-02 12:37:00,2011-03,4,4,1571.27,1464,392.8175
17757,2010-12-02 17:17:00,2011-11-25 17:27:00,2010-12,28,12,5184.79,3122,185.17107142857142
17758,2011-04-03 15:22:00,2011-11-20 14:45:00,2011-04,8,6,3456.7,2091,432.0875
17759,2011-06-23 13:35:00,2011-11-22 16:02:00,2011-06,3,2,833.74,707,277.91333333333336
17760,2010-12-01 15:08:00,2011-11-18 10:56:00,2010-12,2,2,287.59,239,143.795
17761,2011-11-07 10:23:00,2011-11-07 10:23:00,2011-11,1,1,712.78,398,712.78
17763,2011-03-21 14:25:00,2011-03-21 14:25:00,2011-03,1,1,15.0,12,15.0
17764,2011-05-12 16:11:00,2011-10-20 11:03:00,2011-05,2,2,818.82,395,409.41
17765,2011-03-28 11:58:00,2011-07-04 12:41:00,2011-03,3,3,371.88,144,123.96
17767,2011-11-24 14:42:00,2011-11-24 14:42:00,2011-11,1,1,271.2,128,271.2
17768,2011-06-26 13:46:00,2011-11-06 14:14:00,2011-06,2,2,1411.33,807,705.665
17769,2011-01-23 11:15:00,2011-11-27 11:18:00,2011-01,10,6,3997.98,1862,399.798
17770,2011-03-02 13:35:00,2011-05-25 12:34:00,2011-03,5,2,1143.27,365,228.654
17771,2011-01-20 14:13:00,2011-10-14 11:43:00,2011-01,2,2,245.32999999999998,283,122.66499999999999
17772,2011-11-29 10:57:00,2011-11-29 11:05:00,2011-11,2,1,182.77,58,91.385
17774,2011-02-07 13:13:00,2011-09-04 12:49:00,2011-02,4,4,1225.41,512,306.3525
17775,2011-03-30 10:50:00,2011-03-30 10:50:00,2011-03,1,1,56.4,72,56.4
17777,2011-08-31 14:35:00,2011-11-15 12:02:00,2011-08,3,3,665.86,507,221.95333333333335
17779,2011-07-19 12:19:00,2011-11-18 14:15:00,2011-07,3,3,658.5699999999999,397,219.5233333333333
17781,2011-03-31 19:54:00,2011-07-03 16:00:00,2011-03,2,2,188.01999999999998,34,94.00999999999999
17783,2011-04-06 10:07:00,2011-09-28 16:07:00,2011-04,2,2,283.47,354,141.735
17785,2011-10-17 13:43:00,2011-10-17 13:43:00,2011-10,1,1,131.94,67,131.94
17786,2011-01-26 14:35:00,2011-09-15 12:51:00,2011-01,2,2,278.74,200,139.37
17787,2010-12-03 13:43:00,2011-07-10 11:24:00,2010-12,4,4,1865.19,910,466.2975
17788,2011-08-02 10:38:00,2011-09-27 10:09:00,2011-08,2,2,1112.95,210,556.475
17789,2011-03-03 13:14:00,2011-03-03 13:14:00,2011-03,1,1,225.9,74,225.9
17790,2010-12-10 10:47:00,2011-11-13 11:30:00,2010-12,14,8,1965.55,836,140.39642857142857
17791,2011-11-10 12:09:00,2011-11-10 12:09:00,2011-11,1,1,106.1,46,106.1
17793,2011-11-14 14:24:00,2011-11-14 14:24:00,2011-11,1,1,323.04,232,323.04
17795,2011-03-20 12:02:00,2011-06-13 12:36:00,2011-03,2,2,350.39,341,175.195
17796,2010-12-05 12:23:00,2011-10-30 15:38:00,2010-12,4,3,697.9,178,174.475
17797,2011-06-10 11:29:00,2011-11-17 13:21:00,2011-06,3,2,780.4300000000001,498,260.1433333333334
17799,2010-12-13 13:10:00,2011-11-17 15:16:00,2010-12,10,7,3055.93,1758,305.59299999999996
17800,2011-01-09 13:50:00,2011-11-02 12:57:00,2011-01,9,8,1198.01,735,133.11222222222221
17802,2010-12-02 13:44:00,2011-09-18 14:56:00,2010-12,3,3,1285.04,752,428.34666666666664
17805,2011-09-27 11:49:00,2011-09-27 11:49:00,2011-09,1,1,512.31,478,512.31
17806,2011-11-28 14:12:00,2011-11-28 14:12:00,2011-11,1,1,546.04,727,546.04
17809,2010-12-01 09:41:00,2011-11-23 12:59:00,2010-12,12,8,5411.91,2057,450.9925
17811,2011-01-10 10:58:00,2011-11-28 14:26:00,2011-01,37,11,7506.45,4018,202.87702702702703
17812,2010-12-06 15:27:00,2011-11-27 11:47:00,2010-12,4,2,732.16,350,183.04
17813,2011-09-29 15:57:00,2011-11-25 16:13:00,2011-09,5,3,1770.8799999999999,790,354.176
17816,2010-12-09 14:10:00,2011-11-03 11:34:00,2010-12,4,4,36.56,30,9.14
17817,2011-03-07 17:30:00,2011-03-07 17:42:00,2011-03,2,1,269.7,26,134.85
17819,2010-12-03 14:26:00,2011-09-29 10:52:00,2010-12,7,6,3704.87,1031,529.2671428571429
17824,2011-10-19 14:14:00,2011-10-19 14:14:00,2011-10,1,1,298.4,408,298.4
17827,2010-12-10 10:18:00,2011-04-11 16:56:00,2010-12,4,2,1583.81,961,395.9525
17828,2011-06-08 08:31:00,2011-11-17 08:41:00,2011-06,4,3,1165.09,655,291.2725
17829,2011-02-14 12:46:00,2011-02-14 12:46:00,2011-02,1,1,889.24,496,889.24
17830,2011-02-24 10:15:00,2011-03-23 11:44:00,2011-02,2,2,287.65,65,143.825
17831,2011-11-06 15:09:00,2011-11-06 15:09:00,2011-11,1,1,35.400000000000006,12,35.400000000000006
17832,2011-10-21 11:43:00,2011-10-21 11:43:00,2011-10,1,1,155.37,208,155.37
17835,2011-11-16 16:30:00,2011-11-30 11:17:00,2011-11,2,1,236.5,283,118.25
17836,2011-10-23 16:13:00,2011-10-23 16:13:00,2011-10,1,1,109.83,87,109.83
17837,2011-06-29 16:44:00,2011-10-28 16:13:00,2011-06,8,4,1587.48,516,198.435
17838,2010-12-02 15:55:00,2011-11-13 11:20:00,2010-12,5,4,2779.3,1879,555.86
17839,2011-10-28 17:27:00,2011-10-28 17:27:00,2011-10,1,1,338.8,285,338.8
17841,2010-12-01 14:41:00,2011-11-29 17:52:00,2010-12,120,12,38416.41,21492,320.13675
17843,2011-02-09 15:33:00,2011-02-09 15:33:00,2011-02,1,1,197.73,88,197.73
17844,2011-08-25 11:27:00,2011-08-25 11:27:00,2011-08,1,1,51.56,52,51.56
17848,2010-12-16 18:38:00,2011-09-19 16:49:00,2010-12,9,8,901.1999999999999,398,100.13333333333333
17849,2011-01-10 11:59:00,2011-05-05 13:46:00,2011-01,4,4,605.8000000000001,114,151.45000000000002
17850,2010-12-01 08:26:00,2010-12-02 15:27:00,2010-12,34,1,5391.21,1733,158.565
17852,2011-11-28 12:31:00,2011-11-28 12:36:00,2011-11,2,1,114.34,53,57.17
17854,2011-04-26 16:53:00,2011-06-07 16:21:00,2011-04,2,2,311.26,84,155.63
17855,2010-12-02 09:44:00,2010-12-02 09:44:00,2010-12,1,1,208.97,197,208.97
17856,2011-03-03 11:40:00,2011-04-20 13:13:00,2011-03,3,2,1142.63,577,380.8766666666667
17857,2010-12-09 11:35:00,2011-11-22 15:22:00,2010-12,20,10,22741.44,13144,1137.072
17858,2010-12-05 13:08:00,2011-10-17 12:33:00,2010-12,11,8,4391.94,2563,399.2672727272727
17859,2011-02-08 10:32:00,2011-02-08 10:32:00,2011-02,1,1,148.21,127,148.21
17860,2010-12-06 12:41:00,2010-12-06 12:41:00,2010-12,1,1,252.8,104,252.8
17861,2011-01-24 11:34:00,2011-11-15 13:01:00,2011-01,7,4,1662.22,1536,237.46
17862,2011-01-20 12:23:00,2011-01-20 12:23:00,2011-01,1,1,330.9,100,330.9
17863,2010-12-05 13:21:00,2011-10-11 13:45:00,2010-12,6,6,3160.0,2638,526.6666666666666
17864,2011-03-09 11:44:00,2011-11-27 11:15:00,2011-03,3,3,597.5,810,199.16666666666666
17865,2010-12-10 14:53:00,2011-11-09 12:08:00,2010-12,20,11,10524.22,5756,526.211
17866,2011-07-20 11:07:00,2011-07-20 11:07:00,2011-07,1,1,329.65,174,329.65
17867,2011-02-24 12:25:00,2011-11-09 14:15:00,2011-02,6,4,1197.1000000000001,542,199.51666666666668
17869,2010-12-06 17:16:00,2011-08-24 16:16:00,2010-12,5,4,428.18,111,85.636
17870,2010-12-08 08:12:00,2011-11-25 11:20:00,2010-12,11,6,1629.44,1122,148.13090909090909
17871,2011-05-19 11:32:00,2011-05-19 11:32:00,2011-05,1,1,155.9,182,155.9
17873,2010-12-01 14:54:00,2011-09-20 16:41:00,2010-12,5,5,1729.7800000000002,1046,345.956
17874,2011-03-29 11:25:00,2011-06-07 12:54:00,2011-03,6,3,683.46,221,113.91000000000001
17877,2011-06-22 13:00:00,2011-06-22 13:00:00,2011-06,1,1,237.60999999999999,98,237.60999999999999
17878,2011-10-27 11:24:00,2011-10-27 11:24:00,2011-10,1,1,379.45,401,379.45
17879,2011-06-19 12:36:00,2011-06-19 12:36:00,2011-06,1,1,178.51999999999998,45,178.51999999999998
17880,2010-12-10 10:21:00,2010-12-10 10:21:00,2010-12,1,1,458.92,314,458.92
17881,2011-02-08 17:16:00,2011-02-08 17:16:00,2011-02,1,1,133.35,32,133.35
17883,2011-04-07 19:16:00,2011-11-25 14:02:00,2011-04,3,3,486.90000000000003,202,162.3
17884,2010-12-03 12:11:00,2011-02-01 11:08:00,2010-12,3,2,602.8399999999999,555,200.94666666666663
17885,2011-11-27 14:40:00,2011-11-27 14:40:00,2011-11,1,1,190.19,167,190.19
17886,2011-04-04 12:34:00,2011-11-08 10:09:00,2011-04,3,3,899.61,481,299.87
17887,2011-08-02 17:29:00,2011-08-02 17:29:00,2011-08,1,1,111.35,30,111.35
17888,2010-12-17 13:56:00,2011-11-18 13:45:00,2010-12,8,7,726.0500000000001,980,90.75625000000001
17889,2011-01-21 17:14:00,2011-05-11 16:26:00,2011-01,2,2,203.87,79,101.935
17890,2010-12-13 15:12:00,2011-01-21 11:19:00,2010-12,2,2,602.0899999999999,416,301.04499999999996
17891,2011-06-30 20:08:00,2011-06-30 20:08:00,2011-06,1,1,203.85999999999999,393,203.85999999999999
17892,2011-07-07 12:56:00,2011-10-14 16:49:00,2011-07,3,2,244.1,109,81.36666666666666
17893,2011-04-28 13:50:00,2011-04-28 13:50:00,2011-04,1,1,112.25,161,112.25
17894,2010-12-08 14:50:00,2011-09-29 09:23:00,2010-12,8,4,1119.39,403,139.92375
17895,2011-10-26 17:00:00,2011-10-26 17:00:00,2011-10,1,1,98.0,130,98.0
17896,2011-11-16 13:59:00,2011-11-16 13:59:00,2011-11,1,1,256.32,288,256.32
17897,2010-12-01 12:31:00,2011-06-20 11:23:00,2010-12,3,2,566.6,229,188.86666666666667
17898,2011-05-16 17:13:00,2011-09-15 14:56:00,2011-05,2,2,152.06,190,76.03
17899,2011-07-03 14:58:00,2011-07-03 14:58:00,2011-07,1,1,155.79999999999998,171,155.79999999999998
17900,2011-06-02 14:28:00,2011-06-02 14:38:00,2011-06,2,1,112.19999999999999,73,56.099999999999994
17901,2011-11-10 17:29:00,2011-11-10 17:29:00,2011-11,1,1,110.38,24,110.38
17904,2011-11-18 12:57:00,2011-11-18 12:57:00,2011-11,1,1,191.67,63,191.67
17905,2010-12-01 13:21:00,2011-09-29 17:33:00,2010-12,4,3,800.24,407,200.06
17906,2011-04-06 17:25:00,2011-04-06 17:25:00,2011-04,1,1,72.9,26,72.9
17908,2010-12-01 11:45:00,2010-12-01 11:45:00,2010-12,1,1,243.28,173,243.28
17911,2011-11-30 14:52:00,2011-11-30 14:52:00,2011-11,1,1,366.23,223,366.23
17912,2010-12-10 11:11:00,2011-02-02 14:25:00,2010-12,5,2,311.01,185,62.202
17913,2010-12-19 11:35:00,2011-10-12 10:45:00,2010-12,2,2,411.6,289,205.8
17917,2010-12-12 12:08:00,2011-10-25 13:20:00,2010-12,3,3,341.28,187,113.75999999999999
17919,2011-09-12 13:41:00,2011-09-12 13:41:00,2011-09,1,1,1304.04,756,1304.04
17920,2010-12-01 11:49:00,2011-11-28 10:46:00,2010-12,15,9,3701.13,2212,246.74200000000002
17921,2011-03-18 13:19:00,2011-10-06 18:56:00,2011-03,4,4,826.52,430,206.63
17923,2011-03-02 15:15:00,2011-03-02 15:15:00,2011-03,1,1,207.50000000000003,50,207.50000000000003
17924,2010-12-01 10:51:00,2011-11-28 09:11:00,2010-12,7,4,2962.5,1160,423.2142857142857
17925,2010-12-02 10:10:00,2010-12-02 10:10:00,2010-12,1,1,244.08,72,244.08
17926,2011-05-20 09:24:00,2011-07-29 14:39:00,2011-05,2,2,397.29,306,198.645
17928,2011-04-07 18:03:00,2011-10-25 13:52:00,2011-04,2,2,184.46,68,92.23
17929,2011-02-04 11:40:00,2011-11-28 16:01:00,2011-02,4,4,843.0,108,210.75
17930,2011-04-14 15:46:00,2011-11-04 10:23:00,2011-04,5,5,1740.48,1594,348.096
17931,2011-03-29 12:31:00,2011-07-28 18:33:00,2011-03,2,2,408.36,249,204.18
17932,2011-05-12 13:58:00,2011-11-10 19:49:00,2011-05,3,3,1331.57,789,443.8566666666666
17934,2011-10-12 10:50:00,2011-10-19 11:16:00,2011-10,2,1,704.25,478,352.125
17935,2011-07-21 11:23:00,2011-07-24 13:18:00,2011-07,2,1,142.89,81,71.445
17937,2010-12-12 14:43:00,2011-11-08 15:45:00,2010-12,6,5,3940.92,1500,656.82
17939,2011-07-03 12:27:00,2011-07-03 12:27:00,2011-07,1,1,99.14,40,99.14
17940,2011-02-10 09:29:00,2011-10-21 13:27:00,2011-02,9,7,2238.58,9754,248.7311111111111
17941,2011-08-01 08:30:00,2011-08-01 08:30:00,2011-08,1,1,304.56,252,304.56
17946,2011-03-25 14:34:00,2011-04-20 17:00:00,2011-03,2,2,149.57999999999998,75,74.78999999999999
17947,2011-11-02 13:05:00,2011-11-02 13:05:00,2011-11,1,1,176.68,168,176.68
17948,2011-07-15 12:58:00,2011-07-15 12:58:00,2011-07,1,1,358.56000000000006,144,358.56000000000006
17949,2010-12-03 13:12:00,2011-11-22 08:44:00,2010-12,39,12,55155.76,26702,1414.2502564102565
17950,2010-12-09 15:16:00,2011-09-28 15:18:00,2010-12,3,2,482.2,366,160.73333333333332
17951,2010-12-01 12:40:00,2011-10-31 12:30:00,2010-12,3,2,1008.5400000000001,616,336.18
17954,2010-12-03 14:18:00,2011-10-02 15:52:00,2010-12,11,8,2039.76,1954,185.43272727272728
17955,2011-05-04 12:29:00,2011-05-25 12:00:00,2011-05,4,1,557.3,273,139.325
17956,2011-04-04 13:47:00,2011-04-04 13:47:00,2011-04,1,1,12.75,1,12.75
17957,2011-10-04 14:58:00,2011-10-04 14:58:00,2011-10,1,1,110.72,275,110.72
17958,2011-08-15 12:19:00,2011-08-15 12:19:00,2011-08,1,1,508.46,84,508.46
17960,2011-06-21 14:15:00,2011-06-21 14:15:00,2011-06,1,1,73.78,41,73.78
17961,2010-12-02 19:18:00,2011-11-18 16:55:00,2010-12,39,11,1296.44,560,33.242051282051285
17962,2011-07-20 14:16:00,2011-07-20 14:16:00,2011-07,1,1,102.83,128,102.83
17964,2010-12-02 13:32:00,2011-11-08 10:44:00,2010-12,2,2,471.7,301,235.85
17965,2010-12-05 15:54:00,2011-11-02 09:31:00,2010-12,14,9,2622.57,1556,187.32642857142858
17966,2011-03-23 17:25:00,2011-11-02 10:26:00,2011-03,5,4,1098.43,2571,219.686
17967,2010-12-03 11:19:00,2010-12-03 11:19:00,2010-12,1,1,123.07,80,123.07
17968,2010-12-01 12:23:00,2010-12-01 12:23:00,2010-12,1,1,277.35,160,277.35
17969,2010-12-13 15:34:00,2011-06-26 13:00:00,2010-12,2,2,228.2,152,114.1
17970,2011-05-12 20:03:00,2011-05-12 20:03:00,2011-05,1,1,582.59,525,582.59
17972,2011-04-12 12:16:00,2011-04-12 12:16:00,2011-04,1,1,136.04,37,136.04
17973,2011-10-19 10:34:00,2011-10-19 10:34:00,2011-10,1,1,337.04,176,337.04
17974,2011-05-04 11:50:00,2011-11-15 11:37:00,2011-05,3,3,740.7900000000001,519,246.93000000000004
17975,2010-12-08 11:38:00,2011-11-24 13:27:00,2010-12,13,10,4485.51,1566,345.0392307692308
17976,2010-12-02 13:49:00,2010-12-02 13:49:00,2010-12,1,1,353.19,106,353.19
17977,2011-11-10 13:28:00,2011-11-10 13:28:00,2011-11,1,1,288.14,342,288.14
17978,2010-12-09 14:05:00,2010-12-09 14:05:00,2010-12,1,1,300.92,499,300.92
17979,2011-03-25 11:34:00,2011-11-04 12:05:00,2011-03,4,3,754.31,393,188.5775
17980,2010-12-15 15:50:00,2011-06-27 12:01:00,2010-12,3,3,811.45,682,270.48333333333335
17984,2011-07-17 15:59:00,2011-07-17 15:59:00,2011-07,1,1,152.68,98,152.68
17985,2011-11-17 14:24:00,2011-11-17 14:24:00,2011-11,1,1,634.95,183,634.95
17986,2011-10-14 14:22:00,2011-10-14 14:22:00,2011-10,1,1,20.8,10,20.8
17987,2011-06-07 14:22:00,2011-06-07 14:22:00,2011-06,1,1,198.57,261,198.57
17988,2011-01-17 11:59:00,2011-11-28 11:00:00,2011-01,7,4,201.12,43,28.731428571428573
17990,2010-12-13 12:10:00,2011-04-17 11:44:00,2010-12,3,2,630.84,414,210.28
17991,2011-04-27 16:39:00,2011-04-28 15:58:00,2011-04,2,1,93.35000000000001,25,46.675000000000004
17994,2011-02-22 11:02:00,2011-08-10 11:41:00,2011-02,4,4,678.49,497,169.6225
17995,2011-03-03 12:30:00,2011-03-03 12:30:00,2011-03,1,1,76.1,133,76.1
17997,2011-06-28 17:28:00,2011-09-26 16:13:00,2011-06,8,3,1970.6699999999998,2298,246.33374999999998
17999,2010-12-08 15:17:00,2011-11-02 15:56:00,2010-12,2,2,382.06,221,191.03
18001,2011-09-14 11:21:00,2011-11-27 16:02:00,2011-09,2,2,417.23,363,208.615
18004,2010-12-12 13:47:00,2010-12-12 13:47:00,2010-12,1,1,169.47,78,169.47
18005,2011-10-23 14:40:00,2011-10-23 14:40:00,2011-10,1,1,139.97,49,139.97
18006,2011-11-16 16:52:00,2011-11-16 16:52:00,2011-11,1,1,444.68,220,444.68
18008,2011-01-25 12:26:00,2011-09-30 15:17:00,2011-01,9,5,2116.19,1581,235.13222222222223
18009,2011-04-18 13:36:00,2011-04-18 13:36:00,2011-04,1,1,257.34,126,257.34
18010,2011-03-28 12:27:00,2011-03-28 12:27:00,2011-03,1,1,174.8,60,174.8
18011,2010-12-01 17:35:00,2010-12-01 17:35:00,2010-12,1,1,102.78999999999999,71,102.78999999999999
18013,2011-07-07 14:08:00,2011-07-07 14:11:00,2011-07,2,1,187.29000000000002,285,93.64500000000001
18014,2011-11-11 15:28:00,2011-11-11 15:28:00,2011-11,1,1,158.47,67,158.47
18016,2010-12-10 17:14:00,2011-11-07 13:25:00,2010-12,5,5,1483.56,1029,296.712
18017,2011-02-02 13:57:00,2011-09-19 16:15:00,2011-02,3,3,523.0,300,174.33333333333334
18018,2011-05-24 13:22:00,2011-08-23 17:37:00,2011-05,2,2,122.14,55,61.07
18019,2011-10-19 12:10:00,2011-10-19 12:10:00,2011-10,1,1,38.45,7,38.45
18022,2011-11-04 12:45:00,2011-11-04 12:45:00,2011-11,1,1,668.11,736,668.11
18024,2011-07-10 12:28:00,2011-07-10 12:40:00,2011-07,2,1,389.78,184,194.89
18027,2011-09-02 10:38:00,2011-09-02 10:38:00,2011-09,1,1,115.31,78,115.31
18030,2011-10-28 13:55:00,2011-10-28 13:55:00,2011-10,1,1,121.1,46,121.1
18032,2011-01-09 15:32:00,2011-01-09 15:32:00,2011-01,1,1,73.5,42,73.5
18033,2011-10-05 17:28:00,2011-10-05 17:28:00,2011-10,1,1,97.97,253,97.97
18034,2011-11-18 12:08:00,2011-11-18 12:22:00,2011-11,2,1,422.88,561,211.44
18035,2011-10-27 17:48:00,2011-11-04 12:39:00,2011-10,3,2,730.4,611,243.46666666666667
18036,2011-04-08 11:26:00,2011-11-07 14:40:00,2011-04,3,3,405.62,234,135.20666666666668
18037,2010-12-12 16:20:00,2011-07-08 13:39:00,2010-12,6,5,70.02,20,11.67
18040,2011-04-08 08:27:00,2011-11-20 14:20:00,2011-04,2,2,357.2,148,178.6
18041,2010-12-02 11:21:00,2011-11-28 11:39:00,2010-12,21,11,4183.39,3819,199.20904761904762
18042,2011-10-17 11:49:00,2011-10-17 11:49:00,2011-10,1,1,165.04999999999998,33,165.04999999999998
18043,2010-12-08 12:35:00,2011-11-15 12:48:00,2010-12,3,3,559.51,282,186.50333333333333
18044,2010-12-14 12:25:00,2011-11-03 08:56:00,2010-12,9,7,1877.7,936,208.63333333333333
18045,2011-10-25 13:07:00,2011-10-25 13:07:00,2011-10,1,1,189.4,142,189.4
18048,2011-05-20 14:54:00,2011-05-20 14:58:00,2011-05,2,1,172.29000000000002,127,86.14500000000001
18050,2010-12-15 14:25:00,2010-12-15 14:25:00,2010-12,1,1,74.4,40,74.4
18053,2011-09-30 09:05:00,2011-09-30 09:05:00,2011-09,1,1,300.02,302,300.02
18055,2010-12-05 10:52:00,2011-10-31 12:02:00,2010-12,9,6,5920.42,2086,657.8244444444445
18056,2011-02-24 14:27:00,2011-02-24 14:27:00,2011-02,1,1,363.65,211,363.65
18058,2011-11-30 08:38:00,2011-11-30 08:38:00,2011-11,1,1,170.16,88,170.16
18059,2011-10-03 09:30:00,2011-11-16 16:49:00,2011-10,3,2,306.46,258,102.15333333333332
18061,2010-12-08 13:03:00,2011-11-18 11:20:00,2010-12,10,10,2119.41,955,211.94099999999997
18062,2011-01-06 10:03:00,2011-06-19 14:47:00,2011-01,3,3,720.52,396,240.17333333333332
18064,2011-04-18 15:08:00,2011-07-29 16:39:00,2011-04,2,2,814.0,384,407.0
18065,2010-12-10 12:44:00,2011-09-14 11:36:00,2010-12,11,5,1949.19,863,177.19909090909093
18066,2011-09-25 15:30:00,2011-09-25 15:30:00,2011-09,1,1,318.0,108,318.0
18067,2011-10-30 15:58:00,2011-10-30 15:58:00,2011-10,1,1,396.33,189,396.33
18068,2011-02-23 14:50:00,2011-02-23 14:50:00,2011-02,1,1,101.69999999999999,6,101.69999999999999
18069,2011-01-16 15:50:00,2011-11-13 16:03:00,2011-01,5,5,2036.67,1311,407.334
18071,2010-12-09 10:33:00,2011-03-27 11:59:00,2010-12,2,2,453.0,260,226.5
18072,2011-06-07 10:44:00,2011-06-07 10:44:00,2011-06,1,1,247.44,288,247.44
18073,2011-05-26 19:38:00,2011-08-17 14:02:00,2011-05,12,4,3877.52,3108,323.12666666666667
18074,2010-12-01 09:53:00,2010-12-01 09:53:00,2010-12,1,1,489.6,190,489.6
18075,2010-12-14 10:48:00,2011-11-16 15:21:00,2010-12,10,9,2611.75,1464,261.175
18077,2010-12-08 10:21:00,2011-11-06 10:44:00,2010-12,10,7,2377.67,1684,237.767
18078,2011-03-25 15:08:00,2011-05-06 14:32:00,2011-03,2,2,336.13,145,168.065
18079,2011-04-15 12:14:00,2011-10-25 15:27:00,2011-04,4,3,3651.97,7432,912.9925
18080,2011-04-11 10:10:00,2011-11-21 08:02:00,2011-04,2,2,1231.5,642,615.75
18081,2011-07-29 11:56:00,2011-11-03 16:30:00,2011-07,3,3,343.45000000000005,195,114.48333333333335
18082,2011-11-14 12:45:00,2011-11-14 12:45:00,2011-11,1,1,703.37,621,703.37
18084,2011-11-23 13:57:00,2011-11-23 13:57:00,2011-11,1,1,90.47999999999999,312,90.47999999999999
18085,2010-12-01 12:08:00,2011-01-13 15:17:00,2010-12,2,2,689.95,265,344.975
18086,2011-03-10 13:34:00,2011-03-10 13:34:00,2011-03,1,1,101.34,106,101.34
18087,2011-02-22 10:43:00,2011-02-22 10:43:00,2011-02,1,1,3202.9199999999996,3906,3202.9199999999996
18088,2011-10-09 13:41:00,2011-10-09 13:41:00,2011-10,1,1,167.67000000000002,109,167.67000000000002
18092,2010-12-09 10:00:00,2011-11-01 10:56:00,2010-12,10,7,8506.42,4100,850.642
18093,2011-02-10 12:15:00,2011-09-07 15:43:00,2011-02,4,3,2106.52,1392,526.63
18094,2011-02-21 08:50:00,2011-09-19 09:28:00,2011-02,7,5,3017.3,2518,431.04285714285714
18095,2011-01-11 12:37:00,2011-01-31 12:50:00,2011-01,2,1,580.05,419,290.025
18096,2011-10-07 11:55:00,2011-11-28 12:44:00,2011-10,3,2,911.15,825,303.71666666666664
18097,2010-12-20 14:49:00,2011-08-05 10:32:00,2010-12,5,4,2011.4,1418,402.28000000000003
18099,2011-08-04 15:52:00,2011-08-04 15:52:00,2011-08,1,1,168.31,149,168.31
18101,2011-07-19 13:05:00,2011-11-28 13:37:00,2011-07,2,2,223.65,88,111.825
18102,2010-12-07 16:42:00,2011-11-28 12:55:00,2010-12,57,11,248171.76,61426,4353.890526315789
18104,2011-11-02 14:07:00,2011-11-02 14:07:00,2011-11,1,1,754.64,362,754.64
18105,2011-11-02 12:04:00,2011-11-02 12:04:00,2011-11,1,1,113.48,46,113.48
18106,2011-01-14 12:23:00,2011-01-14 12:23:00,2011-01,1,1,430.7,128,430.7
18108,2011-03-30 13:56:00,2011-03-30 13:56:00,2011-03,1,1,271.0,84,271.0
18109,2010-12-05 10:58:00,2011-11-25 15:32:00,2010-12,23,12,6684.46,3876,290.6286956521739
18110,2011-11-20 12:34:00,2011-11-20 12:34:00,2011-11,1,1,236.3,86,236.3
18112,2011-06-26 13:56:00,2011-11-27 14:43:00,2011-06,2,2,352.69,255,176.345
18113,2010-12-06 12:31:00,2010-12-06 12:31:00,2010-12,1,1,76.32000000000001,72,76.32000000000001
18114,2011-02-22 13:20:00,2011-02-22 13:20:00,2011-02,1,1,220.1,55,220.1
18116,2010-12-10 12:14:00,2011-10-03 11:00:00,2010-12,8,4,1414.43,830,176.80375
18117,2011-11-14 12:47:00,2011-11-14 12:47:00,2011-11,1,1,319.47,617,319.47
18118,2010-12-05 12:13:00,2011-11-29 11:32:00,2010-12,26,11,5651.42,2870,217.3623076923077
18119,2010-12-07 11:59:00,2010-12-07 11:59:00,2010-12,1,1,181.12,125,181.12
18120,2011-05-09 13:45:00,2011-05-09 13:45:00,2011-05,1,1,111.15,31,111.15
18121,2011-07-08 12:14:00,2011-07-13 12:53:00,2011-07,2,1,673.1,450,336.55
18122,2011-07-12 11:37:00,2011-11-17 14:29:00,2011-07,5,4,1383.87,881,276.774
18123,2011-11-08 13:31:00,2011-11-15 14:23:00,2011-11,2,1,589.4399999999999,594,294.71999999999997
18125,2011-01-27 15:02:00,2011-11-10 12:29:00,2011-01,4,4,1142.99,804,285.7475
18126,2011-10-10 12:19:00,2011-10-10 12:19:00,2011-10,1,1,204.49,138,204.49
18127,2011-07-29 10:06:00,2011-11-20 14:05:00,2011-07,3,2,348.73,188,116.24333333333334
18129,2011-04-10 14:16:00,2011-04-10 14:16:00,2011-04,1,1,112.55,48,112.55
18130,2011-10-13 15:58:00,2011-11-24 14:40:00,2011-10,3,2,1059.3899999999999,824,353.12999999999994
18133,2011-05-11 14:14:00,2011-05-11 14:14:00,2011-05,1,1,931.4999999999999,1350,931.4999999999999
18135,2011-06-02 14:04:00,2011-11-10 19:32:00,2011-06,5,3,681.91,349,136.382
18136,2011-01-24 12:08:00,2011-10-07 15:40:00,2011-01,3,3,784.33,379,261.4433333333333
18138,2011-02-17 14:51:00,2011-02-17 14:51:00,2011-02,1,1,152.65,38,152.65
18139,2011-11-21 14:06:00,2011-11-22 10:44:00,2011-11,6,1,8438.34,5557,1406.39
18142,2011-05-08 12:31:00,2011-07-05 13:19:00,2011-05,2,2,1019.52,1276,509.76
18143,2011-07-21 10:44:00,2011-08-15 12:07:00,2011-07,2,2,1000.1600000000001,570,500.08000000000004
18144,2010-12-01 13:45:00,2011-11-09 09:22:00,2010-12,11,9,2656.75,1183,241.52272727272728
18145,2011-01-31 12:10:00,2011-11-27 11:22:00,2011-01,4,4,2861.55,2625,715.3875
18146,2011-05-03 16:35:00,2011-07-22 12:08:00,2011-05,2,2,160.35000000000002,153,80.17500000000001
18147,2011-08-23 12:22:00,2011-10-25 11:46:00,2011-08,2,2,179.33999999999997,203,89.66999999999999
18149,2011-03-11 12:44:00,2011-10-20 12:04:00,2011-03,3,3,612.0799999999999,310,204.02666666666664
18150,2011-05-22 10:47:00,2011-11-07 16:49:00,2011-05,3,3,566.58,332,188.86
18151,2011-02-23 08:29:00,2011-07-28 11:35:00,2011-02,2,2,653.35,355,326.675
18154,2011-10-27 10:40:00,2011-10-27 10:40:00,2011-10,1,1,220.48999999999998,153,220.48999999999998
18155,2011-02-21 10:36:00,2011-09-25 13:32:00,2011-02,3,3,371.62,266,123.87333333333333
18156,2010-12-05 12:29:00,2011-11-27 12:24:00,2010-12,2,2,734.94,301,367.47
18158,2011-09-12 09:03:00,2011-11-30 16:19:00,2011-09,2,2,453.4,354,226.7
18159,2011-02-11 14:26:00,2011-02-11 14:26:00,2011-02,1,1,530.15,139,530.15
18160,2011-05-23 13:41:00,2011-10-13 15:50:00,2011-05,2,2,638.06,294,319.03
18161,2011-01-24 11:56:00,2011-11-24 16:40:00,2011-01,5,5,1618.69,812,323.738
18164,2011-11-02 12:56:00,2011-11-02 12:56:00,2011-11,1,1,399.65000000000003,184,399.65000000000003
18165,2011-06-15 13:23:00,2011-06-15 13:23:00,2011-06,1,1,302.46000000000004,254,302.46000000000004
18167,2011-08-26 11:40:00,2011-11-16 15:56:00,2011-08,3,2,1384.8600000000001,382,461.62000000000006
18168,2010-12-02 18:08:00,2011-06-16 19:21:00,2010-12,6,5,1169.94,594,194.99
18169,2011-10-10 12:18:00,2011-10-10 12:18:00,2011-10,1,1,202.65,61,202.65
18170,2011-05-06 15:13:00,2011-11-06 14:35:00,2011-05,3,3,980.31,409,326.77
18171,2011-01-10 09:55:00,2011-10-12 09:13:00,2011-01,5,5,1231.31,481,246.262
18172,2011-02-23 10:44:00,2011-11-25 11:12:00,2011-02,20,8,7561.68,3184,378.084
18173,2011-03-10 11:56:00,2011-09-14 11:26:00,2011-03,4,4,2106.84,1220,526.71
18176,2010-12-16 15:45:00,2010-12-16 15:45:00,2010-12,1,1,476.35,283,476.35
18177,2011-03-29 08:46:00,2011-11-08 14:44:00,2011-03,6,5,1341.42,710,223.57000000000002
18178,2010-12-10 12:42:00,2011-08-03 09:30:00,2010-12,4,4,1590.81,983,397.7025
18179,2011-01-07 14:22:00,2011-11-30 16:23:00,2011-01,6,5,1793.17,1360,298.8616666666667
18180,2011-07-20 08:59:00,2011-10-11 11:38:00,2011-07,5,3,1533.02,1454,306.604
18181,2011-11-15 15:08:00,2011-11-15 15:08:00,2011-11,1,1,382.8,146,382.8
18183,2011-03-10 10:08:00,2011-04-26 15:26:00,2011-03,2,2,632.07,371,316.035
18184,2011-11-24 15:28:00,2011-11-24 15:28:00,2011-11,1,1,49.8,60,49.8
18185,2011-04-04 13:42:00,2011-04-04 13:42:00,2011-04,1,1,304.25,183,304.25
18188,2011-02-22 14:43:00,2011-11-24 16:46:00,2011-02,3,3,2001.04,1168,667.0133333333333
18189,2011-03-17 09:49:00,2011-09-23 12:40:00,2011-03,2,2,1090.24,566,545.12
18190,2011-01-13 10:35:00,2011-05-31 14:48:00,2011-01,2,2,284.46000000000004,140,142.23000000000002
18191,2011-03-23 12:08:00,2011-03-23 12:08:00,2011-03,1,1,207.79999999999998,140,207.79999999999998
18192,2011-09-29 09:53:00,2011-09-29 09:53:00,2011-09,1,1,957.97,339,957.97
18193,2011-06-27 13:58:00,2011-06-27 13:58:00,2011-06,1,1,243.76,124,243.76
18194,2011-09-18 13:29:00,2011-09-18 13:29:00,2011-09,1,1,973.8399999999999,632,973.8399999999999
18196,2011-02-22 16:13:00,2011-09-05 16:22:00,2011-02,2,2,689.13,433,344.565
18198,2011-01-07 13:39:00,2011-11-08 15:35:00,2011-01,16,10,5107.110000000001,3883,319.19437500000004
18200,2011-08-25 18:45:00,2011-08-25 18:45:00,2011-08,1,1,163.8,111,163.8
18202,2011-02-01 13:36:00,2011-05-24 12:12:00,2011-02,3,2,1396.99,581,465.66333333333336
18203,2011-07-05 13:07:00,2011-07-05 13:07:00,2011-07,1,1,160.42,43,160.42
18204,2011-05-31 15:26:00,2011-09-29 16:44:00,2011-05,3,3,1993.6999999999998,1200,664.5666666666666
18205,2011-09-26 12:02:00,2011-11-03 13:22:00,2011-09,2,2,517.36,192,258.68
18209,2011-11-11 12:07:00,2011-11-11 12:07:00,2011-11,1,1,139.10000000000002,58,139.10000000000002
18210,2011-03-17 16:58:00,2011-11-30 08:43:00,2011-03,5,3,2443.48,1346,488.696
18211,2011-03-06 12:09:00,2011-11-14 08:10:00,2011-03,5,5,600.07,359,120.01400000000001
18212,2011-01-17 16:14:00,2011-01-17 16:14:00,2011-01,1,1,248.42,101,248.42
18213,2011-04-17 10:21:00,2011-04-17 10:21:00,2011-04,1,1,232.48000000000002,232,232.48000000000002
18215,2011-09-11 16:05:00,2011-09-11 16:05:00,2011-09,1,1,299.34000000000003,118,299.34000000000003
18216,2011-11-08 16:55:00,2011-11-08 16:55:00,2011-11,1,1,481.75,200,481.75
18217,2011-09-30 10:44:00,2011-11-10 13:18:00,2011-09,2,2,621.75,491,310.875
18218,2011-03-03 12:24:00,2011-05-12 12:53:00,2011-03,2,2,662.0799999999999,584,331.03999999999996
18219,2010-12-06 10:05:00,2011-10-27 18:02:00,2010-12,9,7,1827.4,746,203.04444444444445
18220,2011-04-27 09:03:00,2011-04-27 09:03:00,2011-04,1,1,305.28000000000003,288,305.28000000000003
18221,2011-05-12 14:13:00,2011-11-17 14:40:00,2011-05,5,5,1041.6100000000001,791,208.32200000000003
18222,2011-09-08 10:45:00,2011-09-08 10:45:00,2011-09,1,1,443.0,335,443.0
18223,2010-12-16 16:42:00,2011-10-31 09:48:00,2010-12,13,9,5905.82,2662,454.2938461538461
18224,2011-03-21 10:30:00,2011-03-21 10:30:00,2011-03,1,1,158.95000000000002,69,158.95000000000002
18225,2010-12-09 15:46:00,2011-11-18 13:16:00,2010-12,11,9,5178.84,3084,470.8036363636364
18226,2011-01-06 09:00:00,2011-10-26 13:36:00,2011-01,11,9,5228.05,3466,475.27727272727276
18227,2011-05-06 12:23:00,2011-05-06 12:23:00,2011-05,1,1,93.75,21,93.75
18228,2011-09-21 10:48:00,2011-10-14 09:21:00,2011-09,2,2,779.9,238,389.95
18229,2010-12-01 16:25:00,2011-11-28 09:48:00,2010-12,20,12,7276.9,2488,363.84499999999997
18230,2011-02-10 13:06:00,2011-11-30 13:22:00,2011-02,7,6,2810.2000000000003,1316,401.4571428571429
18231,2011-02-24 09:08:00,2011-05-31 14:18:00,2011-02,5,4,2083.27,821,416.654
18232,2011-05-26 16:30:00,2011-09-19 11:49:00,2011-05,4,3,592.97,302,148.2425
18233,2011-01-18 08:44:00,2011-01-18 08:44:00,2011-01,1,1,440.0,4,440.0
18235,2011-05-06 13:35:00,2011-09-29 08:27:00,2011-05,3,3,1796.48,1578,598.8266666666667
18236,2011-04-13 09:52:00,2011-11-10 08:06:00,2011-04,6,6,882.24,403,147.04
18237,2011-07-28 13:05:00,2011-10-05 13:33:00,2011-07,4,4,861.3499999999999,537,215.33749999999998
18239,2010-12-02 17:48:00,2011-05-05 12:38:00,2010-12,5,4,1561.6100000000001,795,312.322
18240,2011-10-24 13:06:00,2011-10-24 13:06:00,2011-10,1,1,422.58,126,422.58
18241,2011-05-06 09:22:00,2011-11-30 12:10:00,2011-05,17,7,2073.09,1051,121.9464705882353
18242,2011-05-10 11:20:00,2011-09-28 13:43:00,2011-05,4,2,2232.49,1017,558.1225
18245,2010-12-19 14:58:00,2011-07-13 14:29:00,2010-12,6,4,1672.81,1328,278.8016666666667
18246,2011-04-20 13:55:00,2011-11-16 11:49:00,2011-04,2,2,596.1,166,298.05
18248,2011-06-06 13:18:00,2011-08-09 10:19:00,2011-06,2,2,804.02,511,402.01
18249,2011-11-22 15:07:00,2011-11-22 15:07:00,2011-11,1,1,95.34,128,95.34
18250,2011-02-02 13:16:00,2011-02-02 13:16:00,2011-02,1,1,349.27,199,349.27
18251,2011-09-13 15:03:00,2011-09-13 15:03:00,2011-09,1,1,4314.72,7824,4314.72
18252,2011-06-21 11:47:00,2011-10-20 12:43:00,2011-06,2,2,526.67,239,263.335
18255,2011-09-11 13:16:00,2011-09-11 13:16:00,2011-09,1,1,103.3,74,103.3
18257,2011-02-16 15:13:00,2011-10-31 14:48:00,2011-02,8,5,2337.63,1041,292.20375
18259,2010-12-08 13:38:00,2011-11-15 12:34:00,2010-12,3,3,2338.6000000000004,714,779.5333333333334
18260,2010-12-16 18:23:00,2011-06-20 12:37:00,2010-12,6,6,2643.2000000000003,1478,440.53333333333336
18261,2011-09-05 09:34:00,2011-10-27 15:36:00,2011-09,2,2,324.24,146,162.12
18262,2011-07-22 16:04:00,2011-07-22 16:04:00,2011-07,1,1,149.48,182,149.48
18263,2011-04-01 11:48:00,2011-11-14 09:00:00,2011-04,3,3,1213.1599999999999,1468,404.3866666666666
18265,2011-07-04 15:26:00,2011-09-28 14:10:00,2011-07,2,2,801.51,311,400.755
18268,2011-07-28 19:13:00,2011-07-28 19:13:00,2011-07,1,1,25.5,2,25.5
18269,2010-12-08 13:53:00,2010-12-08 13:53:00,2010-12,1,1,168.6,76,168.6
18270,2011-03-18 12:41:00,2011-11-01 13:57:00,2011-03,2,2,283.15000000000003,101,141.57500000000002
18272,2011-04-07 09:35:00,2011-10-25 11:52:00,2011-04,5,4,2710.7,1796,542.14
18273,2011-03-27 11:22:00,2011-09-05 11:27:00,2011-03,2,2,153.0,60,76.5
18274,2011-11-09 17:03:00,2011-11-09 17:03:00,2011-11,1,1,175.92,88,175.92
18276,2011-10-27 10:54:00,2011-10-27 10:54:00,2011-10,1,1,335.86,186,335.86
18277,2011-10-12 15:22:00,2011-10-12 15:22:00,2011-10,1,1,110.38,68,110.38
18278,2011-09-27 11:58:00,2011-09-27 11:58:00,2011-09,1,1,173.9,66,173.9
18280,2011-03-07 09:52:00,2011-03-07 09:52:00,2011-03,1,1,180.60000000000002,45,180.60000000000002
18281,2011-06-12 10:53:00,2011-06-12 10:53:00,2011-06,1,1,80.82,54,80.82
18282,2011-08-05 13:35:00,2011-08-05 13:35:00,2011-08,1,1,100.21,75,100.21
18283,2011-01-06 14:14:00,2011-11-30 12:59:00,2011-01,15,9,1880.93,1253,125.39533333333334
18287,2011-05-22 10:39:00,2011-10-28 09:29:00,2011-05,3,2,1837.28,1586,612.4266666666666
