customer_id,first_order_date,last_order_date,frequency,monetary_gbp,recency_days,segment,cancellation_rows,cancellation_signed_gbp,cancellation_amount_vs_gross,needs_cancellation_review
12346,2011-01-18 10:01:00,2011-01-18 10:01:00,1,77183.6,317,Остальные,1,-77183.6,1.0,True
12347,2010-12-07 14:57:00,2011-10-31 12:25:00,6,4085.18,31,Активные повторные,0,0.0,-0.0,False
12348,2010-12-16 19:09:00,2011-09-25 13:13:00,4,1437.24,67,Остальные,0,0.0,-0.0,False
12349,2011-11-21 09:51:00,2011-11-21 09:51:00,1,1457.55,10,Недавние однократные,0,0.0,-0.0,False
12350,2011-02-02 16:01:00,2011-02-02 16:01:00,1,294.4,302,Остальные,0,0.0,-0.0,False
12352,2011-02-16 12:33:00,2011-11-03 14:37:00,7,1385.74,28,Активные повторные,7,-120.33,0.08683447111290718,False
12353,2011-05-19 17:47:00,2011-05-19 17:47:00,1,89.0,196,Остальные,0,0.0,-0.0,False
12354,2011-04-21 13:11:00,2011-04-21 13:11:00,1,1079.4,224,Остальные,0,0.0,-0.0,False
12355,2011-05-09 13:49:00,2011-05-09 13:49:00,1,459.4,206,Остальные,0,0.0,-0.0,False
12356,2011-01-18 09:50:00,2011-11-17 08:40:00,3,2487.43,14,Активные ценные,0,0.0,-0.0,False
12357,2011-11-06 16:07:00,2011-11-06 16:07:00,1,6207.67,25,Недавние однократные,0,0.0,-0.0,False
12358,2011-07-12 10:04:00,2011-07-12 10:04:00,1,404.86,142,Остальные,0,0.0,-0.0,False
12359,2011-01-12 12:43:00,2011-10-13 12:47:00,4,6372.58,49,Активные повторные,2,-35.8,0.00561781884260378,False
12360,2011-05-23 09:43:00,2011-10-18 15:22:00,3,2302.06,44,Активные повторные,0,0.0,-0.0,False
12361,2011-02-25 13:51:00,2011-02-25 13:51:00,1,174.9,279,Остальные,0,0.0,-0.0,False
12362,2011-02-17 10:30:00,2011-11-04 09:07:00,9,4262.19,27,Активные ценные,8,-71.65,0.016810606753804972,False
12363,2011-04-11 13:29:00,2011-08-22 10:18:00,2,552.0,101,Давно не покупавшие повторные,0,0.0,-0.0,False
12364,2011-08-19 15:24:00,2011-10-30 15:43:00,3,912.78,32,Активные повторные,0,0.0,-0.0,False
12365,2011-02-21 13:51:00,2011-02-21 13:51:00,1,320.69,283,Остальные,0,0.0,-0.0,False
12370,2010-12-14 12:58:00,2011-10-19 14:51:00,4,3425.69,43,Активные повторные,0,0.0,-0.0,False
12371,2011-10-11 10:43:00,2011-10-11 10:43:00,1,1527.96,51,Остальные,0,0.0,-0.0,False
12372,2011-02-16 12:46:00,2011-09-29 12:12:00,3,1196.04,63,Остальные,0,0.0,-0.0,False
12373,2011-02-01 13:10:00,2011-02-01 13:10:00,1,324.6,303,Остальные,0,0.0,-0.0,False
12374,2011-11-14 15:37:00,2011-11-14 15:37:00,1,622.9300000000001,17,Недавние однократные,0,0.0,-0.0,False
12375,2011-09-02 14:23:00,2011-11-29 10:36:00,2,377.5,2,Остальные,0,0.0,-0.0,False
12377,2010-12-20 09:37:00,2011-01-28 15:45:00,2,1548.12,307,Давно не покупавшие повторные,0,0.0,-0.0,False
12378,2011-08-02 10:34:00,2011-08-02 10:34:00,1,4008.62,121,Остальные,0,0.0,-0.0,False
12379,2011-06-22 16:32:00,2011-09-19 10:09:00,2,777.24,73,Остальные,1,-1.95,0.0025088775667747414,False
12380,2011-06-07 09:49:00,2011-11-18 11:27:00,4,2427.81,13,Активные ценные,1,-4.25,0.0017505488485507516,False
12381,2011-08-12 09:57:00,2011-11-06 13:36:00,2,1367.8,25,Остальные,4,-41.35,0.03023102792805966,False
12383,2010-12-22 14:28:00,2011-06-08 08:02:00,5,1628.56,176,Давно не покупавшие повторные,1,-11.25,0.006907943213636587,False
12384,2011-08-10 11:23:00,2011-11-11 08:39:00,2,425.27,20,Остальные,3,-19.11,0.04493615820537541,False
12386,2010-12-08 09:53:00,2011-01-06 12:37:00,2,401.9,329,Давно не покупавшие повторные,0,0.0,-0.0,False
12388,2011-01-17 11:12:00,2011-11-24 12:30:00,6,2780.6600000000003,7,Активные ценные,0,0.0,-0.0,False
12390,2011-09-21 09:33:00,2011-09-21 09:33:00,1,504.84000000000003,71,Остальные,0,0.0,-0.0,False
12391,2011-11-18 12:07:00,2011-11-18 12:07:00,1,460.89,13,Недавние однократные,0,0.0,-0.0,False
12393,2011-01-11 09:47:00,2011-09-28 15:41:00,4,1582.6,64,Остальные,0,0.0,-0.0,False
12394,2011-05-06 14:01:00,2011-10-07 08:08:00,2,1080.48,55,Остальные,0,0.0,-0.0,False
12395,2010-12-03 16:35:00,2011-11-20 15:21:00,12,2682.63,11,Активные ценные,3,-20.35,0.007585839269671927,False
12397,2011-07-27 14:21:00,2011-11-04 09:52:00,2,2214.8999999999996,27,Остальные,0,0.0,-0.0,False
12398,2011-10-25 10:27:00,2011-10-25 10:27:00,1,1435.66,37,Остальные,0,0.0,-0.0,False
12399,2011-03-23 09:42:00,2011-08-12 13:15:00,4,1033.65,111,Давно не покупавшие повторные,0,0.0,-0.0,False
12401,2011-02-09 13:50:00,2011-02-09 13:50:00,1,69.3,295,Остальные,0,0.0,-0.0,False
12402,2011-01-20 13:49:00,2011-01-20 13:49:00,1,195.6,315,Остальные,0,0.0,-0.0,False
12403,2011-10-21 10:51:00,2011-10-21 10:51:00,1,391.7,41,Остальные,0,0.0,-0.0,False
12405,2011-07-14 08:52:00,2011-07-14 08:52:00,1,1390.39,140,Остальные,0,0.0,-0.0,False
12406,2011-06-09 10:23:00,2011-11-17 19:22:00,2,3415.3,14,Остальные,3,-134.54999999999998,0.0393962463033994,False
12407,2011-03-20 13:21:00,2011-10-21 10:11:00,5,1507.12,41,Активные повторные,0,0.0,-0.0,False
12408,2011-03-24 14:46:00,2011-11-07 12:27:00,5,2618.55,24,Активные ценные,7,-30.98,0.011830975158007294,False
12409,2011-06-10 12:19:00,2011-09-22 10:38:00,3,11072.67,70,Остальные,5,-15.74,0.0014215180259142556,False
12410,2011-02-04 10:38:00,2011-02-04 10:39:00,2,533.3299999999999,300,Давно не покупавшие повторные,2,-12.25,0.022968893555584725,False
12412,2011-06-23 13:51:00,2011-09-26 10:16:00,3,1142.88,66,Остальные,0,0.0,-0.0,False
12413,2011-01-06 16:12:00,2011-10-04 09:00:00,3,686.1,58,Активные повторные,1,-9.95,0.014502259145897098,False
12414,2011-02-02 14:51:00,2011-05-06 14:51:00,3,442.40999999999997,209,Давно не покупавшие повторные,0,0.0,-0.0,False
12415,2011-01-06 11:12:00,2011-11-15 14:22:00,20,124564.53,16,Активные ценные,61,-926.35,0.007436707704833792,False
12417,2010-12-17 11:51:00,2011-10-31 16:02:00,8,2901.37,31,Активные повторные,6,-70.3,0.02422993275590497,False
12418,2011-08-19 11:08:00,2011-08-19 11:08:00,1,668.58,104,Остальные,0,0.0,-0.0,False
12420,2011-10-07 08:55:00,2011-10-07 08:55:00,1,600.39,55,Остальные,0,0.0,-0.0,False
12421,2011-01-24 15:09:00,2011-11-24 09:07:00,4,639.04,7,Активные повторные,0,0.0,-0.0,False
12422,2011-01-19 09:13:00,2011-09-05 09:48:00,3,683.56,87,Остальные,0,0.0,-0.0,False
12423,2010-12-21 10:54:00,2011-08-31 08:55:00,7,1440.67,92,Давно не покупавшие повторные,1,-10.2,0.007080039148451761,False
12424,2011-06-30 12:06:00,2011-06-30 12:06:00,2,1760.96,154,Давно не покупавшие повторные,0,0.0,-0.0,False
12425,2011-09-22 17:31:00,2011-09-22 17:31:00,1,777.2,70,Остальные,0,0.0,-0.0,False
12426,2011-05-29 12:26:00,2011-05-29 12:26:00,1,510.73,186,Остальные,0,0.0,-0.0,False
12427,2010-12-03 10:44:00,2011-11-18 08:56:00,3,699.8,13,Активные повторные,4,-117.42999999999999,0.1678050871677622,False
12428,2011-03-01 09:33:00,2011-11-14 08:22:00,8,6405.26,17,Активные ценные,5,-39.260000000000005,0.006129337450782639,False
12429,2010-12-09 12:05:00,2011-11-30 17:22:00,4,3388.4,1,Активные ценные,0,0.0,-0.0,False
12430,2011-10-27 15:09:00,2011-10-27 15:09:00,1,216.4,35,Остальные,0,0.0,-0.0,False
12431,2010-12-01 10:03:00,2011-11-04 11:55:00,15,6382.45,27,Активные ценные,4,-71.06,0.011133655571136476,False
12432,2011-06-20 13:27:00,2011-10-28 11:43:00,4,4359.32,34,Активные повторные,0,0.0,-0.0,False
12433,2010-12-01 13:24:00,2011-11-30 14:05:00,5,10737.18,1,Активные ценные,0,0.0,-0.0,False
12434,2011-03-24 13:05:00,2011-09-16 12:38:00,2,806.14,76,Остальные,4,-40.949999999999996,0.050797628203537844,False
12435,2011-03-17 07:40:00,2011-09-21 09:06:00,2,7829.89,71,Остальные,0,0.0,-0.0,False
12436,2011-09-01 12:09:00,2011-09-01 12:09:00,1,429.01000000000005,91,Остальные,0,0.0,-0.0,False
12437,2011-01-12 14:13:00,2011-11-30 16:47:00,17,4335.51,1,Активные ценные,1,-54.75,0.012628272106395787,False
12438,2011-07-22 13:29:00,2011-11-25 13:28:00,2,2466.85,6,Остальные,0,0.0,-0.0,False
12441,2010-12-08 10:45:00,2010-12-08 10:45:00,1,155.55,358,Остальные,0,0.0,-0.0,False
12444,2011-06-21 14:00:00,2011-11-18 13:23:00,5,4085.46,13,Активные ценные,0,0.0,-0.0,False
12445,2011-11-17 18:43:00,2011-11-17 18:43:00,1,77.4,14,Недавние однократные,0,0.0,-0.0,False
12446,2011-10-13 12:50:00,2011-10-13 12:50:00,1,1002.3100000000001,49,Остальные,0,0.0,-0.0,False
12447,2011-04-10 13:25:00,2011-04-10 13:25:00,1,431.49,235,Остальные,0,0.0,-0.0,False
12448,2011-10-26 13:46:00,2011-10-26 13:46:00,1,365.45,36,Остальные,0,0.0,-0.0,False
12449,2011-06-05 15:37:00,2011-11-17 13:46:00,4,3596.29,14,Активные ценные,0,0.0,-0.0,False
12450,2011-06-19 14:36:00,2011-07-06 14:41:00,2,197.88,148,Давно не покупавшие повторные,0,0.0,-0.0,False
12451,2011-01-19 09:05:00,2011-11-29 08:40:00,5,8995.52,2,Активные ценные,1,-102.0,0.011338977624417487,False
12452,2011-11-23 08:05:00,2011-11-23 08:05:00,1,348.57,8,Недавние однократные,0,0.0,-0.0,False
12453,2011-07-28 14:08:00,2011-07-28 14:08:00,1,707.09,126,Остальные,0,0.0,-0.0,False
12454,2011-10-14 17:13:00,2011-10-14 17:13:00,1,3528.34,48,Остальные,15,-3528.34,1.0,True
12455,2011-02-16 09:56:00,2011-09-27 15:31:00,5,2339.86,65,Остальные,0,0.0,-0.0,False
12456,2011-03-30 09:12:00,2011-10-26 14:41:00,3,2581.04,36,Активные повторные,4,-27.15,0.010519015590614635,False
12457,2011-04-14 18:57:00,2011-10-04 13:13:00,6,2043.23,58,Активные повторные,5,-445.45,0.21801265643123877,False
12458,2011-02-28 10:55:00,2011-09-29 15:25:00,2,787.4000000000001,63,Остальные,0,0.0,-0.0,False
12461,2011-07-08 10:23:00,2011-07-08 10:23:00,1,626.88,146,Остальные,0,0.0,-0.0,False
12462,2011-02-09 14:44:00,2011-11-21 09:11:00,2,937.5899999999999,10,Остальные,4,-20.8,0.02218453695111936,False
12463,2011-04-12 12:47:00,2011-10-17 13:44:00,4,1200.78,45,Активные повторные,4,-35.15,0.0292726394510235,False
12464,2011-02-03 13:30:00,2011-11-29 13:33:00,8,957.05,2,Активные повторные,0,0.0,-0.0,False
12465,2011-06-23 13:37:00,2011-11-22 16:34:00,2,682.19,9,Остальные,0,0.0,-0.0,False
12468,2011-01-27 13:29:00,2011-06-05 11:36:00,2,657.5400000000001,179,Давно не покупавшие повторные,2,-5.5,0.008364510143869573,False
12471,2010-12-10 09:35:00,2011-11-29 13:01:00,26,15425.539999999999,2,Активные ценные,70,-1065.1299999999999,0.06904977070494776,False
12472,2010-12-05 14:19:00,2011-11-07 14:01:00,7,6068.110000000001,24,Активные ценные,52,-342.63,0.05646403905005017,False
12473,2011-06-01 10:15:00,2011-10-17 11:27:00,3,2596.23,45,Активные повторные,7,-40.46,0.015584135457952493,False
12474,2011-01-14 10:06:00,2011-11-22 14:39:00,18,6745.79,9,Активные ценные,33,-259.32,0.038441754042150736,False
12475,2011-10-17 10:10:00,2011-10-17 10:10:00,1,669.38,45,Остальные,0,0.0,-0.0,False
12476,2010-12-13 14:39:00,2011-11-24 12:40:00,11,5898.42,7,Активные ценные,18,-171.09,0.029006072812719337,False
12477,2011-02-11 12:45:00,2011-11-17 09:51:00,6,13219.739999999998,14,Активные ценные,8,-102.72999999999999,0.007770954648124699,False
12479,2011-11-28 13:26:00,2011-11-28 13:26:00,1,473.2,3,Недавние однократные,0,0.0,-0.0,False
12480,2011-01-07 15:27:00,2011-11-11 14:52:00,4,2885.63,20,Активные ценные,0,0.0,-0.0,False
12481,2010-12-09 10:13:00,2011-11-17 08:29:00,10,5020.32,14,Активные ценные,1,-5.46,0.0010875800745769194,False
12483,2011-01-04 14:20:00,2011-11-22 17:02:00,8,1910.98,9,Активные ценные,4,-37.85,0.01980659138243205,False
12484,2011-01-07 14:04:00,2011-11-04 15:18:00,4,3953.7200000000003,27,Активные ценные,4,-46.45,0.011748429327317058,False
12488,2011-09-25 10:34:00,2011-11-30 08:50:00,3,1244.66,1,Активные повторные,0,0.0,-0.0,False
12489,2011-01-07 13:13:00,2011-01-07 13:13:00,1,298.93,328,Остальные,0,0.0,-0.0,False
12490,2011-01-14 09:13:00,2011-11-22 11:19:00,9,4451.63,9,Активные ценные,0,0.0,-0.0,False
12491,2011-11-01 12:18:00,2011-11-01 12:18:00,1,424.40000000000003,30,Недавние однократные,0,0.0,-0.0,False
12492,2011-08-26 14:51:00,2011-10-07 15:15:00,2,227.21,55,Остальные,0,0.0,-0.0,False
12493,2011-05-26 14:53:00,2011-06-27 10:17:00,2,379.74,157,Давно не покупавшие повторные,1,-16.95,0.044635803444462,False
12494,2010-12-09 11:31:00,2011-11-24 09:34:00,7,1084.1000000000001,7,Активные повторные,6,-88.75,0.08186514159210403,False
12497,2011-09-19 12:29:00,2011-09-19 12:29:00,1,953.1,73,Остальные,0,0.0,-0.0,False
12498,2011-10-13 09:30:00,2011-11-18 12:53:00,3,349.70000000000005,13,Активные повторные,0,0.0,-0.0,False
12500,2011-01-10 09:48:00,2011-11-16 16:20:00,11,4059.82,15,Активные ценные,3,-33.55,0.008263913178416776,False
12501,2011-01-07 12:28:00,2011-01-07 12:28:00,1,2025.39,328,Остальные,11,-79.71000000000001,0.03935538340764001,False
12502,2011-02-03 10:41:00,2011-09-05 11:52:00,5,2995.87,87,Остальные,0,0.0,-0.0,False
12504,2011-11-09 14:56:00,2011-11-21 16:02:00,2,428.04999999999995,10,Остальные,6,-368.04999999999995,0.8598294591753299,True
12506,2011-04-21 08:54:00,2011-04-21 08:54:00,1,73.5,224,Остальные,0,0.0,-0.0,False
12507,2011-02-14 09:24:00,2011-07-28 17:09:00,3,1052.81,126,Давно не покупавшие повторные,1,-46.75,0.04440497335701599,False
12508,2011-11-10 16:27:00,2011-11-13 15:37:00,2,398.27,18,Остальные,0,0.0,-0.0,False
12509,2011-02-28 14:45:00,2011-02-28 14:45:00,1,158.5,276,Остальные,0,0.0,-0.0,False
12510,2011-01-18 14:04:00,2011-07-20 10:15:00,2,814.5699999999999,134,Давно не покупавшие повторные,0,0.0,-0.0,False
12512,2011-10-04 14:53:00,2011-10-04 14:55:00,2,138.03,58,Остальные,0,0.0,-0.0,False
12513,2011-08-19 10:51:00,2011-08-19 10:51:00,1,558.29,104,Остальные,1,-25.5,0.045675186730910464,False
12514,2011-03-17 16:38:00,2011-03-17 16:38:00,1,1017.68,259,Остальные,0,0.0,-0.0,False
12515,2010-12-21 15:43:00,2010-12-21 15:43:00,1,278.7,345,Остальные,0,0.0,-0.0,False
12516,2011-06-12 11:37:00,2011-09-23 09:13:00,2,1186.06,69,Остальные,0,0.0,-0.0,False
12517,2011-06-02 15:13:00,2011-11-11 13:57:00,4,2322.84,20,Активные ценные,2,-37.949999999999996,0.016337758950250553,False
12518,2011-08-21 13:18:00,2011-11-11 11:18:00,4,1537.75,20,Активные повторные,0,0.0,-0.0,False
12519,2011-10-07 09:26:00,2011-10-07 09:26:00,1,286.84,55,Остальные,0,0.0,-0.0,False
12520,2011-03-11 11:35:00,2011-09-21 15:23:00,5,2346.26,71,Остальные,3,-51.75,0.02205637908842157,False
12521,2011-07-20 10:51:00,2011-07-20 10:51:00,1,545.68,134,Остальные,0,0.0,-0.0,False
12522,2011-10-19 14:41:00,2011-10-31 15:30:00,2,156.72,31,Остальные,0,0.0,-0.0,False
12523,2011-01-12 09:43:00,2011-11-20 12:55:00,11,1699.77,11,Активные ценные,1,-25.0,0.014707872241538562,False
12524,2011-01-10 10:35:00,2011-11-30 15:31:00,8,3945.72,1,Активные ценные,0,0.0,-0.0,False
12526,2011-09-06 14:19:00,2011-10-17 09:37:00,2,931.58,45,Остальные,0,0.0,-0.0,False
12527,2011-01-18 12:05:00,2011-09-19 11:55:00,3,330.71000000000004,73,Остальные,0,0.0,-0.0,False
12528,2011-01-31 09:05:00,2011-11-30 14:40:00,6,1645.48,1,Активные ценные,3,-11.2,0.0068065245399518675,False
12530,2011-01-07 10:04:00,2011-10-11 12:34:00,4,1500.28,51,Активные повторные,2,-38.650000000000006,0.025761857786546515,False
12531,2011-11-25 11:12:00,2011-11-25 11:12:00,1,125.22,6,Недавние однократные,0,0.0,-0.0,False
12532,2011-11-09 13:47:00,2011-11-09 13:47:00,1,313.83000000000004,22,Недавние однократные,0,0.0,-0.0,False
12534,2011-08-01 10:26:00,2011-08-01 10:26:00,1,981.18,122,Остальные,0,0.0,-0.0,False
12535,2011-06-06 12:47:00,2011-09-09 08:48:00,2,716.3499999999999,83,Остальные,0,0.0,-0.0,False
12536,2011-10-11 14:52:00,2011-10-11 14:52:00,1,4279.71,51,Остальные,0,0.0,-0.0,False
12538,2011-11-10 17:16:00,2011-11-10 17:16:00,1,363.95,21,Недавние однократные,0,0.0,-0.0,False
12539,2011-01-10 09:11:00,2011-11-17 13:30:00,4,5568.35,14,Активные ценные,0,0.0,-0.0,False
12540,2010-12-13 09:39:00,2011-11-20 11:31:00,17,11580.24,11,Активные ценные,3,-91.19999999999999,0.00787548444591822,False
12541,2011-03-04 09:32:00,2011-11-10 10:40:00,3,841.1800000000001,21,Активные повторные,0,0.0,-0.0,False
12544,2011-11-03 16:15:00,2011-11-03 16:15:00,1,316.7,28,Недавние однократные,1,-17.0,0.053678560151563,False
12545,2011-03-25 12:04:00,2011-09-25 13:39:00,2,832.39,67,Остальные,0,0.0,-0.0,False
12546,2011-09-23 09:44:00,2011-10-24 12:09:00,2,1021.5,38,Остальные,1,-20.0,0.01957905041605482,False
12547,2011-03-04 12:46:00,2011-05-26 12:38:00,2,151.8,189,Давно не покупавшие повторные,0,0.0,-0.0,False
12548,2011-06-26 15:35:00,2011-06-26 15:35:00,1,67.19999999999999,158,Остальные,0,0.0,-0.0,False
12550,2011-09-21 14:35:00,2011-09-21 14:35:00,1,824.83,71,Остальные,0,0.0,-0.0,False
12551,2010-12-17 11:23:00,2010-12-17 11:23:00,1,168.0,349,Остальные,0,0.0,-0.0,False
12552,2011-10-31 12:11:00,2011-10-31 12:11:00,1,317.82,31,Остальные,0,0.0,-0.0,False
12553,2011-01-14 10:42:00,2011-11-14 13:40:00,9,3019.26,17,Активные ценные,5,-40.029999999999994,0.013258215589250343,False
12556,2011-07-11 13:35:00,2011-10-20 13:06:00,2,603.71,42,Остальные,0,0.0,-0.0,False
12557,2010-12-03 12:20:00,2011-11-23 16:59:00,5,11990.960000000001,8,Активные ценные,0,0.0,-0.0,False
12559,2011-01-24 10:12:00,2011-02-02 09:49:00,2,525.71,302,Давно не покупавшие повторные,1,-25.5,0.048505830210572365,False
12560,2011-07-19 15:55:00,2011-07-19 15:55:00,1,1292.31,135,Остальные,6,-32.62,0.025241621592342393,False
12561,2011-02-10 11:39:00,2011-02-10 11:39:00,1,238.85,294,Остальные,0,0.0,-0.0,False
12562,2011-05-25 12:44:00,2011-11-17 11:34:00,6,2785.37,14,Активные ценные,0,0.0,-0.0,False
12564,2011-03-23 14:55:00,2011-03-23 14:55:00,1,402.9,253,Остальные,0,0.0,-0.0,False
12565,2011-02-24 10:34:00,2011-02-24 10:34:00,1,145.92,280,Остальные,1,-14.75,0.10108278508771931,False
12566,2011-09-14 14:30:00,2011-09-14 14:30:00,1,297.65,78,Остальные,1,-4.95,0.016630270451873007,False
12567,2010-12-05 11:57:00,2011-11-17 11:02:00,10,8609.28,14,Активные ценные,17,-286.34000000000003,0.03325945955991674,False
12569,2011-04-01 13:47:00,2011-11-23 14:39:00,26,2673.67,8,Активные ценные,1,-23.700000000000003,0.008864220341328586,False
12571,2011-08-10 12:35:00,2011-10-31 10:19:00,2,519.61,31,Остальные,0,0.0,-0.0,False
12572,2011-10-19 08:20:00,2011-10-19 08:20:00,1,478.74,43,Остальные,2,-15.7,0.032794418682374565,False
12573,2011-04-26 15:52:00,2011-04-26 15:52:00,1,160.54,219,Остальные,0,0.0,-0.0,False
12574,2011-01-28 09:20:00,2011-01-28 09:20:00,1,182.45000000000002,307,Остальные,0,0.0,-0.0,False
12576,2011-02-08 11:31:00,2011-11-04 10:11:00,5,1315.83,27,Активные повторные,1,-8.850000000000001,0.006725792845580358,False
12577,2010-12-15 16:21:00,2011-11-04 13:24:00,3,653.8499999999999,27,Активные повторные,1,-62.400000000000006,0.09543473273686627,False
12578,2011-01-13 15:34:00,2011-11-18 13:30:00,2,2402.51,13,Остальные,6,-41.15,0.017127920383265834,False
12579,2011-09-22 17:15:00,2011-09-22 17:15:00,1,386.42,70,Остальные,1,-11.7,0.030277935924641577,False
12580,2011-04-07 10:24:00,2011-04-07 10:24:00,1,379.7,238,Остальные,0,0.0,-0.0,False
12581,2011-10-31 08:56:00,2011-10-31 08:56:00,1,179.71,31,Остальные,0,0.0,-0.0,False
12582,2011-02-24 11:42:00,2011-04-15 08:45:00,2,351.36,230,Давно не покупавшие повторные,0,0.0,-0.0,False
12583,2010-12-01 08:45:00,2011-11-21 11:16:00,14,6064.61,10,Активные ценные,3,-76.03999999999999,0.012538316561163866,False
12584,2011-03-04 15:15:00,2011-11-22 08:34:00,8,2053.7,9,Активные ценные,30,-444.2,0.21629254516238985,False
12585,2010-12-23 12:58:00,2011-04-19 13:39:00,2,1824.1,226,Давно не покупавшие повторные,10,-57.29,0.031407269338303824,False
12586,2011-11-22 16:24:00,2011-11-22 16:24:00,1,196.94000000000003,9,Недавние однократные,1,-17.0,0.08632070681425814,False
12588,2011-10-31 15:01:00,2011-10-31 15:01:00,1,174.89999999999998,31,Остальные,0,0.0,-0.0,False
12589,2011-07-18 12:05:00,2011-11-11 10:19:00,2,574.6800000000001,20,Остальные,0,0.0,-0.0,False
12590,2011-05-12 14:46:00,2011-05-12 14:46:00,1,9341.26,203,Остальные,2,-2.88,0.0003083095856447631,False
12591,2011-01-26 14:35:00,2011-01-26 14:35:00,1,368.85,309,Остальные,0,0.0,-0.0,False
12592,2011-05-10 13:44:00,2011-09-08 15:04:00,2,401.6,84,Остальные,0,0.0,-0.0,False
12593,2011-05-05 09:29:00,2011-08-23 12:43:00,3,382.1,100,Давно не покупавшие повторные,0,0.0,-0.0,False
12594,2011-01-21 09:52:00,2011-11-02 12:20:00,9,3208.2200000000003,29,Активные ценные,0,0.0,-0.0,False
12596,2011-04-11 13:22:00,2011-10-19 13:02:00,2,450.27,43,Остальные,0,0.0,-0.0,False
12597,2011-03-16 14:00:00,2011-11-20 13:33:00,4,3195.2200000000003,11,Активные ценные,8,-128.09,0.0400880064596491,False
12598,2011-02-28 11:58:00,2011-11-30 12:18:00,7,2807.08,1,Активные ценные,1,-20.4,0.0072673383017227864,False
12599,2011-02-08 13:28:00,2011-11-10 13:34:00,7,888.58,21,Активные повторные,0,0.0,-0.0,False
12600,2010-12-03 12:57:00,2011-11-11 10:29:00,10,2311.04,20,Активные ценные,0,0.0,-0.0,False
12601,2011-01-11 10:38:00,2011-06-03 10:17:00,5,487.06,181,Давно не покупавшие повторные,1,-7.5,0.015398513530160555,False
12602,2011-10-12 11:22:00,2011-10-12 11:22:00,1,153.12,50,Остальные,0,0.0,-0.0,False
12603,2011-11-18 10:42:00,2011-11-18 10:42:00,1,613.1999999999999,13,Недавние однократные,0,0.0,-0.0,False
12604,2011-03-23 12:06:00,2011-09-21 14:08:00,2,236.18,71,Остальные,0,0.0,-0.0,False
12607,2011-10-10 16:06:00,2011-10-10 16:06:00,1,1579.51,52,Остальные,101,-1579.51,1.0,True
12609,2011-01-25 15:13:00,2011-09-22 16:34:00,3,964.85,70,Остальные,0,0.0,-0.0,False
12610,2011-08-05 13:52:00,2011-11-17 09:34:00,4,1747.54,14,Активные ценные,5,-41.55,0.02377627979903178,False
12611,2011-10-18 13:12:00,2011-10-18 13:12:00,1,1193.32,44,Остальные,0,0.0,-0.0,False
12612,2011-09-26 15:35:00,2011-09-26 15:35:00,1,668.0400000000001,66,Остальные,2,-60.45,0.09048859349739535,False
12613,2011-03-22 15:42:00,2011-10-13 14:59:00,4,3092.38,49,Активные повторные,10,-125.39999999999999,0.04055129059171253,False
12614,2011-03-07 10:22:00,2011-03-07 10:22:00,1,315.6,269,Остальные,0,0.0,-0.0,False
12615,2011-06-24 13:35:00,2011-11-03 10:45:00,3,1706.3400000000001,28,Активные ценные,0,0.0,-0.0,False
12616,2011-02-15 14:17:00,2011-09-05 15:17:00,2,641.3,87,Остальные,4,-56.05,0.08740059254639014,False
12617,2011-11-10 14:39:00,2011-11-10 14:39:00,1,355.53,21,Недавние однократные,0,0.0,-0.0,False
12618,2011-11-18 11:10:00,2011-11-18 11:10:00,1,137.31,13,Недавние однократные,0,0.0,-0.0,False
12619,2011-03-31 13:10:00,2011-11-23 14:52:00,8,2945.56,8,Активные ценные,4,-36.75,0.01247640516574098,False
12620,2011-05-19 12:10:00,2011-11-25 10:20:00,3,1303.4099999999999,6,Активные повторные,0,0.0,-0.0,False
12621,2010-12-09 10:16:00,2011-11-16 08:37:00,19,11313.47,15,Активные ценные,7,-77.60000000000001,0.006859080370567121,False
12622,2011-04-21 16:39:00,2011-04-21 16:39:00,1,162.1,224,Остальные,0,0.0,-0.0,False
12623,2011-03-08 13:50:00,2011-03-08 13:50:00,1,269.1,268,Остальные,0,0.0,-0.0,False
12624,2011-06-15 12:34:00,2011-08-25 15:04:00,2,569.13,98,Давно не покупавшие повторные,0,0.0,-0.0,False
12625,2011-01-24 13:27:00,2011-05-12 09:54:00,2,2413.8199999999997,203,Давно не покупавшие повторные,4,-51.49999999999999,0.02133547654754704,False
12626,2011-01-17 11:01:00,2011-11-16 16:06:00,9,5954.48,15,Активные ценные,13,-232.13,0.03898409264956806,False
12627,2011-07-22 13:59:00,2011-11-29 12:07:00,6,4082.5299999999997,2,Активные ценные,0,0.0,-0.0,False
12628,2011-10-06 09:28:00,2011-11-06 14:26:00,2,535.21,25,Остальные,2,-16.85,0.0314829693017694,False
12630,2011-10-27 10:41:00,2011-11-30 10:48:00,2,1030.88,1,Остальные,0,0.0,-0.0,False
12631,2011-10-13 13:53:00,2011-10-13 13:53:00,1,480.5,49,Остальные,0,0.0,-0.0,False
12633,2011-02-25 08:44:00,2011-10-12 11:40:00,4,1929.98,50,Активные повторные,2,-23.35,0.012098570969647355,False
12635,2011-07-08 08:43:00,2011-09-11 11:04:00,2,1509.1799999999998,81,Остальные,0,0.0,-0.0,False
12637,2011-01-20 10:47:00,2011-10-03 13:46:00,8,5823.900000000001,59,Активные повторные,3,-14.65,0.0025154964886072904,False
12638,2011-11-06 13:11:00,2011-11-06 13:11:00,1,511.69,25,Недавние однократные,0,0.0,-0.0,False
12639,2011-04-15 12:48:00,2011-04-15 12:48:00,1,366.1,230,Остальные,0,0.0,-0.0,False
12640,2011-09-19 12:01:00,2011-11-16 11:52:00,3,994.58,15,Активные повторные,0,0.0,-0.0,False
12641,2011-08-16 13:26:00,2011-08-16 13:26:00,1,145.9,107,Остальные,0,0.0,-0.0,False
12642,2011-08-24 09:23:00,2011-11-14 15:03:00,3,905.26,17,Активные повторные,0,0.0,-0.0,False
12643,2011-01-11 11:48:00,2011-08-03 12:56:00,6,3041.6400000000003,120,Давно не покупавшие повторные,0,0.0,-0.0,False
12644,2011-08-02 10:33:00,2011-08-02 10:33:00,1,477.91,121,Остальные,0,0.0,-0.0,False
12645,2011-01-27 13:08:00,2011-11-06 12:38:00,4,1631.18,25,Активные ценные,1,-19.799999999999997,0.012138451918243233,False
12646,2011-10-21 12:52:00,2011-10-21 12:52:00,1,731.6899999999999,41,Остальные,0,0.0,-0.0,False
12647,2010-12-05 14:02:00,2011-11-17 12:56:00,12,3146.82,14,Активные ценные,6,-52.9,0.016810621516324415,False
12648,2011-07-08 11:55:00,2011-07-08 11:55:00,1,300.05,146,Остальные,0,0.0,-0.0,False
12649,2011-05-11 14:37:00,2011-08-24 14:41:00,3,569.51,99,Давно не покупавшие повторные,2,-19.799999999999997,0.03476672929360327,False
12651,2011-01-09 12:46:00,2011-01-09 12:46:00,1,114.0,326,Остальные,0,0.0,-0.0,False
12652,2011-01-12 15:00:00,2011-01-12 15:00:00,1,793.98,323,Остальные,3,-5.45,0.006864152749439532,False
12653,2011-02-16 10:53:00,2011-07-14 10:41:00,2,2209.85,140,Давно не покупавшие повторные,0,0.0,-0.0,False
12654,2011-02-17 13:16:00,2011-11-29 10:10:00,5,529.98,2,Активные повторные,0,0.0,-0.0,False
12656,2011-04-20 09:20:00,2011-11-22 13:42:00,5,3619.17,9,Активные ценные,4,-68.45,0.018913176225488163,False
12657,2011-09-22 11:40:00,2011-11-28 15:47:00,4,1427.18,3,Активные повторные,8,-419.12,0.29367003461371377,False
12658,2011-11-21 10:22:00,2011-11-21 10:22:00,1,632.05,10,Недавние однократные,0,0.0,-0.0,False
12659,2011-11-10 11:53:00,2011-11-10 11:53:00,1,73.68,21,Недавние однократные,0,0.0,-0.0,False
12660,2011-11-28 13:26:00,2011-11-28 13:26:00,1,227.1,3,Недавние однократные,0,0.0,-0.0,False
12662,2010-12-01 13:04:00,2011-11-16 17:26:00,10,3336.83,15,Активные ценные,2,-32.699999999999996,0.00979972009362179,False
12664,2011-01-21 11:42:00,2011-11-23 15:02:00,8,3581.88,8,Активные ценные,0,0.0,-0.0,False
12665,2011-01-19 08:34:00,2011-01-19 08:34:00,1,45.0,316,Остальные,1,-1.25,0.027777777777777776,False
12667,2011-10-12 17:00:00,2011-10-12 17:00:00,1,460.13,50,Остальные,0,0.0,-0.0,False
12668,2010-12-19 12:46:00,2011-11-28 10:56:00,4,3177.1499999999996,3,Активные ценные,2,-34.8,0.0109532127850432,False
12669,2011-03-28 10:15:00,2011-07-12 09:54:00,2,1427.73,142,Давно не покупавшие повторные,0,0.0,-0.0,False
12670,2011-04-21 10:16:00,2011-11-29 15:23:00,5,2744.05,2,Активные ценные,2,-9.9,0.0036078059802117307,False
12672,2011-01-14 09:20:00,2011-01-14 09:20:00,1,225.9,321,Остальные,0,0.0,-0.0,False
12673,2011-01-17 11:46:00,2011-01-17 11:46:00,1,220.9,318,Остальные,0,0.0,-0.0,False
12674,2011-05-16 09:10:00,2011-11-01 12:12:00,4,1844.6,30,Активные ценные,8,-51.29,0.027805486284289277,False
12676,2011-02-01 15:41:00,2011-11-15 12:25:00,6,1091.39,16,Активные повторные,0,0.0,-0.0,False
12678,2010-12-21 14:26:00,2011-10-28 13:04:00,9,16331.460000000001,34,Активные повторные,2,-40.2,0.0024615068095565247,False
12679,2011-03-01 12:26:00,2011-10-12 12:30:00,4,951.02,50,Активные повторные,8,-54.35,0.057149166158440415,False
12680,2011-08-18 15:44:00,2011-09-27 12:53:00,3,541.3599999999999,65,Остальные,0,0.0,-0.0,False
12681,2010-12-07 10:08:00,2011-11-25 11:33:00,22,12365.54,6,Активные ценные,7,-55.949999999999996,0.004524670980806337,False
12682,2010-12-03 13:59:00,2011-11-30 14:16:00,30,10445.59,1,Активные ценные,0,0.0,-0.0,False
12683,2010-12-09 10:37:00,2011-10-20 14:30:00,13,6905.09,42,Активные повторные,18,-255.48,0.03699879364352963,False
12684,2011-05-10 12:55:00,2011-11-15 10:50:00,5,1912.23,16,Активные ценные,0,0.0,-0.0,False
12685,2011-09-07 10:28:00,2011-11-11 13:46:00,6,2575.08,20,Активные ценные,0,0.0,-0.0,False
12686,2010-12-03 09:51:00,2010-12-03 09:51:00,1,71.14,363,Остальные,0,0.0,-0.0,False
12688,2011-08-18 08:49:00,2011-08-18 08:49:00,1,4873.81,105,Остальные,0,0.0,-0.0,False
12689,2011-08-04 10:04:00,2011-11-14 08:31:00,2,1139.6100000000001,17,Остальные,0,0.0,-0.0,False
12690,2011-05-18 09:09:00,2011-05-18 09:09:00,1,335.01,197,Остальные,0,0.0,-0.0,False
12691,2010-12-17 14:46:00,2011-11-11 16:49:00,5,927.8,20,Активные повторные,0,0.0,-0.0,False
12693,2011-01-24 12:58:00,2011-08-04 17:51:00,4,711.9100000000001,119,Давно не покупавшие повторные,2,-24.95,0.03504656487477349,False
12694,2011-06-09 17:48:00,2011-09-30 13:06:00,2,761.6700000000001,62,Остальные,0,0.0,-0.0,False
12695,2011-05-13 13:15:00,2011-10-04 15:02:00,3,497.0,58,Активные повторные,0,0.0,-0.0,False
12697,2011-06-23 15:44:00,2011-11-11 08:47:00,3,757.5899999999999,20,Активные повторные,2,-18.57,0.024511939175543503,False
12700,2011-05-08 16:10:00,2011-10-05 09:57:00,3,3337.24,57,Активные повторные,0,0.0,-0.0,False
12701,2011-04-11 13:02:00,2011-09-21 10:47:00,2,725.71,71,Остальные,0,0.0,-0.0,False
12702,2011-11-20 10:36:00,2011-11-20 10:36:00,1,201.0,11,Недавние однократные,0,0.0,-0.0,False
12703,2011-09-29 17:52:00,2011-09-29 17:52:00,1,265.55,63,Остальные,1,-8.850000000000001,0.03332705705140275,False
12704,2011-06-23 10:20:00,2011-11-17 14:51:00,7,1582.08,14,Активные ценные,0,0.0,-0.0,False
12705,2010-12-17 15:58:00,2011-11-24 13:17:00,8,6382.29,7,Активные ценные,14,-54.050000000000004,0.008468747111146627,False
12707,2011-02-21 08:38:00,2011-02-21 08:38:00,1,603.42,283,Остальные,0,0.0,-0.0,False
12708,2010-12-06 10:43:00,2011-11-10 09:52:00,10,2442.91,21,Активные ценные,17,-96.59,0.039538910561584345,False
12709,2010-12-08 09:49:00,2011-11-24 15:38:00,15,9430.52,7,Активные ценные,47,-439.12,0.046563710166565575,False
12710,2011-05-22 14:05:00,2011-09-04 12:00:00,3,1023.0200000000001,88,Остальные,2,-18.45,0.01803483802858204,False
12712,2010-12-03 14:30:00,2011-11-11 08:19:00,13,3928.13,20,Активные ценные,8,-136.5,0.03474935910980543,False
12714,2011-02-18 10:53:00,2011-11-30 15:43:00,5,4294.860000000001,1,Активные ценные,0,0.0,-0.0,False
12715,2011-08-25 15:22:00,2011-08-25 15:22:00,1,273.86,98,Остальные,0,0.0,-0.0,False
12716,2011-07-29 13:28:00,2011-07-29 13:28:00,1,623.9,125,Остальные,0,0.0,-0.0,False
12717,2011-04-08 10:32:00,2011-07-11 14:47:00,2,830.98,143,Давно не покупавшие повторные,0,0.0,-0.0,False
12718,2011-09-29 16:38:00,2011-09-29 16:38:00,1,202.25,63,Остальные,0,0.0,-0.0,False
12719,2011-10-05 14:50:00,2011-10-05 14:50:00,1,247.60000000000002,57,Остальные,3,-36.85000000000001,0.14882875605815835,False
12720,2010-12-05 15:21:00,2011-11-24 15:03:00,24,4823.26,7,Активные ценные,4,-50.45,0.010459730555682256,False
12721,2010-12-20 11:38:00,2011-11-08 12:13:00,6,2386.13,23,Активные ценные,3,-27.15,0.011378256842669928,False
12722,2011-07-12 11:55:00,2011-09-15 14:50:00,4,979.63,77,Остальные,4,-93.3,0.09524003960679031,False
12723,2011-10-05 15:52:00,2011-11-23 14:01:00,4,647.79,8,Активные повторные,0,0.0,-0.0,False
12724,2011-01-11 15:00:00,2011-09-19 12:36:00,3,733.1700000000001,73,Остальные,0,0.0,-0.0,False
12725,2010-12-03 15:45:00,2010-12-03 15:45:00,1,371.8,363,Остальные,0,0.0,-0.0,False
12726,2010-12-17 12:56:00,2011-11-11 13:35:00,7,2411.1,20,Активные ценные,0,0.0,-0.0,False
12727,2011-01-23 15:17:00,2011-11-29 11:46:00,7,3440.7,2,Активные ценные,1,-15.0,0.004359577992850292,False
12728,2011-01-11 13:31:00,2011-09-29 15:31:00,4,728.33,63,Остальные,0,0.0,-0.0,False
12729,2011-08-18 11:40:00,2011-08-18 11:40:00,1,417.01,105,Остальные,0,0.0,-0.0,False
12731,2010-12-10 10:56:00,2011-11-16 11:59:00,12,18751.91,15,Активные ценные,2,-91.5,0.00487950294130038,False
12732,2011-06-13 11:33:00,2011-06-13 11:33:00,1,218.26000000000002,171,Остальные,0,0.0,-0.0,False
12733,2011-04-19 16:19:00,2011-04-19 16:19:00,1,383.95,226,Остальные,0,0.0,-0.0,False
12734,2010-12-22 12:47:00,2010-12-22 12:47:00,1,110.39999999999999,344,Остальные,0,0.0,-0.0,False
12735,2011-01-06 14:26:00,2011-01-28 13:37:00,2,689.5699999999999,307,Давно не покупавшие повторные,0,0.0,-0.0,False
12736,2011-01-11 07:57:00,2011-01-11 07:57:00,1,144.0,324,Остальные,0,0.0,-0.0,False
12738,2010-12-02 18:27:00,2010-12-02 18:27:00,1,137.35,364,Остальные,0,0.0,-0.0,False
12739,2011-09-01 17:45:00,2011-09-01 17:45:00,1,975.54,91,Остальные,0,0.0,-0.0,False
12740,2011-10-07 10:44:00,2011-10-07 10:44:00,1,427.6,55,Остальные,0,0.0,-0.0,False
12743,2011-07-28 16:06:00,2011-07-28 16:21:00,2,546.4300000000001,126,Давно не покупавшие повторные,0,0.0,-0.0,False
12744,2011-01-25 13:26:00,2011-10-14 14:54:00,4,9120.39,48,Активные повторные,0,0.0,-0.0,False
12747,2010-12-05 15:38:00,2011-11-17 17:13:00,10,3757.5099999999998,14,Активные ценные,0,0.0,-0.0,False
12748,2010-12-01 12:48:00,2011-11-29 18:14:00,197,31247.9,2,Активные ценные,43,-1830.79,0.058589217195395525,False
12749,2011-05-10 15:25:00,2011-11-17 12:05:00,4,3277.82,14,Активные ценные,32,-222.68,0.0679353960864233,False
12750,2011-08-03 09:13:00,2011-08-03 09:13:00,1,275.88,120,Остальные,0,0.0,-0.0,False
12752,2011-09-19 13:32:00,2011-09-19 13:32:00,1,4366.78,73,Остальные,0,0.0,-0.0,False
12753,2010-12-12 11:44:00,2011-11-17 10:52:00,6,21429.39,14,Активные ценные,25,-288.45,0.013460485809442079,False
12754,2011-02-04 10:31:00,2011-04-18 09:00:00,3,3010.74,227,Давно не покупавшие повторные,0,0.0,-0.0,False
12755,2010-12-09 10:44:00,2011-03-04 12:42:00,2,3811.95,272,Давно не покупавшие повторные,1,-1591.1999999999998,0.41742415299256286,False
12756,2011-09-14 09:31:00,2011-09-14 09:31:00,1,112.08,78,Остальные,0,0.0,-0.0,False
12757,2011-05-12 19:01:00,2011-11-24 12:30:00,9,4199.2,7,Активные ценные,1,-15.0,0.0035721089731377406,False
12758,2011-03-08 12:05:00,2011-08-15 10:22:00,2,2791.59,108,Давно не покупавшие повторные,0,0.0,-0.0,False
12759,2011-03-09 08:09:00,2011-10-18 14:49:00,3,1411.44,44,Активные повторные,0,0.0,-0.0,False
12762,2011-11-14 14:23:00,2011-11-14 14:23:00,1,405.59,17,Недавние однократные,0,0.0,-0.0,False
12763,2010-12-05 15:46:00,2011-07-24 14:12:00,2,494.08,130,Давно не покупавшие повторные,0,0.0,-0.0,False
12764,2011-01-27 10:19:00,2011-01-27 10:19:00,1,1693.88,308,Остальные,0,0.0,-0.0,False
12766,2010-12-08 13:53:00,2011-10-13 11:50:00,6,5851.2,49,Активные повторные,0,0.0,-0.0,False
12769,2011-04-15 10:25:00,2011-04-15 10:25:00,1,1143.6,230,Остальные,0,0.0,-0.0,False
12770,2011-05-13 09:33:00,2011-05-13 09:33:00,1,1351.45,202,Остальные,0,0.0,-0.0,False
12772,2011-10-11 09:19:00,2011-10-11 09:19:00,1,752.47,51,Остальные,0,0.0,-0.0,False
12775,2011-02-01 13:45:00,2011-11-22 16:33:00,5,1281.04,9,Активные повторные,1,-34.8,0.027165428089677136,False
12778,2011-01-31 14:35:00,2011-11-20 11:30:00,6,693.23,11,Активные повторные,0,0.0,-0.0,False
12779,2010-12-03 13:40:00,2011-11-02 11:43:00,8,3981.36,29,Активные ценные,10,-112.66,0.028296863383366486,False
12781,2011-02-28 08:43:00,2011-10-07 10:37:00,2,786.74,55,Остальные,4,-115.02,0.1461982357576836,False
12782,2010-12-17 11:30:00,2011-07-13 10:30:00,4,1714.67,141,Давно не покупавшие повторные,4,-57.6,0.033592469688044926,False
12783,2011-09-25 15:35:00,2011-11-07 11:57:00,3,1007.29,24,Активные повторные,0,0.0,-0.0,False
12784,2011-11-24 12:53:00,2011-11-24 12:53:00,1,518.42,7,Недавние однократные,0,0.0,-0.0,False
12785,2010-12-10 13:48:00,2010-12-10 13:48:00,1,255.95,356,Остальные,0,0.0,-0.0,False
12787,2011-05-31 09:36:00,2011-11-30 08:44:00,3,418.65999999999997,1,Активные повторные,0,0.0,-0.0,False
12789,2011-10-05 13:34:00,2011-10-05 13:34:00,1,76.85,57,Остальные,0,0.0,-0.0,False
12790,2011-05-31 14:14:00,2011-05-31 14:14:00,1,294.92,184,Остальные,0,0.0,-0.0,False
12791,2010-12-01 11:27:00,2010-12-01 11:27:00,1,177.60000000000002,365,Остальные,0,0.0,-0.0,False
12792,2011-03-28 11:36:00,2011-03-28 11:36:00,1,344.53999999999996,248,Остальные,0,0.0,-0.0,False
12793,2010-12-03 15:14:00,2011-01-09 12:12:00,2,461.48,326,Давно не покупавшие повторные,0,0.0,-0.0,False
12794,2011-09-02 12:01:00,2011-10-17 14:54:00,2,860.41,45,Остальные,0,0.0,-0.0,False
12795,2011-11-21 10:27:00,2011-11-21 10:27:00,1,318.48,10,Недавние однократные,0,0.0,-0.0,False
12797,2010-12-09 10:55:00,2010-12-09 10:55:00,1,226.03,357,Остальные,4,-59.85,0.2647878600185816,False
12798,2011-06-22 10:11:00,2011-11-29 15:52:00,3,6977.04,2,Активные ценные,0,0.0,-0.0,False
12802,2011-06-06 09:36:00,2011-06-06 09:36:00,1,397.58,178,Остальные,1,-15.0,0.03772825594848836,False
12808,2010-12-06 10:27:00,2011-11-03 10:05:00,3,455.65000000000003,28,Активные повторные,0,0.0,-0.0,False
12809,2011-06-15 10:51:00,2011-06-15 10:51:00,1,405.31,169,Остальные,1,-4.95,0.012212874096370679,False
12811,2011-02-28 15:39:00,2011-03-23 10:55:00,2,458.85,253,Давно не покупавшие повторные,0,0.0,-0.0,False
12812,2011-10-26 09:54:00,2011-10-26 09:54:00,1,229.64000000000001,36,Остальные,0,0.0,-0.0,False
12814,2011-08-30 12:11:00,2011-08-30 12:11:00,1,85.92,93,Остальные,0,0.0,-0.0,False
12815,2011-05-25 13:34:00,2011-07-15 10:21:00,2,863.46,139,Давно не покупавшие повторные,0,0.0,-0.0,False
12816,2011-06-16 13:24:00,2011-09-05 12:41:00,2,452.20000000000005,87,Остальные,0,0.0,-0.0,False
12817,2011-03-03 16:28:00,2011-03-03 16:28:00,1,126.03999999999999,273,Остальные,0,0.0,-0.0,False
12818,2011-03-23 12:06:00,2011-03-23 12:06:00,1,1182.0800000000002,253,Остальные,2,-24.2,0.02047238765565782,False
12820,2011-01-17 12:34:00,2011-10-26 13:27:00,3,731.99,36,Активные повторные,0,0.0,-0.0,False
12821,2011-05-09 15:51:00,2011-05-09 15:51:00,1,92.72,206,Остальные,0,0.0,-0.0,False
12822,2011-09-13 13:46:00,2011-09-30 10:04:00,2,948.88,62,Остальные,1,-29.9,0.03151083382514122,False
12823,2011-02-16 12:15:00,2011-09-26 07:35:00,5,1759.5,66,Остальные,0,0.0,-0.0,False
12824,2011-10-11 12:49:00,2011-10-11 12:49:00,1,397.12,51,Остальные,0,0.0,-0.0,False
12826,2010-12-09 15:21:00,2011-11-10 15:37:00,6,1332.12,21,Активные повторные,3,-6.6,0.004954508602828574,False
12827,2011-10-26 15:44:00,2011-11-07 11:29:00,2,318.7,24,Остальные,0,0.0,-0.0,False
12828,2011-08-01 16:16:00,2011-10-05 10:53:00,4,661.31,57,Активные повторные,0,0.0,-0.0,False
12829,2010-12-14 14:54:00,2011-01-07 11:13:00,2,293.0,328,Давно не покупавшие повторные,1,-39.95,0.1363481228668942,False
12830,2011-06-21 10:53:00,2011-11-02 11:54:00,6,6814.64,29,Активные ценные,0,0.0,-0.0,False
12831,2011-03-22 13:02:00,2011-03-22 13:02:00,1,215.04999999999998,254,Остальные,0,0.0,-0.0,False
12832,2011-09-02 13:48:00,2011-11-07 13:30:00,2,383.03000000000003,24,Остальные,0,0.0,-0.0,False
12833,2011-07-17 13:46:00,2011-07-17 13:46:00,1,417.38,137,Остальные,0,0.0,-0.0,False
12834,2011-03-02 09:49:00,2011-03-02 09:49:00,1,312.38,274,Остальные,0,0.0,-0.0,False
12836,2011-02-01 11:19:00,2011-10-11 15:10:00,4,2612.86,51,Активные повторные,0,0.0,-0.0,False
12837,2011-06-19 16:07:00,2011-06-19 16:07:00,1,134.1,165,Остальные,0,0.0,-0.0,False
12838,2010-12-01 11:57:00,2011-11-06 12:20:00,2,683.1300000000001,25,Остальные,0,0.0,-0.0,False
12839,2010-12-07 15:48:00,2011-11-28 12:33:00,13,4839.03,3,Активные ценные,1,-3.3,0.0006819548545886262,False
12840,2011-04-27 12:21:00,2011-07-19 09:29:00,4,2726.77,135,Давно не покупавшие повторные,3,-12.5,0.004584178350209222,False
12841,2010-12-03 10:43:00,2011-11-25 12:20:00,23,3871.34,6,Активные ценные,19,-145.95000000000002,0.03770012450469347,False
12842,2011-02-04 12:36:00,2011-09-30 15:33:00,2,1118.99,62,Остальные,0,0.0,-0.0,False
12843,2011-03-20 14:38:00,2011-10-05 12:09:00,8,1702.26,57,Активные повторные,5,-21.5,0.01263026799666326,False
12844,2011-08-01 13:11:00,2011-11-10 13:31:00,2,325.96000000000004,21,Остальные,0,0.0,-0.0,False
12845,2011-02-22 14:10:00,2011-03-17 13:34:00,4,354.09,259,Давно не покупавшие повторные,0,0.0,-0.0,False
12847,2011-11-17 13:16:00,2011-11-17 13:16:00,1,871.54,14,Недавние однократные,0,0.0,-0.0,False
12849,2011-03-16 12:26:00,2011-11-08 13:41:00,2,1033.25,23,Остальные,0,0.0,-0.0,False
12851,2011-09-04 12:41:00,2011-09-04 12:41:00,1,135.18,88,Остальные,0,0.0,-0.0,False
12852,2011-02-18 08:47:00,2011-02-18 08:47:00,1,311.55,286,Остальные,3,-11.8,0.03787514042689777,False
12853,2011-01-28 10:28:00,2011-07-28 11:29:00,6,1957.1000000000001,126,Давно не покупавшие повторные,6,-75.4,0.03852639108885596,False
12854,2011-01-25 13:35:00,2011-09-22 12:15:00,3,1324.5,70,Остальные,5,-35.35,0.02668931672329181,False
12855,2010-12-02 09:37:00,2010-12-02 09:37:00,1,38.1,364,Остальные,0,0.0,-0.0,False
12856,2011-10-07 12:38:00,2011-11-21 11:34:00,5,1966.83,10,Активные ценные,3,-17.25,0.008770458046704597,False
12857,2011-02-10 12:32:00,2011-05-13 10:20:00,2,1106.4,202,Давно не покупавшие повторные,0,0.0,-0.0,False
12863,2011-10-18 14:15:00,2011-10-18 14:15:00,1,521.2,44,Остальные,1,-17.0,0.03261703760552571,False
12864,2011-07-24 13:03:00,2011-07-24 13:03:00,1,147.12,130,Остальные,0,0.0,-0.0,False
12865,2011-08-08 10:11:00,2011-11-13 14:31:00,2,1568.23,18,Остальные,1,-20.16,0.01285525720079325,False
12866,2011-03-01 14:11:00,2011-03-01 14:11:00,1,499.12,275,Остальные,0,0.0,-0.0,False
12867,2010-12-14 16:39:00,2011-11-13 15:30:00,7,4036.82,18,Активные ценные,12,-46.35,0.01148180993950684,False
12868,2010-12-01 12:50:00,2011-06-07 10:42:00,6,1607.0600000000002,177,Давно не покупавшие повторные,0,0.0,-0.0,False
12871,2011-05-16 13:32:00,2011-09-16 15:07:00,2,380.64,76,Остальные,0,0.0,-0.0,False
12872,2010-12-09 14:44:00,2011-01-17 10:52:00,2,599.97,318,Давно не покупавшие повторные,0,0.0,-0.0,False
12873,2011-03-02 14:58:00,2011-03-02 14:58:00,1,374.0,274,Остальные,0,0.0,-0.0,False
12875,2010-12-12 12:03:00,2011-07-19 15:30:00,2,343.2300000000001,135,Давно не покупавшие повторные,0,0.0,-0.0,False
12876,2011-05-27 13:34:00,2011-10-13 12:26:00,2,2053.02,49,Остальные,0,0.0,-0.0,False
12877,2010-12-16 12:23:00,2011-11-15 13:21:00,11,1436.1100000000001,16,Активные повторные,0,0.0,-0.0,False
12878,2011-03-18 14:02:00,2011-04-17 13:07:00,2,854.99,228,Давно не покупавшие повторные,2,-13.35,0.015614217710148657,False
12879,2011-09-09 12:11:00,2011-10-26 12:24:00,3,573.22,36,Активные повторные,2,-20.650000000000002,0.036024562995010646,False
12881,2011-03-09 11:44:00,2011-03-09 11:44:00,1,298.0,267,Остальные,0,0.0,-0.0,False
12882,2011-11-06 11:22:00,2011-11-30 16:18:00,2,1463.04,1,Остальные,0,0.0,-0.0,False
12883,2011-09-11 15:18:00,2011-11-15 09:32:00,4,703.47,16,Активные повторные,0,0.0,-0.0,False
12884,2011-09-12 13:10:00,2011-09-12 13:10:00,1,309.05,80,Остальные,0,0.0,-0.0,False
12885,2011-08-08 11:45:00,2011-10-07 13:40:00,3,1175.22,55,Активные повторные,1,-16.95,0.014422831469852453,False
12886,2011-05-04 11:21:00,2011-10-03 10:09:00,2,1378.4,59,Остальные,4,-27.310000000000002,0.01981282646546721,False
12888,2011-03-29 14:31:00,2011-05-09 16:02:00,2,354.12,206,Давно не покупавшие повторные,2,-40.349999999999994,0.11394442561843442,False
12890,2011-11-15 17:26:00,2011-11-15 17:26:00,1,380.46999999999997,16,Недавние однократные,0,0.0,-0.0,False
12891,2011-02-20 11:28:00,2011-06-07 12:31:00,3,331.0,177,Давно не покупавшие повторные,0,0.0,-0.0,False
12893,2011-11-09 12:34:00,2011-11-09 12:34:00,1,188.14,22,Недавние однократные,0,0.0,-0.0,False
12895,2011-09-14 08:35:00,2011-10-28 13:51:00,2,372.8,34,Остальные,2,-25.5,0.06840128755364806,False
12897,2011-02-11 11:40:00,2011-05-19 12:13:00,2,216.5,196,Давно не покупавшие повторные,0,0.0,-0.0,False
12901,2011-03-14 10:41:00,2011-11-29 14:08:00,27,16874.54,2,Активные ценные,7,-1338.3999999999999,0.07931475465405279,False
12902,2011-03-20 12:06:00,2011-03-20 12:06:00,1,138.68,256,Остальные,0,0.0,-0.0,False
12904,2011-06-20 13:18:00,2011-11-21 14:34:00,2,509.58,10,Остальные,0,0.0,-0.0,False
12906,2011-09-22 15:03:00,2011-11-28 09:55:00,5,2919.81,3,Активные ценные,0,0.0,-0.0,False
12908,2011-01-31 12:37:00,2011-06-16 15:39:00,2,750.0,168,Давно не покупавшие повторные,1,-390.0,0.52,True
12909,2011-03-31 12:51:00,2011-10-31 12:43:00,5,2178.67,31,Активные повторные,5,-49.84,0.02287634198846085,False
12910,2011-04-12 10:01:00,2011-11-16 14:28:00,8,3075.04,15,Активные ценные,0,0.0,-0.0,False
12912,2011-10-30 11:35:00,2011-11-25 13:58:00,3,858.0600000000001,6,Активные повторные,0,0.0,-0.0,False
12913,2010-12-06 16:36:00,2011-11-24 10:39:00,4,1948.5300000000002,7,Активные ценные,0,0.0,-0.0,False
12915,2010-12-02 12:33:00,2011-07-14 11:34:00,2,363.65,140,Давно не покупавшие повторные,0,0.0,-0.0,False
12916,2011-01-23 10:43:00,2011-07-24 10:35:00,4,3006.15,130,Давно не покупавшие повторные,2,-23.799999999999997,0.007917103271626497,False
12917,2011-08-03 16:42:00,2011-08-03 16:42:00,1,594.0,120,Остальные,0,0.0,-0.0,False
12919,2011-06-23 09:22:00,2011-11-23 10:38:00,5,1047.29,8,Активные повторные,2,-33.75,0.03222603099428048,False
12920,2011-11-22 15:05:00,2011-11-22 15:05:00,1,164.23,9,Недавние однократные,0,0.0,-0.0,False
12921,2010-12-01 15:06:00,2011-11-30 16:22:00,37,16587.09,1,Активные ценные,19,-160.05,0.009649070451779065,False
12922,2011-07-01 15:35:00,2011-07-01 15:35:00,1,405.38,153,Остальные,0,0.0,-0.0,False
12923,2011-10-06 16:20:00,2011-10-06 16:20:00,1,175.72,56,Остальные,0,0.0,-0.0,False
12924,2011-01-16 11:49:00,2011-09-12 13:55:00,4,925.75,80,Остальные,1,-3.75,0.004050769646232784,False
12925,2011-09-26 11:05:00,2011-09-26 11:05:00,1,368.31,66,Остальные,0,0.0,-0.0,False
12928,2010-12-15 15:45:00,2011-11-04 14:24:00,5,2062.7,27,Активные ценные,0,0.0,-0.0,False
12929,2011-02-01 12:08:00,2011-02-01 12:08:00,1,117.85,303,Остальные,1,-12.75,0.10818837505303353,False
12930,2011-06-21 13:25:00,2011-09-22 15:18:00,2,415.8,70,Остальные,2,-5.9,0.01418951418951419,False
12931,2010-12-17 09:45:00,2011-11-18 12:39:00,15,42055.96,13,Активные ценные,19,-8511.15,0.2023767855970949,False
12933,2011-03-01 11:30:00,2011-11-15 16:38:00,3,607.53,16,Активные повторные,1,-1.25,0.002057511563214985,False
12935,2011-01-24 13:58:00,2011-11-13 11:24:00,5,1816.92,18,Активные ценные,1,-4.25,0.0023391233516060145,False
12936,2011-09-22 13:51:00,2011-11-22 17:32:00,4,1063.9,9,Активные повторные,1,-51.0,0.047936836168812856,False
12937,2011-03-17 14:19:00,2011-11-24 15:05:00,4,1504.27,7,Активные повторные,0,0.0,-0.0,False
12938,2011-11-14 11:21:00,2011-11-14 11:21:00,1,114.14,17,Недавние однократные,0,0.0,-0.0,False
12939,2011-01-09 11:20:00,2011-10-06 14:33:00,8,11581.8,56,Активные повторные,0,0.0,-0.0,False
12940,2011-09-13 10:16:00,2011-10-16 12:09:00,2,913.54,46,Остальные,4,-37.25,0.040775444972305536,False
12942,2010-12-09 09:34:00,2011-07-31 14:39:00,3,683.9,123,Давно не покупавшие повторные,0,0.0,-0.0,False
12944,2010-12-20 10:41:00,2011-11-04 11:04:00,2,604.51,27,Остальные,0,0.0,-0.0,False
12945,2011-02-24 14:15:00,2011-02-24 14:15:00,1,462.95,280,Остальные,0,0.0,-0.0,False
12947,2010-12-01 16:21:00,2011-07-19 10:06:00,6,1603.99,135,Давно не покупавшие повторные,6,-196.7,0.12263168722997025,False
12948,2011-03-20 10:17:00,2011-11-23 17:10:00,7,2064.95,8,Активные ценные,2,-11.25,0.005448073803239788,False
12949,2011-04-01 13:20:00,2011-11-09 11:25:00,8,4167.22,22,Активные ценные,4,-24.2,0.005807228800015357,False
12950,2011-11-15 13:48:00,2011-11-15 13:48:00,1,311.6,16,Недавние однократные,0,0.0,-0.0,False
12951,2011-01-13 10:33:00,2011-06-19 10:35:00,5,751.78,165,Давно не покупавшие повторные,2,-22.0,0.029263880390539787,False
12952,2011-09-22 16:37:00,2011-10-27 17:00:00,3,1090.06,35,Активные повторные,1,-4.95,0.004541034438471277,False
12953,2011-11-30 09:24:00,2011-11-30 09:24:00,1,329.85,1,Недавние однократные,0,0.0,-0.0,False
12955,2011-03-17 09:03:00,2011-11-23 10:08:00,9,3949.9399999999996,8,Активные ценные,3,-22.9,0.00579755641857851,False
12956,2011-02-06 16:08:00,2011-02-06 16:08:00,1,108.07,298,Остальные,0,0.0,-0.0,False
12957,2011-01-04 12:18:00,2011-11-30 09:53:00,8,4017.54,1,Активные ценные,5,-28.6,0.007118784131583009,False
12962,2011-08-18 13:38:00,2011-08-18 13:38:00,1,170.54,105,Остальные,0,0.0,-0.0,False
12963,2010-12-09 09:14:00,2011-11-29 16:44:00,7,1591.98,2,Активные ценные,0,0.0,-0.0,False
12965,2011-09-11 15:31:00,2011-09-11 15:31:00,1,771.91,81,Остальные,0,0.0,-0.0,False
12966,2011-11-30 12:38:00,2011-11-30 12:38:00,1,160.18,1,Недавние однократные,0,0.0,-0.0,False
12967,2010-12-03 09:49:00,2010-12-16 19:10:00,2,1660.9,350,Давно не покупавшие повторные,1,-29.95,0.018032392076584983,False
12968,2011-08-19 15:44:00,2011-08-19 15:44:00,1,135.95,104,Остальные,0,0.0,-0.0,False
12970,2011-01-21 14:04:00,2011-01-21 14:21:00,2,23.799999999999997,314,Давно не покупавшие повторные,0,0.0,-0.0,False
12971,2010-12-02 16:42:00,2011-11-29 17:03:00,84,11028.01,2,Активные ценные,2,-256.15,0.023227218691314205,False
12974,2011-05-26 09:33:00,2011-05-26 09:33:00,1,144.8,189,Остальные,0,0.0,-0.0,False
12976,2011-05-12 09:55:00,2011-05-12 09:55:00,1,738.6,203,Остальные,0,0.0,-0.0,False
12977,2011-07-06 16:40:00,2011-07-06 16:40:00,1,39.24,148,Остальные,0,0.0,-0.0,False
12980,2010-12-16 11:36:00,2011-07-05 09:34:00,9,7374.900000000001,149,Давно не покупавшие повторные,4,-282.84000000000003,0.03835170646381646,False
12981,2011-07-29 14:14:00,2011-11-10 12:00:00,2,372.22,21,Остальные,0,0.0,-0.0,False
12982,2011-04-11 11:51:00,2011-04-11 11:51:00,1,390.54,234,Остальные,6,-13.34,0.03415783274440518,False
12984,2011-11-21 12:37:00,2011-11-21 12:37:00,1,97.5,10,Недавние однократные,0,0.0,-0.0,False
12985,2011-11-11 12:44:00,2011-11-11 12:44:00,1,754.38,20,Недавние однократные,0,0.0,-0.0,False
12987,2011-05-26 12:00:00,2011-09-27 12:03:00,2,558.7,65,Остальные,2,-13.7,0.024521209951673523,False
12988,2011-02-20 14:31:00,2011-02-20 14:31:00,1,535.32,284,Остальные,0,0.0,-0.0,False
12989,2010-12-10 13:24:00,2011-11-18 11:47:00,13,6794.9800000000005,13,Активные ценные,3,-8.4,0.0012362067290852953,False
12990,2011-02-02 15:39:00,2011-11-08 13:01:00,3,409.5,23,Активные повторные,0,0.0,-0.0,False
12991,2011-08-19 14:39:00,2011-11-16 15:34:00,2,503.76,15,Остальные,0,0.0,-0.0,False
12993,2011-02-14 14:29:00,2011-11-16 15:49:00,4,414.76,15,Активные повторные,0,0.0,-0.0,False
12994,2011-03-16 08:31:00,2011-08-11 17:02:00,2,645.47,112,Давно не покупавшие повторные,12,-72.2,0.11185647667591057,False
12995,2011-09-15 15:44:00,2011-09-15 15:44:00,1,211.32,77,Остальные,2,-10.6,0.050160893431762256,False
12997,2011-01-26 15:49:00,2011-11-17 15:47:00,4,1226.89,14,Активные повторные,8,-28.95,0.0235962474223443,False
12999,2011-04-08 10:26:00,2011-05-27 13:24:00,3,455.88,188,Давно не покупавшие повторные,0,0.0,-0.0,False
13000,2010-12-10 10:26:00,2011-08-25 10:43:00,3,534.85,98,Давно не покупавшие повторные,0,0.0,-0.0,False
13001,2011-01-17 12:45:00,2011-11-17 14:17:00,12,9227.810000000001,14,Активные ценные,3,-20.9,0.002264892753535237,False
13002,2011-01-25 15:18:00,2011-01-25 15:18:00,1,120.94999999999999,310,Остальные,0,0.0,-0.0,False
13003,2011-05-09 08:23:00,2011-08-26 10:50:00,3,149.05,97,Давно не покупавшие повторные,0,0.0,-0.0,False
13004,2010-12-17 08:20:00,2011-11-28 11:27:00,18,5655.91,3,Активные ценные,5,-42.480000000000004,0.007510727716671588,False
13005,2011-04-07 13:32:00,2011-06-19 10:53:00,2,513.7,165,Давно не покупавшие повторные,3,-44.75,0.08711310103173057,False
13006,2011-10-14 13:49:00,2011-10-14 13:49:00,1,81.57,48,Остальные,0,0.0,-0.0,False
13008,2011-01-20 14:24:00,2011-01-20 14:24:00,1,229.46999999999997,315,Остальные,1,-51.0,0.22225127467642833,False
13011,2010-12-02 17:22:00,2010-12-02 17:22:00,1,50.550000000000004,364,Остальные,0,0.0,-0.0,False
13012,2011-02-18 09:43:00,2011-11-30 13:05:00,8,1661.8400000000001,1,Активные ценные,17,-345.12,0.20767342223078034,False
13013,2010-12-03 12:28:00,2011-11-18 14:25:00,12,4515.84,13,Активные ценные,3,-23.95,0.005303553713151927,False
13014,2011-03-03 18:28:00,2011-11-29 12:27:00,10,3466.2799999999997,2,Активные ценные,12,-89.64999999999999,0.02586346169380431,False
13015,2011-04-04 14:28:00,2011-10-17 13:19:00,5,3346.2799999999997,45,Активные повторные,0,0.0,-0.0,False
13016,2011-08-08 15:00:00,2011-09-27 14:08:00,3,789.89,65,Остальные,0,0.0,-0.0,False
13018,2011-02-17 11:05:00,2011-11-23 13:28:00,28,7277.7,8,Активные ценные,1,-4.95,0.0006801599406405871,False
13021,2010-12-16 10:12:00,2011-11-14 10:28:00,8,2310.9500000000003,17,Активные ценные,3,-31.98,0.013838464700664228,False
13023,2011-08-02 09:34:00,2011-10-06 16:27:00,2,599.9000000000001,56,Остальные,0,0.0,-0.0,False
13026,2011-03-09 11:35:00,2011-11-08 07:52:00,4,774.8399999999999,23,Активные повторные,2,-31.59,0.04076970729440917,False
13027,2010-12-20 12:45:00,2011-08-18 09:39:00,6,6912.0,105,Давно не покупавшие повторные,0,0.0,-0.0,False
13028,2011-10-25 14:09:00,2011-11-17 11:10:00,2,661.3199999999999,14,Остальные,2,-1.6400000000000001,0.002479888707433618,False
13029,2010-12-21 13:53:00,2011-11-09 09:13:00,3,1247.5,22,Активные повторные,0,0.0,-0.0,False
13030,2010-12-06 14:31:00,2011-11-28 14:30:00,2,799.48,3,Остальные,0,0.0,-0.0,False
13032,2011-09-13 16:40:00,2011-10-18 15:54:00,2,1010.1800000000001,44,Остальные,4,-13.66,0.01352234255281237,False
13033,2010-12-17 14:23:00,2010-12-17 14:23:00,1,190.55,349,Остальные,0,0.0,-0.0,False
13034,2010-12-05 14:52:00,2011-10-16 12:21:00,2,642.77,46,Остальные,0,0.0,-0.0,False
13035,2011-03-24 09:21:00,2011-09-27 08:57:00,2,921.88,65,Остальные,3,-35.25,0.03823708074803662,False
13037,2011-03-28 15:42:00,2011-07-24 15:46:00,3,881.07,130,Давно не покупавшие повторные,0,0.0,-0.0,False
13038,2011-02-22 11:43:00,2011-09-20 14:37:00,3,908.46,72,Остальные,0,0.0,-0.0,False
13040,2011-11-06 13:53:00,2011-11-06 13:53:00,1,303.25,25,Недавние однократные,0,0.0,-0.0,False
13043,2011-03-11 14:52:00,2011-03-11 14:52:00,1,516.42,265,Остальные,1,-44.849999999999994,0.08684791448820726,False
13044,2011-02-21 15:20:00,2011-02-21 15:20:00,1,560.47,283,Остальные,0,0.0,-0.0,False
13045,2011-09-01 15:04:00,2011-09-01 15:04:00,1,305.28000000000003,91,Остальные,0,0.0,-0.0,False
13046,2011-03-18 15:43:00,2011-11-09 08:36:00,2,629.3100000000001,22,Остальные,0,0.0,-0.0,False
13047,2010-12-01 08:34:00,2011-10-14 11:15:00,9,3232.59,48,Активные повторные,23,-143.49,0.044388555307044816,False
13048,2011-01-16 14:36:00,2011-11-25 13:23:00,4,1835.91,6,Активные ценные,1,-30.0,0.01634067029429547,False
13049,2011-01-25 16:33:00,2011-10-06 15:31:00,2,656.68,56,Остальные,0,0.0,-0.0,False
13050,2010-12-08 09:30:00,2011-11-25 09:18:00,17,5833.11,6,Активные ценные,19,-152.25,0.026100999295401595,False
13052,2011-05-11 14:12:00,2011-05-11 14:12:00,1,348.15000000000003,204,Остальные,0,0.0,-0.0,False
13055,2011-05-10 08:58:00,2011-09-22 14:26:00,3,1214.41,70,Остальные,2,-12.450000000000001,0.010251891865185563,False
13058,2011-07-11 12:01:00,2011-11-15 12:43:00,3,271.4,16,Активные повторные,0,0.0,-0.0,False
13059,2011-04-04 10:40:00,2011-04-04 10:40:00,1,183.4,241,Остальные,0,0.0,-0.0,False
13060,2011-03-31 11:37:00,2011-03-31 11:37:00,1,307.53,245,Остальные,0,0.0,-0.0,False
13061,2011-09-28 16:04:00,2011-09-28 16:04:00,1,248.61,64,Остальные,0,0.0,-0.0,False
13062,2011-06-01 15:12:00,2011-06-01 15:12:00,1,346.98,183,Остальные,0,0.0,-0.0,False
13064,2011-01-16 13:41:00,2011-11-27 12:31:00,4,1119.49,4,Активные повторные,0,0.0,-0.0,False
13065,2010-12-01 16:52:00,2010-12-01 16:52:00,1,205.86,365,Остальные,0,0.0,-0.0,False
13066,2011-11-07 17:06:00,2011-11-15 12:57:00,2,470.8,16,Остальные,1,-39.9,0.08474936278674595,False
13067,2011-09-18 13:38:00,2011-09-18 13:38:00,1,115.46000000000001,74,Остальные,0,0.0,-0.0,False
13068,2011-01-24 08:20:00,2011-11-29 15:00:00,2,344.0,2,Остальные,0,0.0,-0.0,False
13069,2010-12-05 11:02:00,2011-11-25 15:47:00,23,4155.88,6,Активные ценные,45,-718.3,0.17283944675977167,False
13070,2011-05-31 13:45:00,2011-05-31 13:45:00,1,228.8,184,Остальные,0,0.0,-0.0,False
13072,2011-03-18 08:12:00,2011-03-18 08:12:00,1,177.15,258,Остальные,0,0.0,-0.0,False
13075,2011-08-02 10:19:00,2011-08-02 10:19:00,1,919.61,121,Остальные,0,0.0,-0.0,False
13077,2010-12-08 14:59:00,2011-02-22 16:19:00,3,577.44,282,Давно не покупавшие повторные,0,0.0,-0.0,False
13078,2010-12-08 09:07:00,2011-11-29 16:31:00,25,11788.86,2,Активные ценные,19,-182.17,0.015452724012330284,False
13079,2011-07-22 14:41:00,2011-11-18 09:03:00,4,190.10000000000002,13,Активные повторные,0,0.0,-0.0,False
13080,2011-06-13 14:59:00,2011-06-13 14:59:00,1,58.08,171,Остальные,0,0.0,-0.0,False
13081,2010-12-03 17:20:00,2011-11-28 10:54:00,11,28337.38,3,Активные ценные,30,-349.45,0.012331768145114332,False
13082,2011-01-05 15:42:00,2011-08-05 16:16:00,9,3613.63,118,Давно не покупавшие повторные,2,-18.15,0.005022650354352825,False
13083,2011-09-25 10:46:00,2011-09-25 10:46:00,1,192.39,67,Остальные,0,0.0,-0.0,False
13085,2011-02-17 13:57:00,2011-07-05 12:11:00,2,416.08000000000004,149,Давно не покупавшие повторные,7,-143.7,0.34536627571620837,False
13089,2010-12-05 10:27:00,2011-11-28 14:53:00,93,54144.21,3,Активные ценные,39,-1439.95,0.026594718068654065,False
13090,2010-12-02 07:48:00,2011-11-20 12:00:00,12,8540.44,11,Активные ценные,6,-221.43,0.02592723559910262,False
13091,2011-11-11 15:54:00,2011-11-11 15:54:00,1,345.82,20,Недавние однократные,3,-26.0,0.07518362153721589,False
13092,2010-12-15 12:27:00,2011-09-30 11:18:00,5,477.83,62,Остальные,1,-18.0,0.037670301153129776,False
13093,2010-12-01 15:00:00,2011-03-09 12:14:00,8,7832.47,267,Давно не покупавшие повторные,11,-91.0,0.011618301761768637,False
13094,2010-12-06 10:34:00,2011-11-18 14:07:00,12,1927.3200000000002,13,Активные ценные,6,-218.46,0.11334910653134922,False
13095,2011-09-30 12:03:00,2011-09-30 12:03:00,1,74.39999999999999,62,Остальные,0,0.0,-0.0,False
13097,2010-12-14 15:13:00,2011-11-07 10:43:00,10,6010.42,24,Активные ценные,13,-102.15,0.016995484508570118,False
13098,2011-01-26 13:46:00,2011-11-30 10:18:00,25,26516.68,1,Активные ценные,29,-198.63,0.00749075676140452,False
13099,2011-09-01 17:40:00,2011-09-01 17:40:00,1,207.35999999999999,91,Остальные,0,0.0,-0.0,False
13101,2011-04-19 14:37:00,2011-04-19 14:37:00,1,101.19,226,Остальные,0,0.0,-0.0,False
13102,2010-12-09 13:38:00,2011-11-16 15:01:00,22,5921.96,15,Активные ценные,6,-87.8,0.014826172415889334,False
13103,2011-10-31 09:38:00,2011-10-31 09:38:00,1,243.94,31,Остальные,0,0.0,-0.0,False
13104,2010-12-20 11:58:00,2011-10-24 10:11:00,5,759.0,38,Активные повторные,0,0.0,-0.0,False
13106,2011-07-29 15:12:00,2011-07-29 15:12:00,1,76.5,125,Остальные,1,-17.0,0.2222222222222222,False
13107,2011-01-10 12:28:00,2011-10-26 14:52:00,4,1531.6200000000001,36,Активные повторные,2,-7.550000000000001,0.004929421135790862,False
13108,2010-12-02 10:35:00,2010-12-02 10:35:00,1,350.06,364,Остальные,0,0.0,-0.0,False
13109,2011-07-05 14:56:00,2011-10-11 10:16:00,2,786.54,51,Остальные,2,-7.9,0.01004399013400463,False
13110,2011-02-01 15:24:00,2011-11-08 14:30:00,7,1488.67,23,Активные повторные,1,-35.8,0.024048311580135286,False
13113,2010-12-08 13:21:00,2011-11-25 10:22:00,23,11906.76,6,Активные ценные,78,-1722.31,0.1446497619839486,False
13115,2011-06-08 16:15:00,2011-11-28 12:38:00,4,2294.78,3,Активные ценные,11,-72.65,0.03165880825177141,False
13116,2011-07-24 14:33:00,2011-07-24 14:33:00,1,501.14,130,Остальные,1,-15.95,0.03182743345173006,False
13117,2010-12-02 13:11:00,2011-11-18 12:02:00,8,984.9100000000001,13,Активные повторные,0,0.0,-0.0,False
13118,2011-02-24 12:32:00,2011-11-20 12:46:00,5,1197.81,11,Активные повторные,3,-72.81,0.06078593433015253,False
13120,2011-04-15 10:19:00,2011-04-15 10:19:00,1,30.599999999999998,230,Остальные,0,0.0,-0.0,False
13121,2011-03-15 16:47:00,2011-03-15 16:47:00,1,283.73,261,Остальные,3,-29.0,0.10220984739012441,False
13122,2011-04-13 14:12:00,2011-09-06 15:53:00,2,922.39,86,Остальные,0,0.0,-0.0,False
13124,2010-12-15 15:00:00,2011-09-11 12:45:00,3,3866.33,81,Остальные,0,0.0,-0.0,False
13126,2010-12-08 11:42:00,2011-10-26 10:43:00,7,1730.2,36,Активные повторные,2,-43.349999999999994,0.025054906947173734,False
13127,2011-09-23 10:26:00,2011-09-23 10:26:00,1,259.17,69,Остальные,0,0.0,-0.0,False
13130,2011-09-06 15:30:00,2011-09-06 15:30:00,1,64.0,86,Остальные,0,0.0,-0.0,False
13131,2011-06-05 10:54:00,2011-11-16 13:21:00,3,1073.3,15,Активные повторные,2,-34.0,0.03167800242243548,False
13132,2011-03-23 12:44:00,2011-03-23 12:44:00,1,77.3,253,Остальные,0,0.0,-0.0,False
13133,2011-02-08 15:48:00,2011-03-11 10:31:00,2,109.80000000000001,265,Давно не покупавшие повторные,0,0.0,-0.0,False
13134,2011-04-13 12:57:00,2011-09-15 10:35:00,4,1793.58,77,Остальные,7,-52.95,0.02952196166326565,False
13135,2011-05-27 10:52:00,2011-05-27 10:52:00,1,3096.0,188,Остальные,0,0.0,-0.0,False
13136,2011-05-11 12:47:00,2011-10-14 13:41:00,5,2607.6099999999997,48,Активные повторные,12,-62.230000000000004,0.02386476505305625,False
13137,2011-02-04 11:54:00,2011-11-29 12:09:00,8,3650.41,2,Активные ценные,0,0.0,-0.0,False
13138,2010-12-02 15:03:00,2011-11-17 16:51:00,6,962.39,14,Активные повторные,0,0.0,-0.0,False
13139,2011-03-25 11:57:00,2011-11-23 13:54:00,7,5064.94,8,Активные ценные,4,-9.15,0.0018065367013232142,False
13140,2010-12-08 15:12:00,2011-08-23 15:33:00,3,423.72,100,Давно не покупавшие повторные,0,0.0,-0.0,False
13141,2011-01-28 13:04:00,2011-09-16 09:54:00,5,2388.75,76,Остальные,1,-2.95,0.0012349555206698064,False
13142,2011-11-20 16:07:00,2011-11-20 16:07:00,1,307.09,11,Недавние однократные,0,0.0,-0.0,False
13144,2011-01-11 11:15:00,2011-01-11 11:15:00,1,110.95,324,Остальные,0,0.0,-0.0,False
13145,2010-12-02 18:06:00,2011-10-31 12:45:00,4,618.52,31,Активные повторные,1,-3.75,0.006062859729677295,False
13146,2011-11-13 15:29:00,2011-11-13 15:29:00,1,228.91,18,Недавние однократные,0,0.0,-0.0,False
13147,2011-09-01 12:28:00,2011-11-29 13:59:00,4,712.8000000000001,2,Активные повторные,0,0.0,-0.0,False
13148,2010-12-10 13:06:00,2011-11-10 15:23:00,12,3707.12,21,Активные ценные,28,-358.64,0.09674356373680916,False
13149,2011-02-23 13:57:00,2011-11-25 13:09:00,4,1676.06,6,Активные ценные,0,0.0,-0.0,False
13151,2011-02-17 12:29:00,2011-02-17 12:29:00,1,1257.8700000000001,287,Остальные,1,-7.5,0.005962460349638674,False
13155,2010-12-06 12:44:00,2011-11-06 15:41:00,4,971.76,25,Активные повторные,0,0.0,-0.0,False
13157,2011-02-14 14:03:00,2011-10-21 13:50:00,4,1741.22,41,Активные повторные,2,-19.65,0.011285190843201892,False
13158,2011-01-25 09:58:00,2011-09-06 11:58:00,4,1201.06,86,Остальные,0,0.0,-0.0,False
13159,2011-08-16 11:44:00,2011-10-20 13:20:00,3,1155.29,42,Активные повторные,1,-58.10000000000001,0.0502904032753681,False
13160,2011-11-17 13:07:00,2011-11-17 13:07:00,1,91.8,14,Недавние однократные,0,0.0,-0.0,False
13161,2011-01-30 14:03:00,2011-01-30 14:03:00,1,112.75,305,Остальные,0,0.0,-0.0,False
13162,2011-01-09 10:43:00,2011-08-09 15:59:00,4,1688.29,114,Давно не покупавшие повторные,3,-43.3,0.025647252545475008,False
13165,2010-12-23 14:06:00,2011-10-24 15:05:00,2,1021.48,38,Остальные,0,0.0,-0.0,False
13166,2011-03-01 15:16:00,2011-03-01 15:16:00,1,417.2,275,Остальные,1,-2.5,0.005992329817833174,False
13167,2011-07-19 12:13:00,2011-11-21 12:24:00,4,779.3299999999999,10,Активные повторные,0,0.0,-0.0,False
13168,2011-01-25 13:55:00,2011-11-03 12:56:00,4,1319.19,28,Активные повторные,2,-9.05,0.0068602703173917335,False
13169,2011-04-01 14:24:00,2011-10-07 12:11:00,2,712.88,55,Остальные,0,0.0,-0.0,False
13170,2011-11-13 12:19:00,2011-11-13 12:19:00,1,116.00999999999999,18,Недавние однократные,0,0.0,-0.0,False
13171,2011-02-13 14:16:00,2011-11-18 10:27:00,3,468.40999999999997,13,Активные повторные,1,-20.8,0.04440554215324182,False
13173,2010-12-07 14:30:00,2010-12-07 14:30:00,1,165.94,359,Остальные,0,0.0,-0.0,False
13174,2010-12-05 16:24:00,2011-11-23 14:35:00,3,2813.0299999999997,8,Активные ценные,0,0.0,-0.0,False
13176,2011-10-24 15:43:00,2011-10-24 15:43:00,1,492.84,38,Остальные,0,0.0,-0.0,False
13177,2011-10-06 09:56:00,2011-10-06 09:56:00,1,282.45,56,Остальные,0,0.0,-0.0,False
13178,2010-12-14 12:22:00,2011-11-13 16:14:00,11,5725.47,18,Активные ценные,0,0.0,-0.0,False
13182,2011-10-25 13:46:00,2011-10-25 13:46:00,1,121.18,37,Остальные,0,0.0,-0.0,False
13183,2011-01-09 10:50:00,2011-11-02 14:50:00,8,3528.7200000000003,29,Активные ценные,0,0.0,-0.0,False
13184,2011-02-22 17:25:00,2011-11-25 12:02:00,10,1700.29,6,Активные ценные,2,-52.5,0.030877085673620384,False
13185,2011-03-17 11:56:00,2011-03-17 11:56:00,1,71.4,259,Остальные,0,0.0,-0.0,False
13186,2011-08-03 09:09:00,2011-10-31 11:40:00,3,1575.89,31,Активные повторные,5,-36.2,0.022971146463268376,False
13187,2011-01-06 18:57:00,2011-01-06 18:57:00,1,236.02,329,Остальные,0,0.0,-0.0,False
13188,2011-11-28 15:28:00,2011-11-28 15:28:00,1,114.60000000000001,3,Недавние однократные,0,0.0,-0.0,False
13189,2011-08-16 13:12:00,2011-11-21 10:39:00,2,260.68,10,Остальные,0,0.0,-0.0,False
13192,2011-05-18 14:57:00,2011-09-05 14:13:00,2,911.94,87,Остальные,0,0.0,-0.0,False
13193,2011-10-09 14:30:00,2011-10-09 14:30:00,1,117.88,53,Остальные,0,0.0,-0.0,False
13194,2011-07-27 09:01:00,2011-07-27 09:01:00,1,60.7,127,Остальные,0,0.0,-0.0,False
13196,2011-03-22 14:24:00,2011-11-28 13:54:00,4,1797.78,3,Активные ценные,0,0.0,-0.0,False
13198,2010-12-13 09:29:00,2011-11-29 15:17:00,6,3401.24,2,Активные ценные,3,-17.15,0.00504227869835707,False
13199,2010-12-08 10:51:00,2011-11-29 14:00:00,34,9160.3,2,Активные ценные,1,-13.16,0.0014366341713699334,False
13200,2011-08-05 14:50:00,2011-11-20 15:35:00,4,870.09,11,Активные повторные,0,0.0,-0.0,False
13203,2011-04-11 14:40:00,2011-11-30 10:45:00,4,869.46,1,Активные повторные,0,0.0,-0.0,False
13207,2011-07-12 11:35:00,2011-11-24 14:52:00,2,250.26,7,Остальные,0,0.0,-0.0,False
13208,2011-02-03 19:32:00,2011-10-11 16:25:00,5,1199.42,51,Активные повторные,0,0.0,-0.0,False
13209,2010-12-13 10:31:00,2011-11-09 13:54:00,8,5891.61,22,Активные ценные,8,-71.45,0.012127415086877782,False
13210,2011-09-07 08:18:00,2011-09-07 08:18:00,1,353.48,85,Остальные,0,0.0,-0.0,False
13211,2010-12-13 16:17:00,2011-11-29 14:43:00,3,1197.42,2,Активные повторные,0,0.0,-0.0,False
13212,2011-10-09 14:48:00,2011-11-20 12:40:00,3,788.08,11,Активные повторные,1,-7.5,0.009516800324840117,False
13213,2011-05-24 12:22:00,2011-10-14 11:42:00,5,1520.5800000000002,48,Активные повторные,2,-2.15,0.001413934156703363,False
13216,2011-03-17 12:18:00,2011-03-17 12:18:00,1,333.74,259,Остальные,0,0.0,-0.0,False
13217,2011-07-06 12:08:00,2011-08-09 15:32:00,3,533.98,114,Давно не покупавшие повторные,3,-400.36,0.749765908835537,True
13218,2011-08-04 16:59:00,2011-08-04 16:59:00,1,62.63999999999999,119,Остальные,0,0.0,-0.0,False
13220,2011-04-17 10:59:00,2011-09-22 13:38:00,4,819.29,70,Остальные,0,0.0,-0.0,False
13221,2010-12-15 13:24:00,2011-04-13 16:58:00,2,844.86,232,Давно не покупавшие повторные,0,0.0,-0.0,False
13223,2011-04-21 15:16:00,2011-05-23 13:03:00,2,163.20000000000002,192,Давно не покупавшие повторные,0,0.0,-0.0,False
13224,2011-07-11 14:10:00,2011-10-10 14:55:00,2,2152.95,52,Остальные,1,-5.1,0.0023688427506444645,False
13225,2010-12-13 09:49:00,2011-10-10 14:06:00,6,5100.64,52,Активные повторные,2,-380.8,0.07465729790771354,False
13226,2011-03-11 14:35:00,2011-03-11 14:35:00,1,108.21,265,Остальные,0,0.0,-0.0,False
13227,2011-05-22 11:47:00,2011-05-22 11:47:00,1,257.7,193,Остальные,0,0.0,-0.0,False
13228,2011-09-19 14:28:00,2011-09-19 14:28:00,1,358.0,73,Остальные,0,0.0,-0.0,False
13229,2011-04-28 12:07:00,2011-04-28 12:07:00,1,160.95,217,Остальные,0,0.0,-0.0,False
13230,2010-12-09 19:28:00,2011-11-10 20:01:00,13,2409.71,21,Активные ценные,1,-43.559999999999995,0.018076864020981777,False
13232,2011-04-10 13:48:00,2011-11-27 10:39:00,7,1357.0,4,Активные повторные,0,0.0,-0.0,False
13233,2011-01-07 14:49:00,2011-09-26 13:25:00,2,605.12,66,Остальные,0,0.0,-0.0,False
13235,2011-05-11 17:13:00,2011-05-11 17:13:00,1,1031.07,204,Остальные,0,0.0,-0.0,False
13236,2011-08-25 08:58:00,2011-11-15 12:50:00,2,744.85,16,Остальные,3,-17.58,0.02360206753037524,False
13238,2010-12-14 14:37:00,2011-11-22 15:37:00,4,700.73,9,Активные повторные,1,-19.9,0.028398955375108812,False
13239,2011-03-23 10:25:00,2011-03-23 10:25:00,1,329.56,253,Остальные,0,0.0,-0.0,False
13240,2010-12-09 12:49:00,2011-09-04 14:08:00,4,648.7,88,Остальные,0,0.0,-0.0,False
13242,2011-05-10 12:26:00,2011-08-19 12:53:00,3,270.4,104,Давно не покупавшие повторные,0,0.0,-0.0,False
13243,2011-05-20 13:14:00,2011-05-20 13:14:00,1,600.07,195,Остальные,0,0.0,-0.0,False
13244,2011-09-08 11:46:00,2011-09-08 11:46:00,1,121.74,84,Остальные,0,0.0,-0.0,False
13245,2011-10-20 11:40:00,2011-10-20 11:40:00,1,430.5,42,Остальные,0,0.0,-0.0,False
13246,2011-01-13 13:36:00,2011-11-21 16:50:00,6,1987.3,10,Активные ценные,2,-65.2,0.032808332914003924,False
13247,2011-09-18 11:31:00,2011-11-22 10:59:00,4,501.12,9,Активные повторные,0,0.0,-0.0,False
13248,2011-06-03 13:05:00,2011-08-07 12:40:00,2,465.67999999999995,116,Давно не покупавшие повторные,0,0.0,-0.0,False
13249,2011-03-23 15:26:00,2011-09-08 13:26:00,3,711.4100000000001,84,Остальные,0,0.0,-0.0,False
13253,2011-01-04 15:43:00,2011-07-06 10:09:00,2,1030.3999999999999,148,Давно не покупавшие повторные,0,0.0,-0.0,False
13255,2010-12-01 11:58:00,2011-11-30 13:14:00,2,399.51,1,Остальные,0,0.0,-0.0,False
13258,2011-05-18 13:11:00,2011-11-28 09:31:00,3,698.58,3,Активные повторные,0,0.0,-0.0,False
13259,2011-10-09 10:48:00,2011-10-09 10:48:00,1,292.32,53,Остальные,0,0.0,-0.0,False
13260,2011-10-09 13:21:00,2011-10-09 13:21:00,1,557.62,53,Остальные,0,0.0,-0.0,False
13261,2011-02-27 10:41:00,2011-03-16 12:22:00,2,944.1,260,Давно не покупавшие повторные,0,0.0,-0.0,False
13262,2011-03-21 15:06:00,2011-03-21 15:06:00,1,200.29,255,Остальные,0,0.0,-0.0,False
13263,2011-01-18 16:31:00,2011-11-28 13:20:00,32,7084.65,3,Активные ценные,0,0.0,-0.0,False
13265,2011-03-11 09:54:00,2011-10-17 15:02:00,5,2107.6600000000003,45,Активные повторные,0,0.0,-0.0,False
13266,2011-03-28 10:14:00,2011-11-28 14:39:00,12,3834.2599999999998,3,Активные ценные,15,-116.59,0.03040743194253911,False
13267,2010-12-08 09:20:00,2011-11-22 11:04:00,18,4220.29,9,Активные ценные,11,-102.05000000000001,0.024180802741043866,False
13268,2011-03-17 13:20:00,2011-11-22 11:34:00,10,3192.65,9,Активные ценные,7,-47.050000000000004,0.014736973987126683,False
13269,2010-12-05 11:51:00,2011-11-28 13:11:00,14,5012.55,3,Активные ценные,4,-30.31,0.006046822475586278,False
13270,2010-12-08 14:53:00,2010-12-08 14:53:00,1,590.0,358,Остальные,0,0.0,-0.0,False
13271,2011-11-02 14:31:00,2011-11-02 14:31:00,1,217.38,29,Недавние однократные,5,-39.12,0.1799613579906155,False
13272,2011-09-11 12:06:00,2011-11-08 14:00:00,2,276.56,23,Остальные,0,0.0,-0.0,False
13273,2011-08-18 14:02:00,2011-08-18 14:02:00,1,138.98,105,Остальные,0,0.0,-0.0,False
13276,2011-09-01 10:03:00,2011-10-07 12:44:00,2,590.9300000000001,55,Остальные,0,0.0,-0.0,False
13277,2011-07-29 10:06:00,2011-11-24 09:21:00,4,258.4,7,Активные повторные,0,0.0,-0.0,False
13278,2011-10-30 11:49:00,2011-10-30 11:49:00,1,542.73,32,Остальные,0,0.0,-0.0,False
13279,2011-09-22 17:24:00,2011-09-22 17:24:00,1,137.75,70,Остальные,2,-11.45,0.08312159709618874,False
13280,2011-01-06 17:10:00,2011-08-09 13:14:00,3,814.86,114,Давно не покупавшие повторные,0,0.0,-0.0,False
13282,2011-05-03 12:03:00,2011-11-21 15:33:00,3,1132.14,10,Активные повторные,3,-84.3,0.07446075573692298,False
13283,2011-06-07 12:39:00,2011-10-11 09:50:00,2,93.66,51,Остальные,0,0.0,-0.0,False
13284,2011-01-13 09:23:00,2011-01-13 09:23:00,1,201.19,322,Остальные,1,-5.04,0.02505094686614643,False
13285,2011-02-22 17:13:00,2011-11-16 13:19:00,4,2709.12,15,Активные ценные,0,0.0,-0.0,False
13291,2011-07-07 10:36:00,2011-07-07 10:36:00,1,361.11,147,Остальные,0,0.0,-0.0,False
13292,2011-02-28 15:00:00,2011-11-01 10:04:00,2,578.94,30,Остальные,0,0.0,-0.0,False
13294,2011-04-04 12:37:00,2011-06-03 08:54:00,2,873.74,181,Давно не покупавшие повторные,0,0.0,-0.0,False
13295,2010-12-15 11:21:00,2010-12-15 11:21:00,1,201.20000000000002,351,Остальные,1,-3.25,0.01615308151093439,False
13296,2011-07-25 13:46:00,2011-07-25 13:46:00,1,87.4,129,Остальные,0,0.0,-0.0,False
13297,2011-10-03 15:08:00,2011-11-16 09:28:00,3,1766.33,15,Активные ценные,0,0.0,-0.0,False
13299,2011-03-16 12:55:00,2011-03-16 12:55:00,1,142.5,260,Остальные,0,0.0,-0.0,False
13300,2011-06-23 13:09:00,2011-06-23 13:09:00,1,371.89,161,Остальные,2,-6.6,0.017747183306891824,False
13301,2011-02-20 13:13:00,2011-08-28 11:25:00,4,600.19,95,Давно не покупавшие повторные,0,0.0,-0.0,False
13302,2011-07-07 17:56:00,2011-07-07 17:56:00,1,63.75,147,Остальные,0,0.0,-0.0,False
13304,2010-12-23 14:35:00,2010-12-23 14:35:00,1,300.42,343,Остальные,0,0.0,-0.0,False
13305,2010-12-02 12:10:00,2011-11-18 11:07:00,9,1787.6999999999998,13,Активные ценные,0,0.0,-0.0,False
13307,2011-08-11 17:14:00,2011-08-11 17:14:00,1,15.0,112,Остальные,0,0.0,-0.0,False
13308,2011-05-20 13:13:00,2011-11-17 09:31:00,3,1385.51,14,Активные повторные,3,-17.9,0.012919430390253407,False
13309,2011-02-04 12:29:00,2011-10-25 13:16:00,4,1221.9099999999999,37,Активные повторные,0,0.0,-0.0,False
13310,2011-01-19 14:50:00,2011-11-11 17:23:00,3,1132.03,20,Активные повторные,4,-31.8,0.0280911283269878,False
13311,2011-07-12 14:26:00,2011-07-12 14:26:00,1,490.11,142,Остальные,0,0.0,-0.0,False
13313,2011-01-04 10:00:00,2011-11-17 16:48:00,5,1555.3200000000002,14,Активные повторные,0,0.0,-0.0,False
13314,2011-09-27 10:20:00,2011-10-07 13:09:00,2,589.47,55,Остальные,13,-197.28,0.33467352028093034,False
13316,2011-03-30 13:01:00,2011-11-02 13:40:00,4,5977.73,29,Активные ценные,0,0.0,-0.0,False
13317,2010-12-16 09:22:00,2011-10-04 13:35:00,6,2273.6800000000003,58,Активные повторные,11,-133.60999999999999,0.058763766229196705,False
13318,2011-11-02 13:26:00,2011-11-02 13:26:00,1,302.96,29,Недавние однократные,0,0.0,-0.0,False
13319,2010-12-09 10:04:00,2011-11-22 16:39:00,25,10536.45,9,Активные ценные,24,-181.21,0.01719839224786337,False
13320,2011-05-10 10:29:00,2011-09-22 18:07:00,4,1548.7,70,Остальные,4,-57.0,0.036805062310324786,False
13321,2011-09-14 15:18:00,2011-09-28 15:24:00,2,567.36,64,Остальные,0,0.0,-0.0,False
13322,2011-11-22 14:21:00,2011-11-22 14:21:00,1,199.48000000000002,9,Недавние однократные,0,0.0,-0.0,False
13323,2011-09-16 13:23:00,2011-11-18 10:24:00,3,355.3,13,Активные повторные,0,0.0,-0.0,False
13324,2010-12-14 09:50:00,2011-11-03 16:28:00,10,7121.95,28,Активные ценные,2,-49.14999999999999,0.006901199811849282,False
13325,2011-09-19 10:36:00,2011-09-19 10:36:00,1,675.3,73,Остальные,0,0.0,-0.0,False
13327,2010-12-09 15:32:00,2011-11-01 10:21:00,8,3627.77,30,Активные ценные,1,-10.2,0.0028116446191461973,False
13328,2011-01-27 15:22:00,2011-01-27 15:22:00,1,1308.48,308,Остальные,0,0.0,-0.0,False
13329,2010-12-08 10:11:00,2011-11-08 10:29:00,2,789.0,23,Остальные,2,-48.60000000000001,0.06159695817490495,False
13330,2011-01-28 10:08:00,2011-09-08 12:27:00,3,1140.9299999999998,84,Остальные,0,0.0,-0.0,False
13332,2011-11-25 13:30:00,2011-11-25 13:30:00,1,350.9,6,Недавние однократные,0,0.0,-0.0,False
13334,2011-02-07 11:42:00,2011-09-18 15:21:00,3,3536.82,74,Остальные,0,0.0,-0.0,False
13336,2011-09-23 14:05:00,2011-09-23 14:05:00,1,795.12,69,Остальные,0,0.0,-0.0,False
13338,2011-07-05 09:06:00,2011-07-05 09:06:00,1,437.02000000000004,149,Остальные,5,-55.2,0.12631000869525422,False
13339,2011-05-23 08:31:00,2011-05-23 08:31:00,1,860.12,192,Остальные,0,0.0,-0.0,False
13340,2011-03-08 11:39:00,2011-10-25 13:15:00,7,10736.48,37,Активные повторные,0,0.0,-0.0,False
13341,2011-03-24 09:50:00,2011-03-24 09:50:00,1,775.85,252,Остальные,0,0.0,-0.0,False
13343,2011-06-15 12:24:00,2011-06-15 12:24:00,1,303.43,169,Остальные,3,-49.5,0.16313482516560657,False
13344,2011-03-07 10:28:00,2011-10-03 09:45:00,3,2543.7200000000003,59,Активные повторные,0,0.0,-0.0,False
13345,2011-02-25 09:01:00,2011-02-25 09:01:00,1,339.5,279,Остальные,2,-11.899999999999999,0.03505154639175257,False
13347,2011-09-30 13:28:00,2011-09-30 13:28:00,1,291.36,62,Остальные,0,0.0,-0.0,False
13348,2011-10-06 17:28:00,2011-10-06 17:28:00,1,233.76,56,Остальные,0,0.0,-0.0,False
13349,2011-11-29 08:07:00,2011-11-29 08:07:00,1,197.32,2,Недавние однократные,0,0.0,-0.0,False
13350,2011-09-21 13:33:00,2011-11-23 16:33:00,2,879.1200000000001,8,Остальные,3,-68.4,0.0778050778050778,False
13351,2011-10-04 12:55:00,2011-10-04 12:55:00,1,323.94,58,Остальные,0,0.0,-0.0,False
13352,2011-10-10 13:55:00,2011-10-10 13:55:00,1,347.97999999999996,52,Остальные,0,0.0,-0.0,False
13354,2011-09-29 13:17:00,2011-09-29 13:17:00,1,743.53,63,Остальные,0,0.0,-0.0,False
13355,2011-08-09 14:48:00,2011-08-09 14:48:00,1,674.7,114,Остальные,0,0.0,-0.0,False
13356,2011-09-20 14:33:00,2011-09-20 14:33:00,1,768.24,72,Остальные,0,0.0,-0.0,False
13357,2011-03-27 13:56:00,2011-03-27 13:56:00,1,609.95,249,Остальные,0,0.0,-0.0,False
13358,2011-03-16 11:52:00,2011-03-16 11:52:00,1,389.03000000000003,260,Остальные,0,0.0,-0.0,False
13359,2011-10-07 09:30:00,2011-10-07 09:30:00,1,389.56,55,Остальные,1,-8.3,0.021306088920833764,False
13362,2011-02-25 11:33:00,2011-11-30 14:41:00,4,3090.7400000000002,1,Активные ценные,0,0.0,-0.0,False
13363,2011-10-27 10:46:00,2011-11-22 12:40:00,2,892.5,9,Остальные,0,0.0,-0.0,False
13364,2011-09-29 18:13:00,2011-09-29 18:13:00,1,134.96,63,Остальные,10,-134.96,1.0,True
13365,2011-05-06 12:00:00,2011-11-06 12:36:00,2,2225.37,25,Остальные,0,0.0,-0.0,False
13366,2011-10-20 13:37:00,2011-10-20 13:37:00,1,56.160000000000004,42,Остальные,0,0.0,-0.0,False
13368,2011-01-06 12:32:00,2011-03-28 09:59:00,2,573.4,248,Давно не покупавшие повторные,0,0.0,-0.0,False
13369,2010-12-09 11:30:00,2010-12-09 11:30:00,1,258.28000000000003,357,Остальные,5,-44.53,0.1724097878271643,False
13370,2010-12-03 10:26:00,2010-12-03 10:26:00,1,754.87,363,Остальные,5,-33.55,0.04444473882920238,False
13372,2011-09-11 12:46:00,2011-09-11 12:46:00,1,328.64,81,Остальные,0,0.0,-0.0,False
13373,2011-03-08 14:35:00,2011-10-10 10:51:00,3,3312.25,52,Активные повторные,0,0.0,-0.0,False
13375,2011-09-12 10:19:00,2011-09-12 10:19:00,1,778.65,80,Остальные,1,-5.75,0.007384575868490336,False
13376,2011-04-19 13:03:00,2011-09-01 16:16:00,3,869.76,91,Давно не покупавшие повторные,0,0.0,-0.0,False
13379,2011-07-26 12:26:00,2011-11-13 13:45:00,3,572.56,18,Активные повторные,0,0.0,-0.0,False
13381,2011-02-14 10:10:00,2011-11-08 11:58:00,6,3639.31,23,Активные ценные,1,-12.5,0.0034347170205341125,False
13382,2011-03-04 10:03:00,2011-03-04 10:03:00,1,222.99,272,Остальные,0,0.0,-0.0,False
13384,2011-06-14 12:47:00,2011-11-09 11:04:00,7,4151.93,22,Активные ценные,3,-29.65,0.007141257198459511,False
13385,2011-01-14 09:52:00,2011-01-14 09:52:00,1,534.57,321,Остальные,0,0.0,-0.0,False
13388,2011-07-31 12:52:00,2011-07-31 12:52:00,2,677.0999999999999,123,Давно не покупавшие повторные,1,-49.95,0.0737704918032787,False
13389,2011-04-21 12:12:00,2011-11-28 14:01:00,3,797.96,3,Активные повторные,0,0.0,-0.0,False
13390,2011-09-26 08:38:00,2011-09-26 08:38:00,1,544.08,66,Остальные,0,0.0,-0.0,False
13391,2011-05-20 10:50:00,2011-05-20 10:50:00,1,59.8,195,Остальные,0,0.0,-0.0,False
13394,2011-02-03 10:39:00,2011-10-17 10:17:00,7,2217.92,45,Активные повторные,8,-201.72,0.09095007935362862,False
13395,2011-06-07 15:04:00,2011-06-07 15:04:00,1,307.71999999999997,177,Остальные,0,0.0,-0.0,False
13396,2011-01-24 13:37:00,2011-11-10 16:59:00,2,1360.99,21,Остальные,4,-35.7,0.02623090544383133,False
13397,2011-01-04 13:50:00,2011-09-28 10:56:00,5,1544.13,64,Остальные,1,-4.95,0.003205688640205164,False
13398,2011-05-31 13:17:00,2011-05-31 13:17:00,1,457.34,184,Остальные,0,0.0,-0.0,False
13402,2010-12-02 17:12:00,2011-08-04 15:51:00,2,621.23,119,Давно не покупавшие повторные,0,0.0,-0.0,False
13403,2011-11-22 08:28:00,2011-11-22 08:28:00,1,75.0,9,Недавние однократные,0,0.0,-0.0,False
13404,2011-05-11 11:57:00,2011-05-11 11:57:00,1,217.81,204,Остальные,0,0.0,-0.0,False
13405,2011-01-26 09:27:00,2011-05-19 16:31:00,2,557.45,196,Давно не покупавшие повторные,0,0.0,-0.0,False
13408,2010-12-01 10:39:00,2011-11-28 13:25:00,59,26708.42,3,Активные ценные,13,-209.91,0.007859319270851664,False
13410,2011-02-21 14:38:00,2011-11-15 15:33:00,5,1003.06,16,Активные повторные,1,-5.85,0.005832153609953542,False
13411,2011-08-24 13:57:00,2011-08-24 13:57:00,1,213.55,99,Остальные,0,0.0,-0.0,False
13414,2011-02-16 12:13:00,2011-07-29 11:45:00,3,1390.5,125,Давно не покупавшие повторные,0,0.0,-0.0,False
13416,2011-09-19 14:43:00,2011-10-27 08:56:00,2,712.5,35,Остальные,0,0.0,-0.0,False
13417,2011-05-18 16:26:00,2011-05-18 16:26:00,1,236.0,197,Остальные,0,0.0,-0.0,False
13418,2010-12-02 10:45:00,2011-11-28 10:23:00,18,6127.43,3,Активные ценные,10,-281.98999999999995,0.046020925575649164,False
13419,2011-10-07 12:49:00,2011-10-07 12:49:00,1,221.06,55,Остальные,0,0.0,-0.0,False
13420,2011-06-22 11:35:00,2011-07-13 08:48:00,2,159.85,141,Давно не покупавшие повторные,2,-19.5,0.12198936502971536,False
13421,2011-02-22 15:46:00,2011-10-30 14:21:00,2,1840.58,32,Остальные,1,-2.1,0.0011409447022134329,False
13422,2011-10-06 13:42:00,2011-10-06 13:42:00,1,2626.3,56,Остальные,1,-24.75,0.009423904352130372,False
13425,2011-02-18 08:34:00,2011-08-23 17:13:00,3,1624.21,100,Давно не покупавшие повторные,0,0.0,-0.0,False
13426,2010-12-15 12:43:00,2011-11-29 13:29:00,9,3349.54,2,Активные ценные,1,-83.0,0.024779521964210013,False
13427,2011-05-08 15:58:00,2011-11-20 13:02:00,3,582.6,11,Активные повторные,0,0.0,-0.0,False
13428,2011-11-29 14:20:00,2011-11-29 14:20:00,1,218.47,2,Недавние однократные,0,0.0,-0.0,False
13429,2011-09-25 15:59:00,2011-11-29 09:10:00,4,1006.8000000000001,2,Активные повторные,0,0.0,-0.0,False
13430,2011-09-14 14:26:00,2011-11-21 08:19:00,2,679.45,10,Остальные,4,-27.380000000000003,0.04029729928618736,False
13431,2011-09-12 11:25:00,2011-10-03 13:49:00,2,1269.1,59,Остальные,0,0.0,-0.0,False
13434,2011-09-04 10:35:00,2011-09-26 14:30:00,2,534.24,66,Остальные,0,0.0,-0.0,False
13435,2011-06-03 17:07:00,2011-11-15 15:23:00,6,3367.59,16,Активные ценные,1,-11.25,0.0033406679554221267,False
13437,2011-06-02 14:30:00,2011-11-25 14:00:00,7,3408.06,6,Активные ценные,0,0.0,-0.0,False
13439,2011-03-29 14:20:00,2011-03-29 14:20:00,1,283.71,247,Остальные,0,0.0,-0.0,False
13441,2011-09-09 09:38:00,2011-09-09 09:38:00,1,296.64,83,Остальные,0,0.0,-0.0,False
13447,2011-11-04 10:10:00,2011-11-16 13:38:00,3,1129.14,15,Активные повторные,3,-24.910000000000004,0.02206103760384009,False
13448,2010-12-01 10:52:00,2011-11-23 12:33:00,6,3539.37,8,Активные ценные,4,-73.7,0.020822914812523134,False
13449,2011-11-16 08:28:00,2011-11-16 08:28:00,1,291.88,15,Недавние однократные,0,0.0,-0.0,False
13450,2011-05-05 19:48:00,2011-11-13 11:54:00,6,2043.72,18,Активные ценные,0,0.0,-0.0,False
13451,2011-01-09 15:35:00,2011-11-13 15:58:00,5,2976.15,18,Активные ценные,1,-59.699999999999996,0.0200594728088302,False
13452,2011-03-14 11:38:00,2011-03-25 14:19:00,2,590.0,251,Давно не покупавшие повторные,0,0.0,-0.0,False
13453,2011-02-23 09:44:00,2011-06-27 09:34:00,2,356.98,157,Давно не покупавшие повторные,0,0.0,-0.0,False
13455,2010-12-08 13:11:00,2011-11-15 11:21:00,2,1058.3400000000001,16,Остальные,7,-50.99,0.04817922406787988,False
13456,2011-05-16 15:34:00,2011-11-22 09:18:00,6,1766.72,9,Активные ценные,2,-28.9,0.016357996739721065,False
13458,2010-12-15 12:05:00,2011-11-16 15:10:00,13,9062.050000000001,15,Активные ценные,12,-108.65,0.011989560860953095,False
13460,2011-10-21 09:50:00,2011-11-10 17:17:00,2,183.44,21,Остальные,0,0.0,-0.0,False
13461,2011-06-29 10:23:00,2011-11-01 09:01:00,3,1445.0,30,Активные повторные,0,0.0,-0.0,False
13462,2011-04-01 11:20:00,2011-04-01 11:20:00,1,151.5,244,Остальные,1,-8.25,0.054455445544554455,False
13464,2011-10-12 15:01:00,2011-10-12 15:01:00,1,674.68,50,Остальные,0,0.0,-0.0,False
13466,2011-06-08 16:39:00,2011-06-08 16:39:00,1,307.9,176,Остальные,1,-9.95,0.03231568691133485,False
13467,2011-11-03 16:56:00,2011-11-29 10:01:00,2,1083.71,2,Остальные,0,0.0,-0.0,False
13468,2010-12-01 15:08:00,2011-11-21 16:40:00,35,5424.03,10,Активные ценные,3,-28.32,0.005221210059678873,False
13470,2011-08-16 17:06:00,2011-09-01 14:57:00,2,165.0,91,Давно не покупавшие повторные,0,0.0,-0.0,False
13471,2011-10-23 13:10:00,2011-11-18 09:57:00,2,1546.4,13,Остальные,0,0.0,-0.0,False
13473,2011-01-11 08:45:00,2011-10-10 11:20:00,2,422.64,52,Остальные,1,-5.1,0.012067007382169221,False
13474,2011-04-17 13:53:00,2011-04-17 13:53:00,1,229.59,228,Остальные,0,0.0,-0.0,False
13475,2011-02-14 12:36:00,2011-06-01 13:52:00,4,1431.78,183,Давно не покупавшие повторные,0,0.0,-0.0,False
13476,2011-03-03 14:43:00,2011-06-14 12:00:00,2,1238.47,170,Давно не покупавшие повторные,3,-145.7,0.11764515894611899,False
13477,2011-02-21 12:29:00,2011-11-02 12:04:00,6,1454.58,29,Активные повторные,2,-13.05,0.008971661923029329,False
13479,2011-04-19 11:27:00,2011-05-23 10:45:00,2,300.95,192,Давно не покупавшие повторные,1,-9.95,0.033061970426981224,False
13481,2011-03-28 09:07:00,2011-10-25 09:07:00,5,1804.56,37,Активные повторные,3,-27.75,0.015377709801835351,False
13482,2011-04-21 17:03:00,2011-04-21 17:03:00,1,184.64,224,Остальные,0,0.0,-0.0,False
13483,2011-10-05 11:53:00,2011-10-05 11:53:00,1,140.34,57,Остальные,0,0.0,-0.0,False
13484,2011-04-12 16:30:00,2011-04-12 16:30:00,1,313.8,233,Остальные,0,0.0,-0.0,False
13485,2011-04-20 13:58:00,2011-04-20 13:58:00,1,454.24,225,Остальные,0,0.0,-0.0,False
13486,2011-07-07 17:19:00,2011-09-22 13:13:00,3,1122.4099999999999,70,Остальные,0,0.0,-0.0,False
13487,2010-12-21 14:54:00,2011-10-13 12:07:00,3,575.4,49,Активные повторные,0,0.0,-0.0,False
13488,2010-12-07 13:01:00,2011-11-22 14:41:00,13,8968.31,9,Активные ценные,5,-57.699999999999996,0.006433765112936551,False
13489,2011-02-18 10:42:00,2011-08-26 13:16:00,4,449.52,97,Давно не покупавшие повторные,0,0.0,-0.0,False
13491,2010-12-02 14:30:00,2011-10-19 08:32:00,10,1215.82,43,Активные повторные,0,0.0,-0.0,False
13492,2011-05-09 10:06:00,2011-07-26 14:25:00,3,1269.8400000000001,128,Давно не покупавшие повторные,0,0.0,-0.0,False
13493,2011-02-25 16:42:00,2011-03-09 15:35:00,2,498.63,267,Давно не покупавшие повторные,0,0.0,-0.0,False
13494,2011-02-01 11:58:00,2011-02-01 11:58:00,1,316.26000000000005,303,Остальные,0,0.0,-0.0,False
13495,2010-12-06 15:14:00,2011-11-04 10:29:00,4,1732.23,27,Активные ценные,4,-54.75000000000001,0.03160665731455985,False
13496,2010-12-15 10:17:00,2011-11-29 10:58:00,2,653.3299999999999,2,Остальные,1,-35.400000000000006,0.05418394991811184,False
13497,2010-12-06 11:37:00,2011-03-02 09:04:00,2,348.05,274,Давно не покупавшие повторные,1,-27.0,0.0775750610544462,False
13499,2011-03-15 08:52:00,2011-11-22 11:21:00,5,1159.1100000000001,9,Активные повторные,3,-12.15,0.010482180293501047,False
13500,2011-08-09 12:20:00,2011-11-16 15:35:00,3,1166.77,15,Активные повторные,2,-30.0,0.02571200836497339,False
13501,2011-02-24 18:59:00,2011-02-24 18:59:00,1,1340.32,280,Остальные,1,-29.849999999999998,0.022270801002745613,False
13502,2011-01-20 09:03:00,2011-11-23 10:39:00,3,292.0,8,Активные повторные,0,0.0,-0.0,False
13503,2011-09-29 13:23:00,2011-09-29 13:23:00,1,216.85,63,Остальные,0,0.0,-0.0,False
13504,2011-10-06 13:20:00,2011-10-06 13:20:00,1,295.93,56,Остальные,0,0.0,-0.0,False
13505,2011-04-21 12:07:00,2011-09-28 11:56:00,4,3633.63,64,Остальные,12,-110.75,0.030479162710567668,False
13506,2010-12-05 12:15:00,2011-01-27 13:53:00,2,458.52,308,Давно не покупавшие повторные,3,-5.7,0.012431300706621304,False
13507,2011-07-17 11:50:00,2011-09-02 15:45:00,3,2022.79,90,Остальные,0,0.0,-0.0,False
13508,2011-04-10 11:58:00,2011-04-10 11:58:00,1,110.97,235,Остальные,0,0.0,-0.0,False
13509,2011-02-28 13:27:00,2011-10-18 11:41:00,5,866.62,44,Активные повторные,0,0.0,-0.0,False
13510,2011-06-09 09:32:00,2011-10-25 13:51:00,3,1449.7,37,Активные повторные,2,-6.4,0.004414706490998138,False
13512,2011-03-24 10:03:00,2011-03-24 10:03:00,1,251.21,252,Остальные,0,0.0,-0.0,False
13513,2011-08-05 11:50:00,2011-08-05 11:50:00,1,205.1,118,Остальные,0,0.0,-0.0,False
13514,2011-09-27 09:39:00,2011-09-27 09:39:00,1,152.20000000000002,65,Остальные,0,0.0,-0.0,False
13515,2011-04-06 10:33:00,2011-09-28 11:26:00,4,891.12,64,Остальные,0,0.0,-0.0,False
13516,2011-04-15 11:06:00,2011-11-18 13:15:00,3,1389.41,13,Активные повторные,0,0.0,-0.0,False
13517,2011-06-13 08:44:00,2011-10-11 11:43:00,3,2128.42,51,Активные повторные,2,-19.35,0.009091250786968737,False
13518,2011-09-15 10:29:00,2011-09-15 10:29:00,1,659.4399999999999,77,Остальные,0,0.0,-0.0,False
13519,2011-09-22 18:24:00,2011-09-22 18:24:00,1,122.75,70,Остальные,1,-11.95,0.09735234215885946,False
13520,2010-12-03 10:36:00,2011-10-12 10:20:00,6,2984.35,50,Активные повторные,1,-16.6,0.005562350260525743,False
13521,2011-11-29 15:09:00,2011-11-29 15:09:00,1,287.88,2,Недавние однократные,0,0.0,-0.0,False
13522,2011-11-09 15:11:00,2011-11-09 15:11:00,1,125.80000000000001,22,Недавние однократные,0,0.0,-0.0,False
13523,2010-12-08 14:22:00,2011-11-06 15:11:00,5,3964.88,25,Активные ценные,5,-209.5,0.05283892576824519,False
13524,2011-05-04 12:26:00,2011-10-30 12:34:00,5,680.1800000000001,32,Активные повторные,0,0.0,-0.0,False
13525,2011-04-05 15:36:00,2011-11-25 12:01:00,2,628.78,6,Остальные,0,0.0,-0.0,False
13527,2011-01-17 11:17:00,2011-11-06 12:04:00,7,2287.51,25,Активные ценные,1,-23.75,0.010382468273362738,False
13529,2011-05-19 11:50:00,2011-09-22 09:15:00,2,307.76,70,Остальные,0,0.0,-0.0,False
13531,2010-12-08 15:03:00,2011-05-18 16:56:00,2,483.79999999999995,197,Давно не покупавшие повторные,0,0.0,-0.0,False
13532,2011-11-06 12:25:00,2011-11-06 12:25:00,1,210.31,25,Недавние однократные,0,0.0,-0.0,False
13533,2011-03-17 12:47:00,2011-06-10 11:54:00,3,270.79,174,Давно не покупавшие повторные,0,0.0,-0.0,False
13534,2010-12-16 15:23:00,2011-11-07 09:40:00,24,5512.88,24,Активные ценные,46,-257.0,0.04661810160932217,False
13536,2011-09-25 13:30:00,2011-11-30 14:42:00,5,2439.29,1,Активные ценные,0,0.0,-0.0,False
13538,2011-01-28 10:40:00,2011-10-27 16:34:00,7,1280.8500000000001,35,Активные повторные,0,0.0,-0.0,False
13539,2011-02-03 15:23:00,2011-09-15 10:18:00,3,631.34,77,Остальные,1,-25.5,0.04039028098964108,False
13544,2011-04-13 12:09:00,2011-10-31 11:57:00,2,291.40999999999997,31,Остальные,0,0.0,-0.0,False
13546,2011-05-23 12:14:00,2011-11-27 14:50:00,3,626.99,4,Активные повторные,0,0.0,-0.0,False
13548,2011-04-10 11:35:00,2011-09-04 14:50:00,2,682.41,88,Остальные,0,0.0,-0.0,False
13549,2011-04-11 13:42:00,2011-11-14 09:20:00,7,918.2,17,Активные повторные,1,-2.08,0.002265301677194511,False
13551,2011-01-24 14:46:00,2011-01-24 14:46:00,1,91.80000000000001,311,Остальные,0,0.0,-0.0,False
13552,2011-01-28 10:10:00,2011-10-04 15:19:00,12,3740.07,58,Активные повторные,12,-200.54,0.05361931728550535,False
13555,2011-05-22 11:06:00,2011-09-27 12:36:00,4,4149.28,65,Остальные,0,0.0,-0.0,False
13557,2011-03-04 12:14:00,2011-11-11 15:24:00,2,584.06,20,Остальные,0,0.0,-0.0,False
13558,2011-10-02 13:01:00,2011-11-16 12:13:00,3,482.38,15,Активные повторные,0,0.0,-0.0,False
13561,2011-05-08 12:39:00,2011-05-08 12:39:00,1,141.85999999999999,207,Остальные,0,0.0,-0.0,False
13562,2011-04-08 12:42:00,2011-09-19 10:51:00,3,1799.33,73,Остальные,0,0.0,-0.0,False
13563,2011-07-22 17:21:00,2011-09-16 14:45:00,2,777.53,76,Остальные,0,0.0,-0.0,False
13564,2010-12-06 17:26:00,2010-12-20 16:50:00,2,1198.38,346,Давно не покупавшие повторные,0,0.0,-0.0,False
13565,2011-01-09 14:28:00,2011-11-20 14:33:00,2,240.22,11,Остальные,0,0.0,-0.0,False
13566,2011-09-18 12:40:00,2011-10-30 11:59:00,2,874.71,32,Остальные,0,0.0,-0.0,False
13568,2011-06-19 14:42:00,2011-06-19 14:42:00,1,192.85,165,Остальные,0,0.0,-0.0,False
13569,2010-12-07 12:29:00,2011-11-22 13:07:00,2,372.25,9,Остальные,0,0.0,-0.0,False
13570,2011-04-10 13:36:00,2011-04-10 13:36:00,1,239.49,235,Остальные,0,0.0,-0.0,False
13571,2011-03-31 12:43:00,2011-11-27 10:47:00,12,2092.32,4,Активные ценные,0,0.0,-0.0,False
13572,2011-05-18 11:59:00,2011-05-18 11:59:00,1,1384.25,197,Остальные,0,0.0,-0.0,False
13573,2011-03-31 14:47:00,2011-10-20 14:33:00,2,294.4,42,Остальные,0,0.0,-0.0,False
13575,2011-06-16 14:24:00,2011-11-16 13:14:00,5,732.0699999999999,15,Активные повторные,0,0.0,-0.0,False
13576,2010-12-01 17:24:00,2011-11-29 15:34:00,18,6717.34,2,Активные ценные,4,-14.040000000000001,0.002090113050701617,False
13577,2011-04-12 10:33:00,2011-11-14 15:19:00,4,1687.6,17,Активные ценные,2,-29.3,0.01736193410760844,False
13579,2010-12-05 16:10:00,2011-11-25 08:41:00,2,467.03999999999996,6,Остальные,0,0.0,-0.0,False
13581,2011-02-03 14:41:00,2011-02-03 14:41:00,1,118.0,301,Остальные,0,0.0,-0.0,False
13583,2011-07-07 10:40:00,2011-07-07 10:40:00,1,781.03,147,Остальные,0,0.0,-0.0,False
13584,2011-02-06 12:49:00,2011-02-06 12:49:00,1,142.4,298,Остальные,0,0.0,-0.0,False
13587,2011-10-07 12:31:00,2011-10-07 12:31:00,1,712.4,55,Остальные,3,-365.4,0.512914093206064,True
13588,2011-03-29 15:53:00,2011-11-24 10:42:00,9,2478.95,7,Активные ценные,5,-29.42,0.011867927953367354,False
13589,2011-06-13 12:44:00,2011-11-25 12:10:00,2,379.65,6,Остальные,0,0.0,-0.0,False
13590,2011-02-09 13:25:00,2011-11-28 12:54:00,6,1981.92,3,Активные ценные,2,-5.800000000000001,0.0029264551545975623,False
13591,2011-03-18 12:18:00,2011-10-06 12:26:00,3,1117.1299999999999,56,Активные повторные,0,0.0,-0.0,False
13592,2011-03-20 14:01:00,2011-11-04 09:49:00,4,247.95999999999998,27,Активные повторные,0,0.0,-0.0,False
13593,2011-01-07 16:32:00,2011-08-23 13:35:00,5,2037.0800000000002,100,Давно не покупавшие повторные,1,-46.8,0.022974060910715334,False
13594,2011-10-18 10:19:00,2011-10-18 10:19:00,1,396.97,44,Остальные,0,0.0,-0.0,False
13596,2011-11-27 11:57:00,2011-11-27 11:57:00,1,411.6,4,Недавние однократные,0,0.0,-0.0,False
13598,2011-10-23 14:28:00,2011-10-23 14:28:00,1,180.17000000000002,39,Остальные,1,-12.75,0.07076649830715435,False
13599,2010-12-08 10:11:00,2011-11-29 09:15:00,19,4833.99,2,Активные ценные,14,-95.67,0.0197911042430787,False
13600,2011-01-31 15:27:00,2011-01-31 15:27:00,1,219.52,304,Остальные,0,0.0,-0.0,False
13601,2011-05-12 16:52:00,2011-10-25 17:31:00,2,693.3199999999999,37,Остальные,0,0.0,-0.0,False
13602,2011-10-06 11:47:00,2011-10-06 11:47:00,1,428.89,56,Остальные,0,0.0,-0.0,False
13603,2011-11-13 15:57:00,2011-11-13 15:57:00,1,164.34,18,Недавние однократные,0,0.0,-0.0,False
13606,2011-02-01 11:42:00,2011-11-10 17:46:00,3,280.53999999999996,21,Активные повторные,0,0.0,-0.0,False
13607,2011-10-30 16:17:00,2011-10-30 16:17:00,1,678.01,32,Остальные,0,0.0,-0.0,False
13610,2011-02-27 14:44:00,2011-11-27 15:38:00,7,1131.88,4,Активные повторные,2,-16.45,0.014533342757182738,False
13611,2010-12-15 10:31:00,2011-09-11 14:51:00,3,1171.8000000000002,81,Остальные,2,-13.6,0.011606076122205152,False
13614,2011-01-13 12:37:00,2011-11-15 14:47:00,4,1610.46,16,Активные ценные,0,0.0,-0.0,False
13615,2011-01-25 08:21:00,2011-01-25 08:21:00,1,417.69,310,Остальные,1,-17.700000000000003,0.042375924728865914,False
13617,2011-06-12 12:55:00,2011-10-30 13:50:00,3,544.18,32,Активные повторные,0,0.0,-0.0,False
13618,2011-06-19 11:09:00,2011-06-19 11:09:00,1,177.34,165,Остальные,0,0.0,-0.0,False
13621,2011-08-15 08:26:00,2011-08-15 08:26:00,1,213.85,108,Остальные,0,0.0,-0.0,False
13623,2011-02-15 13:08:00,2011-11-09 12:00:00,5,747.78,22,Активные повторные,4,-31.54,0.04217818074834845,False
13626,2011-04-01 10:05:00,2011-04-01 10:05:00,1,257.23,244,Остальные,0,0.0,-0.0,False
13627,2010-12-17 09:52:00,2011-10-11 14:20:00,5,1638.47,51,Активные повторные,2,-14.45,0.008819203281109815,False
13629,2011-01-05 12:09:00,2011-11-16 13:21:00,11,7792.36,15,Активные ценные,0,0.0,-0.0,False
13630,2011-02-27 12:49:00,2011-09-25 10:30:00,6,1799.78,67,Остальные,9,-36.1,0.020058007089755414,False
13631,2011-03-17 17:13:00,2011-09-01 09:57:00,11,3070.42,91,Давно не покупавшие повторные,1,-48.65,0.01584473785345327,False
13632,2011-04-10 15:07:00,2011-11-15 10:51:00,5,2121.27,16,Активные ценные,1,-4.25,0.0020035167611855164,False
13634,2011-01-16 15:30:00,2011-11-06 13:40:00,5,1575.1599999999999,25,Активные ценные,0,0.0,-0.0,False
13635,2011-10-03 10:55:00,2011-10-03 10:55:00,1,1071.03,59,Остальные,0,0.0,-0.0,False
13636,2011-02-27 14:29:00,2011-11-03 10:30:00,5,949.12,28,Активные повторные,1,-7.5,0.00790205664194201,False
13637,2011-04-27 13:06:00,2011-10-18 13:32:00,3,809.25,44,Активные повторные,0,0.0,-0.0,False
13638,2011-11-24 10:38:00,2011-11-24 10:38:00,1,122.64,7,Недавние однократные,0,0.0,-0.0,False
13639,2011-09-26 13:36:00,2011-09-26 13:36:00,1,1033.34,66,Остальные,0,0.0,-0.0,False
13642,2011-05-08 12:34:00,2011-05-08 12:34:00,1,354.8,207,Остальные,0,0.0,-0.0,False
13643,2011-06-07 11:40:00,2011-11-08 15:37:00,3,519.44,23,Активные повторные,0,0.0,-0.0,False
13644,2011-08-26 11:53:00,2011-11-23 14:07:00,4,2624.26,8,Активные ценные,0,0.0,-0.0,False
13645,2011-08-11 16:11:00,2011-08-11 16:11:00,1,252.1,112,Остальные,0,0.0,-0.0,False
13647,2011-04-19 09:49:00,2011-11-30 12:00:00,4,1678.1200000000001,1,Активные ценные,1,-7.9,0.004707649035825805,False
13649,2010-12-08 14:46:00,2011-03-28 11:51:00,2,346.6,248,Давно не покупавшие повторные,0,0.0,-0.0,False
13650,2011-03-17 12:37:00,2011-11-23 12:22:00,6,1836.3400000000001,8,Активные ценные,2,-27.0,0.014703159545617912,False
13651,2011-10-31 12:11:00,2011-10-31 12:11:00,1,79.2,31,Остальные,0,0.0,-0.0,False
13652,2010-12-06 09:21:00,2011-10-25 08:51:00,3,1095.08,37,Активные повторные,0,0.0,-0.0,False
13654,2011-03-11 12:54:00,2011-10-27 16:24:00,6,2707.33,35,Активные повторные,0,0.0,-0.0,False
13655,2011-04-12 09:53:00,2011-08-17 14:25:00,2,932.97,106,Давно не покупавшие повторные,0,0.0,-0.0,False
13656,2011-01-06 15:42:00,2011-06-28 10:31:00,2,379.65,156,Давно не покупавшие повторные,0,0.0,-0.0,False
13657,2011-05-22 12:35:00,2011-11-29 12:32:00,2,382.14,2,Остальные,0,0.0,-0.0,False
13658,2011-05-19 17:15:00,2011-11-30 10:13:00,5,2639.17,1,Активные ценные,4,-217.7,0.08248805495667198,False
13659,2011-01-23 12:08:00,2011-05-18 12:37:00,2,1573.2,197,Давно не покупавшие повторные,4,-22.35,0.014206712433257057,False
13662,2011-03-25 13:23:00,2011-09-15 12:04:00,3,897.76,77,Остальные,5,-18.68,0.020807342719657815,False
13663,2011-06-13 15:44:00,2011-06-13 15:44:00,1,189.47,171,Остальные,0,0.0,-0.0,False
13666,2011-02-25 13:05:00,2011-10-10 15:39:00,3,84.65,52,Активные повторные,0,0.0,-0.0,False
13667,2011-07-13 15:42:00,2011-07-13 15:42:00,1,305.02,141,Остальные,0,0.0,-0.0,False
13668,2010-12-12 12:35:00,2011-11-29 12:50:00,20,6030.57,2,Активные ценные,30,-143.77,0.0238402008433697,False
13669,2011-07-13 11:44:00,2011-10-20 09:32:00,2,218.55,42,Остальные,0,0.0,-0.0,False
13670,2011-09-25 15:25:00,2011-09-25 15:25:00,1,349.7,67,Остальные,0,0.0,-0.0,False
13672,2011-01-11 13:54:00,2011-02-11 13:53:00,2,186.39000000000001,293,Давно не покупавшие повторные,9,-186.39000000000001,1.0,True
13673,2011-11-07 15:40:00,2011-11-21 12:11:00,2,396.91999999999996,10,Остальные,0,0.0,-0.0,False
13675,2011-02-28 12:14:00,2011-07-11 12:57:00,2,486.82000000000005,143,Давно не покупавшие повторные,0,0.0,-0.0,False
13678,2011-07-11 10:14:00,2011-07-11 10:14:00,1,232.6,143,Остальные,0,0.0,-0.0,False
13680,2011-01-04 14:12:00,2011-10-31 13:22:00,3,3084.04,31,Активные повторные,21,-1520.11,0.4928956822868704,False
13681,2011-07-07 15:21:00,2011-11-22 11:13:00,4,827.83,9,Активные повторные,0,0.0,-0.0,False
13682,2011-06-05 14:06:00,2011-06-05 14:06:00,1,59.5,179,Остальные,0,0.0,-0.0,False
13684,2011-02-27 10:13:00,2011-02-27 10:13:00,1,67.23,277,Остальные,1,-3.0,0.04462293618920125,False
13685,2011-10-10 12:59:00,2011-10-25 13:14:00,3,1934.45,37,Активные повторные,0,0.0,-0.0,False
13686,2011-06-10 09:10:00,2011-06-10 09:10:00,1,72.0,174,Остальные,0,0.0,-0.0,False
13689,2011-10-07 13:21:00,2011-10-07 13:21:00,1,910.0,55,Остальные,0,0.0,-0.0,False
13690,2011-10-11 15:03:00,2011-10-11 15:03:00,1,172.25,51,Остальные,0,0.0,-0.0,False
13692,2011-04-17 12:57:00,2011-11-15 11:17:00,3,1488.3200000000002,16,Активные повторные,1,-14.95,0.01004488282089873,False
13694,2010-12-01 12:12:00,2011-11-14 11:11:00,47,61908.46,17,Активные ценные,14,-2115.52,0.03417174324801489,False
13695,2011-03-25 11:31:00,2011-11-08 14:26:00,15,2504.13,23,Активные ценные,0,0.0,-0.0,False
13697,2011-11-01 09:14:00,2011-11-01 09:14:00,1,151.29999999999998,30,Недавние однократные,0,0.0,-0.0,False
13699,2011-07-07 16:51:00,2011-07-07 16:51:00,1,308.58000000000004,147,Остальные,0,0.0,-0.0,False
13700,2011-01-16 13:18:00,2011-11-13 13:00:00,10,2265.12,18,Активные ценные,0,0.0,-0.0,False
13703,2011-01-25 13:10:00,2011-01-25 13:10:00,1,99.5,310,Остальные,0,0.0,-0.0,False
13704,2011-09-12 14:40:00,2011-11-17 14:30:00,8,2143.38,14,Активные ценные,1,-12.75,0.005948548554152787,False
13705,2010-12-01 10:29:00,2011-07-18 09:15:00,2,522.68,136,Давно не покупавшие повторные,0,0.0,-0.0,False
13706,2011-02-10 09:21:00,2011-02-10 09:21:00,1,330.79,294,Остальные,0,0.0,-0.0,False
13707,2011-01-28 13:27:00,2011-03-17 18:03:00,2,806.41,259,Давно не покупавшие повторные,0,0.0,-0.0,False
13708,2011-03-13 13:46:00,2011-03-13 13:46:00,1,294.88,263,Остальные,0,0.0,-0.0,False
13709,2011-01-28 14:57:00,2011-11-03 11:32:00,11,5799.74,28,Активные ценные,10,-78.94,0.013610954973843655,False
13710,2011-11-08 08:16:00,2011-11-08 08:16:00,1,180.48,23,Недавние однократные,0,0.0,-0.0,False
13711,2011-05-05 10:29:00,2011-05-05 10:31:00,2,252.06,210,Давно не покупавшие повторные,0,0.0,-0.0,False
13712,2011-04-07 12:33:00,2011-04-07 12:33:00,1,228.84,238,Остальные,0,0.0,-0.0,False
13715,2010-12-02 08:52:00,2011-03-03 19:21:00,5,1079.34,273,Давно не покупавшие повторные,3,-25.4,0.023532899735023257,False
13716,2011-03-15 13:49:00,2011-03-15 13:49:00,1,138.28,261,Остальные,0,0.0,-0.0,False
13717,2011-02-14 13:21:00,2011-11-07 14:13:00,6,1445.01,24,Активные повторные,1,-12.75,0.008823468349700003,False
13718,2011-02-17 11:58:00,2011-04-07 13:24:00,2,306.55,238,Давно не покупавшие повторные,0,0.0,-0.0,False
13719,2011-04-19 13:56:00,2011-11-24 15:26:00,5,1041.68,7,Активные повторные,0,0.0,-0.0,False
13720,2011-03-30 09:17:00,2011-08-15 12:46:00,4,799.9,108,Давно не покупавшие повторные,0,0.0,-0.0,False
13721,2011-11-03 14:05:00,2011-11-03 14:05:00,1,524.14,28,Недавние однократные,0,0.0,-0.0,False
13722,2011-03-02 11:43:00,2011-07-31 12:44:00,3,2375.41,123,Давно не покупавшие повторные,1,-6.25,0.0026311247321515025,False
13723,2011-05-06 17:04:00,2011-05-06 17:04:00,1,199.85000000000002,209,Остальные,0,0.0,-0.0,False
13725,2011-02-04 12:18:00,2011-10-21 10:03:00,8,1980.56,41,Активные повторные,14,-170.75,0.08621299026537949,False
13726,2011-08-31 11:06:00,2011-11-01 10:49:00,2,1079.66,30,Остальные,0,0.0,-0.0,False
13727,2011-11-06 12:16:00,2011-11-11 09:46:00,2,333.48,20,Остальные,0,0.0,-0.0,False
13728,2011-02-02 12:09:00,2011-11-03 10:49:00,6,1016.14,28,Активные повторные,0,0.0,-0.0,False
13730,2011-07-01 12:47:00,2011-07-27 08:35:00,2,752.5999999999999,127,Давно не покупавшие повторные,0,0.0,-0.0,False
13731,2011-04-07 10:10:00,2011-05-04 14:33:00,2,610.59,211,Давно не покупавшие повторные,0,0.0,-0.0,False
13732,2011-11-11 15:49:00,2011-11-11 15:49:00,1,491.86,20,Недавние однократные,0,0.0,-0.0,False
13735,2011-04-19 13:49:00,2011-11-15 11:14:00,4,2885.24,16,Активные ценные,12,-119.06,0.041265198042450546,False
13736,2011-03-24 13:04:00,2011-03-24 13:04:00,1,357.53,252,Остальные,3,-7.9,0.022096047884093646,False
13737,2011-05-23 16:32:00,2011-05-23 16:32:00,1,339.59999999999997,192,Остальные,0,0.0,-0.0,False
13739,2011-11-21 13:35:00,2011-11-21 13:35:00,1,216.9,10,Недавние однократные,0,0.0,-0.0,False
13740,2011-04-13 10:32:00,2011-04-13 10:32:00,1,350.75,232,Остальные,0,0.0,-0.0,False
13741,2011-05-06 13:43:00,2011-09-29 09:19:00,3,668.4300000000001,63,Остальные,1,-2.1,0.0031416902293433867,False
13742,2011-01-23 14:59:00,2011-11-23 11:07:00,12,3131.02,8,Активные ценные,2,-28.599999999999998,0.009134403485126253,False
13743,2011-03-25 14:46:00,2011-09-12 12:19:00,6,1065.84,80,Остальные,1,-1.45,0.001360429332732868,False
13744,2011-02-20 14:08:00,2011-09-05 15:19:00,2,1156.36,87,Остальные,0,0.0,-0.0,False
13745,2011-06-30 16:43:00,2011-06-30 16:43:00,1,300.04,154,Остальные,1,-8.5,0.028329556059192105,False
13747,2010-12-01 10:37:00,2010-12-01 10:37:00,1,79.6,365,Остальные,0,0.0,-0.0,False
13748,2010-12-01 09:00:00,2011-09-05 09:45:00,5,948.25,87,Остальные,0,0.0,-0.0,False
13750,2011-01-07 11:49:00,2011-10-17 12:16:00,5,1647.26,45,Активные повторные,0,0.0,-0.0,False
13751,2011-02-24 15:56:00,2011-02-24 15:56:00,1,296.25,280,Остальные,0,0.0,-0.0,False
13752,2011-04-07 12:04:00,2011-08-07 14:16:00,6,1186.2800000000002,116,Давно не покупавшие повторные,0,0.0,-0.0,False
13753,2011-02-25 12:48:00,2011-02-25 12:48:00,1,741.26,279,Остальные,0,0.0,-0.0,False
13754,2011-01-26 14:58:00,2011-07-11 11:51:00,2,282.6,143,Давно не покупавшие повторные,0,0.0,-0.0,False
13755,2011-10-07 15:45:00,2011-11-30 13:29:00,8,2004.45,1,Активные ценные,1,-6.67,0.0033275960986804357,False
13756,2010-12-07 11:41:00,2011-11-17 10:02:00,12,4343.12,14,Активные ценные,1,-44.400000000000006,0.010223065446038794,False
13758,2010-12-01 12:08:00,2011-11-28 11:11:00,7,3190.55,3,Активные ценные,0,0.0,-0.0,False
13759,2011-09-29 15:40:00,2011-11-06 14:47:00,2,659.41,25,Остальные,0,0.0,-0.0,False
13760,2011-03-28 12:52:00,2011-10-16 16:13:00,2,286.79,46,Остальные,0,0.0,-0.0,False
13761,2011-06-13 08:43:00,2011-10-20 14:01:00,2,1070.65,42,Остальные,0,0.0,-0.0,False
13762,2011-05-05 09:15:00,2011-05-05 09:15:00,1,306.71999999999997,210,Остальные,7,-306.71999999999997,1.0,True
13763,2011-10-07 15:13:00,2011-10-07 15:13:00,1,1714.96,55,Остальные,2,-25.5,0.01486915146708961,False
13764,2011-01-06 14:53:00,2011-09-30 12:03:00,3,1518.76,62,Остальные,0,0.0,-0.0,False
13767,2010-12-01 10:47:00,2011-11-14 12:22:00,36,16334.380000000001,17,Активные ценные,31,-274.65000000000003,0.016814228639225978,False
13769,2010-12-07 13:28:00,2011-11-02 13:37:00,9,2478.59,29,Активные ценные,8,-24.64,0.009941135887742628,False
13771,2011-04-06 15:47:00,2011-10-06 14:18:00,4,2634.45,56,Активные повторные,1,-2.75,0.0010438611474880906,False
13772,2011-04-14 12:31:00,2011-11-06 11:43:00,3,1132.13,25,Активные повторные,0,0.0,-0.0,False
13774,2011-09-19 12:06:00,2011-09-19 12:06:00,1,345.0,73,Остальные,0,0.0,-0.0,False
13777,2010-12-01 16:01:00,2011-11-15 09:42:00,30,23460.41,16,Активные ценные,20,-219.06,0.009337432721764027,False
13778,2011-08-28 15:25:00,2011-08-28 15:25:00,1,178.7,95,Остальные,0,0.0,-0.0,False
13780,2011-06-22 11:43:00,2011-06-22 11:43:00,1,116.28000000000002,162,Остальные,0,0.0,-0.0,False
13781,2011-04-03 12:08:00,2011-04-03 12:08:00,1,127.84,242,Остальные,0,0.0,-0.0,False
13782,2011-01-16 11:08:00,2011-11-27 11:54:00,6,912.0,4,Активные повторные,0,0.0,-0.0,False
13784,2011-01-11 14:38:00,2011-11-30 09:33:00,11,2462.79,1,Активные ценные,0,0.0,-0.0,False
13786,2010-12-07 13:53:00,2010-12-07 13:53:00,1,230.39999999999998,359,Остальные,0,0.0,-0.0,False
13787,2010-12-10 14:45:00,2011-09-25 12:06:00,2,309.04,67,Остальные,0,0.0,-0.0,False
13791,2011-06-24 16:38:00,2011-08-04 11:44:00,2,1516.0,119,Давно не покупавшие повторные,6,-468.32,0.3089182058047493,False
13792,2011-02-25 14:03:00,2011-10-04 14:31:00,2,195.55,58,Остальные,0,0.0,-0.0,False
13798,2010-12-02 17:24:00,2011-11-28 12:19:00,54,35316.61,3,Активные ценные,90,-802.43,0.02272103692851607,False
13799,2011-02-18 14:18:00,2011-08-15 12:07:00,2,688.8599999999999,108,Давно не покупавшие повторные,0,0.0,-0.0,False
13800,2011-02-03 12:27:00,2011-02-03 12:27:00,1,558.32,301,Остальные,0,0.0,-0.0,False
13801,2011-10-04 10:15:00,2011-10-04 10:15:00,1,324.8,58,Остальные,0,0.0,-0.0,False
13802,2011-02-01 12:03:00,2011-07-24 10:54:00,3,4599.42,130,Давно не покупавшие повторные,6,-693.15,0.1507037843902057,False
13803,2011-03-29 12:57:00,2011-03-29 12:57:00,1,277.07,247,Остальные,0,0.0,-0.0,False
13804,2011-02-23 09:09:00,2011-11-09 12:32:00,7,2635.79,22,Активные ценные,0,0.0,-0.0,False
13805,2011-08-02 15:29:00,2011-10-18 14:50:00,2,924.6,44,Остальные,0,0.0,-0.0,False
13806,2011-10-07 11:43:00,2011-10-07 11:43:00,1,256.38,55,Остальные,0,0.0,-0.0,False
13807,2010-12-07 15:48:00,2010-12-07 15:48:00,1,112.6,359,Остальные,0,0.0,-0.0,False
13808,2011-09-04 12:07:00,2011-10-24 12:38:00,4,1518.5,38,Активные повторные,0,0.0,-0.0,False
13809,2011-02-07 13:15:00,2011-02-07 13:15:00,1,155.05,297,Остальные,0,0.0,-0.0,False
13810,2011-10-14 12:57:00,2011-11-11 08:33:00,2,827.51,20,Остальные,0,0.0,-0.0,False
13811,2011-04-14 18:40:00,2011-06-09 09:54:00,2,519.75,175,Давно не покупавшие повторные,0,0.0,-0.0,False
13812,2011-08-26 12:54:00,2011-10-28 14:27:00,3,485.0,34,Активные повторные,0,0.0,-0.0,False
13813,2011-07-28 10:33:00,2011-10-31 10:38:00,4,1168.8600000000001,31,Активные повторные,2,-13.45,0.011506938384408739,False
13814,2011-07-25 13:54:00,2011-09-08 13:48:00,2,1579.12,84,Остальные,1,-17.0,0.010765489639799383,False
13815,2011-01-25 12:16:00,2011-11-17 14:19:00,4,3667.36,14,Активные ценные,1,-12.450000000000001,0.0033948126172505563,False
13816,2011-10-06 14:37:00,2011-11-16 08:38:00,2,499.67,15,Остальные,5,-16.63,0.03328196609762443,False
13817,2010-12-23 11:46:00,2011-11-10 17:49:00,2,328.98,21,Остальные,0,0.0,-0.0,False
13819,2011-01-24 10:38:00,2011-02-11 10:38:00,3,1140.35,293,Давно не покупавшие повторные,0,0.0,-0.0,False
13821,2011-03-23 11:30:00,2011-07-18 09:49:00,2,385.64,136,Давно не покупавшие повторные,0,0.0,-0.0,False
13822,2011-10-30 15:55:00,2011-10-30 15:55:00,1,468.38,32,Остальные,0,0.0,-0.0,False
13823,2011-09-09 10:42:00,2011-11-21 10:22:00,2,957.66,10,Остальные,0,0.0,-0.0,False
13824,2011-02-02 13:07:00,2011-11-07 12:41:00,5,1698.94,24,Активные ценные,0,0.0,-0.0,False
13826,2011-06-16 13:48:00,2011-06-16 13:48:00,1,189.5,168,Остальные,1,-9.95,0.0525065963060686,False
13827,2011-07-19 15:38:00,2011-10-13 12:38:00,3,412.05,49,Активные повторные,0,0.0,-0.0,False
13828,2011-11-17 16:02:00,2011-11-17 16:02:00,1,209.49,14,Недавние однократные,0,0.0,-0.0,False
13831,2010-12-05 12:13:00,2011-11-23 15:41:00,6,2202.99,8,Активные ценные,0,0.0,-0.0,False
13832,2011-11-20 15:36:00,2011-11-20 15:36:00,1,52.199999999999996,11,Недавние однократные,1,-11.25,0.21551724137931036,False
13833,2011-07-03 13:27:00,2011-07-03 13:27:00,1,384.8,151,Остальные,0,0.0,-0.0,False
13835,2011-05-08 15:22:00,2011-11-14 15:37:00,4,834.5699999999999,17,Активные повторные,0,0.0,-0.0,False
13837,2011-01-26 12:15:00,2011-05-12 12:10:00,2,271.24,203,Давно не покупавшие повторные,0,0.0,-0.0,False
13838,2010-12-05 10:45:00,2011-08-14 10:52:00,3,479.59000000000003,109,Давно не покупавшие повторные,0,0.0,-0.0,False
13841,2011-04-01 12:10:00,2011-04-01 12:10:00,1,85.0,244,Остальные,0,0.0,-0.0,False
13842,2010-12-08 10:39:00,2011-10-12 10:51:00,9,3385.62,50,Активные повторные,0,0.0,-0.0,False
13844,2011-11-28 13:21:00,2011-11-28 13:21:00,1,361.62,3,Недавние однократные,0,0.0,-0.0,False
13845,2011-10-06 08:25:00,2011-10-06 08:25:00,1,312.98,56,Остальные,0,0.0,-0.0,False
13846,2010-12-14 16:07:00,2011-11-15 12:07:00,3,865.06,16,Активные повторные,3,-17.45,0.02017201118997526,False
13848,2010-12-08 15:10:00,2011-09-08 12:58:00,3,1255.0,84,Остальные,0,0.0,-0.0,False
13849,2011-06-22 10:11:00,2011-10-19 10:59:00,2,1537.9499999999998,43,Остальные,0,0.0,-0.0,False
13850,2011-08-02 14:04:00,2011-08-02 14:04:00,1,1595.48,121,Остальные,1,-8.67,0.005434101336274977,False
13851,2011-02-24 17:18:00,2011-09-05 12:36:00,3,2651.46,87,Остальные,0,0.0,-0.0,False
13853,2011-10-13 14:18:00,2011-10-13 14:18:00,1,1090.14,49,Остальные,0,0.0,-0.0,False
13854,2010-12-09 10:48:00,2011-11-15 16:34:00,24,7807.24,16,Активные ценные,4,-84.5,0.010823287102740534,False
13856,2011-05-20 13:13:00,2011-06-24 10:03:00,3,388.5,160,Давно не покупавшие повторные,3,-25.1,0.06460746460746461,False
13858,2011-10-13 16:17:00,2011-10-13 16:17:00,1,216.17,49,Остальные,0,0.0,-0.0,False
13859,2011-01-17 16:14:00,2011-01-17 16:14:00,1,201.16,318,Остальные,0,0.0,-0.0,False
13860,2011-09-14 09:27:00,2011-11-25 13:42:00,4,926.45,6,Активные повторные,1,-5.9,0.006368395488153705,False
13862,2011-01-11 15:13:00,2011-11-21 16:24:00,8,2209.36,10,Активные ценные,3,-22.05,0.009980265778324945,False
13863,2011-04-06 10:20:00,2011-04-06 10:20:00,1,305.78,239,Остальные,2,-6.22,0.02034142193734057,False
13865,2011-02-23 12:04:00,2011-10-12 13:31:00,4,501.56,50,Активные повторные,0,0.0,-0.0,False
13866,2011-09-26 14:54:00,2011-09-26 14:54:00,1,145.67000000000002,66,Остальные,0,0.0,-0.0,False
13867,2011-05-05 17:28:00,2011-11-08 15:48:00,3,1015.29,23,Активные повторные,0,0.0,-0.0,False
13868,2011-11-01 12:45:00,2011-11-01 12:45:00,1,507.54,30,Недавние однократные,0,0.0,-0.0,False
13869,2010-12-17 15:14:00,2011-08-08 13:53:00,4,3104.95,115,Давно не покупавшие повторные,0,0.0,-0.0,False
13870,2011-02-25 09:09:00,2011-10-30 16:11:00,7,2618.19,32,Активные повторные,3,-19.69,0.0075204626096654565,False
13871,2011-02-04 09:30:00,2011-11-17 10:49:00,13,6403.25,14,Активные ценные,2,-13.450000000000001,0.002100495841955257,False
13873,2011-02-03 09:37:00,2011-08-12 10:08:00,3,389.6,111,Давно не покупавшие повторные,1,-7.9,0.020277207392197124,False
13874,2010-12-16 18:20:00,2010-12-16 18:20:00,1,540.45,350,Остальные,0,0.0,-0.0,False
13875,2011-02-11 15:39:00,2011-10-17 09:36:00,5,1786.79,45,Активные повторные,0,0.0,-0.0,False
13876,2011-10-07 10:22:00,2011-10-07 10:22:00,1,122.7,55,Остальные,0,0.0,-0.0,False
13877,2011-09-14 15:49:00,2011-09-14 15:49:00,1,117.24,78,Остальные,0,0.0,-0.0,False
13878,2011-10-16 12:19:00,2011-10-16 12:19:00,1,1281.53,46,Остальные,0,0.0,-0.0,False
13880,2010-12-07 14:00:00,2011-11-18 13:44:00,13,3219.77,13,Активные ценные,0,0.0,-0.0,False
13881,2011-02-01 10:14:00,2011-11-28 15:10:00,19,16590.4,3,Активные ценные,2,-170.0,0.010246889767576428,False
13882,2011-10-06 15:28:00,2011-11-28 13:08:00,4,998.05,3,Активные повторные,1,-59.849999999999994,0.059966935524272326,False
13883,2011-03-31 17:17:00,2011-11-29 10:45:00,5,2674.48,2,Активные ценные,7,-96.08,0.03592474051030481,False
13884,2011-03-01 13:40:00,2011-09-11 13:58:00,4,540.5,81,Остальные,1,-6.300000000000001,0.011655874190564294,False
13885,2011-05-23 08:52:00,2011-06-03 15:07:00,2,506.80000000000007,181,Давно не покупавшие повторные,0,0.0,-0.0,False
13886,2011-09-29 13:17:00,2011-09-29 13:17:00,1,243.56,63,Остальные,0,0.0,-0.0,False
13887,2011-05-19 17:22:00,2011-05-19 17:22:00,1,349.55,196,Остальные,0,0.0,-0.0,False
13888,2011-05-05 14:41:00,2011-08-12 10:13:00,2,605.63,111,Давно не покупавшие повторные,0,0.0,-0.0,False
13889,2011-09-08 09:13:00,2011-09-08 09:13:00,1,416.90000000000003,84,Остальные,0,0.0,-0.0,False
13890,2010-12-16 09:31:00,2011-11-17 14:46:00,7,1367.61,14,Активные повторные,4,-22.95,0.016781099874964355,False
13892,2011-04-07 12:04:00,2011-11-13 11:50:00,4,632.9699999999999,18,Активные повторные,0,0.0,-0.0,False
13893,2011-02-15 11:30:00,2011-02-15 11:30:00,1,821.1,289,Остальные,0,0.0,-0.0,False
13894,2011-02-02 12:54:00,2011-11-16 09:44:00,3,564.62,15,Активные повторные,3,-28.65,0.05074209202649569,False
13895,2011-06-28 10:17:00,2011-11-11 16:57:00,4,2593.07,20,Активные ценные,1,-4.95,0.001908934197688454,False
13897,2011-10-20 14:30:00,2011-10-20 14:30:00,1,311.16,42,Остальные,0,0.0,-0.0,False
13898,2011-01-18 10:28:00,2011-01-18 10:28:00,1,155.93,317,Остальные,0,0.0,-0.0,False
13899,2011-03-10 09:30:00,2011-11-23 13:40:00,2,388.52,8,Остальные,0,0.0,-0.0,False
13900,2011-03-22 10:13:00,2011-06-09 19:26:00,3,740.95,175,Давно не покупавшие повторные,0,0.0,-0.0,False
13901,2011-01-25 09:01:00,2011-09-28 14:48:00,5,2867.2,64,Остальные,0,0.0,-0.0,False
13904,2011-02-18 11:18:00,2011-11-02 13:41:00,2,332.64,29,Остальные,0,0.0,-0.0,False
13908,2011-03-08 12:04:00,2011-09-21 11:49:00,4,2319.55,71,Остальные,4,-22.5,0.009700157358108252,False
13911,2011-02-04 14:46:00,2011-10-13 15:43:00,9,2580.91,49,Активные повторные,0,0.0,-0.0,False
13914,2011-11-03 16:28:00,2011-11-28 10:35:00,2,626.45,3,Остальные,0,0.0,-0.0,False
13917,2011-06-01 12:46:00,2011-10-21 09:56:00,2,272.03999999999996,41,Остальные,0,0.0,-0.0,False
13918,2011-03-31 18:05:00,2011-10-21 12:25:00,2,1212.84,41,Остальные,0,0.0,-0.0,False
13919,2011-08-10 10:15:00,2011-10-11 14:24:00,2,348.81,51,Остальные,5,-34.65,0.09933774834437085,False
13922,2010-12-23 10:38:00,2010-12-23 10:38:00,1,172.25,343,Остальные,0,0.0,-0.0,False
13923,2011-10-17 12:33:00,2011-10-17 12:33:00,1,351.13,45,Остальные,0,0.0,-0.0,False
13924,2011-09-28 15:07:00,2011-11-22 11:28:00,5,1536.45,9,Активные повторные,20,-156.77,0.10203390933645742,False
13925,2011-07-28 12:09:00,2011-09-08 12:47:00,4,678.25,84,Остальные,4,-61.599999999999994,0.09082196830077405,False
13926,2011-11-16 13:16:00,2011-11-16 13:16:00,1,223.85000000000002,15,Недавние однократные,0,0.0,-0.0,False
13927,2011-09-26 12:00:00,2011-09-26 12:00:00,1,348.99,66,Остальные,0,0.0,-0.0,False
13928,2011-07-29 15:59:00,2011-11-29 10:33:00,4,464.57000000000005,2,Активные повторные,0,0.0,-0.0,False
13929,2011-01-17 15:11:00,2011-06-23 15:26:00,2,842.6500000000001,161,Давно не покупавшие повторные,1,-39.8,0.0472319468343915,False
13930,2011-07-26 11:00:00,2011-10-13 09:45:00,2,337.34,49,Остальные,0,0.0,-0.0,False
13931,2011-03-04 08:43:00,2011-09-05 10:12:00,2,1237.5300000000002,87,Остальные,1,-6.6,0.005333204043538337,False
13932,2011-02-18 12:02:00,2011-02-18 12:02:00,1,307.4,286,Остальные,0,0.0,-0.0,False
13933,2011-07-14 13:35:00,2011-08-22 14:03:00,2,608.79,101,Давно не покупавшие повторные,0,0.0,-0.0,False
13934,2011-03-21 08:39:00,2011-03-21 08:39:00,1,922.1,255,Остальные,0,0.0,-0.0,False
13936,2011-06-13 08:47:00,2011-06-13 08:47:00,1,376.58,171,Остальные,1,-15.299999999999999,0.04062881724998672,False
13937,2011-06-23 16:35:00,2011-06-23 16:35:00,1,158.85,161,Остальные,0,0.0,-0.0,False
13938,2011-11-04 14:37:00,2011-11-04 14:37:00,1,71.66,27,Недавние однократные,0,0.0,-0.0,False
13939,2011-02-01 11:30:00,2011-11-16 13:33:00,3,568.55,15,Активные повторные,1,-11.8,0.020754551050919008,False
13940,2011-07-18 16:05:00,2011-11-22 15:15:00,4,839.14,9,Активные повторные,0,0.0,-0.0,False
13941,2010-12-02 10:17:00,2011-11-18 09:43:00,5,5112.96,13,Активные ценные,2,-200.55,0.039223854675178374,False
13946,2011-03-17 10:02:00,2011-09-21 13:33:00,3,561.57,71,Остальные,0,0.0,-0.0,False
13947,2011-10-05 14:42:00,2011-10-05 14:42:00,1,90.6,57,Остальные,0,0.0,-0.0,False
13948,2010-12-14 10:18:00,2010-12-14 10:18:00,1,102.0,352,Остальные,0,0.0,-0.0,False
13949,2011-09-06 11:55:00,2011-11-15 11:30:00,5,1909.0900000000001,16,Активные ценные,0,0.0,-0.0,False
13950,2011-04-07 11:29:00,2011-11-28 14:44:00,4,745.06,3,Активные повторные,1,-16.5,0.022145867446917027,False
13951,2011-02-18 15:21:00,2011-06-16 16:43:00,3,674.45,168,Давно не покупавшие повторные,0,0.0,-0.0,False
13952,2011-04-15 09:27:00,2011-05-06 09:00:00,2,3251.071,209,Давно не покупавшие повторные,1,-4.9799999999999995,0.0015318029043352175,False
13953,2010-12-22 10:29:00,2011-10-18 10:55:00,6,3104.36,44,Активные повторные,0,0.0,-0.0,False
13954,2011-09-30 10:52:00,2011-09-30 10:52:00,1,227.41,62,Остальные,5,-61.33,0.26968910777890154,False
13955,2011-02-07 12:24:00,2011-07-08 17:19:00,2,322.96,146,Давно не покупавшие повторные,0,0.0,-0.0,False
13956,2011-03-13 12:51:00,2011-10-16 15:56:00,4,869.92,46,Активные повторные,0,0.0,-0.0,False
13959,2010-12-12 13:56:00,2011-09-21 15:06:00,3,598.2,71,Остальные,0,0.0,-0.0,False
13960,2011-09-29 12:39:00,2011-11-18 15:27:00,2,230.22,13,Остальные,0,0.0,-0.0,False
13962,2011-04-08 11:21:00,2011-11-18 08:47:00,2,169.55,13,Остальные,0,0.0,-0.0,False
13963,2010-12-07 09:21:00,2011-02-04 14:43:00,4,664.54,300,Давно не покупавшие повторные,0,0.0,-0.0,False
13967,2011-07-17 12:02:00,2011-07-17 12:02:00,1,80.7,137,Остальные,0,0.0,-0.0,False
13969,2010-12-09 19:32:00,2011-11-23 08:43:00,16,7912.04,8,Активные ценные,1,-2.55,0.00032229361833357767,False
13971,2011-02-27 12:27:00,2011-11-21 12:06:00,8,2758.26,10,Активные ценные,8,-47.74,0.01730801302270272,False
13972,2011-05-22 11:34:00,2011-09-30 11:54:00,2,190.25,62,Остальные,0,0.0,-0.0,False
13973,2011-02-25 15:21:00,2011-02-25 15:21:00,1,264.7,279,Остальные,0,0.0,-0.0,False
13974,2011-10-21 14:41:00,2011-10-21 14:41:00,1,413.59000000000003,41,Остальные,0,0.0,-0.0,False
13975,2011-03-08 12:19:00,2011-11-08 13:19:00,6,2526.28,23,Активные ценные,2,-23.05,0.009124087591240875,False
13976,2011-05-17 09:13:00,2011-05-17 09:13:00,1,357.98,198,Остальные,0,0.0,-0.0,False
13978,2011-10-25 15:04:00,2011-11-25 11:36:00,2,196.79000000000002,6,Остальные,0,0.0,-0.0,False
13979,2011-09-27 13:32:00,2011-09-27 13:32:00,1,869.87,65,Остальные,0,0.0,-0.0,False
13980,2011-10-10 13:34:00,2011-10-10 13:34:00,1,200.14,52,Остальные,0,0.0,-0.0,False
13982,2010-12-09 13:57:00,2011-10-31 16:24:00,4,1871.81,31,Активные повторные,4,-10.7,0.005716392155186691,False
13983,2010-12-08 10:38:00,2011-11-10 11:06:00,12,2603.4300000000003,21,Активные ценные,5,-12.969999999999999,0.004981889276838631,False
13984,2010-12-08 15:58:00,2011-11-13 12:38:00,5,920.51,18,Активные повторные,1,-432.48,0.4698265092177163,False
13985,2011-03-20 13:48:00,2011-11-25 10:02:00,14,6912.57,6,Активные ценные,2,-35.6,0.0051500382636269874,False
13986,2011-11-22 15:00:00,2011-11-22 15:00:00,1,320.46,9,Недавние однократные,0,0.0,-0.0,False
13988,2011-03-30 11:48:00,2011-11-20 10:15:00,6,4147.96,11,Активные ценные,5,-49.160000000000004,0.011851608983693189,False
13989,2011-04-14 15:39:00,2011-10-05 09:47:00,2,1266.08,57,Остальные,0,0.0,-0.0,False
13990,2011-05-10 15:19:00,2011-05-10 15:19:00,1,311.3,205,Остальные,0,0.0,-0.0,False
13991,2011-07-19 12:58:00,2011-11-27 16:18:00,6,854.97,4,Активные повторные,2,-5.34,0.006245833187129373,False
13992,2011-11-09 15:23:00,2011-11-09 15:23:00,1,76.8,22,Недавние однократные,0,0.0,-0.0,False
13993,2011-01-13 10:43:00,2011-10-28 09:06:00,9,3466.36,34,Активные повторные,4,-56.7,0.016357216215280582,False
13994,2011-07-14 18:28:00,2011-10-31 11:10:00,5,2197.04,31,Активные повторные,0,0.0,-0.0,False
13995,2011-04-08 08:20:00,2011-11-24 14:22:00,5,1393.69,7,Активные повторные,1,-10.2,0.007318700715367118,False
13999,2010-12-13 11:23:00,2011-11-29 13:40:00,12,3901.81,2,Активные ценные,4,-36.55,0.009367447415430274,False
14000,2011-05-12 16:50:00,2011-05-12 16:50:00,1,635.66,203,Остальные,1,-1.9500000000000002,0.0030676776893307747,False
14001,2010-12-01 12:58:00,2011-10-25 10:31:00,3,2043.08,37,Активные повторные,0,0.0,-0.0,False
14002,2011-07-06 14:59:00,2011-07-28 15:55:00,2,529.73,126,Давно не покупавшие повторные,0,0.0,-0.0,False
14004,2011-02-24 09:28:00,2011-10-27 14:40:00,7,4582.64,35,Активные повторные,0,0.0,-0.0,False
14005,2011-05-08 10:33:00,2011-11-30 12:41:00,5,2874.7200000000003,1,Активные ценные,0,0.0,-0.0,False
14006,2011-01-31 15:11:00,2011-08-16 09:39:00,3,962.19,107,Давно не покупавшие повторные,0,0.0,-0.0,False
14009,2011-05-18 13:00:00,2011-05-25 15:47:00,2,695.61,190,Давно не покупавшие повторные,2,-9.680000000000001,0.013915843648021163,False
14012,2011-03-07 12:26:00,2011-03-07 12:26:00,1,328.8,269,Остальные,0,0.0,-0.0,False
14013,2011-03-09 08:59:00,2011-08-21 15:01:00,3,473.02,102,Давно не покупавшие повторные,0,0.0,-0.0,False
14014,2011-09-23 13:18:00,2011-09-23 13:18:00,1,505.18,69,Остальные,0,0.0,-0.0,False
14015,2011-10-18 10:02:00,2011-10-18 10:02:00,1,917.34,44,Остальные,0,0.0,-0.0,False
14016,2010-12-17 14:21:00,2011-07-01 11:29:00,4,4291.21,153,Давно не покупавшие повторные,1,-12.75,0.002971189944095022,False
14019,2011-07-24 15:39:00,2011-10-24 10:13:00,3,1421.61,38,Активные повторные,2,-22.65,0.0159326397535189,False
14020,2011-09-12 15:32:00,2011-11-23 09:22:00,2,642.8,8,Остальные,0,0.0,-0.0,False
14021,2011-03-28 15:10:00,2011-07-07 15:46:00,3,631.9,147,Давно не покупавшие повторные,0,0.0,-0.0,False
14022,2011-04-28 14:39:00,2011-04-28 14:39:00,1,440.0,217,Остальные,0,0.0,-0.0,False
14023,2011-04-03 15:50:00,2011-04-03 15:50:00,1,273.14,242,Остальные,0,0.0,-0.0,False
14024,2011-08-07 13:31:00,2011-08-10 11:30:00,2,327.7,113,Давно не покупавшие повторные,0,0.0,-0.0,False
14027,2011-10-10 09:01:00,2011-10-10 09:01:00,1,104.82,52,Остальные,0,0.0,-0.0,False
14029,2011-07-18 16:57:00,2011-10-07 14:46:00,2,467.65999999999997,55,Остальные,0,0.0,-0.0,False
14030,2010-12-08 16:11:00,2011-11-21 16:48:00,8,2360.09,10,Активные ценные,0,0.0,-0.0,False
14031,2010-12-02 16:34:00,2011-11-18 17:06:00,18,16779.739999999998,13,Активные ценные,7,-2587.95,0.15423063766184697,False
14032,2010-12-08 10:53:00,2011-11-23 16:24:00,10,2792.4700000000003,8,Активные ценные,9,-45.75,0.016383345210512556,False
14034,2011-07-05 13:06:00,2011-11-17 14:02:00,3,651.82,14,Активные повторные,3,-139.8,0.2144763891871989,False
14035,2011-02-15 12:48:00,2011-11-11 10:03:00,5,1428.02,20,Активные повторные,0,0.0,-0.0,False
14036,2011-02-28 09:26:00,2011-02-28 09:26:00,1,626.65,276,Остальные,0,0.0,-0.0,False
14037,2010-12-10 11:39:00,2011-06-16 13:57:00,2,147.2,168,Давно не покупавшие повторные,0,0.0,-0.0,False
14038,2011-05-16 14:05:00,2011-09-22 13:37:00,3,1560.38,70,Остальные,1,-5.9,0.0037811302375062483,False
14039,2011-11-06 13:48:00,2011-11-06 13:48:00,1,152.2,25,Недавние однократные,0,0.0,-0.0,False
14040,2011-01-12 14:57:00,2011-10-30 12:42:00,12,3614.92,32,Активные повторные,5,-68.67999999999999,0.018999037323094284,False
14041,2011-03-18 13:25:00,2011-03-18 13:25:00,1,141.41,258,Остальные,0,0.0,-0.0,False
14044,2011-02-03 11:39:00,2011-11-13 12:05:00,4,652.82,18,Активные повторные,0,0.0,-0.0,False
14045,2010-12-01 11:32:00,2011-08-22 15:27:00,4,1659.75,101,Давно не покупавшие повторные,0,0.0,-0.0,False
14046,2011-02-28 14:48:00,2011-02-28 14:48:00,1,151.59,276,Остальные,0,0.0,-0.0,False
14047,2010-12-02 10:09:00,2011-09-27 14:08:00,4,957.46,65,Остальные,2,-18.6,0.01942639901405803,False
14048,2011-02-07 14:53:00,2011-02-07 14:53:00,1,409.93,297,Остальные,3,-34.800000000000004,0.08489254262922939,False
14049,2011-01-26 11:27:00,2011-11-23 12:20:00,4,5681.719999999999,8,Активные ценные,17,-42.57,0.007492449469526834,False
14050,2011-08-25 13:46:00,2011-11-08 10:00:00,2,746.36,23,Остальные,0,0.0,-0.0,False
14051,2010-12-08 12:49:00,2011-11-22 16:31:00,21,13647.19,9,Активные ценные,5,-133.05,0.009749259737718901,False
14052,2011-11-20 12:30:00,2011-11-20 12:30:00,1,225.36,11,Недавние однократные,0,0.0,-0.0,False
14053,2011-07-03 12:21:00,2011-08-07 14:27:00,2,260.25,116,Давно не покупавшие повторные,0,0.0,-0.0,False
14054,2011-10-05 15:49:00,2011-10-05 15:49:00,1,92.46,57,Остальные,0,0.0,-0.0,False
14055,2011-08-25 15:04:00,2011-08-25 15:04:00,1,725.6400000000001,98,Остальные,0,0.0,-0.0,False
14056,2011-02-28 15:19:00,2011-11-24 13:25:00,22,7789.63,7,Активные ценные,21,-89.41,0.01147808047365536,False
14057,2010-12-14 12:11:00,2011-11-16 10:32:00,17,6217.96,15,Активные ценные,7,-70.56,0.011347773224658892,False
14059,2011-03-18 10:06:00,2011-03-18 10:06:00,1,183.6,258,Остальные,0,0.0,-0.0,False
14060,2010-12-02 12:11:00,2011-11-17 12:59:00,18,5842.9400000000005,14,Активные ценные,1,-5.04,0.0008625794548634762,False
14062,2010-12-10 15:56:00,2011-11-30 10:04:00,12,10464.85,1,Активные ценные,0,0.0,-0.0,False
14064,2011-03-10 12:59:00,2011-11-10 13:14:00,5,1353.7399999999998,21,Активные повторные,2,-165.42,0.12219480845657217,False
14066,2011-03-18 12:21:00,2011-03-18 12:21:00,1,152.55,258,Остальные,0,0.0,-0.0,False
14067,2011-09-04 12:00:00,2011-10-07 10:21:00,2,374.7,55,Остальные,0,0.0,-0.0,False
14068,2011-01-23 16:02:00,2011-01-23 16:02:00,1,265.85,312,Остальные,0,0.0,-0.0,False
14071,2011-03-20 11:33:00,2011-11-20 14:07:00,6,1269.42,11,Активные повторные,9,-131.41,0.1035197176663358,False
14073,2011-11-07 15:49:00,2011-11-07 15:49:00,1,151.04,24,Недавние однократные,1,-11.5,0.07613877118644068,False
14075,2011-03-23 16:35:00,2011-11-20 12:32:00,2,625.48,11,Остальные,0,0.0,-0.0,False
14076,2011-08-02 15:19:00,2011-08-02 15:19:00,1,122.47,121,Остальные,0,0.0,-0.0,False
14077,2011-03-10 15:52:00,2011-10-30 12:35:00,5,499.42,32,Активные повторные,0,0.0,-0.0,False
14078,2010-12-01 12:54:00,2011-08-30 12:16:00,6,1049.37,93,Давно не покупавшие повторные,0,0.0,-0.0,False
14079,2011-08-07 12:10:00,2011-08-07 12:10:00,1,375.09999999999997,116,Остальные,0,0.0,-0.0,False
14080,2011-11-07 11:09:00,2011-11-07 11:09:00,1,45.599999999999994,24,Недавние однократные,0,0.0,-0.0,False
14081,2010-12-05 15:47:00,2011-02-10 16:17:00,2,934.52,294,Давно не покупавшие повторные,3,-29.849999999999998,0.03194153148140222,False
14082,2010-12-10 11:02:00,2010-12-10 11:02:00,1,182.25,356,Остальные,0,0.0,-0.0,False
14083,2010-12-03 12:24:00,2011-08-05 14:31:00,7,548.9200000000001,118,Давно не покупавшие повторные,0,0.0,-0.0,False
14085,2010-12-06 12:39:00,2011-11-30 16:54:00,15,3817.55,1,Активные ценные,1,-12.75,0.0033398383780173144,False
14088,2011-01-21 13:07:00,2011-11-29 16:16:00,13,50491.81,2,Активные ценные,1,-76.32000000000001,0.0015115322663220036,False
14089,2011-10-14 10:38:00,2011-10-14 10:38:00,1,161.0,48,Остальные,0,0.0,-0.0,False
14090,2011-01-19 10:51:00,2011-01-19 10:51:00,1,76.32000000000001,316,Остальные,0,0.0,-0.0,False
14092,2010-12-16 15:47:00,2011-11-16 12:08:00,12,3722.45,15,Активные ценные,3,-13.81,0.0037099222286397404,False
14093,2011-11-27 16:27:00,2011-11-27 16:27:00,1,442.85,4,Недавние однократные,0,0.0,-0.0,False
14096,2011-08-30 10:49:00,2011-11-28 15:54:00,16,45921.71,3,Активные ценные,0,0.0,-0.0,False
14098,2011-11-03 10:13:00,2011-11-03 10:13:00,1,147.35,28,Недавние однократные,0,0.0,-0.0,False
14099,2010-12-20 11:14:00,2011-11-23 13:53:00,11,3104.17,8,Активные ценные,2,-11.2,0.0036080498168592568,False
14100,2011-07-25 11:01:00,2011-07-25 11:01:00,1,194.9,129,Остальные,0,0.0,-0.0,False
14101,2011-01-17 13:09:00,2011-09-27 12:28:00,6,5976.79,65,Остальные,0,0.0,-0.0,False
14102,2011-10-26 12:46:00,2011-11-28 10:20:00,4,1241.78,3,Активные повторные,5,-45.55,0.03668121567427402,False
14104,2011-06-27 12:49:00,2011-07-08 12:50:00,2,216.21,146,Давно не покупавшие повторные,0,0.0,-0.0,False
14105,2011-04-14 17:58:00,2011-04-14 17:58:00,1,1266.23,231,Остальные,2,-5.9,0.00465950103851591,False
14107,2010-12-10 13:29:00,2011-10-19 12:12:00,7,2703.23,43,Активные повторные,1,-14.75,0.005456435449443814,False
14108,2011-08-30 11:32:00,2011-11-09 10:41:00,2,597.91,22,Остальные,1,-3.75,0.006271846933484973,False
14109,2011-09-28 10:18:00,2011-09-28 10:18:00,1,144.2,64,Остальные,5,-64.0,0.44382801664355065,False
14110,2011-03-18 09:59:00,2011-11-18 08:59:00,11,5357.71,13,Активные ценные,1,-13.5,0.002519733244240543,False
14111,2011-04-12 11:36:00,2011-11-25 13:44:00,4,692.85,6,Активные повторные,1,-4.25,0.006134083856534603,False
14112,2011-03-09 11:28:00,2011-11-17 12:30:00,7,2915.15,14,Активные ценные,13,-140.98,0.04836114779685436,False
14113,2010-12-20 12:14:00,2011-11-17 10:59:00,3,1368.52,14,Активные повторные,6,-462.5,0.3379563323882735,False
14114,2011-01-13 11:05:00,2011-03-11 09:42:00,2,386.53,265,Давно не покупавшие повторные,0,0.0,-0.0,False
14116,2011-08-10 12:44:00,2011-11-20 10:29:00,5,1382.74,11,Активные повторные,0,0.0,-0.0,False
14117,2011-07-19 09:49:00,2011-07-19 09:49:00,1,90.0,135,Остальные,0,0.0,-0.0,False
14121,2011-10-11 10:39:00,2011-11-29 13:43:00,3,2008.99,2,Активные ценные,1,-14.850000000000001,0.00739177397597798,False
14124,2011-09-16 13:32:00,2011-09-16 13:32:00,1,419.58,76,Остальные,0,0.0,-0.0,False
14125,2011-09-22 15:40:00,2011-11-29 12:47:00,3,2740.43,2,Активные ценные,0,0.0,-0.0,False
14126,2011-11-29 12:21:00,2011-11-29 12:22:00,2,643.6300000000001,2,Остальные,0,0.0,-0.0,False
14127,2011-02-02 12:26:00,2011-08-09 10:49:00,3,709.71,114,Давно не покупавшие повторные,0,0.0,-0.0,False
14128,2011-03-29 10:49:00,2011-10-10 12:00:00,2,637.5,52,Остальные,0,0.0,-0.0,False
14129,2011-03-24 08:44:00,2011-11-22 12:09:00,4,971.2800000000001,9,Активные повторные,0,0.0,-0.0,False
14130,2011-01-24 16:05:00,2011-01-24 16:05:00,1,483.86,311,Остальные,0,0.0,-0.0,False
14132,2011-06-09 12:04:00,2011-11-25 10:03:00,10,3270.9,6,Активные ценные,1,-5.9,0.001803784891008591,False
14133,2011-01-28 11:27:00,2011-08-02 11:34:00,3,605.64,121,Давно не покупавшие повторные,2,-15.3,0.02526253219734496,False
14135,2010-12-02 10:27:00,2011-11-07 16:30:00,13,4247.41,24,Активные ценные,0,0.0,-0.0,False
14138,2011-10-07 09:38:00,2011-10-07 09:38:00,1,638.21,55,Остальные,0,0.0,-0.0,False
14139,2011-10-24 13:34:00,2011-10-24 13:34:00,1,415.82,38,Остальные,0,0.0,-0.0,False
14140,2011-11-08 11:20:00,2011-11-08 11:20:00,1,540.99,23,Недавние однократные,1,-15.0,0.02772694504519492,False
14141,2011-08-26 14:40:00,2011-10-11 12:17:00,3,688.7800000000001,51,Активные повторные,6,-36.1,0.05241151020645198,False
14142,2010-12-01 16:33:00,2010-12-01 16:33:00,1,311.81,365,Остальные,0,0.0,-0.0,False
14143,2011-07-29 09:48:00,2011-07-29 09:48:00,1,115.8,125,Остальные,0,0.0,-0.0,False
14145,2011-05-06 13:01:00,2011-10-24 12:10:00,4,3742.2,38,Активные повторные,1,-594.0,0.15873015873015875,False
14146,2010-12-17 15:52:00,2011-09-19 15:01:00,4,2965.84,73,Остальные,35,-1241.43,0.4185761875219162,False
14147,2011-02-27 11:42:00,2011-09-22 18:10:00,2,483.40000000000003,70,Остальные,1,-15.0,0.03103020273065784,False
14148,2011-04-20 12:02:00,2011-04-20 12:02:00,1,157.2,225,Остальные,0,0.0,-0.0,False
14149,2011-05-03 09:44:00,2011-05-03 09:44:00,1,446.62,212,Остальные,12,-187.19,0.4191258788231606,False
14150,2010-12-15 10:04:00,2011-11-04 10:05:00,2,658.6400000000001,27,Остальные,0,0.0,-0.0,False
14152,2011-04-19 15:46:00,2011-09-25 12:54:00,2,621.29,67,Остальные,1,-10.2,0.016417454006985466,False
14154,2011-04-14 15:58:00,2011-04-14 16:26:00,2,1345.62,231,Давно не покупавшие повторные,0,0.0,-0.0,False
14155,2011-03-18 14:13:00,2011-03-18 14:13:00,1,118.75,258,Остальные,0,0.0,-0.0,False
14156,2010-12-03 11:48:00,2011-11-30 10:54:00,54,116729.63,1,Активные ценные,19,-2874.31,0.024623653822941096,False
14157,2011-02-27 13:04:00,2011-11-20 11:32:00,2,432.88,11,Остальные,1,-32.45,0.07496303825540566,False
14158,2011-10-30 15:08:00,2011-10-30 15:08:00,1,507.66,32,Остальные,0,0.0,-0.0,False
14159,2010-12-12 11:17:00,2011-11-20 12:36:00,11,4690.639999999999,11,Активные ценные,8,-14.71,0.003136032609622568,False
14161,2010-12-05 13:18:00,2011-05-08 11:41:00,3,1110.52,207,Давно не покупавшие повторные,0,0.0,-0.0,False
14162,2011-02-20 12:32:00,2011-06-19 11:36:00,2,289.36,165,Давно не покупавшие повторные,0,0.0,-0.0,False
14163,2011-04-14 17:33:00,2011-09-13 15:18:00,4,2445.91,79,Остальные,0,0.0,-0.0,False
14164,2011-09-20 12:18:00,2011-09-30 12:24:00,2,1631.77,62,Остальные,0,0.0,-0.0,False
14165,2011-03-09 12:39:00,2011-03-09 12:39:00,1,122.53999999999999,267,Остальные,0,0.0,-0.0,False
14167,2011-01-12 15:44:00,2011-10-31 14:29:00,4,574.84,31,Активные повторные,0,0.0,-0.0,False
14171,2011-09-02 16:43:00,2011-09-02 16:43:00,1,363.79,90,Остальные,0,0.0,-0.0,False
14173,2011-05-04 14:03:00,2011-11-29 11:54:00,4,450.84000000000003,2,Активные повторные,0,0.0,-0.0,False
14174,2011-11-06 13:17:00,2011-11-06 13:17:00,1,134.46,25,Недавние однократные,0,0.0,-0.0,False
14175,2011-01-14 12:22:00,2011-10-11 11:55:00,3,3222.3,51,Активные повторные,15,-114.24,0.03545293734289172,False
14176,2010-12-07 11:45:00,2011-02-15 13:12:00,4,576.9000000000001,289,Давно не покупавшие повторные,1,-2.9,0.0050268677413763205,False
14177,2011-06-13 11:10:00,2011-09-14 15:11:00,4,559.41,78,Остальные,1,-4.95,0.008848608355231406,False
14178,2011-06-10 12:51:00,2011-11-11 12:10:00,6,1190.81,20,Активные повторные,0,0.0,-0.0,False
14179,2011-10-18 14:00:00,2011-10-30 12:07:00,2,719.78,32,Остальные,0,0.0,-0.0,False
14180,2010-12-02 13:08:00,2011-11-29 10:56:00,25,4748.52,2,Активные ценные,8,-107.75,0.02269128065165567,False
14184,2011-10-04 12:43:00,2011-10-04 12:43:00,1,452.89,58,Остальные,0,0.0,-0.0,False
14185,2011-01-12 13:52:00,2011-01-12 13:52:00,1,197.65,323,Остальные,0,0.0,-0.0,False
14188,2011-02-02 13:46:00,2011-11-09 12:45:00,6,2054.36,22,Активные ценные,5,-11.75,0.0057195428259896024,False
14189,2010-12-06 11:42:00,2011-11-23 16:43:00,14,4352.52,8,Активные ценные,10,-46.47,0.01067657357117256,False
14191,2011-05-03 10:30:00,2011-11-29 17:23:00,12,4258.64,2,Активные ценные,4,-24.75,0.005811714537974564,False
14193,2011-03-15 11:38:00,2011-10-03 09:34:00,2,853.3900000000001,59,Остальные,0,0.0,-0.0,False
14194,2011-02-04 14:51:00,2011-11-21 10:35:00,20,10865.42,10,Активные ценные,25,-132.77,0.012219500028530882,False
14195,2011-04-01 16:50:00,2011-05-22 10:29:00,2,1012.0,193,Давно не покупавшие повторные,1,-49.3,0.04871541501976284,False
14196,2011-08-25 10:25:00,2011-08-25 10:25:00,1,335.52,98,Остальные,0,0.0,-0.0,False
14198,2011-04-14 14:54:00,2011-11-21 16:35:00,4,701.4000000000001,10,Активные повторные,3,-29.700000000000003,0.04234388366124893,False
14199,2011-05-05 13:44:00,2011-05-05 13:44:00,1,185.39999999999998,210,Остальные,0,0.0,-0.0,False
14201,2010-12-15 13:25:00,2011-10-10 13:27:00,7,747.44,52,Активные повторные,2,-59.400000000000006,0.07947126190731028,False
14205,2011-03-20 15:07:00,2011-11-23 10:55:00,2,466.70000000000005,8,Остальные,14,-238.20000000000002,0.5103921148489393,True
14206,2011-04-14 16:38:00,2011-04-14 16:38:00,1,328.15999999999997,231,Остальные,1,-19.9,0.06064115065821551,False
14208,2011-09-06 12:48:00,2011-09-06 12:48:00,1,151.74,86,Остальные,0,0.0,-0.0,False
14209,2011-01-11 12:56:00,2011-11-29 10:18:00,6,2073.4300000000003,2,Активные ценные,1,-6.300000000000001,0.0030384435452366367,False
14210,2010-12-03 12:43:00,2011-08-26 12:36:00,6,1905.8400000000001,97,Давно не покупавшие повторные,1,-4.95,0.0025972799395542123,False
14211,2011-02-17 15:50:00,2011-10-17 13:23:00,9,2241.1,45,Активные повторные,6,-32.8,0.01463566998349025,False
14212,2011-09-11 12:45:00,2011-09-11 12:45:00,1,1070.48,81,Остальные,0,0.0,-0.0,False
14214,2011-03-07 12:26:00,2011-11-09 10:31:00,5,1004.38,22,Активные повторные,3,-4.15,0.004131902268065872,False
14215,2010-12-06 15:34:00,2011-11-28 12:19:00,6,1789.72,3,Активные ценные,1,-11.8,0.006593210111078828,False
14216,2011-11-02 10:51:00,2011-11-23 13:24:00,2,1252.74,8,Остальные,0,0.0,-0.0,False
14217,2010-12-08 13:28:00,2011-11-28 12:08:00,16,1910.5,3,Активные ценные,7,-79.62,0.041674954200471084,False
14218,2011-10-28 10:00:00,2011-10-28 10:00:00,1,169.48000000000002,34,Остальные,0,0.0,-0.0,False
14220,2010-12-16 18:18:00,2011-04-06 13:23:00,2,632.4000000000001,239,Давно не покупавшие повторные,0,0.0,-0.0,False
14221,2011-01-04 15:33:00,2011-10-28 13:42:00,9,3432.8,34,Активные повторные,1,-4.95,0.0014419715683989746,False
14222,2011-06-15 16:42:00,2011-06-15 16:42:00,1,683.17,169,Остальные,0,0.0,-0.0,False
14223,2011-03-20 16:02:00,2011-09-08 13:38:00,3,991.13,84,Остальные,1,-15.9,0.01604229515805192,False
14224,2011-01-23 13:58:00,2011-08-21 13:24:00,4,1050.12,102,Давно не покупавшие повторные,0,0.0,-0.0,False
14226,2011-03-15 15:36:00,2011-11-11 11:34:00,5,2232.19,20,Активные ценные,6,-30.55,0.01368611094933675,False
14227,2011-02-28 12:27:00,2011-11-13 15:48:00,10,3350.96,18,Активные ценные,8,-35.25,0.010519373552653567,False
14229,2011-01-10 12:03:00,2011-10-19 10:03:00,3,1547.1999999999998,43,Активные повторные,3,-96.6,0.06243536711478801,False
14231,2011-02-24 11:55:00,2011-06-09 11:05:00,3,925.71,175,Давно не покупавшие повторные,4,-103.65,0.11196811096347668,False
14232,2011-03-20 12:44:00,2011-10-28 11:09:00,5,2048.07,34,Активные повторные,3,-4.14,0.0020214152836572964,False
14233,2011-01-26 12:43:00,2011-10-21 15:54:00,4,1462.72,41,Активные повторные,1,-15.209999999999999,0.010398435790855393,False
14234,2011-10-13 13:58:00,2011-11-17 17:53:00,4,775.4599999999999,14,Активные повторные,0,0.0,-0.0,False
14235,2011-03-24 13:23:00,2011-09-25 14:37:00,5,3144.86,67,Остальные,1,-51.0,0.016216938114892235,False
14236,2010-12-02 18:49:00,2011-09-20 09:13:00,2,490.86,72,Остальные,0,0.0,-0.0,False
14237,2010-12-01 13:20:00,2010-12-01 13:20:00,1,161.0,365,Остальные,0,0.0,-0.0,False
14238,2011-01-17 14:40:00,2011-01-17 14:40:00,1,146.85,318,Остальные,0,0.0,-0.0,False
14239,2011-01-27 14:45:00,2011-10-27 14:40:00,11,2380.85,35,Активные повторные,4,-57.35,0.02408803578553878,False
14240,2011-04-28 11:40:00,2011-11-09 13:45:00,2,890.34,22,Остальные,0,0.0,-0.0,False
14241,2011-06-09 11:46:00,2011-06-09 11:46:00,1,213.70000000000002,175,Остальные,0,0.0,-0.0,False
14242,2011-01-18 08:53:00,2011-04-19 11:46:00,2,280.54999999999995,226,Давно не покупавшие повторные,0,0.0,-0.0,False
14243,2010-12-09 08:34:00,2011-11-01 13:20:00,9,2481.35,30,Активные ценные,7,-52.89,0.021315009974409094,False
14245,2011-03-21 10:41:00,2011-05-04 08:40:00,2,1693.45,211,Давно не покупавшие повторные,4,-15.97,0.009430452626295433,False
14246,2011-04-08 08:25:00,2011-08-21 11:50:00,3,1474.06,102,Давно не покупавшие повторные,0,0.0,-0.0,False
14247,2011-03-06 15:21:00,2011-03-06 15:21:00,1,136.77,270,Остальные,0,0.0,-0.0,False
14248,2011-01-25 14:45:00,2011-01-25 14:45:00,1,302.58,310,Остальные,0,0.0,-0.0,False
14250,2011-09-11 13:44:00,2011-09-11 13:44:00,1,1228.83,81,Остальные,0,0.0,-0.0,False
14251,2011-10-13 12:46:00,2011-11-29 12:07:00,4,2397.42,2,Активные ценные,0,0.0,-0.0,False
14256,2010-12-10 11:44:00,2011-03-24 13:17:00,2,969.06,252,Давно не покупавшие повторные,1,-34.0,0.035085546818566446,False
14257,2011-01-25 10:49:00,2011-10-06 16:54:00,5,3099.7200000000003,56,Активные повторные,1,-12.450000000000001,0.00401649181216368,False
14258,2011-01-06 12:18:00,2011-11-30 15:27:00,9,12669.98,1,Активные ценные,1,-19.9,0.0015706417847541985,False
14259,2011-07-21 10:44:00,2011-07-21 10:44:00,1,120.0,133,Остальные,0,0.0,-0.0,False
14261,2011-09-22 10:47:00,2011-10-20 10:04:00,2,1163.45,42,Остальные,0,0.0,-0.0,False
14262,2011-04-13 12:23:00,2011-11-22 10:35:00,7,2313.5299999999997,9,Активные ценные,0,0.0,-0.0,False
14264,2011-04-08 12:20:00,2011-07-08 10:20:00,2,333.97,146,Давно не покупавшие повторные,2,-14.5,0.04341707338982543,False
14265,2011-07-14 09:10:00,2011-08-22 13:32:00,2,530.1800000000001,101,Давно не покупавшие повторные,0,0.0,-0.0,False
14267,2011-03-24 11:38:00,2011-06-30 10:09:00,3,1516.24,154,Давно не покупавшие повторные,11,-237.15,0.15640663747164038,False
14270,2011-01-12 09:33:00,2011-01-12 09:33:00,1,492.65000000000003,323,Остальные,0,0.0,-0.0,False
14271,2011-04-28 12:47:00,2011-04-28 12:47:00,1,112.32000000000001,217,Остальные,0,0.0,-0.0,False
14272,2011-03-30 13:57:00,2011-09-27 10:08:00,2,437.96000000000004,65,Остальные,0,0.0,-0.0,False
14273,2011-04-11 13:24:00,2011-10-19 13:20:00,4,559.97,43,Активные повторные,0,0.0,-0.0,False
14276,2011-02-23 09:38:00,2011-09-02 09:45:00,3,1119.74,90,Остальные,11,-100.35,0.08961901870076981,False
14277,2011-05-11 13:20:00,2011-11-24 15:01:00,3,4180.2,7,Активные ценные,3,-259.2,0.06200660255490168,False
14280,2011-05-27 10:37:00,2011-05-27 10:37:00,1,134.04,188,Остальные,0,0.0,-0.0,False
14282,2010-12-07 12:21:00,2011-11-20 15:27:00,13,3371.64,11,Активные ценные,0,0.0,-0.0,False
14284,2011-09-14 13:04:00,2011-11-09 08:11:00,2,595.25,22,Остальные,2,-16.8,0.028223435531289375,False
14285,2011-06-16 12:36:00,2011-11-18 14:50:00,4,1910.0100000000002,13,Активные ценные,0,0.0,-0.0,False
14286,2011-04-11 08:16:00,2011-11-16 10:34:00,3,4628.75,15,Активные ценные,5,-32.94,0.0071163921145017545,False
14287,2011-05-25 11:41:00,2011-05-25 11:44:00,2,83.28,190,Давно не покупавшие повторные,1,-20.4,0.24495677233429392,False
14288,2011-05-10 13:22:00,2011-05-10 13:22:00,1,426.6,205,Остальные,1,-12.75,0.029887482419127986,False
14289,2011-02-23 12:33:00,2011-07-28 10:24:00,5,832.7800000000001,126,Давно не покупавшие повторные,0,0.0,-0.0,False
14290,2010-12-13 10:24:00,2011-11-28 14:02:00,5,2314.65,3,Активные ценные,2,-7.2,0.0031106214762491088,False
14291,2011-03-09 15:20:00,2011-10-13 09:16:00,9,3325.56,49,Активные повторные,1,-9.95,0.0029919772910427115,False
14292,2011-03-02 08:26:00,2011-10-31 09:51:00,7,4458.61,31,Активные повторные,8,-52.6,0.011797398740863186,False
14293,2010-12-06 10:18:00,2011-07-15 15:28:00,3,739.41,139,Давно не покупавшие повторные,0,0.0,-0.0,False
14295,2011-10-30 15:50:00,2011-10-30 15:50:00,1,166.20000000000002,32,Остальные,1,-8.5,0.05114320096269554,False
14297,2011-03-10 08:31:00,2011-11-22 09:06:00,4,1305.33,9,Активные повторные,1,-14.850000000000001,0.01137643354554021,False
14298,2010-12-14 12:59:00,2011-11-09 10:26:00,43,50889.7,22,Активные ценные,0,0.0,-0.0,False
14299,2010-12-09 10:30:00,2011-11-18 12:49:00,8,3676.1,13,Активные ценные,17,-1108.3999999999999,0.3015151927314273,False
14300,2011-11-21 08:57:00,2011-11-21 08:57:00,1,43.2,10,Недавние однократные,0,0.0,-0.0,False
14301,2011-08-14 15:33:00,2011-08-14 15:33:00,1,640.14,109,Остальные,3,-8.1,0.012653482050801386,False
14304,2011-05-01 11:50:00,2011-05-01 11:50:00,1,383.45,214,Остальные,10,-186.35000000000002,0.48598252705698275,False
14305,2011-07-27 14:14:00,2011-09-29 15:29:00,3,1858.96,63,Остальные,5,-55.2,0.029694022464173516,False
14306,2011-09-15 10:31:00,2011-10-19 13:23:00,2,2093.32,43,Остальные,2,-9.9,0.004729329486175071,False
14307,2010-12-01 11:41:00,2011-09-12 09:38:00,6,2995.7200000000003,80,Остальные,0,0.0,-0.0,False
14309,2010-12-16 13:05:00,2011-11-11 09:46:00,8,1962.66,20,Активные ценные,6,-32.85,0.016737488918100944,False
14311,2011-04-11 10:14:00,2011-04-11 10:14:00,1,310.26,234,Остальные,7,-80.55,0.2596209630632373,False
14312,2011-01-06 16:35:00,2011-10-24 09:46:00,6,1611.5900000000001,38,Активные повторные,0,0.0,-0.0,False
14314,2011-08-25 10:39:00,2011-08-25 10:39:00,1,120.0,98,Остальные,0,0.0,-0.0,False
14315,2011-03-18 12:59:00,2011-10-26 12:06:00,6,2481.13,36,Активные повторные,3,-24.15,0.009733468218110296,False
14317,2011-10-06 10:44:00,2011-10-06 10:44:00,1,508.58,56,Остальные,0,0.0,-0.0,False
14320,2011-01-11 09:12:00,2011-05-17 09:24:00,2,477.78999999999996,198,Давно не покупавшие повторные,11,-134.68,0.2818811611795978,False
14321,2011-01-10 11:35:00,2011-11-29 09:47:00,5,1530.75,2,Активные повторные,0,0.0,-0.0,False
14323,2011-04-15 11:44:00,2011-08-17 11:37:00,2,605.06,106,Давно не покупавшие повторные,5,-30.800000000000004,0.05090404257429017,False
14326,2011-04-11 15:04:00,2011-04-11 15:04:00,1,183.85,234,Остальные,1,-17.0,0.09246668479738918,False
14327,2011-06-29 13:58:00,2011-06-29 13:58:00,1,311.65000000000003,155,Остальные,0,0.0,-0.0,False
14329,2011-01-14 13:42:00,2011-11-22 15:50:00,7,5014.84,9,Активные ценные,9,-82.0,0.01635146884048145,False
14331,2011-07-27 15:14:00,2011-08-07 13:17:00,2,462.66,116,Давно не покупавшие повторные,0,0.0,-0.0,False
14332,2011-07-15 10:33:00,2011-11-17 11:54:00,3,866.3100000000001,14,Активные повторные,0,0.0,-0.0,False
14333,2011-10-03 10:38:00,2011-10-03 10:38:00,1,415.2,59,Остальные,4,-63.75,0.15354046242774566,False
14334,2010-12-16 17:37:00,2011-11-23 10:01:00,8,2552.21,8,Активные ценные,1,-12.75,0.0049956704189702255,False
14335,2011-09-04 13:07:00,2011-11-23 13:41:00,2,468.26,8,Остальные,0,0.0,-0.0,False
14336,2011-03-08 16:48:00,2011-11-23 11:40:00,4,1614.91,8,Активные ценные,0,0.0,-0.0,False
14338,2011-05-27 13:30:00,2011-07-01 14:08:00,2,588.22,153,Давно не покупавшие повторные,3,-34.0,0.057801502839073815,False
14339,2011-04-11 11:06:00,2011-04-11 11:06:00,1,309.52,234,Остальные,3,-15.79,0.05101447402429568,False
14340,2011-05-05 09:44:00,2011-05-05 09:44:00,1,134.7,210,Остальные,0,0.0,-0.0,False
14341,2011-01-25 13:55:00,2011-10-25 15:48:00,8,2182.28,37,Активные повторные,1,-15.9,0.007285957805597815,False
14342,2011-05-13 13:50:00,2011-11-18 13:21:00,4,668.56,13,Активные повторные,2,-59.85000000000001,0.08952076103865025,False
14344,2010-12-06 11:58:00,2011-08-04 13:51:00,8,889.9300000000001,119,Давно не покупавшие повторные,0,0.0,-0.0,False
14345,2011-11-01 09:51:00,2011-11-01 09:51:00,1,108.97999999999999,30,Недавние однократные,0,0.0,-0.0,False
14346,2011-02-15 13:52:00,2011-08-11 09:47:00,2,1021.5799999999999,112,Давно не покупавшие повторные,0,0.0,-0.0,False
14348,2011-03-24 16:23:00,2011-03-24 16:23:00,1,409.57,252,Остальные,0,0.0,-0.0,False
14349,2011-11-29 15:39:00,2011-11-29 15:39:00,1,133.5,2,Недавние однократные,0,0.0,-0.0,False
14350,2011-03-10 14:14:00,2011-03-10 14:14:00,1,282.93,266,Остальные,3,-24.23,0.08563955748771782,False
14351,2011-06-28 11:56:00,2011-06-28 11:56:00,1,51.0,156,Остальные,0,0.0,-0.0,False
14352,2011-03-11 14:58:00,2011-07-05 15:41:00,4,1078.96,149,Давно не покупавшие повторные,0,0.0,-0.0,False
14353,2011-05-08 16:06:00,2011-05-08 16:06:00,1,90.6,207,Остальные,0,0.0,-0.0,False
14354,2011-11-09 15:36:00,2011-11-09 15:36:00,1,87.78,22,Недавние однократные,0,0.0,-0.0,False
14355,2010-12-09 12:16:00,2010-12-09 12:16:00,1,174.4,357,Остальные,0,0.0,-0.0,False
14356,2011-09-19 14:43:00,2011-09-21 09:18:00,2,701.23,71,Остальные,5,-34.29,0.04889979036835275,False
14357,2011-10-27 16:23:00,2011-10-27 16:23:00,1,225.77,35,Остальные,0,0.0,-0.0,False
14359,2011-09-13 09:03:00,2011-11-20 13:17:00,3,912.18,11,Активные повторные,3,-29.6,0.03244973579775922,False
14360,2011-09-06 11:58:00,2011-11-08 09:12:00,4,2128.23,23,Активные ценные,0,0.0,-0.0,False
14362,2011-11-17 15:08:00,2011-11-17 15:08:00,1,161.2,14,Недавние однократные,0,0.0,-0.0,False
14364,2011-05-12 12:56:00,2011-08-23 11:01:00,8,3717.35,100,Давно не покупавшие повторные,0,0.0,-0.0,False
14367,2011-03-08 14:12:00,2011-11-18 12:09:00,15,8627.99,13,Активные ценные,9,-93.70000000000002,0.010860003314792904,False
14368,2011-01-24 09:52:00,2011-01-24 09:52:00,1,155.0,311,Остальные,0,0.0,-0.0,False
14371,2011-02-17 16:35:00,2011-02-17 16:35:00,1,100.5,287,Остальные,0,0.0,-0.0,False
14373,2010-12-16 15:40:00,2010-12-16 15:40:00,1,76.55,350,Остальные,0,0.0,-0.0,False
14375,2011-06-07 13:44:00,2011-06-07 13:44:00,1,257.68,177,Остальные,0,0.0,-0.0,False
14377,2011-03-22 13:38:00,2011-06-01 13:32:00,2,617.05,183,Давно не покупавшие повторные,0,0.0,-0.0,False
14379,2011-02-17 15:03:00,2011-10-26 16:43:00,2,348.1,36,Остальные,0,0.0,-0.0,False
14381,2011-10-18 17:10:00,2011-10-18 17:10:00,1,202.68,44,Остальные,0,0.0,-0.0,False
14382,2011-11-13 16:18:00,2011-11-13 16:18:00,1,626.0699999999999,18,Недавние однократные,0,0.0,-0.0,False
14383,2011-06-29 10:18:00,2011-11-01 15:53:00,3,1247.69,30,Активные повторные,0,0.0,-0.0,False
14385,2011-11-16 11:55:00,2011-11-30 15:36:00,3,202.10999999999999,1,Активные повторные,0,0.0,-0.0,False
14386,2011-02-16 09:45:00,2011-02-16 09:45:00,1,142.4,288,Остальные,0,0.0,-0.0,False
14387,2011-08-22 14:13:00,2011-11-07 12:29:00,3,1770.56,24,Активные ценные,0,0.0,-0.0,False
14388,2010-12-02 11:02:00,2011-11-29 13:32:00,8,3212.84,2,Активные ценные,2,-13.45,0.004186327361462133,False
14389,2011-06-02 12:04:00,2011-10-05 15:17:00,2,1043.46,57,Остальные,9,-18.34,0.01757614091579936,False
14390,2010-12-02 11:57:00,2011-11-29 13:49:00,9,4652.82,2,Активные ценные,5,-60.35,0.012970628565042277,False
14393,2011-05-05 18:16:00,2011-05-05 18:16:00,1,67.95,210,Остальные,0,0.0,-0.0,False
14395,2010-12-02 18:15:00,2011-10-10 17:26:00,8,2948.7200000000003,52,Активные повторные,3,-35.8,0.012140861119400959,False
14396,2010-12-03 15:19:00,2011-10-05 16:09:00,2,487.99,57,Остальные,0,0.0,-0.0,False
14397,2011-05-10 12:25:00,2011-11-28 12:30:00,17,2183.76,3,Активные ценные,6,-23.75,0.010875737260504816,False
14400,2011-07-13 15:50:00,2011-07-13 15:50:00,1,574.7,141,Остальные,1,-15.0,0.026100574212632677,False
14401,2010-12-15 09:07:00,2011-11-01 13:37:00,12,3697.7,30,Активные ценные,1,-11.5,0.003110041377072234,False
14403,2011-04-06 14:23:00,2011-08-01 12:57:00,4,1475.81,122,Давно не покупавшие повторные,6,-49.5,0.033540902961763375,False
14404,2010-12-05 16:00:00,2011-11-06 12:30:00,6,1474.32,25,Активные повторные,1,-39.6,0.026859840468826307,False
14406,2011-08-12 16:54:00,2011-08-12 16:54:00,1,156.75,111,Остальные,0,0.0,-0.0,False
14407,2011-03-08 11:59:00,2011-08-24 14:02:00,5,2142.73,99,Давно не покупавшие повторные,3,-46.65,0.021771291763311287,False
14408,2011-03-20 14:41:00,2011-11-29 11:41:00,7,2606.53,2,Активные ценные,0,0.0,-0.0,False
14409,2010-12-06 15:03:00,2011-09-29 18:18:00,6,2059.4500000000003,63,Остальные,1,-151.20000000000002,0.07341766005486902,False
14410,2011-02-07 09:36:00,2011-09-08 15:08:00,9,1104.07,84,Остальные,92,-513.77,0.46534187143931094,False
14411,2011-02-02 10:56:00,2011-02-02 10:56:00,1,1063.0,302,Остальные,0,0.0,-0.0,False
14412,2011-09-28 08:48:00,2011-10-28 10:45:00,2,770.03,34,Остальные,2,-8.7,0.011298261106710127,False
14413,2010-12-12 13:37:00,2010-12-12 13:37:00,1,122.7,354,Остальные,0,0.0,-0.0,False
14414,2010-12-16 11:11:00,2011-09-09 12:09:00,7,1496.98,83,Остальные,1,-11.850000000000001,0.007915937420673624,False
14415,2010-12-14 13:31:00,2011-11-20 15:52:00,12,4804.33,11,Активные ценные,22,-88.72,0.0184666748537257,False
14416,2011-10-28 15:10:00,2011-11-17 15:22:00,2,490.22,14,Остальные,0,0.0,-0.0,False
14418,2011-08-23 17:18:00,2011-11-14 13:55:00,2,1039.9,17,Остальные,0,0.0,-0.0,False
14419,2010-12-10 10:56:00,2011-11-29 11:22:00,6,1058.06,2,Активные повторные,0,0.0,-0.0,False
14420,2011-09-01 18:07:00,2011-09-01 18:07:00,1,387.52,91,Остальные,1,-1.65,0.00425784475639967,False
14421,2011-05-12 10:49:00,2011-10-13 13:24:00,2,813.11,49,Остальные,0,0.0,-0.0,False
14422,2011-03-17 17:26:00,2011-11-22 14:59:00,5,3881.63,9,Активные ценные,0,0.0,-0.0,False
14423,2011-05-05 15:12:00,2011-05-05 15:12:00,1,265.2,210,Остальные,0,0.0,-0.0,False
14424,2011-11-22 11:48:00,2011-11-22 11:48:00,1,322.08,9,Недавние однократные,0,0.0,-0.0,False
14426,2011-01-31 09:51:00,2011-11-16 12:25:00,10,4481.67,15,Активные ценные,40,-562.77,0.12557149455448527,False
14427,2011-10-07 09:10:00,2011-10-20 14:23:00,2,363.34000000000003,42,Остальные,0,0.0,-0.0,False
14428,2011-01-18 16:39:00,2011-11-03 16:30:00,4,1042.97,28,Активные повторные,4,-14.69,0.014084777126858874,False
14431,2011-02-10 10:40:00,2011-02-10 10:40:00,1,470.36,294,Остальные,5,-72.6,0.15434985968194573,False
14432,2011-09-11 14:09:00,2011-11-30 08:04:00,6,2255.51,1,Активные ценные,0,0.0,-0.0,False
14434,2011-09-28 15:31:00,2011-11-18 08:56:00,6,1372.8,13,Активные повторные,0,0.0,-0.0,False
14436,2011-09-02 10:13:00,2011-09-02 10:13:00,1,89.06,90,Остальные,0,0.0,-0.0,False
14437,2010-12-09 09:27:00,2010-12-09 09:27:00,1,63.0,357,Остальные,0,0.0,-0.0,False
14438,2011-02-06 14:56:00,2011-02-06 14:56:00,1,131.9,298,Остальные,0,0.0,-0.0,False
14439,2011-01-24 11:39:00,2011-01-24 11:39:00,1,2661.24,311,Остальные,0,0.0,-0.0,False
14440,2010-12-09 12:49:00,2011-10-28 15:54:00,4,1740.43,34,Активные повторные,0,0.0,-0.0,False
14441,2011-03-29 12:01:00,2011-10-27 14:27:00,3,1407.19,35,Активные повторные,8,-167.75,0.11920920415864239,False
14442,2011-01-27 09:33:00,2011-05-19 11:36:00,2,1589.8200000000002,196,Давно не покупавшие повторные,4,-40.95,0.025757632939578064,False
14443,2010-12-06 11:03:00,2011-10-17 10:10:00,4,1420.2,45,Активные повторные,5,-19.32,0.013603717786227291,False
14446,2011-04-07 12:10:00,2011-11-11 12:02:00,3,837.69,20,Активные повторные,0,0.0,-0.0,False
14447,2011-03-04 10:49:00,2011-11-21 08:28:00,5,1163.23,10,Активные повторные,0,0.0,-0.0,False
14448,2010-12-10 17:26:00,2011-11-30 13:50:00,2,375.35,1,Остальные,0,0.0,-0.0,False
14449,2010-12-02 14:09:00,2011-11-21 12:06:00,4,907.1,10,Активные повторные,0,0.0,-0.0,False
14450,2011-01-23 11:53:00,2011-06-12 10:46:00,3,483.25,172,Давно не покупавшие повторные,0,0.0,-0.0,False
14451,2011-05-29 12:35:00,2011-10-10 13:38:00,2,662.59,52,Остальные,0,0.0,-0.0,False
14452,2011-09-07 11:32:00,2011-11-29 12:06:00,2,264.44,2,Остальные,0,0.0,-0.0,False
14453,2011-06-02 14:15:00,2011-06-02 14:15:00,1,119.93,182,Остальные,0,0.0,-0.0,False
14456,2011-07-20 13:06:00,2011-11-17 17:18:00,8,2676.48,14,Активные ценные,6,-13.52,0.0050514108082257295,False
14457,2011-02-02 09:39:00,2011-02-02 09:39:00,1,113.64,302,Остальные,0,0.0,-0.0,False
14459,2011-07-07 13:35:00,2011-07-07 13:35:00,1,1837.92,147,Остальные,0,0.0,-0.0,False
14460,2011-02-02 11:55:00,2011-08-21 14:19:00,3,434.34,102,Давно не покупавшие повторные,1,-51.0,0.11741953308468021,False
14461,2011-03-23 12:15:00,2011-07-14 17:11:00,3,2102.67,140,Давно не покупавшие повторные,0,0.0,-0.0,False
14462,2011-01-04 12:45:00,2011-10-04 15:55:00,11,1999.02,58,Активные повторные,5,-33.120000000000005,0.016568118378005224,False
14463,2011-05-18 14:42:00,2011-09-02 15:20:00,3,529.62,90,Остальные,0,0.0,-0.0,False
14465,2011-02-10 12:13:00,2011-04-07 12:38:00,3,1058.62,238,Давно не покупавшие повторные,0,0.0,-0.0,False
14466,2010-12-02 13:36:00,2011-11-10 14:07:00,7,2272.4,21,Активные ценные,0,0.0,-0.0,False
14467,2011-01-31 12:35:00,2011-11-22 12:48:00,4,598.76,9,Активные повторные,0,0.0,-0.0,False
14470,2011-02-25 11:56:00,2011-11-28 10:31:00,2,461.19,3,Остальные,0,0.0,-0.0,False
14472,2010-12-19 14:03:00,2011-08-28 11:01:00,8,1936.84,95,Давно не покупавшие повторные,0,0.0,-0.0,False
14473,2011-03-02 13:56:00,2011-09-26 15:10:00,2,234.34,66,Остальные,0,0.0,-0.0,False
14474,2011-10-24 13:26:00,2011-10-24 13:26:00,1,547.66,38,Остальные,1,-9.95,0.01816820655151006,False
14475,2011-02-08 10:12:00,2011-09-29 10:46:00,3,925.85,63,Остальные,5,-126.03,0.13612356213209484,False
14476,2011-03-27 15:39:00,2011-03-27 15:39:00,1,215.7,249,Остальные,0,0.0,-0.0,False
14477,2011-02-15 15:44:00,2011-11-20 11:11:00,4,1309.6,11,Активные повторные,1,-1.79,0.0013668295662797802,False
14479,2010-12-09 12:59:00,2011-03-31 09:07:00,2,316.25,245,Давно не покупавшие повторные,0,0.0,-0.0,False
14480,2011-11-28 16:35:00,2011-11-28 16:35:00,1,279.05,3,Недавние однократные,0,0.0,-0.0,False
14481,2011-02-25 13:53:00,2011-06-28 10:38:00,2,636.51,156,Давно не покупавшие повторные,0,0.0,-0.0,False
14482,2011-04-14 16:41:00,2011-11-21 13:14:00,6,2068.15,10,Активные ценные,0,0.0,-0.0,False
14483,2011-03-03 10:26:00,2011-03-03 10:26:00,1,137.1,273,Остальные,1,-7.9,0.05762217359591539,False
14484,2011-10-20 14:11:00,2011-10-20 14:11:00,1,321.92,42,Остальные,0,0.0,-0.0,False
14485,2011-11-01 12:25:00,2011-11-01 12:25:00,1,165.75,30,Недавние однократные,0,0.0,-0.0,False
14487,2010-12-06 13:22:00,2011-11-13 12:17:00,6,1196.33,18,Активные повторные,1,-12.75,0.010657594476440447,False
14488,2011-10-03 09:30:00,2011-10-03 09:30:00,1,1064.28,59,Остальные,3,-16.85,0.015832299770737027,False
14489,2011-05-16 14:51:00,2011-05-16 14:51:00,1,463.38,199,Остальные,0,0.0,-0.0,False
14491,2010-12-02 12:10:00,2011-06-17 15:22:00,2,340.93,167,Давно не покупавшие повторные,0,0.0,-0.0,False
14493,2011-07-07 16:59:00,2011-11-23 10:21:00,4,1867.54,8,Активные ценные,3,-20.4,0.010923460809407027,False
14494,2011-11-14 09:21:00,2011-11-14 09:21:00,1,139.56,17,Недавние однократные,0,0.0,-0.0,False
14495,2011-08-10 14:13:00,2011-10-20 12:28:00,2,123.8,42,Остальные,0,0.0,-0.0,False
14496,2010-12-01 15:35:00,2011-02-01 09:01:00,2,538.8100000000001,303,Давно не покупавшие повторные,0,0.0,-0.0,False
14497,2011-02-03 17:01:00,2011-02-03 17:01:00,1,475.37,301,Остальные,2,-17.9,0.03765487935713233,False
14498,2010-12-13 11:29:00,2011-10-28 12:09:00,5,1957.32,34,Активные повторные,0,0.0,-0.0,False
14499,2011-03-06 11:55:00,2011-11-13 13:01:00,3,815.32,18,Активные повторные,0,0.0,-0.0,False
14500,2011-06-03 10:08:00,2011-09-12 16:45:00,3,356.85,80,Остальные,0,0.0,-0.0,False
14501,2011-01-24 10:43:00,2011-06-09 12:02:00,2,251.21,175,Давно не покупавшие повторные,2,-60.89999999999999,0.24242665498984908,False
14502,2011-01-30 15:52:00,2011-11-20 11:50:00,11,2467.63,11,Активные ценные,7,-119.64999999999999,0.048487820297208245,False
14503,2011-06-14 10:00:00,2011-11-29 12:15:00,4,2772.39,2,Активные ценные,0,0.0,-0.0,False
14504,2011-03-06 14:38:00,2011-10-23 16:00:00,4,673.26,39,Активные повторные,0,0.0,-0.0,False
14505,2010-12-12 16:14:00,2011-11-22 15:45:00,8,5905.64,9,Активные ценные,4,-86.94,0.014721520444862876,False
14506,2010-12-05 14:25:00,2011-11-22 13:02:00,5,2012.17,9,Активные ценные,0,0.0,-0.0,False
14507,2011-03-08 17:23:00,2011-11-16 12:21:00,6,1383.18,15,Активные повторные,2,-15.0,0.010844575543313235,False
14508,2011-09-11 11:29:00,2011-11-17 19:48:00,2,276.41999999999996,14,Остальные,0,0.0,-0.0,False
14511,2011-07-29 12:13:00,2011-11-28 17:05:00,5,1314.81,3,Активные повторные,3,-47.400000000000006,0.03605083624249892,False
14512,2011-04-21 19:05:00,2011-06-05 12:39:00,2,275.28,179,Давно не покупавшие повторные,0,0.0,-0.0,False
14513,2011-02-24 09:36:00,2011-08-31 11:25:00,3,455.59000000000003,92,Давно не покупавшие повторные,6,-17.1,0.03753374744836366,False
14514,2011-01-12 15:22:00,2011-10-09 16:05:00,3,1055.35,53,Активные повторные,0,0.0,-0.0,False
14515,2011-05-05 12:13:00,2011-11-22 11:37:00,6,2102.09,9,Активные ценные,0,0.0,-0.0,False
14517,2011-07-21 11:42:00,2011-11-06 14:20:00,2,330.45,25,Остальные,0,0.0,-0.0,False
14518,2011-10-06 14:43:00,2011-10-06 14:43:00,1,174.37,56,Остальные,0,0.0,-0.0,False
14520,2011-02-22 09:15:00,2011-02-22 09:15:00,1,165.0,282,Остальные,0,0.0,-0.0,False
14522,2011-05-25 16:01:00,2011-11-15 13:24:00,4,974.54,16,Активные повторные,0,0.0,-0.0,False
14523,2011-08-23 13:13:00,2011-08-23 13:13:00,1,241.09,100,Остальные,0,0.0,-0.0,False
14524,2010-12-14 11:01:00,2011-11-08 12:29:00,9,1867.68,23,Активные ценные,0,0.0,-0.0,False
14525,2010-12-13 17:40:00,2011-11-20 11:37:00,9,4332.2,11,Активные ценные,4,-54.18,0.012506347814043674,False
14527,2010-12-05 13:17:00,2011-11-27 12:01:00,53,7875.87,4,Активные ценные,3,-28.599999999999998,0.00363134485460019,False
14528,2011-11-02 17:09:00,2011-11-02 17:09:00,1,364.21999999999997,29,Недавние однократные,0,0.0,-0.0,False
14529,2011-08-21 14:10:00,2011-10-10 15:27:00,3,620.04,52,Активные повторные,0,0.0,-0.0,False
14530,2011-02-16 10:47:00,2011-11-14 10:38:00,6,2925.91,17,Активные ценные,0,0.0,-0.0,False
14532,2010-12-22 13:48:00,2011-04-17 13:05:00,4,932.8500000000001,228,Давно не покупавшие повторные,0,0.0,-0.0,False
14533,2010-12-22 11:07:00,2011-11-15 12:05:00,7,1949.72,16,Активные ценные,3,-137.10000000000002,0.07031778922101636,False
14534,2011-01-25 12:33:00,2011-11-22 11:24:00,17,4314.58,9,Активные ценные,38,-354.75,0.0822212127252247,False
14535,2011-04-05 12:50:00,2011-10-10 15:39:00,3,2864.19,52,Активные повторные,3,-23.1,0.008065107412566904,False
14536,2011-03-25 12:21:00,2011-03-25 12:21:00,1,171.8,251,Остальные,0,0.0,-0.0,False
14537,2011-10-13 10:54:00,2011-10-13 10:54:00,1,355.56,49,Остальные,0,0.0,-0.0,False
14538,2011-03-28 14:57:00,2011-10-06 10:31:00,2,388.25,56,Остальные,0,0.0,-0.0,False
14539,2011-10-26 12:03:00,2011-11-24 09:50:00,2,537.48,7,Остальные,0,0.0,-0.0,False
14540,2011-02-03 15:02:00,2011-11-30 10:15:00,3,996.26,1,Активные повторные,0,0.0,-0.0,False
14541,2011-01-24 14:16:00,2011-10-12 10:08:00,8,1461.65,50,Активные повторные,0,0.0,-0.0,False
14542,2011-06-07 08:19:00,2011-06-07 08:19:00,1,103.25,177,Остальные,0,0.0,-0.0,False
14543,2010-12-10 11:51:00,2011-11-11 12:45:00,16,3590.68,20,Активные ценные,27,-613.41,0.17083393674735706,False
14544,2010-12-13 12:50:00,2011-11-15 15:06:00,2,2024.45,16,Остальные,0,0.0,-0.0,False
14546,2011-04-05 12:37:00,2011-10-30 11:47:00,4,2078.1,32,Активные повторные,17,-76.07,0.03660555314951157,False
14547,2011-10-16 14:35:00,2011-11-27 13:49:00,6,3528.04,4,Активные ценные,1,-20.8,0.005895624766159114,False
14548,2011-01-26 08:38:00,2011-07-12 12:19:00,2,652.8,142,Давно не покупавшие повторные,0,0.0,-0.0,False
14549,2011-02-01 13:47:00,2011-02-01 13:47:00,1,289.24,303,Остальные,0,0.0,-0.0,False
14550,2011-10-26 12:14:00,2011-11-29 12:12:00,2,765.62,2,Остальные,0,0.0,-0.0,False
14551,2011-05-19 18:21:00,2011-11-21 13:36:00,2,186.23000000000002,10,Остальные,0,0.0,-0.0,False
14552,2011-07-11 12:49:00,2011-07-11 12:49:00,1,165.07,143,Остальные,0,0.0,-0.0,False
14553,2011-01-04 15:40:00,2011-11-20 13:20:00,5,859.27,11,Активные повторные,0,0.0,-0.0,False
14554,2011-10-18 13:04:00,2011-11-29 16:44:00,4,2381.04,2,Активные ценные,0,0.0,-0.0,False
14555,2011-02-10 17:19:00,2011-10-13 16:24:00,2,324.14,49,Остальные,0,0.0,-0.0,False
14557,2011-09-15 15:48:00,2011-09-15 15:48:00,1,788.38,77,Остальные,16,-788.38,1.0,True
14560,2010-12-17 09:22:00,2011-11-23 09:35:00,21,2196.97,8,Активные ценные,2,-63.59,0.028944409800771065,False
14561,2011-06-08 13:26:00,2011-09-25 12:39:00,3,1080.76,67,Остальные,0,0.0,-0.0,False
14562,2011-02-08 14:45:00,2011-11-28 14:39:00,16,4751.45,3,Активные ценные,16,-272.55,0.05736143703501037,False
14565,2010-12-13 13:25:00,2011-09-05 09:07:00,4,2949.12,87,Остальные,2,-25.35,0.008595784505208334,False
14566,2011-08-21 11:05:00,2011-08-21 11:05:00,1,1432.0,102,Остальные,0,0.0,-0.0,False
14567,2011-08-01 13:48:00,2011-10-14 10:21:00,2,1530.3600000000001,48,Остальные,1,-5.9,0.003855302020439635,False
14570,2011-03-04 10:39:00,2011-03-04 10:58:00,2,217.21,272,Давно не покупавшие повторные,0,0.0,-0.0,False
14572,2011-01-19 17:23:00,2011-10-30 14:04:00,6,2697.79,32,Активные повторные,3,-29.15,0.010805140503893928,False
14573,2010-12-02 19:59:00,2011-06-13 11:15:00,9,1653.42,171,Давно не покупавшие повторные,6,-49.699999999999996,0.030058908202392612,False
14576,2010-12-02 17:51:00,2010-12-02 17:51:00,1,35.400000000000006,364,Остальные,0,0.0,-0.0,False
14577,2010-12-12 11:26:00,2011-11-27 12:47:00,4,859.71,4,Активные повторные,0,0.0,-0.0,False
14581,2011-11-23 12:39:00,2011-11-23 12:39:00,1,138.6,8,Недавние однократные,0,0.0,-0.0,False
14582,2011-10-30 11:56:00,2011-10-30 11:56:00,1,114.11000000000001,32,Остальные,0,0.0,-0.0,False
14583,2011-05-18 11:28:00,2011-07-18 12:53:00,4,787.64,136,Давно не покупавшие повторные,0,0.0,-0.0,False
14584,2011-05-25 17:31:00,2011-06-23 18:33:00,4,1042.26,161,Давно не покупавшие повторные,1,-13.0,0.012472895438758083,False
14585,2011-10-20 14:33:00,2011-10-20 14:33:00,1,157.05,42,Остальные,0,0.0,-0.0,False
14586,2011-03-08 10:04:00,2011-03-08 10:04:00,1,237.36,268,Остальные,8,-103.2,0.43478260869565216,False
14587,2011-01-12 13:16:00,2011-11-21 11:34:00,9,1601.1399999999999,10,Активные ценные,1,-2.9,0.0018112095132218294,False
14589,2010-12-03 11:42:00,2010-12-03 11:42:00,1,39.75,363,Остальные,0,0.0,-0.0,False
14591,2011-05-10 14:09:00,2011-11-24 13:57:00,4,1447.14,7,Активные повторные,0,0.0,-0.0,False
14592,2011-10-06 18:08:00,2011-11-04 16:35:00,3,570.46,27,Активные повторные,0,0.0,-0.0,False
14593,2011-05-25 11:14:00,2011-11-18 12:48:00,3,617.99,13,Активные повторные,0,0.0,-0.0,False
14594,2010-12-01 13:54:00,2010-12-01 13:54:00,1,255.0,365,Остальные,0,0.0,-0.0,False
14595,2011-01-30 13:36:00,2011-11-20 12:12:00,6,1740.6,11,Активные ценные,0,0.0,-0.0,False
14597,2011-06-01 12:33:00,2011-11-28 13:13:00,2,883.15,3,Остальные,0,0.0,-0.0,False
14598,2011-10-26 13:19:00,2011-10-26 13:19:00,1,221.97,36,Остальные,0,0.0,-0.0,False
14600,2011-02-07 09:48:00,2011-02-07 09:48:00,1,393.33000000000004,297,Остальные,0,0.0,-0.0,False
14601,2011-11-29 09:48:00,2011-11-29 09:48:00,1,213.96,2,Недавние однократные,0,0.0,-0.0,False
14603,2011-03-10 10:27:00,2011-03-10 10:27:00,1,660.0,266,Остальные,0,0.0,-0.0,False
14606,2010-12-01 16:57:00,2011-11-30 14:00:00,88,11650.94,1,Активные ценные,81,-439.55,0.03772656970167214,False
14607,2011-03-23 15:22:00,2011-11-24 10:35:00,12,15021.5,7,Активные ценные,28,-5228.4,0.34806111240555204,False
14608,2010-12-12 14:49:00,2011-11-10 18:37:00,3,1277.6,21,Активные повторные,0,0.0,-0.0,False
14609,2011-02-16 12:10:00,2011-09-28 12:54:00,4,601.56,64,Остальные,0,0.0,-0.0,False
14616,2011-01-26 12:42:00,2011-04-11 09:54:00,3,406.08000000000004,234,Давно не покупавшие повторные,0,0.0,-0.0,False
14618,2011-01-06 11:59:00,2011-11-30 13:45:00,3,553.44,1,Активные повторные,1,-14.850000000000001,0.026832176929748482,False
14619,2011-04-08 07:37:00,2011-04-08 07:37:00,1,394.44,237,Остальные,2,-14.93,0.037851130716965824,False
14620,2011-03-01 08:30:00,2011-05-18 11:58:00,2,412.78,197,Давно не покупавшие повторные,4,-19.5,0.04724066088473279,False
14621,2010-12-16 13:00:00,2011-11-09 15:02:00,4,1485.5,22,Активные повторные,4,-22.6,0.015213732749915854,False
14622,2011-06-08 12:42:00,2011-06-08 12:42:00,1,320.58000000000004,176,Остальные,0,0.0,-0.0,False
14623,2011-04-18 13:54:00,2011-11-07 13:56:00,5,884.5699999999999,24,Активные повторные,1,-19.9,0.022496806357891405,False
14624,2011-10-11 14:39:00,2011-10-13 13:44:00,2,225.85,49,Остальные,0,0.0,-0.0,False
14625,2010-12-13 15:36:00,2011-05-27 15:32:00,2,899.63,188,Давно не покупавшие повторные,4,-51.15,0.05685670775763369,False
14626,2011-04-20 13:18:00,2011-11-16 10:37:00,4,2791.27,15,Активные ценные,3,-30.25,0.010837360771261828,False
14628,2011-04-11 14:43:00,2011-09-09 14:58:00,2,671.96,83,Остальные,0,0.0,-0.0,False
14629,2011-10-23 16:13:00,2011-10-23 16:13:00,1,604.83,39,Остальные,1,-19.8,0.03273647140518823,False
14631,2011-02-14 09:31:00,2011-10-20 11:17:00,3,1006.98,42,Активные повторные,0,0.0,-0.0,False
14632,2011-03-22 08:49:00,2011-03-22 08:49:00,1,114.56,254,Остальные,0,0.0,-0.0,False
14633,2011-03-18 17:07:00,2011-03-18 17:07:00,1,344.90000000000003,258,Остальные,0,0.0,-0.0,False
14636,2011-03-16 09:52:00,2011-11-03 16:12:00,2,609.85,28,Остальные,0,0.0,-0.0,False
14638,2011-10-20 10:10:00,2011-10-20 10:10:00,1,443.6,42,Остальные,0,0.0,-0.0,False
14639,2010-12-13 13:50:00,2011-10-18 15:06:00,6,2984.49,44,Активные повторные,3,-32.15,0.0107723597666603,False
14640,2011-04-26 12:31:00,2011-11-15 13:07:00,6,2125.08,16,Активные ценные,7,-82.92999999999999,0.03902441319856193,False
14641,2011-11-18 10:42:00,2011-11-18 10:42:00,1,110.46,13,Недавние однократные,0,0.0,-0.0,False
14642,2011-10-12 11:08:00,2011-10-12 11:08:00,1,96.12,50,Остальные,0,0.0,-0.0,False
14643,2010-12-16 17:53:00,2011-06-22 14:41:00,2,693.81,162,Давно не покупавшие повторные,3,-25.200000000000003,0.03632118303281879,False
14644,2011-02-14 14:14:00,2011-10-03 08:30:00,2,830.76,59,Остальные,3,-50.3,0.06054696904039674,False
14645,2011-03-09 09:52:00,2011-07-06 09:15:00,2,597.09,148,Давно не покупавшие повторные,0,0.0,-0.0,False
14646,2010-12-20 10:09:00,2011-11-23 11:06:00,69,267410.0,8,Активные ценные,2,-360.00000000000006,0.0013462473355521486,False
14647,2011-05-22 13:40:00,2011-05-22 13:40:00,1,243.22,193,Остальные,0,0.0,-0.0,False
14649,2011-05-11 14:37:00,2011-09-28 15:42:00,3,903.3,64,Остальные,0,0.0,-0.0,False
14651,2011-05-12 16:29:00,2011-10-03 15:52:00,2,654.6,59,Остальные,0,0.0,-0.0,False
14652,2011-09-23 14:21:00,2011-09-23 14:21:00,1,114.17999999999999,69,Остальные,0,0.0,-0.0,False
14653,2011-01-05 13:40:00,2011-11-30 10:14:00,6,1534.57,1,Активные повторные,0,0.0,-0.0,False
14655,2011-05-01 14:59:00,2011-11-17 10:24:00,3,1569.32,14,Активные повторные,0,0.0,-0.0,False
14656,2011-03-01 13:19:00,2011-06-23 13:51:00,2,291.05,161,Давно не покупавшие повторные,0,0.0,-0.0,False
14657,2011-01-17 15:19:00,2011-11-22 12:47:00,4,848.22,9,Активные повторные,1,-9.95,0.011730447289618258,False
14658,2011-08-14 15:42:00,2011-08-14 15:42:00,1,123.14,109,Остальные,0,0.0,-0.0,False
14659,2011-01-28 12:43:00,2011-11-04 10:46:00,8,2380.5299999999997,27,Активные ценные,6,-73.4,0.030833469857552736,False
14660,2011-08-31 10:40:00,2011-09-14 11:34:00,2,285.74,78,Остальные,0,0.0,-0.0,False
14661,2011-11-13 11:51:00,2011-11-13 11:51:00,1,107.95,18,Недавние однократные,0,0.0,-0.0,False
14662,2011-01-27 17:41:00,2011-11-11 12:13:00,4,771.1700000000001,20,Активные повторные,0,0.0,-0.0,False
14664,2011-11-06 14:56:00,2011-11-20 10:59:00,2,637.89,11,Остальные,0,0.0,-0.0,False
14665,2011-02-02 09:08:00,2011-10-10 09:14:00,5,1835.6999999999998,52,Активные повторные,27,-577.32,0.3144958326523942,False
14666,2011-11-15 12:57:00,2011-11-15 12:57:00,1,179.95,16,Недавние однократные,0,0.0,-0.0,False
14667,2010-12-06 13:13:00,2011-11-29 11:30:00,25,9236.95,2,Активные ценные,3,-10.0,0.0010826084367675476,False
14669,2011-01-11 12:30:00,2011-04-12 11:43:00,3,1269.99,233,Давно не покупавшие повторные,0,0.0,-0.0,False
14670,2011-03-04 13:58:00,2011-03-04 14:13:00,2,411.53,272,Давно не покупавшие повторные,0,0.0,-0.0,False
14672,2011-01-07 15:48:00,2011-04-19 10:19:00,2,765.55,226,Давно не покупавшие повторные,0,0.0,-0.0,False
14673,2010-12-07 12:49:00,2011-11-30 12:36:00,4,1369.63,1,Активные повторные,0,0.0,-0.0,False
14675,2011-11-23 12:58:00,2011-11-23 12:58:00,1,604.75,8,Недавние однократные,0,0.0,-0.0,False
14676,2011-03-01 14:26:00,2011-11-08 13:29:00,6,2548.2400000000002,23,Активные ценные,2,-5.0,0.0019621385740746554,False
14680,2010-12-03 12:05:00,2011-11-14 16:59:00,16,28754.11,17,Активные ценные,62,-1821.77,0.06335685576774937,False
14681,2011-05-12 10:45:00,2011-09-29 15:52:00,3,498.95,63,Остальные,0,0.0,-0.0,False
14682,2011-05-22 12:51:00,2011-06-05 12:12:00,2,52.0,179,Давно не покупавшие повторные,0,0.0,-0.0,False
14684,2010-12-12 12:44:00,2011-11-14 11:33:00,5,1236.28,17,Активные повторные,0,0.0,-0.0,False
14687,2011-08-25 11:59:00,2011-08-25 11:59:00,1,628.38,98,Остальные,0,0.0,-0.0,False
14688,2010-12-01 09:37:00,2011-10-31 08:29:00,19,4971.0,31,Активные повторные,29,-500.35,0.10065379199356267,False
14689,2011-05-15 11:22:00,2011-05-15 11:22:00,1,112.8,200,Остальные,0,0.0,-0.0,False
14690,2011-07-11 11:58:00,2011-10-26 15:39:00,2,371.70000000000005,36,Остальные,4,-13.090000000000002,0.035216572504708096,False
14691,2011-05-11 09:55:00,2011-11-09 12:30:00,5,2114.33,22,Активные ценные,0,0.0,-0.0,False
14692,2011-01-21 13:47:00,2011-07-25 15:08:00,4,591.5500000000001,129,Давно не покупавшие повторные,1,-9.5,0.016059504691065842,False
14693,2011-03-20 12:50:00,2011-03-20 12:50:00,1,172.9,256,Остальные,0,0.0,-0.0,False
14696,2010-12-01 15:37:00,2011-09-29 15:04:00,6,1778.41,63,Остальные,3,-7.98,0.0044871542557677925,False
14697,2011-05-05 15:29:00,2011-05-05 15:39:00,2,188.60999999999999,210,Давно не покупавшие повторные,0,0.0,-0.0,False
14698,2011-10-19 12:54:00,2011-11-24 11:10:00,4,1093.6000000000001,7,Активные повторные,0,0.0,-0.0,False
14699,2011-05-09 14:54:00,2011-05-09 14:54:00,1,109.13000000000001,206,Остальные,0,0.0,-0.0,False
14700,2011-04-15 13:16:00,2011-11-07 14:40:00,3,2235.2999999999997,24,Активные ценные,0,0.0,-0.0,False
14701,2011-01-27 12:40:00,2011-11-29 12:38:00,9,2549.37,2,Активные ценные,15,-63.15,0.02477082573341649,False
14702,2010-12-09 19:23:00,2011-11-21 11:50:00,15,2962.56,10,Активные ценные,1,-41.5,0.014008155109094837,False
14703,2011-11-25 09:23:00,2011-11-25 09:23:00,1,318.17,6,Недавние однократные,0,0.0,-0.0,False
14704,2011-06-12 13:59:00,2011-11-20 12:20:00,7,1514.5700000000002,11,Активные повторные,0,0.0,-0.0,False
14705,2011-05-25 12:39:00,2011-05-25 12:39:00,1,179.0,190,Остальные,0,0.0,-0.0,False
14708,2010-12-06 12:23:00,2011-07-08 16:08:00,2,701.1800000000001,146,Давно не покупавшие повторные,1,-29.700000000000003,0.042357169343107334,False
14709,2010-12-16 13:43:00,2011-11-24 15:41:00,13,4921.04,7,Активные ценные,1,-9.9,0.0020117698697836232,False
14710,2011-10-11 13:49:00,2011-11-25 14:53:00,4,606.13,6,Активные повторные,0,0.0,-0.0,False
14711,2011-03-22 13:32:00,2011-11-29 14:58:00,11,2868.8,2,Активные ценные,2,-30.599999999999998,0.010666480758505298,False
14712,2011-08-19 13:33:00,2011-11-10 12:59:00,3,917.07,21,Активные повторные,0,0.0,-0.0,False
14713,2010-12-09 18:58:00,2011-11-30 16:26:00,11,2666.36,1,Активные ценные,2,-2.1,0.0007875905729158853,False
14714,2011-11-15 13:07:00,2011-11-15 13:07:00,1,160.19,16,Недавние однократные,0,0.0,-0.0,False
14715,2011-01-12 13:27:00,2011-11-15 12:10:00,4,867.38,16,Активные повторные,0,0.0,-0.0,False
14716,2011-07-14 12:42:00,2011-10-27 17:29:00,2,329.68,35,Остальные,0,0.0,-0.0,False
14719,2011-04-04 14:17:00,2011-11-29 12:52:00,4,1195.71,2,Активные повторные,1,-9.95,0.008321415727893886,False
14720,2011-08-05 12:06:00,2011-09-11 13:56:00,2,401.13,81,Остальные,0,0.0,-0.0,False
14722,2011-07-15 14:58:00,2011-07-15 14:58:00,1,187.92000000000002,139,Остальные,0,0.0,-0.0,False
14723,2010-12-03 14:18:00,2011-11-29 15:23:00,6,1156.6,2,Активные повторные,0,0.0,-0.0,False
14725,2011-11-15 12:42:00,2011-11-15 12:42:00,1,718.08,16,Недавние однократные,0,0.0,-0.0,False
14727,2011-03-10 14:45:00,2011-03-10 14:45:00,1,268.58,266,Остальные,0,0.0,-0.0,False
14729,2010-12-01 12:43:00,2010-12-01 12:43:00,1,313.49,365,Остальные,0,0.0,-0.0,False
14730,2011-03-08 12:49:00,2011-10-05 13:47:00,7,1760.13,57,Активные повторные,0,0.0,-0.0,False
14731,2011-05-11 13:06:00,2011-10-23 15:54:00,3,380.02,39,Активные повторные,0,0.0,-0.0,False
14732,2011-01-04 14:40:00,2011-11-09 10:32:00,7,2238.38,22,Активные ценные,2,-16.15,0.007215039448172338,False
14733,2010-12-07 11:30:00,2011-11-23 15:39:00,12,9585.91,8,Активные ценные,14,-134.37,0.014017448526013701,False
14735,2010-12-16 16:05:00,2011-11-28 12:32:00,30,5493.25,3,Активные ценные,11,-258.0,0.046966731898238745,False
14737,2010-12-21 13:49:00,2011-08-03 10:04:00,2,1081.75,120,Давно не покупавшие повторные,0,0.0,-0.0,False
14738,2011-01-27 14:10:00,2011-10-28 08:56:00,7,1314.45,34,Активные повторные,2,-24.509999999999998,0.01864658222070067,False
14739,2010-12-07 14:58:00,2011-11-20 10:37:00,6,3367.32,11,Активные ценные,0,0.0,-0.0,False
14740,2011-03-01 08:35:00,2011-05-26 18:17:00,3,1448.21,189,Давно не покупавшие повторные,4,-25.0,0.017262689803274386,False
14741,2010-12-02 08:43:00,2011-11-28 08:48:00,6,1400.3400000000001,3,Активные повторные,0,0.0,-0.0,False
14744,2010-12-08 10:21:00,2011-11-23 12:51:00,7,1099.98,8,Активные повторные,2,-11.45,0.01040928016873034,False
14745,2011-02-27 15:25:00,2011-08-19 10:05:00,5,1220.26,104,Давно не покупавшие повторные,1,-53.1,0.04351531640797863,False
14747,2011-04-04 14:09:00,2011-04-04 14:09:00,1,328.2,241,Остальные,1,-33.9,0.10329067641681901,False
14748,2010-12-06 10:19:00,2011-11-10 18:33:00,5,1415.75,21,Активные повторные,2,-96.9,0.0684442874801342,False
14752,2011-10-27 11:55:00,2011-10-27 11:55:00,1,389.64,35,Остальные,0,0.0,-0.0,False
14753,2011-09-13 14:50:00,2011-09-13 14:50:00,1,563.15,79,Остальные,0,0.0,-0.0,False
14754,2011-02-17 12:21:00,2011-10-26 12:01:00,2,638.05,36,Остальные,0,0.0,-0.0,False
14755,2011-01-09 14:02:00,2011-11-30 11:24:00,11,5010.28,1,Активные ценные,2,-44.900000000000006,0.008961575001796309,False
14756,2011-11-24 18:13:00,2011-11-24 18:13:00,1,738.96,7,Недавние однократные,0,0.0,-0.0,False
14757,2011-09-25 14:36:00,2011-09-25 14:36:00,1,420.5,67,Остальные,0,0.0,-0.0,False
14758,2011-03-25 12:10:00,2011-07-18 08:21:00,4,1484.06,136,Давно не покупавшие повторные,0,0.0,-0.0,False
14759,2011-04-21 10:55:00,2011-08-19 08:57:00,2,870.85,104,Давно не покупавшие повторные,0,0.0,-0.0,False
14760,2011-02-15 16:27:00,2011-02-15 16:27:00,1,89.2,289,Остальные,2,-35.400000000000006,0.39686098654708524,False
14761,2011-01-09 12:03:00,2011-10-12 12:10:00,2,255.9,50,Остальные,0,0.0,-0.0,False
14762,2011-03-21 08:20:00,2011-03-21 08:20:00,1,300.52,255,Остальные,0,0.0,-0.0,False
14764,2011-10-24 11:54:00,2011-10-24 11:54:00,1,278.3,38,Остальные,1,-27.75,0.09971254042400288,False
14765,2011-06-16 19:49:00,2011-11-10 19:53:00,3,254.11,21,Активные повторные,0,0.0,-0.0,False
14766,2010-12-08 15:33:00,2011-09-20 09:45:00,5,2050.85,72,Остальные,2,-50.3,0.024526415876343955,False
14768,2011-08-04 13:25:00,2011-11-22 12:54:00,2,192.60000000000002,9,Остальные,1,-53.1,0.2757009345794392,False
14769,2010-12-17 11:40:00,2011-09-18 15:32:00,7,10331.130000000001,74,Остальные,4,-33.15,0.0032087487041591767,False
14770,2011-01-20 15:00:00,2011-04-21 14:21:00,2,876.42,224,Давно не покупавшие повторные,0,0.0,-0.0,False
14772,2011-08-19 15:04:00,2011-08-19 15:04:00,1,139.26,104,Остальные,0,0.0,-0.0,False
14775,2010-12-02 16:38:00,2011-10-12 15:27:00,3,1011.9,50,Активные повторные,0,0.0,-0.0,False
14776,2011-01-31 13:17:00,2011-10-19 15:34:00,11,2538.3,43,Активные повторные,17,-342.72,0.13501950124098808,False
14778,2011-02-04 11:43:00,2011-08-04 15:23:00,2,730.86,119,Давно не покупавшие повторные,0,0.0,-0.0,False
14779,2011-01-20 12:04:00,2011-03-04 12:42:00,3,386.15,272,Давно не покупавшие повторные,0,0.0,-0.0,False
14780,2011-09-21 15:15:00,2011-10-16 12:46:00,2,447.68,46,Остальные,0,0.0,-0.0,False
14782,2011-01-24 11:12:00,2011-01-24 11:12:00,1,200.10000000000002,311,Остальные,0,0.0,-0.0,False
14784,2011-01-20 09:25:00,2011-11-13 13:30:00,2,289.99,18,Остальные,0,0.0,-0.0,False
14785,2011-11-24 13:40:00,2011-11-29 13:21:00,2,77.4,2,Остальные,0,0.0,-0.0,False
14788,2011-11-13 15:52:00,2011-11-13 15:52:00,1,368.45,18,Недавние однократные,0,0.0,-0.0,False
14789,2011-11-11 08:59:00,2011-11-11 08:59:00,1,197.64000000000001,20,Недавние однократные,0,0.0,-0.0,False
14790,2011-03-31 11:49:00,2011-11-23 09:28:00,4,745.06,8,Активные повторные,0,0.0,-0.0,False
14792,2011-10-07 09:19:00,2011-10-07 09:19:00,1,6.2,55,Остальные,2,-6.2,1.0,True
14793,2011-11-18 14:50:00,2011-11-18 14:50:00,1,228.99,13,Недавние однократные,0,0.0,-0.0,False
14794,2011-01-09 16:11:00,2011-11-30 09:00:00,6,1115.05,1,Активные повторные,2,-47.8,0.0428680328236402,False
14795,2011-06-26 13:04:00,2011-06-26 13:04:00,1,131.45000000000002,158,Остальные,0,0.0,-0.0,False
14796,2010-12-08 10:40:00,2011-11-17 13:30:00,16,7593.7,14,Активные ценные,24,-182.98,0.024096290345944665,False
14798,2011-02-02 15:26:00,2011-10-18 10:58:00,3,173.74,44,Активные повторные,0,0.0,-0.0,False
14799,2011-10-19 16:16:00,2011-10-19 16:16:00,1,157.7,43,Остальные,0,0.0,-0.0,False
14800,2010-12-05 11:10:00,2011-10-23 12:46:00,12,4339.74,39,Активные повторные,7,-103.4,0.023826312175383783,False
14801,2011-10-09 15:24:00,2011-10-09 15:24:00,1,193.14,53,Остальные,0,0.0,-0.0,False
14803,2011-02-20 13:21:00,2011-06-30 13:58:00,3,845.55,154,Давно не покупавшие повторные,0,0.0,-0.0,False
14805,2011-01-30 10:43:00,2011-11-24 16:20:00,4,554.6500000000001,7,Активные повторные,0,0.0,-0.0,False
14806,2011-09-25 15:32:00,2011-09-25 15:32:00,1,193.39,67,Остальные,0,0.0,-0.0,False
14808,2011-06-20 12:53:00,2011-10-31 12:21:00,8,2741.17,31,Активные повторные,20,-440.8,0.1608072465407107,False
14810,2010-12-05 12:08:00,2011-10-30 11:19:00,11,2087.88,32,Активные повторные,0,0.0,-0.0,False
14813,2010-12-05 11:54:00,2010-12-05 11:57:00,2,155.43,361,Давно не покупавшие повторные,0,0.0,-0.0,False
14815,2011-10-03 11:36:00,2011-11-03 11:36:00,2,778.5,28,Остальные,0,0.0,-0.0,False
14816,2011-05-26 13:16:00,2011-05-26 13:16:00,1,271.85,189,Остальные,0,0.0,-0.0,False
14817,2011-03-07 13:51:00,2011-05-23 13:35:00,2,1010.3399999999999,192,Давно не покупавшие повторные,0,0.0,-0.0,False
14818,2011-03-31 12:28:00,2011-09-27 11:01:00,3,657.8,65,Остальные,0,0.0,-0.0,False
14819,2011-05-31 13:50:00,2011-10-06 13:41:00,2,272.07,56,Остальные,0,0.0,-0.0,False
14820,2011-06-19 14:56:00,2011-11-18 15:41:00,4,507.29,13,Активные повторные,0,0.0,-0.0,False
14821,2010-12-08 08:43:00,2010-12-08 08:43:00,1,48.800000000000004,358,Остальные,0,0.0,-0.0,False
14823,2011-05-29 12:48:00,2011-06-12 13:12:00,3,321.43,172,Давно не покупавшие повторные,0,0.0,-0.0,False
14824,2011-09-09 14:12:00,2011-11-29 14:20:00,4,1127.71,2,Активные повторные,0,0.0,-0.0,False
14825,2010-12-06 12:30:00,2011-11-24 10:07:00,11,2125.82,7,Активные ценные,0,0.0,-0.0,False
14828,2011-01-07 09:50:00,2011-05-27 10:16:00,3,2139.76,188,Давно не покупавшие повторные,0,0.0,-0.0,False
14829,2010-12-02 16:12:00,2011-11-10 16:16:00,4,697.55,21,Активные повторные,3,-52.9,0.07583685757293385,False
14830,2011-10-17 14:29:00,2011-10-17 14:29:00,1,196.28,45,Остальные,0,0.0,-0.0,False
14834,2011-04-13 15:00:00,2011-11-22 10:30:00,6,1720.3,9,Активные ценные,3,-21.95,0.012759402429808754,False
14836,2011-11-09 13:26:00,2011-11-29 16:45:00,3,102.44999999999999,2,Активные повторные,0,0.0,-0.0,False
14837,2011-05-22 12:49:00,2011-09-11 10:58:00,4,1649.5,81,Остальные,2,-8.3,0.005031827826614126,False
14840,2011-03-17 12:00:00,2011-03-17 12:00:00,1,62.85,259,Остальные,0,0.0,-0.0,False
14841,2010-12-16 10:28:00,2011-10-17 15:03:00,6,3295.76,45,Активные повторные,0,0.0,-0.0,False
14842,2011-02-04 15:32:00,2011-10-27 12:37:00,4,2824.69,35,Активные повторные,13,-367.89,0.1302408405878167,False
14844,2011-04-12 13:10:00,2011-10-07 10:41:00,4,3189.81,55,Активные повторные,0,0.0,-0.0,False
14847,2011-07-14 10:52:00,2011-07-14 10:52:00,1,309.4,140,Остальные,0,0.0,-0.0,False
14849,2010-12-01 12:22:00,2011-11-18 10:58:00,25,7930.54,13,Активные ценные,4,-26.259999999999998,0.0033112499274954793,False
14850,2011-02-01 11:21:00,2011-02-01 11:21:00,1,325.75,303,Остальные,1,-47.6,0.1461243284727552,False
14851,2011-03-28 14:59:00,2011-11-16 14:20:00,2,511.35,15,Остальные,0,0.0,-0.0,False
14852,2011-04-01 13:22:00,2011-10-12 13:20:00,6,2836.69,50,Активные повторные,0,0.0,-0.0,False
14853,2011-05-12 15:17:00,2011-11-15 16:56:00,2,475.8,16,Остальные,0,0.0,-0.0,False
14854,2011-03-10 12:22:00,2011-09-22 17:00:00,7,2759.83,70,Остальные,4,-9.94,0.003601671117423899,False
14855,2011-07-28 12:06:00,2011-08-12 14:02:00,2,645.6500000000001,111,Давно не покупавшие повторные,0,0.0,-0.0,False
14856,2011-10-14 09:35:00,2011-11-03 14:53:00,3,1311.38,28,Активные повторные,0,0.0,-0.0,False
14857,2011-07-14 15:03:00,2011-10-11 09:23:00,2,1173.12,51,Остальные,1,-7.47,0.0063676350245499185,False
14859,2011-05-19 14:42:00,2011-11-27 11:18:00,4,1353.74,4,Активные повторные,1,-1.7,0.001255780282772172,False
14860,2011-11-20 14:17:00,2011-11-20 14:17:00,1,170.32,11,Недавние однократные,0,0.0,-0.0,False
14861,2011-10-18 12:54:00,2011-10-18 12:54:00,1,125.79,44,Остальные,0,0.0,-0.0,False
14862,2011-07-14 11:20:00,2011-11-14 10:01:00,2,841.2,17,Остальные,0,0.0,-0.0,False
14863,2011-11-10 15:04:00,2011-11-10 15:04:00,1,266.76,21,Недавние однократные,0,0.0,-0.0,False
14865,2010-12-02 18:23:00,2010-12-02 18:23:00,1,37.2,364,Остальные,0,0.0,-0.0,False
14866,2010-12-08 14:58:00,2011-11-29 11:45:00,11,14353.4,2,Активные ценные,4,-192.45000000000002,0.013407973023813176,False
14867,2011-01-07 16:34:00,2011-06-07 11:39:00,3,710.28,177,Давно не покупавшие повторные,1,-8.95,0.01260066452666554,False
14868,2011-04-20 13:36:00,2011-11-18 14:40:00,7,2563.5,13,Активные ценные,3,-13.95,0.0054417788180222346,False
14869,2011-08-28 16:09:00,2011-08-28 16:09:00,1,391.31,95,Остальные,0,0.0,-0.0,False
14870,2011-03-23 10:51:00,2011-03-23 10:51:00,1,327.25,253,Остальные,0,0.0,-0.0,False
14871,2010-12-14 12:18:00,2011-06-14 13:04:00,3,354.75,170,Давно не покупавшие повторные,0,0.0,-0.0,False
14873,2011-05-13 13:52:00,2011-05-13 13:52:00,1,519.68,202,Остальные,0,0.0,-0.0,False
14875,2011-03-22 11:53:00,2011-08-24 12:20:00,2,1465.32,99,Давно не покупавшие повторные,2,-7.65,0.005220702645156007,False
14878,2010-12-16 12:11:00,2011-11-27 11:15:00,9,1485.54,4,Активные повторные,0,0.0,-0.0,False
14880,2011-02-24 12:27:00,2011-09-23 13:42:00,3,706.19,69,Остальные,0,0.0,-0.0,False
14881,2011-11-20 11:06:00,2011-11-20 11:06:00,1,255.4,11,Недавние однократные,0,0.0,-0.0,False
14882,2011-11-06 10:15:00,2011-11-13 12:47:00,2,589.7,18,Остальные,0,0.0,-0.0,False
14883,2011-05-12 09:49:00,2011-11-21 10:23:00,6,761.5899999999999,10,Активные повторные,1,-4.95,0.006499560130779029,False
14885,2011-07-31 12:05:00,2011-07-31 12:05:00,1,765.3199999999999,123,Остальные,0,0.0,-0.0,False
14886,2011-04-01 08:56:00,2011-04-01 08:56:00,1,364.8,244,Остальные,0,0.0,-0.0,False
14887,2011-09-21 15:32:00,2011-09-21 15:32:00,1,1862.0,71,Остальные,0,0.0,-0.0,False
14888,2011-05-16 14:58:00,2011-05-16 14:58:00,1,369.2,199,Остальные,0,0.0,-0.0,False
14889,2011-01-07 15:19:00,2011-01-07 15:19:00,1,135.9,328,Остальные,0,0.0,-0.0,False
14890,2011-03-31 11:57:00,2011-03-31 11:57:00,1,125.65,245,Остальные,0,0.0,-0.0,False
14891,2011-06-05 10:58:00,2011-07-14 18:08:00,2,554.38,140,Давно не покупавшие повторные,0,0.0,-0.0,False
14893,2011-11-28 10:49:00,2011-11-30 12:31:00,2,1237.85,1,Остальные,0,0.0,-0.0,False
14894,2011-09-15 13:51:00,2011-09-15 13:51:00,1,655.75,77,Остальные,0,0.0,-0.0,False
14895,2011-02-22 13:08:00,2011-11-10 10:29:00,17,10213.09,21,Активные ценные,8,-118.45,0.01159786117619643,False
14896,2010-12-09 12:24:00,2011-05-19 10:20:00,2,468.77000000000004,196,Давно не покупавшие повторные,0,0.0,-0.0,False
14897,2011-02-16 08:37:00,2011-10-18 09:54:00,3,746.3199999999999,44,Активные повторные,0,0.0,-0.0,False
14898,2010-12-03 15:25:00,2011-11-16 14:54:00,6,1303.52,15,Активные повторные,3,-75.2,0.05768994721983552,False
14901,2010-12-02 11:20:00,2011-11-28 17:09:00,9,1421.29,3,Активные повторные,2,-6.3,0.004432592926144559,False
14902,2011-11-14 10:34:00,2011-11-14 10:34:00,1,332.66,17,Недавние однократные,4,-18.55,0.05576264053387843,False
14903,2011-03-06 11:50:00,2011-11-18 16:07:00,5,2810.63,13,Активные ценные,9,-66.15,0.02353564859124111,False
14904,2011-11-14 09:13:00,2011-11-14 09:13:00,1,396.96,17,Недавние однократные,0,0.0,-0.0,False
14905,2011-04-20 10:48:00,2011-07-05 12:41:00,2,616.1500000000001,149,Давно не покупавшие повторные,1,-16.25,0.02637344802402012,False
14907,2010-12-07 10:14:00,2011-11-11 13:25:00,6,3024.7400000000002,20,Активные ценные,3,-22.25,0.007356004152423018,False
14908,2011-09-26 12:56:00,2011-09-26 12:56:00,1,277.8,66,Остальные,0,0.0,-0.0,False
14910,2011-10-16 11:06:00,2011-11-14 17:10:00,3,323.55,17,Активные повторные,5,-44.49,0.13750579508576727,False
14911,2010-12-01 14:05:00,2011-11-30 15:08:00,189,129446.8,1,Активные ценные,221,-7391.04,0.05709712406950191,False
14912,2011-04-07 11:06:00,2011-11-23 09:20:00,2,867.8499999999999,8,Остальные,0,0.0,-0.0,False
14913,2010-12-15 14:35:00,2011-11-04 08:29:00,4,1227.43,27,Активные повторные,0,0.0,-0.0,False
14915,2011-03-07 09:39:00,2011-09-09 13:34:00,2,307.48,83,Остальные,1,-48.65,0.15822167295433848,False
14916,2011-01-19 15:30:00,2011-09-30 09:20:00,4,1268.98,62,Остальные,2,-4.14,0.003262462765370612,False
14918,2011-07-08 12:50:00,2011-08-16 11:50:00,2,1610.15,107,Давно не покупавшие повторные,0,0.0,-0.0,False
14920,2011-05-11 10:31:00,2011-05-11 10:32:00,2,977.77,204,Давно не покупавшие повторные,0,0.0,-0.0,False
14921,2011-05-22 12:51:00,2011-11-09 13:17:00,2,1316.07,22,Остальные,0,0.0,-0.0,False
14923,2011-10-20 11:51:00,2011-10-20 11:51:00,1,749.1,42,Остальные,0,0.0,-0.0,False
14924,2011-04-08 09:25:00,2011-04-08 09:25:00,1,310.05,237,Остальные,0,0.0,-0.0,False
14929,2011-11-07 17:21:00,2011-11-07 17:21:00,1,223.88,24,Недавние однократные,0,0.0,-0.0,False
14930,2011-03-10 14:42:00,2011-08-23 10:31:00,3,2372.86,100,Давно не покупавшие повторные,0,0.0,-0.0,False
14931,2011-04-13 09:32:00,2011-11-17 09:25:00,3,666.28,14,Активные повторные,0,0.0,-0.0,False
14932,2010-12-09 11:48:00,2010-12-09 11:48:00,1,313.53,357,Остальные,0,0.0,-0.0,False
14934,2011-03-02 11:48:00,2011-09-19 10:10:00,2,1890.94,73,Остальные,1,-2.1,0.0011105587697124181,False
14935,2011-02-15 14:44:00,2011-02-15 14:44:00,1,1784.71,289,Остальные,0,0.0,-0.0,False
14936,2011-03-09 11:53:00,2011-11-06 10:30:00,8,8137.0199999999995,25,Активные ценные,2,-19.599999999999998,0.0024087442331467783,False
14937,2011-08-01 14:16:00,2011-10-14 12:29:00,3,1621.8799999999999,48,Активные повторные,1,-4.25,0.00262041581374701,False
14944,2011-02-16 12:47:00,2011-11-10 09:10:00,12,5900.250000000001,21,Активные ценные,2,-57.300000000000004,0.009711452904537942,False
14946,2011-11-25 13:33:00,2011-11-25 13:33:00,1,100.9,6,Недавние однократные,0,0.0,-0.0,False
14947,2011-08-01 09:31:00,2011-09-28 15:48:00,2,290.82,64,Остальные,0,0.0,-0.0,False
14948,2011-05-04 14:52:00,2011-11-16 17:16:00,6,1101.97,15,Активные повторные,1,-35.400000000000006,0.032124286505077274,False
14950,2011-11-20 13:48:00,2011-11-20 13:48:00,1,371.2,11,Недавние однократные,0,0.0,-0.0,False
14951,2011-09-21 15:15:00,2011-09-21 15:15:00,1,311.69,71,Остальные,0,0.0,-0.0,False
14952,2010-12-10 12:48:00,2011-10-11 10:33:00,11,8099.490000000001,51,Активные повторные,11,-186.7,0.02305083406486087,False
14953,2011-11-14 14:59:00,2011-11-14 14:59:00,1,289.82,17,Недавние однократные,0,0.0,-0.0,False
14954,2011-11-27 14:30:00,2011-11-27 14:30:00,1,336.17,4,Недавние однократные,0,0.0,-0.0,False
14957,2011-03-31 17:59:00,2011-03-31 17:59:00,1,58.49,245,Остальные,0,0.0,-0.0,False
14958,2011-04-08 11:28:00,2011-07-15 14:20:00,3,499.68,139,Давно не покупавшие повторные,0,0.0,-0.0,False
14959,2011-02-16 13:00:00,2011-10-06 18:23:00,4,695.42,56,Активные повторные,2,-10.45,0.015026890224612465,False
14960,2011-06-21 13:38:00,2011-06-21 13:38:00,1,88.3,163,Остальные,0,0.0,-0.0,False
14961,2010-12-14 11:38:00,2011-11-29 09:42:00,9,7044.68,2,Активные ценные,5,-38.1,0.005408336503574329,False
14962,2011-03-14 09:42:00,2011-03-14 09:42:00,1,126.7,262,Остальные,0,0.0,-0.0,False
14963,2011-06-09 12:30:00,2011-11-30 12:16:00,5,1487.8,1,Активные повторные,0,0.0,-0.0,False
14964,2011-04-06 14:13:00,2011-04-06 14:13:00,1,206.21,239,Остальные,0,0.0,-0.0,False
14965,2011-09-04 13:15:00,2011-09-04 13:20:00,2,599.0,88,Остальные,0,0.0,-0.0,False
14966,2011-11-25 12:20:00,2011-11-25 12:20:00,1,191.32,6,Недавние однократные,0,0.0,-0.0,False
14967,2011-10-21 11:06:00,2011-10-21 11:06:00,1,463.8,41,Остальные,0,0.0,-0.0,False
14968,2011-11-09 13:58:00,2011-11-09 13:58:00,1,147.59,22,Недавние однократные,0,0.0,-0.0,False
14970,2011-01-27 12:23:00,2011-10-02 13:44:00,4,1592.06,60,Активные повторные,0,0.0,-0.0,False
14971,2011-10-27 13:33:00,2011-11-04 17:07:00,3,1116.57,27,Активные повторные,0,0.0,-0.0,False
14972,2011-08-03 14:54:00,2011-08-03 14:54:00,1,114.77,120,Остальные,0,0.0,-0.0,False
14973,2011-04-28 12:22:00,2011-08-24 15:51:00,3,1314.45,99,Давно не покупавшие повторные,0,0.0,-0.0,False
14974,2011-11-02 13:01:00,2011-11-02 13:01:00,1,114.39,29,Недавние однократные,0,0.0,-0.0,False
14975,2011-10-13 14:08:00,2011-10-13 14:08:00,1,279.94,49,Остальные,0,0.0,-0.0,False
14976,2011-01-17 11:09:00,2011-10-13 16:33:00,6,774.86,49,Активные повторные,1,-25.0,0.03226389283225357,False
14978,2011-01-13 12:03:00,2011-09-28 13:07:00,5,1931.42,64,Остальные,0,0.0,-0.0,False
14981,2011-04-07 13:45:00,2011-04-07 13:45:00,1,102.12,238,Остальные,0,0.0,-0.0,False
14984,2011-06-12 11:04:00,2011-11-20 14:28:00,2,213.27,11,Остальные,0,0.0,-0.0,False
14985,2010-12-16 19:51:00,2011-05-25 14:29:00,2,296.75,190,Давно не покупавшие повторные,0,0.0,-0.0,False
14987,2010-12-09 12:13:00,2011-11-24 09:59:00,2,326.4,7,Остальные,0,0.0,-0.0,False
14988,2011-05-12 12:05:00,2011-05-12 12:05:00,1,334.54,203,Остальные,0,0.0,-0.0,False
14995,2011-03-04 13:14:00,2011-11-01 11:39:00,2,233.23000000000002,30,Остальные,0,0.0,-0.0,False
14997,2011-06-14 16:52:00,2011-10-24 13:28:00,3,546.1999999999999,38,Активные повторные,1,-5.22,0.00955693885023801,False
14998,2011-04-12 16:28:00,2011-06-22 17:30:00,2,429.87,162,Давно не покупавшие повторные,0,0.0,-0.0,False
15000,2011-10-23 11:42:00,2011-10-23 11:42:00,1,490.52,39,Остальные,0,0.0,-0.0,False
15002,2010-12-07 13:16:00,2011-08-16 10:44:00,4,1641.76,107,Давно не покупавшие повторные,0,0.0,-0.0,False
15004,2011-07-15 14:05:00,2011-07-15 14:05:00,1,1245.93,139,Остальные,0,0.0,-0.0,False
15005,2010-12-08 14:36:00,2011-11-24 12:25:00,28,6314.87,7,Активные ценные,41,-136.08,0.02154913719522334,False
15006,2011-10-19 15:08:00,2011-10-19 15:08:00,1,497.14,43,Остальные,0,0.0,-0.0,False
15007,2011-07-03 16:00:00,2011-07-03 16:00:00,1,156.91,151,Остальные,0,0.0,-0.0,False
15009,2011-11-14 17:40:00,2011-11-27 13:35:00,3,1261.7800000000002,4,Активные повторные,0,0.0,-0.0,False
15010,2011-11-04 12:42:00,2011-11-04 12:42:00,1,308.94,27,Недавние однократные,0,0.0,-0.0,False
15012,2010-12-01 12:49:00,2011-10-17 12:22:00,2,423.03999999999996,45,Остальные,0,0.0,-0.0,False
15014,2011-06-16 19:40:00,2011-10-27 20:07:00,2,260.17,35,Остальные,0,0.0,-0.0,False
15016,2011-06-20 12:06:00,2011-06-20 12:06:00,1,170.04,164,Остальные,0,0.0,-0.0,False
15017,2011-11-06 10:33:00,2011-11-06 10:33:00,1,125.58,25,Недавние однократные,0,0.0,-0.0,False
15018,2010-12-07 10:47:00,2011-11-01 12:47:00,3,496.21000000000004,30,Активные повторные,1,-39.95,0.08051026783015255,False
15019,2011-03-18 12:35:00,2011-03-18 12:35:00,1,266.0,258,Остальные,0,0.0,-0.0,False
15021,2010-12-08 12:17:00,2011-11-13 12:31:00,8,1672.85,18,Активные ценные,5,-19.3,0.011537196999133217,False
15022,2011-10-23 15:47:00,2011-11-28 12:35:00,4,905.04,3,Активные повторные,0,0.0,-0.0,False
15023,2010-12-05 13:49:00,2011-10-31 17:13:00,10,6092.22,31,Активные повторные,1,-39.6,0.006500093561952786,False
15024,2010-12-07 13:20:00,2011-11-30 12:06:00,10,1661.3300000000002,1,Активные ценные,0,0.0,-0.0,False
15025,2011-11-06 15:20:00,2011-11-06 15:20:00,1,377.01,25,Недавние однократные,0,0.0,-0.0,False
15026,2011-03-07 13:45:00,2011-09-20 13:52:00,3,464.2,72,Остальные,0,0.0,-0.0,False
15027,2011-04-15 14:14:00,2011-11-09 10:16:00,4,1066.1499999999999,22,Активные повторные,2,-14.2,0.013318951367068425,False
15028,2010-12-06 12:47:00,2011-10-28 11:41:00,3,512.4300000000001,34,Активные повторные,0,0.0,-0.0,False
15030,2011-03-16 15:34:00,2011-09-29 10:50:00,2,518.28,63,Остальные,0,0.0,-0.0,False
15031,2011-03-02 14:46:00,2011-11-09 17:44:00,3,492.61,22,Активные повторные,0,0.0,-0.0,False
15032,2010-12-08 12:57:00,2011-03-28 15:03:00,3,4959.1,248,Давно не покупавшие повторные,3,-495.0,0.0998164989615051,False
15033,2011-01-14 13:28:00,2011-11-14 13:12:00,9,2415.57,17,Активные ценные,3,-15.65,0.006478802104679227,False
15034,2010-12-21 09:47:00,2011-11-24 12:11:00,8,4308.61,7,Активные ценные,6,-30.95,0.007183291131014411,False
15035,2011-09-11 11:08:00,2011-09-11 11:08:00,1,252.73000000000002,81,Остальные,0,0.0,-0.0,False
15036,2011-06-13 12:19:00,2011-09-28 15:42:00,3,465.54999999999995,64,Остальные,0,0.0,-0.0,False
15038,2010-12-05 10:54:00,2011-10-12 11:33:00,6,705.49,50,Активные повторные,3,-39.9,0.056556435952316825,False
15039,2010-12-06 11:26:00,2011-11-30 11:31:00,47,19914.440000000002,1,Активные ценные,6,-128.0,0.00642749683144492,False
15041,2011-06-22 16:16:00,2011-06-22 16:16:00,1,180.35,162,Остальные,0,0.0,-0.0,False
15042,2011-05-24 16:25:00,2011-05-24 16:25:00,1,135.93,191,Остальные,0,0.0,-0.0,False
15043,2011-11-08 14:26:00,2011-11-08 14:26:00,1,537.0,23,Недавние однократные,0,0.0,-0.0,False
15044,2010-12-12 14:27:00,2011-11-20 13:20:00,17,7700.2300000000005,11,Активные ценные,8,-70.85,0.009201023865520899,False
15045,2011-03-27 11:44:00,2011-07-11 11:33:00,2,735.66,143,Давно не покупавшие повторные,1,-102.0,0.13865100725878804,False
15046,2011-01-05 15:30:00,2011-11-30 15:50:00,15,5194.82,1,Активные ценные,1,-149.76,0.02882871783815416,False
15047,2011-03-15 10:49:00,2011-03-15 10:49:00,1,343.62,261,Остальные,0,0.0,-0.0,False
15048,2010-12-06 12:15:00,2011-10-05 14:55:00,4,384.05,57,Активные повторные,1,-3.4799999999999995,0.00906132014060669,False
15049,2011-03-11 12:13:00,2011-03-11 12:13:00,1,121.17,265,Остальные,0,0.0,-0.0,False
15050,2011-09-29 13:22:00,2011-11-14 16:17:00,3,1782.0900000000001,17,Активные ценные,2,-54.919999999999995,0.0308177477007334,False
15051,2011-07-12 15:29:00,2011-11-16 15:38:00,3,1391.61,15,Активные повторные,0,0.0,-0.0,False
15052,2011-01-24 15:52:00,2011-01-24 15:52:00,1,215.78,311,Остальные,0,0.0,-0.0,False
15053,2011-03-03 12:06:00,2011-07-06 13:06:00,2,478.6,148,Давно не покупавшие повторные,0,0.0,-0.0,False
15054,2011-10-30 14:33:00,2011-11-27 15:02:00,2,302.1,4,Остальные,0,0.0,-0.0,False
15057,2011-01-28 09:09:00,2011-03-09 15:17:00,2,1489.5,267,Давно не покупавшие повторные,0,0.0,-0.0,False
15058,2011-01-31 15:35:00,2011-11-14 14:57:00,11,2124.9900000000002,17,Активные ценные,0,0.0,-0.0,False
15059,2011-01-09 11:54:00,2011-10-30 11:35:00,9,1337.72,32,Активные повторные,2,-11.9,0.00889573303830398,False
15060,2011-11-30 14:03:00,2011-11-30 14:21:00,3,285.23,1,Активные повторные,0,0.0,-0.0,False
15061,2010-12-02 15:19:00,2011-11-29 10:52:00,47,50638.28,2,Активные ценные,6,-283.8,0.0056044557595558145,False
15062,2010-12-15 15:37:00,2011-09-29 16:51:00,4,987.86,63,Остальные,0,0.0,-0.0,False
15063,2011-05-10 13:25:00,2011-05-10 13:25:00,1,370.79999999999995,205,Остальные,0,0.0,-0.0,False
15065,2011-02-21 12:54:00,2011-11-02 09:45:00,4,3158.13,29,Активные ценные,3,-22.15,0.0070136441501774775,False
15066,2011-10-17 13:25:00,2011-10-17 13:25:00,1,893.59,45,Остальные,11,-133.0,0.14883783390593,False
15067,2011-03-02 12:10:00,2011-09-22 13:20:00,3,1744.7599999999998,70,Остальные,0,0.0,-0.0,False
15068,2011-03-28 14:27:00,2011-10-24 14:47:00,2,553.36,38,Остальные,0,0.0,-0.0,False
15069,2011-06-13 14:16:00,2011-06-13 14:16:00,1,1109.53,171,Остальные,0,0.0,-0.0,False
15070,2010-12-02 11:23:00,2010-12-02 11:23:00,1,106.2,364,Остальные,0,0.0,-0.0,False
15071,2011-03-09 10:19:00,2011-09-07 11:43:00,2,982.0699999999999,85,Остальные,0,0.0,-0.0,False
15073,2011-06-06 09:59:00,2011-11-30 10:44:00,3,1043.41,1,Активные повторные,22,-430.98,0.41304952032278774,False
15074,2011-08-26 14:45:00,2011-08-26 14:45:00,1,748.87,97,Остальные,0,0.0,-0.0,False
15075,2011-09-23 12:27:00,2011-09-23 12:27:00,1,773.03,69,Остальные,0,0.0,-0.0,False
15076,2011-06-20 08:23:00,2011-06-20 08:23:00,1,880.85,164,Остальные,0,0.0,-0.0,False
15078,2010-12-06 12:38:00,2011-11-28 09:40:00,29,8920.03,3,Активные ценные,11,-119.76,0.013425963814023046,False
15079,2010-12-09 09:25:00,2011-05-11 12:45:00,4,895.61,204,Давно не покупавшие повторные,1,-1.95,0.0021772869887562666,False
15081,2010-12-07 16:20:00,2011-11-17 17:08:00,5,504.8,14,Активные повторные,2,-17.45,0.03456814580031695,False
15083,2011-03-28 12:18:00,2011-03-28 12:18:00,1,88.2,248,Остальные,0,0.0,-0.0,False
15087,2011-03-03 10:34:00,2011-03-03 10:34:00,1,306.94,273,Остальные,0,0.0,-0.0,False
15088,2011-10-03 14:05:00,2011-11-18 13:14:00,2,1160.0700000000002,13,Остальные,3,-19.8,0.01706793555561302,False
15089,2011-08-03 14:14:00,2011-11-29 16:31:00,6,2420.84,2,Активные ценные,0,0.0,-0.0,False
15090,2011-02-04 14:03:00,2011-02-04 14:03:00,1,381.32,300,Остальные,0,0.0,-0.0,False
15091,2011-10-03 12:47:00,2011-10-03 12:47:00,1,480.71,59,Остальные,1,-3.75,0.00780096107840486,False
15092,2011-03-01 12:24:00,2011-05-08 14:10:00,2,457.81000000000006,207,Давно не покупавшие повторные,0,0.0,-0.0,False
15093,2010-12-02 18:25:00,2011-11-21 13:09:00,6,4597.02,10,Активные ценные,4,-186.88,0.04065242265641655,False
15095,2011-05-20 14:27:00,2011-08-28 12:01:00,4,1370.6,95,Давно не покупавшие повторные,2,-5.9,0.0043046840799649795,False
15096,2011-10-28 10:27:00,2011-10-28 10:27:00,1,219.39000000000001,34,Остальные,0,0.0,-0.0,False
15098,2011-06-10 15:22:00,2011-06-10 15:33:00,3,39916.5,174,Давно не покупавшие повторные,1,-297.0,0.007440532110781256,False
15099,2011-09-16 13:13:00,2011-09-16 13:13:00,1,410.48,76,Остальные,0,0.0,-0.0,False
15100,2010-12-01 09:09:00,2011-01-10 10:35:00,3,876.0,325,Давно не покупавшие повторные,3,-240.89999999999998,0.27499999999999997,False
15101,2010-12-15 12:54:00,2010-12-15 12:54:00,1,102.28,351,Остальные,1,-7.5,0.07332811888932342,False
15103,2011-09-14 13:54:00,2011-11-08 14:53:00,2,703.36,23,Остальные,0,0.0,-0.0,False
15104,2011-03-02 14:16:00,2011-05-27 12:29:00,2,1027.44,188,Давно не покупавшие повторные,2,-24.9,0.024234991824340104,False
15105,2011-07-28 10:09:00,2011-11-21 16:54:00,7,2298.93,10,Активные ценные,0,0.0,-0.0,False
15106,2011-03-15 12:52:00,2011-11-22 09:16:00,5,1422.52,9,Активные повторные,2,-14.79,0.010397041869358603,False
15107,2010-12-02 13:45:00,2011-02-01 14:46:00,6,319.5,303,Давно не покупавшие повторные,2,-59.5,0.18622848200312989,False
15108,2011-04-26 10:54:00,2011-07-21 10:24:00,3,1159.25,133,Давно не покупавшие повторные,1,-8.5,0.007332326935518654,False
15109,2011-04-08 09:58:00,2011-04-08 09:58:00,1,484.95,237,Остальные,3,-21.2,0.04371584699453552,False
15110,2011-01-25 11:41:00,2011-11-16 11:16:00,4,996.1,15,Активные повторные,5,-25.85,0.02595120971789981,False
15111,2010-12-02 11:45:00,2011-11-10 16:58:00,3,1567.48,21,Активные повторные,0,0.0,-0.0,False
15113,2011-10-16 15:27:00,2011-11-30 08:23:00,3,3608.94,1,Активные ценные,1,-169.92000000000002,0.04708307702538696,False
15114,2011-02-11 08:45:00,2011-11-09 15:05:00,10,2760.56,22,Активные ценные,0,0.0,-0.0,False
15115,2011-11-21 14:59:00,2011-11-21 14:59:00,1,340.11,10,Недавние однократные,0,0.0,-0.0,False
15116,2011-05-19 08:50:00,2011-11-22 12:25:00,4,1352.75,9,Активные повторные,0,0.0,-0.0,False
15117,2011-05-08 12:38:00,2011-11-25 08:12:00,5,1551.78,6,Активные повторные,1,-1.65,0.0010632950547113636,False
15118,2011-07-28 14:54:00,2011-07-28 14:54:00,1,244.8,126,Остальные,0,0.0,-0.0,False
15119,2011-04-08 09:08:00,2011-04-08 09:08:00,1,266.40000000000003,237,Остальные,0,0.0,-0.0,False
15120,2011-07-29 09:48:00,2011-07-29 09:48:00,1,358.82,125,Остальные,1,-15.0,0.0418036898723594,False
15121,2011-02-24 12:41:00,2011-10-20 14:51:00,2,457.71999999999997,42,Остальные,0,0.0,-0.0,False
15122,2011-02-15 09:59:00,2011-08-17 16:48:00,3,1633.78,106,Давно не покупавшие повторные,5,-21.65,0.013251478167195093,False
15123,2011-05-17 14:57:00,2011-05-17 14:57:00,1,1069.47,198,Остальные,0,0.0,-0.0,False
15124,2011-06-01 09:06:00,2011-11-17 10:09:00,2,184.19,14,Остальные,0,0.0,-0.0,False
15125,2011-03-14 09:59:00,2011-11-14 13:57:00,15,11528.48,17,Активные ценные,13,-411.43,0.03568813928635865,False
15127,2011-10-05 10:30:00,2011-10-05 10:30:00,1,406.53,57,Остальные,0,0.0,-0.0,False
15128,2011-05-04 12:32:00,2011-10-10 13:54:00,4,1471.0,52,Активные повторные,8,-47.75,0.03246091094493542,False
15129,2011-02-21 09:09:00,2011-10-20 14:40:00,11,3447.4,42,Активные повторные,0,0.0,-0.0,False
15130,2011-06-23 10:15:00,2011-06-23 10:15:00,1,330.11,161,Остальные,0,0.0,-0.0,False
15132,2011-03-22 12:02:00,2011-11-21 17:10:00,5,977.9300000000001,10,Активные повторные,0,0.0,-0.0,False
15133,2011-02-11 10:38:00,2011-08-04 10:44:00,3,982.42,119,Давно не покупавшие повторные,0,0.0,-0.0,False
15134,2011-04-13 11:05:00,2011-11-25 08:55:00,8,1387.99,6,Активные повторные,0,0.0,-0.0,False
15135,2011-04-14 19:16:00,2011-04-14 19:16:00,1,139.05,231,Остальные,1,-11.9,0.08558072635742538,False
15136,2011-09-04 16:05:00,2011-11-17 16:35:00,2,1029.8,14,Остальные,1,-4.25,0.00412701495436007,False
15139,2011-01-07 12:44:00,2011-04-14 11:39:00,2,178.96,231,Давно не покупавшие повторные,0,0.0,-0.0,False
15140,2011-03-20 14:37:00,2011-10-18 14:07:00,7,2354.25,44,Активные повторные,1,-4.25,0.0018052458320059466,False
15142,2011-10-24 12:51:00,2011-10-24 12:51:00,1,498.74,38,Остальные,0,0.0,-0.0,False
15143,2011-04-28 12:03:00,2011-04-28 12:03:00,1,259.45,217,Остальные,0,0.0,-0.0,False
15144,2011-01-31 13:17:00,2011-11-15 08:32:00,16,6054.54,16,Активные ценные,1,-50.400000000000006,0.008324331823722365,False
15145,2011-04-05 15:20:00,2011-10-27 12:33:00,3,1036.37,35,Активные повторные,0,0.0,-0.0,False
15146,2011-02-21 13:07:00,2011-06-28 12:09:00,2,1327.16,156,Давно не покупавшие повторные,4,-13.5,0.010172096808222068,False
15147,2011-04-13 15:57:00,2011-04-13 15:57:00,1,623.5,232,Остальные,1,-14.850000000000001,0.02381716118684844,False
15148,2011-11-29 08:21:00,2011-11-29 08:21:00,1,301.29,2,Недавние однократные,0,0.0,-0.0,False
15149,2011-07-29 10:58:00,2011-07-29 10:58:00,1,520.8000000000001,125,Остальные,0,0.0,-0.0,False
15150,2011-03-15 14:21:00,2011-11-22 12:52:00,10,5314.469999999999,9,Активные ценные,1,-10.5,0.001975737938119888,False
15152,2011-06-05 15:36:00,2011-11-30 12:32:00,13,4745.6900000000005,1,Активные ценные,7,-61.45,0.012948591248058763,False
15153,2011-11-08 17:09:00,2011-11-08 17:09:00,1,329.25,23,Недавние однократные,0,0.0,-0.0,False
15154,2011-09-25 16:05:00,2011-09-25 16:05:00,1,296.42,67,Остальные,7,-56.15,0.18942716415896363,False
15156,2011-11-06 12:41:00,2011-11-06 12:41:00,1,317.8,25,Недавние однократные,0,0.0,-0.0,False
15157,2010-12-16 13:44:00,2011-07-08 13:26:00,2,1505.3700000000001,146,Давно не покупавшие повторные,7,-56.23,0.03735294313026033,False
15158,2011-10-25 13:53:00,2011-10-25 13:53:00,1,401.40000000000003,37,Остальные,0,0.0,-0.0,False
15159,2010-12-13 15:44:00,2011-11-21 14:24:00,27,16806.22,10,Активные ценные,10,-67.33,0.004006254827081878,False
15160,2010-12-17 14:15:00,2010-12-17 14:15:00,1,158.16,349,Остальные,0,0.0,-0.0,False
15163,2011-05-31 15:22:00,2011-11-21 13:10:00,2,304.47,10,Остальные,0,0.0,-0.0,False
15164,2011-01-04 14:21:00,2011-10-02 12:05:00,3,843.05,60,Активные повторные,0,0.0,-0.0,False
15165,2010-12-01 14:03:00,2010-12-01 14:03:00,1,487.75,365,Остальные,0,0.0,-0.0,False
15167,2011-01-23 12:41:00,2011-01-23 12:41:00,1,163.0,312,Остальные,0,0.0,-0.0,False
15168,2011-11-14 11:26:00,2011-11-14 11:26:00,1,106.56,17,Недавние однократные,0,0.0,-0.0,False
15171,2011-01-12 15:36:00,2011-01-12 15:36:00,1,1289.5,323,Остальные,2,-254.99999999999997,0.19775106630476927,False
15172,2011-04-17 11:56:00,2011-09-30 13:15:00,4,1247.95,62,Остальные,0,0.0,-0.0,False
15174,2011-01-21 09:06:00,2011-01-21 09:06:00,1,135.75,314,Остальные,0,0.0,-0.0,False
15175,2011-09-29 11:31:00,2011-09-29 11:31:00,1,224.14,63,Остальные,0,0.0,-0.0,False
15178,2011-03-24 15:12:00,2011-03-24 15:12:00,1,40.5,252,Остальные,0,0.0,-0.0,False
15179,2011-01-24 13:48:00,2011-11-21 12:53:00,5,2206.95,10,Активные ценные,2,-20.75,0.009402116042502096,False
15180,2010-12-07 14:57:00,2010-12-07 14:57:00,1,87.5,359,Остальные,0,0.0,-0.0,False
15181,2011-03-15 12:03:00,2011-10-04 13:58:00,3,689.48,58,Активные повторные,1,-4.95,0.007179323548181238,False
15182,2011-03-16 12:42:00,2011-07-08 13:37:00,2,622.85,146,Давно не покупавшие повторные,0,0.0,-0.0,False
15184,2011-06-02 12:06:00,2011-11-10 13:41:00,2,406.76,21,Остальные,0,0.0,-0.0,False
15185,2011-09-30 14:06:00,2011-09-30 14:06:00,1,310.62,62,Остальные,0,0.0,-0.0,False
15186,2011-06-24 14:54:00,2011-11-25 14:58:00,2,411.41,6,Остальные,0,0.0,-0.0,False
15187,2011-05-11 13:49:00,2011-11-24 13:28:00,12,3929.7,7,Активные ценные,2,-107.1,0.027253988854111,False
15189,2011-01-11 12:29:00,2011-11-29 14:57:00,38,15030.73,2,Активные ценные,20,-423.25,0.02815897830644287,False
15192,2010-12-09 14:56:00,2011-08-12 11:41:00,3,1044.32,111,Давно не покупавшие повторные,0,0.0,-0.0,False
15193,2011-10-10 08:23:00,2011-10-10 08:23:00,1,499.32,52,Остальные,0,0.0,-0.0,False
15194,2010-12-06 15:00:00,2011-11-08 10:26:00,14,6909.89,23,Активные ценные,16,-95.36,0.013800509125326162,False
15197,2010-12-16 18:01:00,2011-11-29 10:00:00,3,1079.6100000000001,2,Активные повторные,1,-419.40000000000003,0.38847361547225384,False
15198,2011-08-07 15:16:00,2011-09-08 14:42:00,2,193.64,84,Остальные,0,0.0,-0.0,False
15199,2011-02-04 14:04:00,2011-10-11 15:12:00,4,1268.6999999999998,51,Активные повторные,0,0.0,-0.0,False
15201,2011-04-06 14:02:00,2011-09-13 14:53:00,5,1236.54,79,Остальные,28,-308.7,0.24964821194623707,False
15203,2011-02-01 12:29:00,2011-11-14 08:16:00,6,1827.8,17,Активные ценные,0,0.0,-0.0,False
15204,2010-12-17 13:49:00,2010-12-17 13:49:00,1,316.58,349,Остальные,0,0.0,-0.0,False
15205,2011-08-04 16:07:00,2011-09-15 19:36:00,2,653.24,77,Остальные,0,0.0,-0.0,False
15206,2011-03-09 08:59:00,2011-11-29 13:41:00,4,420.3,2,Активные повторные,0,0.0,-0.0,False
15208,2010-12-21 13:03:00,2011-11-08 14:39:00,4,662.52,23,Активные повторные,1,-2.5,0.0037734709895550322,False
15210,2011-04-28 16:11:00,2011-04-28 16:11:00,1,331.18,217,Остальные,0,0.0,-0.0,False
15211,2010-12-09 16:08:00,2011-10-10 13:31:00,2,894.4100000000001,52,Остальные,0,0.0,-0.0,False
15212,2011-04-12 13:45:00,2011-04-12 13:45:00,1,101.8,233,Остальные,2,-12.85,0.12622789783889982,False
15213,2011-01-14 11:05:00,2011-01-25 12:21:00,2,328.34999999999997,310,Давно не покупавшие повторные,1,-3.3,0.010050251256281407,False
15214,2011-04-11 09:46:00,2011-11-29 14:51:00,7,1532.68,2,Активные повторные,0,0.0,-0.0,False
15215,2011-09-04 12:24:00,2011-10-24 11:41:00,3,734.94,38,Активные повторные,8,-118.95,0.16184994693444363,False
15216,2011-09-13 11:41:00,2011-09-13 11:41:00,1,96.6,79,Остальные,0,0.0,-0.0,False
15218,2011-01-25 11:20:00,2011-11-29 11:48:00,11,5756.889999999999,2,Активные ценные,0,0.0,-0.0,False
15219,2011-06-16 16:57:00,2011-06-16 16:57:00,1,305.75,168,Остальные,0,0.0,-0.0,False
15220,2011-03-04 10:24:00,2011-10-19 12:39:00,6,1778.96,43,Активные повторные,2,-20.04,0.011265008769168501,False
15221,2010-12-08 13:08:00,2010-12-08 13:08:00,1,403.25,358,Остальные,6,-289.15,0.7170489770613763,True
15222,2011-01-25 08:03:00,2011-01-25 08:03:00,1,585.0,310,Остальные,0,0.0,-0.0,False
15223,2011-04-04 12:17:00,2011-04-28 11:31:00,2,755.75,217,Давно не покупавшие повторные,12,-300.85,0.3980813761164407,False
15224,2010-12-12 12:34:00,2010-12-16 15:02:00,2,322.08000000000004,350,Давно не покупавшие повторные,2,-11.6,0.03601589667163437,False
15225,2011-04-19 14:51:00,2011-04-19 14:51:00,1,409.40000000000003,226,Остальные,0,0.0,-0.0,False
15226,2011-02-02 11:41:00,2011-02-02 11:41:00,1,154.41,302,Остальные,0,0.0,-0.0,False
15227,2011-01-26 15:31:00,2011-11-03 11:59:00,5,1219.4,28,Активные повторные,0,0.0,-0.0,False
15228,2011-02-18 09:04:00,2011-10-04 13:56:00,4,3386.71,58,Активные повторные,1,-9.75,0.002878900171552923,False
15230,2011-04-13 11:04:00,2011-04-14 14:39:00,2,429.6,231,Давно не покупавшие повторные,0,0.0,-0.0,False
15232,2011-07-22 12:21:00,2011-08-18 16:27:00,2,612.06,105,Давно не покупавшие повторные,0,0.0,-0.0,False
15234,2011-03-08 08:53:00,2011-03-08 08:53:00,1,197.0,268,Остальные,0,0.0,-0.0,False
15235,2010-12-01 17:22:00,2011-05-06 09:44:00,12,2247.51,209,Давно не покупавшие повторные,0,0.0,-0.0,False
15236,2011-02-14 10:52:00,2011-02-14 10:52:00,1,321.05,290,Остальные,0,0.0,-0.0,False
15237,2011-04-26 15:04:00,2011-09-22 15:28:00,3,1328.72,70,Остальные,0,0.0,-0.0,False
15238,2011-06-08 16:00:00,2011-11-10 14:28:00,3,1071.99,21,Активные повторные,2,-15.45,0.014412447877312287,False
15239,2011-09-22 09:53:00,2011-11-29 14:14:00,2,780.59,2,Остальные,3,-16.25,0.02081758669724183,False
15240,2011-02-01 08:23:00,2011-10-26 09:50:00,5,1706.57,36,Активные повторные,5,-21.0,0.012305384484668077,False
15241,2011-03-01 11:02:00,2011-10-04 09:05:00,8,1756.44,58,Активные повторные,1,-17.85,0.01016260162601626,False
15243,2011-09-26 14:12:00,2011-09-26 14:12:00,1,316.68,66,Остальные,0,0.0,-0.0,False
15244,2011-04-05 15:12:00,2011-10-05 13:19:00,2,631.5699999999999,57,Остальные,0,0.0,-0.0,False
15245,2011-03-23 13:42:00,2011-07-28 18:56:00,3,2515.84,126,Давно не покупавшие повторные,0,0.0,-0.0,False
15246,2010-12-16 09:46:00,2011-04-15 14:45:00,2,514.1500000000001,230,Давно не покупавшие повторные,0,0.0,-0.0,False
15247,2011-08-09 12:52:00,2011-08-09 12:52:00,1,356.0,114,Остальные,0,0.0,-0.0,False
15249,2011-03-28 12:49:00,2011-11-08 11:45:00,13,6688.46,23,Активные ценные,8,-31.1,0.004649799804439288,False
15251,2011-04-12 10:38:00,2011-11-30 15:02:00,11,10484.99,1,Активные ценные,10,-157.88,0.015057715839500085,False
15252,2011-06-09 14:15:00,2011-11-03 13:30:00,2,740.78,28,Остальные,0,0.0,-0.0,False
15253,2011-06-23 12:19:00,2011-11-23 16:22:00,5,918.2,8,Активные повторные,2,-2.9,0.0031583532999346544,False
15254,2011-08-04 15:04:00,2011-08-04 15:04:00,1,300.36,119,Остальные,0,0.0,-0.0,False
15255,2011-10-04 12:43:00,2011-10-04 12:43:00,1,890.85,58,Остальные,0,0.0,-0.0,False
15256,2011-07-14 11:47:00,2011-07-14 11:47:00,1,98.45,140,Остальные,0,0.0,-0.0,False
15257,2011-03-01 12:58:00,2011-03-01 12:58:00,1,317.15,275,Остальные,1,-85.0,0.2680119817121236,False
15258,2011-05-06 14:16:00,2011-06-24 12:30:00,2,623.16,160,Давно не покупавшие повторные,0,0.0,-0.0,False
15260,2010-12-02 12:09:00,2011-08-31 13:55:00,7,1810.77,92,Давно не покупавшие повторные,1,-30.0,0.016567537566891433,False
15261,2011-07-27 15:20:00,2011-07-27 15:20:00,1,254.82,127,Остальные,0,0.0,-0.0,False
15262,2011-01-20 12:16:00,2011-01-20 12:16:00,1,178.95000000000002,315,Остальные,0,0.0,-0.0,False
15263,2011-08-25 10:26:00,2011-08-25 10:26:00,1,156.51,98,Остальные,0,0.0,-0.0,False
15264,2011-10-06 13:49:00,2011-10-06 13:49:00,1,393.74,56,Остальные,0,0.0,-0.0,False
15265,2011-04-18 12:16:00,2011-07-11 14:46:00,2,1506.12,143,Давно не покупавшие повторные,0,0.0,-0.0,False
15266,2011-01-05 13:40:00,2011-01-05 13:40:00,1,119.3,330,Остальные,0,0.0,-0.0,False
15267,2011-06-10 10:24:00,2011-11-17 15:59:00,5,1717.36,14,Активные ценные,0,0.0,-0.0,False
15269,2011-11-16 09:32:00,2011-11-16 09:32:00,1,408.8,15,Недавние однократные,0,0.0,-0.0,False
15270,2011-02-02 13:25:00,2011-11-24 09:24:00,7,2379.49,7,Активные ценные,7,-81.28999999999999,0.0341627827811842,False
15271,2010-12-09 13:47:00,2011-11-13 13:26:00,14,2314.99,18,Активные ценные,1,-21.25,0.009179305310174126,False
15272,2011-09-14 16:36:00,2011-10-13 12:59:00,2,721.94,49,Остальные,0,0.0,-0.0,False
15274,2011-11-21 14:17:00,2011-11-21 14:17:00,1,383.99,10,Недавние однократные,0,0.0,-0.0,False
15275,2011-11-02 11:20:00,2011-11-02 11:20:00,1,615.14,29,Недавние однократные,1,-5.95,0.009672594856455441,False
15276,2011-10-04 16:39:00,2011-10-04 16:39:00,1,135.31,58,Остальные,0,0.0,-0.0,False
15277,2011-10-24 10:08:00,2011-10-24 10:08:00,1,255.89999999999998,38,Остальные,0,0.0,-0.0,False
15279,2010-12-20 10:48:00,2010-12-20 10:48:00,1,290.51,346,Остальные,2,-13.100000000000001,0.045093112113180275,False
15280,2011-06-20 17:14:00,2011-06-20 17:14:00,1,113.12,164,Остальные,0,0.0,-0.0,False
15281,2011-01-10 15:51:00,2011-10-12 09:10:00,9,2332.15,50,Активные повторные,11,-92.2,0.0395343352700298,False
15286,2011-10-21 11:08:00,2011-10-21 11:08:00,1,240.55,41,Остальные,0,0.0,-0.0,False
15287,2011-09-30 12:30:00,2011-11-17 15:34:00,2,486.69000000000005,14,Остальные,1,-1.45,0.0029793092112022023,False
15288,2010-12-09 13:59:00,2011-10-27 16:58:00,5,2306.52,35,Активные повторные,0,0.0,-0.0,False
15289,2011-04-04 12:44:00,2011-11-10 13:49:00,3,939.78,21,Активные повторные,1,-4.68,0.004979888910170465,False
15290,2010-12-15 16:03:00,2011-11-08 17:19:00,15,6405.51,23,Активные ценные,8,-139.45,0.021770319615456064,False
15291,2010-12-01 09:32:00,2011-11-14 11:02:00,14,4623.3,17,Активные ценные,6,-71.79,0.015527869703458569,False
15292,2011-05-22 15:00:00,2011-05-22 15:00:00,1,180.94,193,Остальные,0,0.0,-0.0,False
15296,2011-01-17 11:57:00,2011-10-20 11:47:00,6,3672.8599999999997,42,Активные повторные,6,-62.55,0.017030325141715177,False
15297,2011-10-07 09:42:00,2011-11-29 16:32:00,3,641.94,2,Активные повторные,2,-6.9,0.010748668099822414,False
15298,2010-12-08 13:55:00,2011-11-29 10:23:00,11,4487.68,2,Активные ценные,2,-1025.8,0.2285813605248146,False
15299,2010-12-02 16:48:00,2011-10-03 14:19:00,6,3907.01,59,Активные повторные,2,-6.01,0.001538260715995096,False
15300,2011-10-06 17:08:00,2011-10-06 17:08:00,1,496.44,56,Остальные,0,0.0,-0.0,False
15301,2010-12-06 12:21:00,2011-10-20 09:57:00,12,5070.35,42,Активные повторные,4,-42.23,0.008328813592750006,False
15303,2011-02-22 13:59:00,2011-02-22 13:59:00,1,574.02,282,Остальные,0,0.0,-0.0,False
15304,2010-12-06 11:42:00,2011-10-10 10:23:00,8,694.4,52,Активные повторные,3,-14.100000000000001,0.02030529953917051,False
15306,2011-07-14 15:22:00,2011-10-06 12:56:00,3,1174.35,56,Активные повторные,0,0.0,-0.0,False
15307,2011-09-05 11:38:00,2011-09-05 11:38:00,1,205.3,87,Остальные,0,0.0,-0.0,False
15308,2011-03-10 13:08:00,2011-03-10 13:08:00,1,310.47,266,Остальные,2,-8.2,0.026411569555834697,False
15311,2010-12-01 09:41:00,2011-11-29 13:12:00,88,59591.83,2,Активные ценные,110,-1239.06,0.02079244755531085,False
15312,2010-12-20 12:51:00,2011-09-25 13:10:00,4,924.85,67,Остальные,1,-3.75,0.004054711574849976,False
15313,2011-08-21 16:02:00,2011-08-21 16:02:00,1,52.0,102,Остальные,0,0.0,-0.0,False
15314,2011-05-24 14:39:00,2011-05-24 14:39:00,1,327.97,191,Остальные,0,0.0,-0.0,False
15315,2011-08-15 15:17:00,2011-10-06 12:51:00,2,570.5,56,Остальные,1,-18.96,0.03323400525854514,False
15316,2011-01-17 11:34:00,2011-01-17 11:34:00,1,165.0,318,Остальные,0,0.0,-0.0,False
15319,2011-03-01 12:48:00,2011-03-01 12:48:00,1,204.5,275,Остальные,0,0.0,-0.0,False
15320,2011-10-26 13:27:00,2011-10-26 13:27:00,1,267.13,36,Остальные,0,0.0,-0.0,False
15321,2011-02-21 11:10:00,2011-09-30 09:40:00,3,2748.31,62,Остальные,11,-97.58,0.03550545608028206,False
15322,2011-09-15 09:34:00,2011-09-15 09:34:00,1,679.68,77,Остальные,7,-76.71,0.11286193502824858,False
15325,2011-08-28 11:55:00,2011-08-28 11:55:00,1,162.29,95,Остальные,0,0.0,-0.0,False
15326,2011-01-10 11:38:00,2011-01-10 11:38:00,1,311.71,325,Остальные,0,0.0,-0.0,False
15327,2011-10-18 11:55:00,2011-10-18 11:55:00,1,208.75,44,Остальные,0,0.0,-0.0,False
15329,2011-06-21 10:37:00,2011-10-31 15:36:00,3,1049.7,31,Активные повторные,4,-42.2,0.040201962465466326,False
15330,2011-10-10 12:30:00,2011-11-07 17:50:00,2,714.96,24,Остальные,0,0.0,-0.0,False
15332,2010-12-05 12:00:00,2010-12-08 14:43:00,4,1661.06,358,Давно не покупавшие повторные,0,0.0,-0.0,False
15333,2011-05-15 13:27:00,2011-05-15 13:27:00,1,1028.56,200,Остальные,0,0.0,-0.0,False
15334,2011-06-19 13:51:00,2011-07-06 11:22:00,3,348.72,148,Давно не покупавшие повторные,0,0.0,-0.0,False
15335,2011-10-17 12:50:00,2011-10-17 12:50:00,1,173.97,45,Остальные,0,0.0,-0.0,False
15339,2011-01-25 13:15:00,2011-10-04 12:51:00,2,574.0699999999999,58,Остальные,2,-16.5,0.02874213946034456,False
15341,2011-09-20 09:40:00,2011-09-20 09:40:00,1,2020.52,72,Остальные,0,0.0,-0.0,False
15342,2011-08-02 10:19:00,2011-08-02 10:19:00,1,406.09,121,Остальные,2,-14.33,0.035287744096136324,False
15343,2011-09-13 13:55:00,2011-09-13 13:55:00,1,364.5,79,Остальные,0,0.0,-0.0,False
15344,2011-09-26 14:48:00,2011-11-07 17:08:00,2,460.64,24,Остальные,6,-87.36,0.1896491837443557,False
15345,2011-10-25 11:28:00,2011-10-25 11:28:00,1,393.54,37,Остальные,3,-25.85,0.06568582609137572,False
15346,2011-01-11 11:18:00,2011-01-11 11:18:00,1,252.42000000000002,324,Остальные,0,0.0,-0.0,False
15347,2010-12-08 15:25:00,2010-12-08 15:25:00,1,201.60000000000002,358,Остальные,0,0.0,-0.0,False
15348,2011-09-28 13:17:00,2011-09-28 13:17:00,1,158.04,64,Остальные,0,0.0,-0.0,False
15349,2011-06-05 15:46:00,2011-07-04 16:06:00,2,473.81,150,Давно не покупавшие повторные,0,0.0,-0.0,False
15350,2010-12-01 13:33:00,2010-12-01 13:33:00,1,115.65,365,Остальные,0,0.0,-0.0,False
15351,2010-12-05 11:49:00,2011-11-27 12:52:00,7,1960.1100000000001,4,Активные ценные,8,-97.97,0.04998188877154853,False
15353,2010-12-07 11:49:00,2011-03-30 12:15:00,2,777.02,246,Давно не покупавшие повторные,0,0.0,-0.0,False
15355,2011-10-17 15:22:00,2011-11-10 13:44:00,2,277.05,21,Остальные,0,0.0,-0.0,False
15356,2010-12-06 14:05:00,2011-11-08 13:11:00,10,2766.5,23,Активные ценные,0,0.0,-0.0,False
15358,2010-12-09 10:04:00,2011-11-04 13:44:00,20,7517.14,27,Активные ценные,10,-112.4,0.014952495230898985,False
15360,2011-10-31 09:35:00,2011-10-31 09:35:00,1,427.93,31,Остальные,0,0.0,-0.0,False
15361,2010-12-13 09:52:00,2010-12-13 09:52:00,1,418.92,353,Остальные,0,0.0,-0.0,False
15363,2010-12-02 12:28:00,2010-12-02 12:28:00,1,326.0,364,Остальные,1,-7.95,0.024386503067484664,False
15364,2011-03-30 13:39:00,2011-09-05 09:46:00,2,913.19,87,Остальные,0,0.0,-0.0,False
15365,2011-01-28 13:08:00,2011-11-14 08:29:00,7,2314.32,17,Активные ценные,36,-765.15,0.33061547236337235,False
15366,2010-12-16 15:59:00,2011-09-25 15:01:00,2,602.51,67,Остальные,0,0.0,-0.0,False
15367,2011-03-09 13:53:00,2011-10-13 14:13:00,4,1877.5900000000001,49,Активные повторные,1,-9.9,0.005272716620774503,False
15368,2011-11-18 14:42:00,2011-11-18 14:42:00,1,446.94000000000005,13,Недавние однократные,0,0.0,-0.0,False
15370,2011-01-11 11:32:00,2011-10-30 10:58:00,7,2386.05,32,Активные повторные,1,-25.5,0.01068711887848117,False
15372,2011-07-25 16:39:00,2011-07-25 16:39:00,1,2007.3999999999999,129,Остальные,0,0.0,-0.0,False
15373,2010-12-03 14:40:00,2011-11-21 09:55:00,11,2070.38,10,Активные ценные,5,-202.79999999999998,0.09795303277659172,False
15374,2011-08-03 09:59:00,2011-08-03 09:59:00,1,168.0,120,Остальные,0,0.0,-0.0,False
15376,2011-05-01 13:45:00,2011-10-30 15:04:00,3,1233.36,32,Активные повторные,0,0.0,-0.0,False
15379,2010-12-16 13:02:00,2011-06-23 13:13:00,7,3703.29,161,Давно не покупавшие повторные,2,-71.4,0.01928015359315636,False
15380,2010-12-09 15:01:00,2011-10-24 10:30:00,4,1304.96,38,Активные повторные,1,-7.9,0.006053825404610103,False
15381,2011-03-16 13:44:00,2011-05-10 11:55:00,2,596.85,205,Давно не покупавшие повторные,0,0.0,-0.0,False
15382,2011-02-17 12:01:00,2011-11-25 10:58:00,6,5955.71,6,Активные ценные,4,-27.85,0.004676184703419072,False
15384,2010-12-15 11:34:00,2011-06-23 10:57:00,2,642.41,161,Давно не покупавшие повторные,2,-6.65,0.010351644588347007,False
15385,2011-10-30 15:11:00,2011-10-30 15:11:00,1,316.88,32,Остальные,0,0.0,-0.0,False
15386,2011-06-06 13:47:00,2011-06-06 13:47:00,1,394.14,178,Остальные,0,0.0,-0.0,False
15388,2011-03-14 13:53:00,2011-03-14 13:53:00,1,140.54,262,Остальные,0,0.0,-0.0,False
15389,2011-06-20 16:18:00,2011-06-20 16:18:00,1,500.0,164,Остальные,0,0.0,-0.0,False
15392,2010-12-14 15:50:00,2011-11-09 13:37:00,3,1231.12,22,Активные повторные,1,-19.799999999999997,0.016082916368834882,False
15393,2011-03-03 16:58:00,2011-11-23 16:48:00,2,231.86,8,Остальные,0,0.0,-0.0,False
15394,2010-12-16 12:46:00,2011-11-30 11:49:00,4,2183.54,1,Активные ценные,0,0.0,-0.0,False
15395,2011-01-18 12:40:00,2011-01-18 12:40:00,1,107.45,317,Остальные,0,0.0,-0.0,False
15396,2011-08-19 10:56:00,2011-08-19 10:56:00,1,288.18,104,Остальные,0,0.0,-0.0,False
15397,2011-02-23 09:25:00,2011-02-23 09:25:00,1,94.0,281,Остальные,0,0.0,-0.0,False
15398,2011-09-22 14:56:00,2011-11-23 16:47:00,2,1345.5300000000002,8,Остальные,1,-5.9,0.004384889225806931,False
15399,2011-09-21 15:57:00,2011-11-17 15:04:00,2,549.13,14,Остальные,0,0.0,-0.0,False
15400,2011-03-06 11:27:00,2011-09-08 13:57:00,5,716.2,84,Остальные,1,-49.5,0.06911477240994135,False
15402,2011-05-27 13:32:00,2011-07-14 12:17:00,2,626.35,140,Давно не покупавшие повторные,0,0.0,-0.0,False
15405,2011-06-03 14:44:00,2011-06-03 14:44:00,1,349.1,181,Остальные,0,0.0,-0.0,False
15406,2011-02-11 16:19:00,2011-11-08 13:22:00,2,510.71000000000004,23,Остальные,5,-84.10000000000001,0.1646727105402283,False
15407,2011-02-07 13:18:00,2011-11-06 11:55:00,4,1056.44,25,Активные повторные,0,0.0,-0.0,False
15408,2011-03-20 15:02:00,2011-03-20 15:02:00,1,267.18,256,Остальные,0,0.0,-0.0,False
15410,2011-03-23 10:15:00,2011-09-16 14:47:00,8,3450.84,76,Остальные,0,0.0,-0.0,False
15411,2011-06-10 12:30:00,2011-11-13 15:19:00,4,1358.88,18,Активные повторные,1,-12.5,0.009198751913340398,False
15412,2011-06-21 15:24:00,2011-06-21 15:24:00,1,190.53,163,Остальные,0,0.0,-0.0,False
15414,2011-04-11 13:45:00,2011-11-30 09:50:00,3,774.9000000000001,1,Активные повторные,0,0.0,-0.0,False
15415,2011-01-30 14:13:00,2011-01-30 14:13:00,1,572.8100000000001,305,Остальные,0,0.0,-0.0,False
15416,2011-03-02 08:41:00,2011-10-06 09:38:00,4,3984.32,56,Активные повторные,1,-9.95,0.0024972893743474417,False
15417,2011-09-15 15:26:00,2011-09-15 15:26:00,1,508.8,77,Остальные,0,0.0,-0.0,False
15419,2011-11-15 09:23:00,2011-11-15 09:23:00,1,135.85999999999999,16,Недавние однократные,0,0.0,-0.0,False
15421,2011-02-02 14:36:00,2011-10-12 09:20:00,4,950.36,50,Активные повторные,0,0.0,-0.0,False
15422,2011-01-20 14:17:00,2011-01-20 16:17:00,2,97.7,315,Давно не покупавшие повторные,0,0.0,-0.0,False
15423,2011-11-01 14:01:00,2011-11-01 14:01:00,1,43.5,30,Недавние однократные,0,0.0,-0.0,False
15424,2011-03-30 13:00:00,2011-03-30 13:02:00,2,383.34000000000003,246,Давно не покупавшие повторные,0,0.0,-0.0,False
15426,2010-12-05 13:55:00,2011-11-20 15:36:00,5,1447.39,11,Активные повторные,8,-17.49,0.012083819841231457,False
15427,2011-10-23 14:47:00,2011-11-06 14:29:00,3,1483.1399999999999,25,Активные повторные,0,0.0,-0.0,False
15428,2011-11-24 16:54:00,2011-11-24 16:54:00,1,93.78,7,Недавние однократные,0,0.0,-0.0,False
15429,2011-09-25 13:42:00,2011-11-13 12:28:00,2,397.35,18,Остальные,1,-32.45,0.08166603749842709,False
15432,2011-11-16 16:30:00,2011-11-16 16:30:00,1,171.19,15,Недавние однократные,0,0.0,-0.0,False
15433,2011-03-17 14:12:00,2011-05-10 10:45:00,2,533.3,205,Давно не покупавшие повторные,12,-115.43,0.21644477779861243,False
15434,2011-05-23 14:18:00,2011-11-08 08:18:00,4,890.5799999999999,23,Активные повторные,4,-44.0,0.049406005075344164,False
15435,2011-11-17 16:39:00,2011-11-17 16:39:00,1,149.29,14,Недавние однократные,0,0.0,-0.0,False
15436,2011-04-19 16:52:00,2011-11-27 16:05:00,3,1122.53,4,Активные повторные,0,0.0,-0.0,False
15437,2011-03-22 13:11:00,2011-03-22 13:11:00,1,200.16,254,Остальные,0,0.0,-0.0,False
15438,2011-07-31 14:19:00,2011-07-31 14:19:00,1,156.58,123,Остальные,0,0.0,-0.0,False
15440,2011-05-15 11:30:00,2011-10-16 12:16:00,3,383.68,46,Активные повторные,0,0.0,-0.0,False
15442,2011-04-05 12:24:00,2011-04-05 12:24:00,1,594.0,240,Остальные,0,0.0,-0.0,False
15443,2011-01-23 13:25:00,2011-11-27 12:29:00,6,2857.4,4,Активные ценные,3,-24.75,0.008661720445159936,False
15444,2011-10-30 16:12:00,2011-11-30 17:37:00,2,1418.2599999999998,1,Остальные,0,0.0,-0.0,False
15445,2011-03-20 15:06:00,2011-03-20 15:06:00,1,113.5,256,Остальные,0,0.0,-0.0,False
15447,2011-01-13 11:26:00,2011-01-13 11:26:00,1,155.17,322,Остальные,0,0.0,-0.0,False
15448,2011-01-31 10:42:00,2011-01-31 10:42:00,1,494.64,304,Остальные,0,0.0,-0.0,False
15449,2011-03-23 10:43:00,2011-11-13 15:02:00,3,974.52,18,Активные повторные,2,-3.3,0.003386282477527398,False
15450,2011-11-09 17:11:00,2011-11-09 17:11:00,1,429.84,22,Недавние однократные,0,0.0,-0.0,False
15452,2011-03-20 15:21:00,2011-11-10 12:13:00,3,538.73,21,Активные повторные,0,0.0,-0.0,False
15453,2011-06-05 12:37:00,2011-11-04 12:21:00,6,1253.09,27,Активные повторные,0,0.0,-0.0,False
15454,2010-12-12 14:21:00,2010-12-12 14:21:00,1,179.1,354,Остальные,0,0.0,-0.0,False
15456,2010-12-15 15:34:00,2011-03-01 13:51:00,3,447.22,275,Давно не покупавшие повторные,0,0.0,-0.0,False
15457,2011-03-22 15:31:00,2011-03-22 15:31:00,1,237.07,254,Остальные,0,0.0,-0.0,False
15458,2011-11-14 13:08:00,2011-11-14 13:08:00,1,161.64,17,Недавние однократные,0,0.0,-0.0,False
15460,2010-12-20 16:08:00,2010-12-20 16:08:00,1,216.76,346,Остальные,0,0.0,-0.0,False
15462,2011-06-05 15:36:00,2011-09-06 13:11:00,3,234.6,86,Остальные,0,0.0,-0.0,False
15463,2011-11-10 12:57:00,2011-11-10 12:57:00,1,126.14,21,Недавние однократные,0,0.0,-0.0,False
15464,2011-01-05 15:56:00,2011-01-05 15:56:00,1,1048.85,330,Остальные,0,0.0,-0.0,False
15465,2010-12-05 10:12:00,2011-11-20 10:11:00,18,7354.62,11,Активные ценные,7,-409.59999999999997,0.0556928842006793,False
15466,2011-09-15 14:08:00,2011-09-15 14:08:00,1,334.53,77,Остальные,0,0.0,-0.0,False
15467,2011-07-10 14:42:00,2011-11-30 14:17:00,3,524.88,1,Активные повторные,1,-13.0,0.024767565919829294,False
15468,2011-10-19 13:38:00,2011-10-19 13:49:00,2,467.51,43,Остальные,5,-29.05,0.06213770828431478,False
15469,2011-08-11 16:54:00,2011-10-20 16:21:00,2,538.55,42,Остальные,3,-34.05,0.06322532726766317,False
15472,2011-08-18 15:17:00,2011-08-18 15:17:00,1,371.56,105,Остальные,0,0.0,-0.0,False
15473,2011-10-10 11:12:00,2011-11-25 15:15:00,7,1771.2,6,Активные ценные,3,-306.0,0.17276422764227642,False
15475,2011-09-23 15:20:00,2011-09-23 15:20:00,1,454.11,69,Остальные,0,0.0,-0.0,False
15478,2011-10-14 11:09:00,2011-10-30 14:19:00,2,1441.42,32,Остальные,0,0.0,-0.0,False
15480,2011-08-15 14:32:00,2011-08-15 14:32:00,1,905.5,108,Остальные,0,0.0,-0.0,False
15482,2010-12-16 10:08:00,2011-11-24 10:46:00,11,11014.96,7,Активные ценные,29,-4486.24,0.40728609091635376,False
15483,2011-03-18 12:26:00,2011-07-01 13:07:00,4,233.81,153,Давно не покупавшие повторные,0,0.0,-0.0,False
15484,2011-09-22 13:31:00,2011-11-21 17:00:00,3,2920.06,10,Активные ценные,1,-31.2,0.010684711957973466,False
15485,2010-12-01 13:23:00,2011-11-09 14:31:00,3,2575.0,22,Активные ценные,0,0.0,-0.0,False
15488,2011-09-08 10:11:00,2011-09-08 10:11:00,1,91.32000000000001,84,Остальные,0,0.0,-0.0,False
15489,2011-05-12 12:54:00,2011-11-17 08:53:00,3,1134.28,14,Активные повторные,5,-44.25000000000001,0.039011531544239524,False
15491,2011-04-18 10:04:00,2011-09-05 15:56:00,6,3100.09,87,Остальные,1,-9.24,0.002980558628943031,False
15492,2011-09-26 14:02:00,2011-11-11 14:53:00,2,659.46,20,Остальные,0,0.0,-0.0,False
15493,2011-03-14 11:44:00,2011-11-07 12:04:00,5,2001.8,24,Активные ценные,2,-34.55,0.017259466480167848,False
15494,2011-08-10 15:29:00,2011-11-18 14:51:00,2,1299.23,13,Остальные,0,0.0,-0.0,False
15497,2011-01-24 10:01:00,2011-11-22 11:51:00,2,1262.2,9,Остальные,1,-2.5,0.001980668673744256,False
15498,2010-12-08 12:29:00,2011-11-22 13:40:00,26,12451.46,9,Активные ценные,5,-63.85,0.00512791271063795,False
15500,2011-09-19 13:47:00,2011-11-21 08:40:00,3,865.3000000000001,10,Активные повторные,0,0.0,-0.0,False
15502,2010-12-05 15:40:00,2011-11-24 12:48:00,10,6923.9800000000005,7,Активные ценные,34,-1375.4,0.19864297701610922,False
15503,2010-12-12 10:57:00,2010-12-12 10:57:00,1,147.09,354,Остальные,0,0.0,-0.0,False
15504,2011-09-19 13:45:00,2011-09-19 13:45:00,1,52.83,73,Остальные,0,0.0,-0.0,False
15505,2011-07-07 13:33:00,2011-10-18 07:56:00,5,3610.96,44,Активные повторные,2,-113.82000000000001,0.03152070363559829,False
15506,2011-07-24 11:45:00,2011-11-17 12:11:00,3,979.26,14,Активные повторные,0,0.0,-0.0,False
15507,2011-06-21 11:19:00,2011-06-21 11:19:00,1,492.36,163,Остальные,0,0.0,-0.0,False
15508,2011-04-18 15:31:00,2011-06-03 15:43:00,6,1000.27,181,Давно не покупавшие повторные,0,0.0,-0.0,False
15510,2011-01-13 12:10:00,2011-01-13 12:10:00,1,250.0,322,Остальные,0,0.0,-0.0,False
15511,2011-09-15 15:05:00,2011-11-28 09:43:00,5,909.23,3,Активные повторные,0,0.0,-0.0,False
15512,2010-12-15 12:01:00,2011-07-07 10:20:00,2,121.0,147,Давно не покупавшие повторные,0,0.0,-0.0,False
15513,2010-12-01 11:22:00,2011-11-06 14:36:00,19,14758.220000000001,25,Активные ценные,6,-238.14000000000001,0.016136092292973,False
15514,2010-12-10 13:50:00,2011-11-27 14:40:00,11,4139.46,4,Активные ценные,40,-1176.27,0.28416025278659535,False
15516,2011-10-24 11:33:00,2011-10-26 10:51:00,3,62.43,36,Активные повторные,0,0.0,-0.0,False
15517,2011-04-20 14:02:00,2011-04-20 14:02:00,1,267.03,225,Остальные,0,0.0,-0.0,False
15518,2011-01-11 12:55:00,2011-10-06 13:05:00,8,1942.45,56,Активные повторные,5,-23.8,0.012252567633658524,False
15521,2011-03-30 09:15:00,2011-10-30 13:42:00,8,3000.2,32,Активные повторные,14,-300.55,0.10017665488967403,False
15522,2011-09-13 12:26:00,2011-11-07 11:26:00,2,398.84,24,Остальные,0,0.0,-0.0,False
15523,2011-09-16 16:29:00,2011-09-16 16:29:00,1,412.01000000000005,76,Остальные,0,0.0,-0.0,False
15524,2011-11-15 12:09:00,2011-11-15 12:09:00,1,440.0,16,Недавние однократные,0,0.0,-0.0,False
15525,2010-12-01 13:17:00,2011-11-22 12:07:00,2,508.73,9,Остальные,0,0.0,-0.0,False
15526,2011-11-06 15:01:00,2011-11-06 15:04:00,2,148.44,25,Остальные,0,0.0,-0.0,False
15527,2010-12-20 14:15:00,2011-11-21 12:17:00,8,2429.78,10,Активные ценные,2,-16.85,0.006934784219147412,False
15528,2011-03-30 16:14:00,2011-03-30 16:14:00,1,229.33,246,Остальные,0,0.0,-0.0,False
15529,2010-12-08 12:24:00,2011-11-17 11:29:00,11,3992.6800000000003,14,Активные ценные,2,-27.450000000000003,0.0068750813989600975,False
15530,2011-04-07 11:16:00,2011-11-18 12:25:00,4,1502.35,13,Активные повторные,0,0.0,-0.0,False
15531,2011-11-09 17:47:00,2011-11-09 17:47:00,1,1522.31,22,Недавние однократные,0,0.0,-0.0,False
15532,2010-12-16 16:45:00,2011-11-14 14:51:00,4,1571.03,17,Активные повторные,7,-63.849999999999994,0.04064212650299485,False
15533,2011-09-11 15:41:00,2011-11-20 15:35:00,3,807.5699999999999,11,Активные повторные,3,-60.65,0.07510184875614498,False
15535,2011-01-16 12:35:00,2011-06-19 16:02:00,4,536.4,165,Давно не покупавшие повторные,3,-76.5,0.14261744966442955,False
15537,2011-06-29 13:10:00,2011-06-29 13:10:00,1,110.92,155,Остальные,0,0.0,-0.0,False
15540,2011-11-28 13:51:00,2011-11-28 13:51:00,1,213.3,3,Недавние однократные,0,0.0,-0.0,False
15541,2011-08-17 14:58:00,2011-08-17 14:58:00,1,85.13000000000001,106,Остальные,0,0.0,-0.0,False
15543,2011-02-24 15:26:00,2011-02-24 15:26:00,1,127.86,280,Остальные,0,0.0,-0.0,False
15544,2010-12-02 12:47:00,2011-11-30 16:43:00,9,3546.71,1,Активные ценные,1,-1.65,0.00046521987983229524,False
15545,2010-12-03 17:28:00,2011-10-16 13:24:00,2,292.72,46,Остальные,0,0.0,-0.0,False
15547,2010-12-12 13:26:00,2011-10-30 15:19:00,13,4432.43,32,Активные повторные,0,0.0,-0.0,False
15549,2011-01-27 15:38:00,2011-09-23 16:22:00,3,1689.51,69,Остальные,1,-37.5,0.022195784576593214,False
15550,2011-02-11 12:49:00,2011-08-25 15:18:00,3,433.28,98,Давно не покупавшие повторные,0,0.0,-0.0,False
15551,2011-11-03 12:37:00,2011-11-03 12:37:00,1,436.06,28,Недавние однократные,0,0.0,-0.0,False
15552,2011-05-06 14:47:00,2011-05-06 14:47:00,1,90.12,209,Остальные,0,0.0,-0.0,False
15553,2011-10-10 14:02:00,2011-10-10 14:02:00,1,437.23,52,Остальные,0,0.0,-0.0,False
15554,2011-03-07 09:00:00,2011-03-07 09:00:00,1,217.2,269,Остальные,0,0.0,-0.0,False
15555,2010-12-05 14:45:00,2011-11-27 16:19:00,16,4802.18,4,Активные ценные,25,-46.12,0.009603971529596973,False
15556,2011-11-15 16:08:00,2011-11-15 16:08:00,1,279.77,16,Недавние однократные,0,0.0,-0.0,False
15557,2011-11-11 12:46:00,2011-11-11 12:46:00,1,473.65000000000003,20,Недавние однократные,0,0.0,-0.0,False
15561,2011-05-08 11:38:00,2011-11-28 11:07:00,4,800.59,3,Активные повторные,4,-77.85000000000001,0.09724078492112068,False
15562,2010-12-23 09:55:00,2010-12-23 09:55:00,1,134.55,343,Остальные,0,0.0,-0.0,False
15563,2010-12-16 11:27:00,2011-11-17 12:59:00,3,1361.44,14,Активные повторные,1,-39.6,0.029086849218474556,False
15565,2011-09-30 10:44:00,2011-10-20 14:33:00,2,173.16000000000003,42,Остальные,0,0.0,-0.0,False
15567,2011-11-21 10:48:00,2011-11-21 10:48:00,1,186.01,10,Недавние однократные,0,0.0,-0.0,False
15568,2011-09-27 14:37:00,2011-10-26 11:51:00,2,422.52,36,Остальные,0,0.0,-0.0,False
15569,2011-01-11 13:26:00,2011-08-28 10:15:00,5,1375.71,95,Давно не покупавшие повторные,0,0.0,-0.0,False
15570,2010-12-05 12:57:00,2011-11-29 15:24:00,11,4130.12,2,Активные ценные,7,-55.55,0.013449972397896429,False
15571,2011-09-22 13:15:00,2011-11-28 10:02:00,4,650.4300000000001,3,Активные повторные,0,0.0,-0.0,False
15572,2011-03-06 14:44:00,2011-11-14 12:14:00,6,2357.88,17,Активные ценные,0,0.0,-0.0,False
15573,2011-09-15 12:16:00,2011-11-08 11:38:00,2,599.5,23,Остальные,0,0.0,-0.0,False
15574,2010-12-02 15:46:00,2011-06-15 12:01:00,4,702.25,169,Давно не покупавшие повторные,0,0.0,-0.0,False
15576,2011-11-02 12:03:00,2011-11-02 12:03:00,1,940.6700000000001,29,Недавние однократные,0,0.0,-0.0,False
15577,2011-02-07 13:32:00,2011-07-11 17:03:00,3,258.88,143,Давно не покупавшие повторные,0,0.0,-0.0,False
15578,2011-06-30 13:03:00,2011-06-30 13:03:00,1,127.10000000000001,154,Остальные,0,0.0,-0.0,False
15579,2011-01-30 12:09:00,2011-10-02 12:45:00,2,348.6,60,Остальные,0,0.0,-0.0,False
15581,2010-12-08 14:38:00,2011-07-06 14:04:00,10,721.6300000000001,148,Давно не покупавшие повторные,0,0.0,-0.0,False
15582,2011-05-03 13:36:00,2011-11-15 09:55:00,3,682.9100000000001,16,Активные повторные,0,0.0,-0.0,False
15584,2011-06-30 16:39:00,2011-11-16 10:55:00,4,725.11,15,Активные повторные,2,-2.5,0.003447752754754451,False
15585,2011-06-16 08:38:00,2011-06-16 08:38:00,1,455.3,168,Остальные,0,0.0,-0.0,False
15587,2010-12-23 09:59:00,2011-10-20 13:37:00,4,913.68,42,Активные повторные,0,0.0,-0.0,False
15589,2011-02-02 10:46:00,2011-03-29 09:54:00,3,478.53,247,Давно не покупавшие повторные,1,-21.95,0.045869642446659566,False
15592,2011-10-24 08:59:00,2011-10-24 08:59:00,1,388.58,38,Остальные,0,0.0,-0.0,False
15593,2011-09-30 11:46:00,2011-09-30 11:46:00,1,199.8,62,Остальные,0,0.0,-0.0,False
15594,2011-04-19 10:08:00,2011-11-24 08:53:00,5,1771.78,7,Активные ценные,1,-4.25,0.0023987176737518203,False
15596,2010-12-09 16:10:00,2011-08-31 10:55:00,5,1406.59,92,Давно не покупавшие повторные,7,-63.25,0.044966905779224936,False
15597,2011-11-04 13:26:00,2011-11-04 13:26:00,1,324.57,27,Недавние однократные,1,-8.850000000000001,0.02726684536463629,False
15598,2011-10-17 16:04:00,2011-10-17 16:04:00,1,240.68,45,Остальные,2,-5.0,0.02077447232840286,False
15599,2011-05-19 13:05:00,2011-11-13 11:44:00,2,761.74,18,Остальные,0,0.0,-0.0,False
15601,2010-12-02 10:39:00,2011-11-28 15:15:00,14,6776.56,3,Активные ценные,4,-31.2,0.004604105918046914,False
15602,2010-12-06 15:35:00,2011-11-17 19:52:00,8,1117.03,14,Активные повторные,5,-195.5,0.17501768081430222,False
15603,2011-09-22 10:04:00,2011-09-22 10:04:00,1,48.480000000000004,70,Остальные,0,0.0,-0.0,False
15604,2011-10-18 14:47:00,2011-10-18 14:47:00,1,216.39,44,Остальные,0,0.0,-0.0,False
15605,2010-12-01 13:38:00,2011-11-03 14:17:00,5,1198.23,28,Активные повторные,0,0.0,-0.0,False
15606,2011-01-19 12:07:00,2011-10-09 15:47:00,9,2920.16,53,Активные повторные,14,-497.52,0.1703742260698044,False
15607,2011-01-07 12:44:00,2011-01-07 12:44:00,1,104.76,328,Остальные,0,0.0,-0.0,False
15608,2011-08-11 09:56:00,2011-11-11 13:20:00,4,1093.68,20,Активные повторные,0,0.0,-0.0,False
15609,2011-06-08 13:00:00,2011-06-08 13:00:00,1,298.48,176,Остальные,2,-28.45,0.09531626909675689,False
15610,2011-10-19 10:36:00,2011-10-19 10:36:00,1,112.46000000000001,43,Остальные,0,0.0,-0.0,False
15611,2011-01-09 11:32:00,2011-11-30 12:36:00,11,1570.45,1,Активные повторные,2,-23.060000000000002,0.014683689388391864,False
15612,2011-10-09 12:49:00,2011-11-03 14:52:00,2,195.15,28,Остальные,0,0.0,-0.0,False
15615,2010-12-15 16:21:00,2011-11-29 14:42:00,23,10399.74,2,Активные ценные,6,-39.699999999999996,0.0038174031273858766,False
15618,2011-07-26 10:13:00,2011-11-07 08:34:00,4,776.851,24,Активные повторные,4,-29.82,0.038385739350274374,False
15619,2011-11-29 08:14:00,2011-11-29 08:14:00,1,336.40000000000003,2,Недавние однократные,0,0.0,-0.0,False
15620,2010-12-16 14:34:00,2011-10-14 12:41:00,3,1553.1799999999998,48,Активные повторные,4,-28.78,0.018529726110302736,False
15621,2011-11-18 11:49:00,2011-11-28 15:16:00,2,1044.96,3,Остальные,1,-78.96000000000001,0.07556270096463023,False
15622,2011-03-02 13:42:00,2011-10-27 16:44:00,9,3709.56,35,Активные повторные,14,-103.08,0.027787662148610618,False
15623,2011-07-21 17:26:00,2011-07-21 17:26:00,1,301.03,133,Остальные,0,0.0,-0.0,False
15624,2011-03-28 13:32:00,2011-08-15 11:38:00,4,588.13,108,Давно не покупавшие повторные,0,0.0,-0.0,False
15625,2011-04-18 14:01:00,2011-08-28 10:21:00,4,1534.2599999999998,95,Давно не покупавшие повторные,4,-29.7,0.019357866332955304,False
15626,2011-01-14 10:10:00,2011-09-26 10:03:00,2,675.8,66,Остальные,0,0.0,-0.0,False
15628,2010-12-08 09:51:00,2011-11-15 09:15:00,8,2667.29,16,Активные ценные,2,-4.6,0.0017245968754803563,False
15630,2011-05-19 10:16:00,2011-10-25 15:36:00,2,1186.35,37,Остальные,1,-5.95,0.005015383318582207,False
15632,2011-03-10 08:29:00,2011-11-24 09:51:00,8,3285.31,7,Активные ценные,10,-138.0,0.042005168462032505,False
15634,2011-11-22 16:28:00,2011-11-22 16:28:00,1,243.55,9,Недавние однократные,0,0.0,-0.0,False
15636,2011-03-02 14:50:00,2011-09-11 11:17:00,2,724.76,81,Остальные,0,0.0,-0.0,False
15637,2011-10-18 08:28:00,2011-10-18 08:28:00,1,223.36,44,Остальные,0,0.0,-0.0,False
15639,2011-07-28 14:30:00,2011-07-28 14:30:00,1,425.32,126,Остальные,0,0.0,-0.0,False
15640,2010-12-02 15:40:00,2011-11-23 14:36:00,14,11329.18,8,Активные ценные,11,-82.32,0.007266192257515547,False
15641,2010-12-15 14:45:00,2011-08-26 14:04:00,4,1887.2000000000003,97,Давно не покупавшие повторные,0,0.0,-0.0,False
15643,2011-03-02 14:34:00,2011-06-01 07:38:00,3,664.0,183,Давно не покупавшие повторные,3,-16.6,0.025,False
15644,2011-03-23 15:37:00,2011-06-26 14:54:00,4,813.0,158,Давно не покупавшие повторные,0,0.0,-0.0,False
15645,2011-11-21 11:55:00,2011-11-21 11:55:00,1,611.59,10,Недавние однократные,0,0.0,-0.0,False
15646,2010-12-02 16:59:00,2011-07-05 09:53:00,3,447.64000000000004,149,Давно не покупавшие повторные,1,-22.5,0.05026360468233401,False
15648,2011-03-17 18:59:00,2011-05-19 15:53:00,2,657.35,196,Давно не покупавшие повторные,2,-54.75,0.08328896326158058,False
15649,2010-12-07 10:06:00,2011-01-07 13:34:00,2,816.0,328,Давно не покупавшие повторные,0,0.0,-0.0,False
15651,2011-03-24 08:56:00,2011-11-03 08:41:00,3,646.3000000000001,28,Активные повторные,0,0.0,-0.0,False
15652,2011-09-09 14:22:00,2011-09-09 14:22:00,1,337.74,83,Остальные,0,0.0,-0.0,False
15653,2011-08-16 09:50:00,2011-09-08 10:49:00,2,877.4399999999999,84,Остальные,0,0.0,-0.0,False
15654,2011-11-13 15:15:00,2011-11-30 13:08:00,2,922.53,1,Остальные,0,0.0,-0.0,False
15655,2011-04-10 15:25:00,2011-04-10 15:25:00,1,560.6700000000001,235,Остальные,3,-49.35,0.0880196907271657,False
15656,2011-02-28 15:32:00,2011-10-25 14:56:00,4,748.5,37,Активные повторные,0,0.0,-0.0,False
15657,2011-11-17 12:19:00,2011-11-17 12:19:00,1,30.0,14,Недавние однократные,0,0.0,-0.0,False
15658,2010-12-02 10:53:00,2011-06-02 15:22:00,5,1024.1,182,Давно не покупавшие повторные,8,-65.2,0.06366565765062006,False
15659,2011-10-27 09:23:00,2011-10-27 09:23:00,1,306.45,35,Остальные,0,0.0,-0.0,False
15660,2010-12-09 09:49:00,2011-11-14 16:58:00,9,1600.8600000000001,17,Активные ценные,4,-48.85,0.030514848269055383,False
15661,2011-01-05 12:32:00,2011-01-26 13:56:00,2,309.8,309,Давно не покупавшие повторные,0,0.0,-0.0,False
15663,2011-08-25 15:50:00,2011-08-25 15:50:00,1,138.14,98,Остальные,0,0.0,-0.0,False
15664,2011-10-20 10:57:00,2011-10-20 10:57:00,1,386.43,42,Остальные,2,-27.799999999999997,0.0719405843231633,False
15665,2011-04-10 15:09:00,2011-06-24 14:57:00,2,2242.01,160,Давно не покупавшие повторные,0,0.0,-0.0,False
15667,2011-10-31 10:56:00,2011-10-31 10:56:00,1,301.32,31,Остальные,0,0.0,-0.0,False
15668,2011-05-06 10:39:00,2011-05-06 10:39:00,1,76.32000000000001,209,Остальные,0,0.0,-0.0,False
15669,2011-03-21 09:13:00,2011-10-30 16:03:00,4,684.34,32,Активные повторные,2,-6.65,0.009717391939679108,False
15670,2011-02-16 10:50:00,2011-02-16 10:50:00,1,173.05,288,Остальные,0,0.0,-0.0,False
15671,2011-03-14 09:37:00,2011-11-21 12:43:00,7,2657.13,10,Активные ценные,3,-21.64,0.008144125428563902,False
15673,2011-01-16 16:25:00,2011-09-12 16:12:00,4,2881.02,80,Остальные,0,0.0,-0.0,False
15674,2011-03-30 09:19:00,2011-09-27 15:17:00,4,2111.8900000000003,65,Остальные,20,-367.87,0.17418994360501727,False
15675,2011-03-04 14:21:00,2011-09-19 13:48:00,3,323.69,73,Остальные,0,0.0,-0.0,False
15676,2011-03-01 10:19:00,2011-11-21 12:40:00,3,3435.76,10,Активные ценные,14,-111.67,0.03250227024006333,False
15677,2011-10-21 15:36:00,2011-10-21 15:36:00,1,657.23,41,Остальные,0,0.0,-0.0,False
15678,2011-10-18 09:25:00,2011-10-18 09:25:00,1,352.7,44,Остальные,0,0.0,-0.0,False
15679,2011-06-10 08:24:00,2011-11-15 16:19:00,4,781.28,16,Активные повторные,0,0.0,-0.0,False
15680,2010-12-08 14:43:00,2011-11-30 13:46:00,3,1333.68,1,Активные повторные,0,0.0,-0.0,False
15681,2011-03-04 13:46:00,2011-11-14 16:30:00,5,1426.16,17,Активные повторные,14,-479.8,0.3364278902787906,False
15683,2011-08-14 12:56:00,2011-08-14 12:56:00,1,193.75,109,Остальные,0,0.0,-0.0,False
15687,2011-01-13 15:13:00,2011-11-16 10:57:00,8,2741.51,15,Активные ценные,2,-11.6,0.004231244824932245,False
15689,2010-12-13 09:57:00,2011-08-12 09:37:00,2,254.1,111,Давно не покупавшие повторные,0,0.0,-0.0,False
15690,2011-08-31 11:40:00,2011-08-31 11:40:00,1,111.0,92,Остальные,0,0.0,-0.0,False
15691,2011-04-01 15:13:00,2011-04-01 15:13:00,1,136.8,244,Остальные,0,0.0,-0.0,False
15692,2011-11-11 14:12:00,2011-11-11 14:12:00,1,191.04,20,Недавние однократные,0,0.0,-0.0,False
15694,2010-12-02 07:49:00,2011-11-14 13:33:00,11,5592.72,17,Активные ценные,1,-55.800000000000004,0.009977256147277175,False
15695,2011-03-18 08:31:00,2011-03-18 08:32:00,2,409.98,258,Давно не покупавшие повторные,0,0.0,-0.0,False
15696,2011-01-17 11:24:00,2011-11-06 14:02:00,8,2736.46,25,Активные ценные,6,-92.0,0.03362007849557457,False
15699,2011-11-22 08:26:00,2011-11-22 08:26:00,1,309.65,9,Недавние однократные,0,0.0,-0.0,False
15700,2011-06-19 15:36:00,2011-06-20 16:53:00,2,696.68,164,Давно не покупавшие повторные,3,-32.65,0.04686513176781306,False
15701,2011-08-21 12:36:00,2011-10-02 14:00:00,3,1223.2,60,Активные повторные,0,0.0,-0.0,False
15703,2011-03-20 10:51:00,2011-03-20 10:51:00,1,211.5,256,Остальные,0,0.0,-0.0,False
15704,2011-05-08 12:42:00,2011-07-22 13:35:00,4,2293.62,132,Давно не покупавшие повторные,0,0.0,-0.0,False
15705,2011-05-22 15:37:00,2011-05-22 15:37:00,1,143.1,193,Остальные,0,0.0,-0.0,False
15706,2011-08-15 14:32:00,2011-10-07 10:09:00,4,1060.56,55,Активные повторные,4,-58.75,0.05539526287998793,False
15707,2011-09-14 14:19:00,2011-11-04 14:35:00,4,945.5799999999999,27,Активные повторные,0,0.0,-0.0,False
15708,2010-12-05 11:12:00,2011-10-30 10:54:00,7,3364.2400000000002,32,Активные повторные,9,-34.52,0.010260861294081278,False
15709,2011-03-01 10:38:00,2011-03-01 10:38:00,1,133.25,275,Остальные,0,0.0,-0.0,False
15712,2011-02-25 11:32:00,2011-11-30 14:09:00,5,1072.3600000000001,1,Активные повторные,0,0.0,-0.0,False
15713,2010-12-08 15:16:00,2011-07-19 13:34:00,2,356.70000000000005,135,Давно не покупавшие повторные,1,-9.95,0.027894589290720487,False
15714,2011-09-23 11:25:00,2011-11-28 11:26:00,2,330.88,3,Остальные,0,0.0,-0.0,False
15716,2010-12-05 12:26:00,2011-07-17 11:59:00,4,1118.81,137,Давно не покупавшие повторные,0,0.0,-0.0,False
15717,2011-04-19 13:21:00,2011-04-19 13:21:00,1,150.3,226,Остальные,0,0.0,-0.0,False
15719,2011-01-06 12:31:00,2011-11-07 12:29:00,13,5043.96,24,Активные ценные,1,-1.65,0.0003271239264387505,False
15720,2011-11-15 14:48:00,2011-11-15 14:48:00,1,598.73,16,Недавние однократные,0,0.0,-0.0,False
15721,2011-11-28 12:14:00,2011-11-28 12:14:00,1,507.08,3,Недавние однократные,0,0.0,-0.0,False
15722,2011-02-22 12:24:00,2011-11-04 11:43:00,5,2222.56,27,Активные ценные,3,-41.35,0.018604672089842345,False
15723,2010-12-10 11:12:00,2010-12-10 11:12:00,1,203.1,356,Остальные,0,0.0,-0.0,False
15724,2011-02-28 10:40:00,2011-05-22 14:40:00,2,218.25,193,Давно не покупавшие повторные,1,-5.95,0.027262313860252005,False
15725,2011-11-24 14:51:00,2011-11-24 14:51:00,1,415.25,7,Недавние однократные,0,0.0,-0.0,False
15727,2010-12-15 15:47:00,2011-11-23 12:36:00,7,5178.96,8,Активные ценные,0,0.0,-0.0,False
15729,2011-05-11 12:36:00,2011-05-11 12:36:00,1,85.0,204,Остальные,1,-23.0,0.27058823529411763,False
15730,2011-05-17 12:43:00,2011-10-05 12:31:00,3,1120.88,57,Активные повторные,3,-12.5,0.011151952037684675,False
15732,2010-12-02 15:00:00,2011-05-11 14:24:00,2,294.12,204,Давно не покупавшие повторные,0,0.0,-0.0,False
15733,2011-03-02 09:05:00,2011-03-02 09:05:00,1,162.3,274,Остальные,0,0.0,-0.0,False
15734,2011-05-23 14:59:00,2011-08-17 10:50:00,2,1339.4500000000003,106,Давно не покупавшие повторные,0,0.0,-0.0,False
15737,2011-04-11 10:01:00,2011-11-25 11:21:00,8,1205.12,6,Активные повторные,9,-83.91,0.06962792087095061,False
15738,2010-12-02 12:50:00,2011-11-21 08:26:00,16,4812.42,10,Активные ценные,3,-23.65,0.0049143674076659975,False
15739,2011-10-04 13:42:00,2011-10-04 13:42:00,1,449.12,58,Остальные,0,0.0,-0.0,False
15740,2011-10-21 14:29:00,2011-10-21 14:29:00,1,154.88,41,Остальные,0,0.0,-0.0,False
15743,2011-06-08 10:14:00,2011-11-23 17:19:00,4,784.46,8,Активные повторные,0,0.0,-0.0,False
15744,2011-09-23 09:52:00,2011-09-23 09:52:00,1,34.8,69,Остальные,0,0.0,-0.0,False
15745,2011-04-17 13:04:00,2011-11-20 13:45:00,4,1094.5900000000001,11,Активные повторные,1,-8.850000000000001,0.008085219123142,False
15746,2011-07-28 15:21:00,2011-07-28 15:21:00,1,196.88,126,Остальные,1,-13.919999999999998,0.0707029662738724,False
15747,2011-06-20 11:30:00,2011-11-27 12:26:00,3,974.04,4,Активные повторные,0,0.0,-0.0,False
15748,2011-10-30 12:51:00,2011-10-30 12:51:00,1,149.31,32,Остальные,0,0.0,-0.0,False
15749,2011-01-11 12:55:00,2011-04-18 13:20:00,3,44534.3,227,Давно не покупавшие повторные,5,-22998.4,0.5164199280105447,True
15750,2010-12-08 10:36:00,2011-11-24 19:30:00,7,2125.09,7,Активные ценные,2,-14.25,0.0067055983511286575,False
15752,2010-12-02 09:43:00,2011-10-31 11:37:00,7,2637.38,31,Активные повторные,1,-8.45,0.003203937240746498,False
15753,2011-02-08 12:41:00,2011-02-08 12:41:00,1,79.2,296,Остальные,0,0.0,-0.0,False
15754,2011-04-07 12:24:00,2011-10-19 14:40:00,3,458.57000000000005,43,Активные повторные,1,-2.9,0.006324007239897943,False
15755,2011-02-18 11:53:00,2011-11-29 14:57:00,6,2364.25,2,Активные ценные,4,-18.12,0.007664164111240351,False
15756,2011-04-04 14:00:00,2011-10-09 13:30:00,4,532.96,53,Активные повторные,0,0.0,-0.0,False
15757,2011-05-06 11:40:00,2011-10-05 12:14:00,2,714.4200000000001,57,Остальные,0,0.0,-0.0,False
15758,2011-11-15 10:48:00,2011-11-15 10:48:00,1,205.25,16,Недавние однократные,0,0.0,-0.0,False
15759,2010-12-16 15:29:00,2011-05-05 15:13:00,3,253.04000000000002,210,Давно не покупавшие повторные,0,0.0,-0.0,False
15762,2011-09-23 15:17:00,2011-10-05 16:15:00,2,583.75,57,Остальные,0,0.0,-0.0,False
15763,2011-09-23 12:10:00,2011-11-08 09:44:00,2,1086.92,23,Остальные,2,-38.25,0.035191182423729435,False
15764,2011-03-08 09:23:00,2011-09-12 17:58:00,6,3279.9700000000003,80,Остальные,8,-34.5,0.01051838888770324,False
15766,2011-10-06 17:03:00,2011-10-06 17:03:00,1,315.06,56,Остальные,0,0.0,-0.0,False
15768,2011-04-28 09:20:00,2011-08-16 10:48:00,3,621.83,107,Давно не покупавшие повторные,0,0.0,-0.0,False
15769,2010-12-03 15:16:00,2011-11-09 11:55:00,25,52848.72,22,Активные ценные,17,-4429.0,0.08380524637115147,False
15774,2011-10-02 12:04:00,2011-10-02 12:04:00,1,270.8,60,Остальные,0,0.0,-0.0,False
15775,2011-04-08 12:56:00,2011-04-08 12:56:00,1,104.9,237,Остальные,0,0.0,-0.0,False
15776,2011-07-29 13:46:00,2011-07-29 13:46:00,1,241.62,125,Остальные,0,0.0,-0.0,False
15777,2010-12-13 16:38:00,2011-04-12 16:43:00,4,1047.11,233,Давно не покупавшие повторные,1,-25.5,0.024352742309785985,False
15780,2010-12-17 11:43:00,2011-06-09 12:01:00,3,475.28000000000003,175,Давно не покупавшие повторные,0,0.0,-0.0,False
15781,2011-02-07 09:15:00,2011-11-14 14:57:00,3,345.46000000000004,17,Активные повторные,1,-11.9,0.034446824523823305,False
15782,2011-09-11 14:29:00,2011-11-30 10:49:00,3,2614.7400000000002,1,Активные ценные,1,-20.8,0.007954901825802947,False
15783,2011-11-29 09:50:00,2011-11-29 09:50:00,1,246.3,2,Недавние однократные,0,0.0,-0.0,False
15785,2011-02-17 14:17:00,2011-11-07 11:33:00,5,2328.9700000000003,24,Активные ценные,4,-25.22,0.010828821324448144,False
15786,2011-08-17 13:33:00,2011-10-24 14:13:00,3,4932.2,38,Активные повторные,13,-98.0,0.019869429463525407,False
15787,2011-10-09 13:11:00,2011-11-13 14:55:00,3,948.0500000000001,18,Активные повторные,0,0.0,-0.0,False
15789,2010-12-16 14:35:00,2010-12-16 14:35:00,1,351.3,350,Остальные,0,0.0,-0.0,False
15790,2011-11-29 14:53:00,2011-11-29 14:53:00,1,220.85,2,Недавние однократные,0,0.0,-0.0,False
15791,2011-05-19 15:15:00,2011-10-27 10:14:00,2,1612.69,35,Остальные,1,-8.25,0.005115676292405856,False
15793,2011-03-16 10:45:00,2011-11-25 09:31:00,3,965.61,6,Активные повторные,1,-16.65,0.01724298629881629,False
15795,2011-07-13 10:43:00,2011-07-13 10:43:00,1,610.01,141,Остальные,0,0.0,-0.0,False
15796,2011-02-10 15:40:00,2011-11-22 13:41:00,7,2262.91,9,Активные ценные,1,-2.95,0.0013036311651811166,False
15797,2011-02-08 10:17:00,2011-08-18 17:04:00,3,2192.4,105,Давно не покупавшие повторные,0,0.0,-0.0,False
15799,2011-01-09 15:13:00,2011-09-25 12:46:00,3,884.14,67,Остальные,0,0.0,-0.0,False
15800,2011-04-07 12:39:00,2011-08-24 14:23:00,2,699.0799999999999,99,Давно не покупавшие повторные,0,0.0,-0.0,False
15801,2011-08-22 09:53:00,2011-10-24 13:52:00,3,1063.95,38,Активные повторные,5,-21.759999999999998,0.02045208891395272,False
15803,2011-10-19 14:56:00,2011-10-19 14:56:00,1,415.82,43,Остальные,0,0.0,-0.0,False
15804,2011-05-25 10:12:00,2011-11-28 15:50:00,12,3877.34,3,Активные ценные,11,-357.84,0.0922900751546163,False
15805,2010-12-10 09:33:00,2011-11-16 16:32:00,17,5528.48,15,Активные ценные,6,-76.31,0.01380307064509594,False
15806,2011-03-08 09:24:00,2011-10-24 14:35:00,3,784.58,38,Активные повторные,0,0.0,-0.0,False
15807,2011-09-23 14:43:00,2011-10-20 14:10:00,3,903.9000000000001,42,Активные повторные,0,0.0,-0.0,False
15808,2010-12-05 13:05:00,2011-02-06 14:33:00,4,3734.9700000000003,298,Давно не покупавшие повторные,2,-10.2,0.0027309456300853817,False
15809,2011-02-10 11:16:00,2011-11-03 16:40:00,5,515.77,28,Активные повторные,8,-116.56,0.22599220582817925,False
15810,2011-02-16 09:11:00,2011-09-22 09:38:00,4,1391.98,70,Остальные,23,-246.54999999999998,0.1771217977269788,False
15811,2010-12-09 15:29:00,2011-11-17 15:31:00,6,2218.62,14,Активные ценные,6,-47.300000000000004,0.021319559005147346,False
15812,2011-01-26 12:12:00,2011-08-24 14:19:00,5,1801.14,99,Давно не покупавшие повторные,0,0.0,-0.0,False
15813,2011-04-14 09:09:00,2011-05-16 08:13:00,2,1303.9099999999999,199,Давно не покупавшие повторные,0,0.0,-0.0,False
15814,2011-10-20 09:04:00,2011-11-23 08:17:00,4,1945.33,8,Активные ценные,1,-26.099999999999998,0.013416746773041078,False
15815,2011-03-25 08:43:00,2011-10-07 12:42:00,5,2100.6,55,Активные повторные,0,0.0,-0.0,False
15819,2011-03-08 09:45:00,2011-10-21 14:50:00,4,1905.45,41,Активные повторные,0,0.0,-0.0,False
15820,2011-01-24 12:00:00,2011-01-24 12:00:00,1,206.98,311,Остальные,0,0.0,-0.0,False
15821,2011-10-09 13:28:00,2011-10-26 15:48:00,2,570.96,36,Остальные,0,0.0,-0.0,False
15822,2010-12-15 13:38:00,2010-12-15 13:38:00,1,440.2,351,Остальные,0,0.0,-0.0,False
15825,2011-06-20 13:27:00,2011-06-20 13:27:00,1,532.94,164,Остальные,0,0.0,-0.0,False
15826,2011-05-13 10:44:00,2011-10-14 16:05:00,3,1654.31,48,Активные повторные,1,-4.95,0.0029921840525657223,False
15827,2010-12-02 13:06:00,2011-09-27 15:35:00,14,1836.0900000000001,65,Остальные,18,-187.55,0.10214640894509529,False
15829,2011-07-22 10:23:00,2011-09-01 16:45:00,2,636.14,91,Давно не покупавшие повторные,0,0.0,-0.0,False
15830,2011-11-02 10:40:00,2011-11-02 10:40:00,1,576.0,29,Недавние однократные,2,-28.3,0.04913194444444444,False
15831,2011-01-19 14:52:00,2011-10-12 13:14:00,3,801.76,50,Активные повторные,1,-54.0,0.06735182598283776,False
15832,2011-03-30 15:29:00,2011-03-30 15:29:00,1,836.79,246,Остальные,0,0.0,-0.0,False
15834,2011-03-07 17:52:00,2011-09-30 14:41:00,4,2231.25,62,Остальные,3,-148.85,0.06671148459383754,False
15835,2011-01-13 10:35:00,2011-10-26 15:47:00,4,954.09,36,Активные повторные,0,0.0,-0.0,False
15836,2011-10-20 17:13:00,2011-10-20 17:13:00,1,137.37,42,Остальные,2,-19.9,0.14486423527698913,False
15837,2011-10-06 09:01:00,2011-10-06 09:01:00,1,391.98,56,Остальные,0,0.0,-0.0,False
15838,2010-12-07 11:26:00,2011-11-28 14:00:00,19,33643.08,3,Активные ценные,1,-280.8,0.008346441526756765,False
15839,2011-07-14 16:35:00,2011-11-06 13:54:00,3,1048.49,25,Активные повторные,3,-27.75,0.026466632967410274,False
15840,2011-06-20 11:42:00,2011-10-12 09:08:00,2,355.56,50,Остальные,1,-9.9,0.027843401957475533,False
15841,2011-01-05 11:25:00,2011-09-28 12:15:00,4,1224.06,64,Остальные,3,-14.959999999999999,0.012221623123049523,False
15843,2011-02-09 10:19:00,2011-02-09 10:19:00,1,118.95000000000002,295,Остальные,0,0.0,-0.0,False
15844,2011-10-24 15:19:00,2011-10-24 15:19:00,1,130.73999999999998,38,Остальные,0,0.0,-0.0,False
15845,2011-01-06 17:19:00,2011-11-22 09:42:00,8,3711.77,9,Активные ценные,2,-60.9,0.01640726661404128,False
15847,2011-02-24 16:46:00,2011-11-01 14:41:00,2,389.27,30,Остальные,0,0.0,-0.0,False
15850,2011-06-24 14:16:00,2011-11-20 14:14:00,2,238.85,11,Остальные,0,0.0,-0.0,False
15852,2011-05-26 13:26:00,2011-06-06 11:22:00,2,160.71,178,Давно не покупавшие повторные,0,0.0,-0.0,False
15853,2011-10-19 10:38:00,2011-10-19 10:38:00,1,110.8,43,Остальные,0,0.0,-0.0,False
15854,2010-12-13 11:47:00,2011-09-14 12:25:00,10,2839.94,78,Остальные,0,0.0,-0.0,False
15855,2011-03-21 12:32:00,2011-07-26 10:20:00,5,712.24,128,Давно не покупавшие повторные,0,0.0,-0.0,False
15856,2010-12-09 13:34:00,2011-10-25 17:29:00,21,13275.61,37,Активные повторные,8,-213.9,0.016112253975523533,False
15857,2011-11-21 12:18:00,2011-11-21 12:18:00,1,297.0,10,Недавние однократные,0,0.0,-0.0,False
15858,2010-12-07 14:31:00,2011-11-24 12:48:00,5,1438.8500000000001,7,Активные повторные,0,0.0,-0.0,False
15860,2010-12-06 11:38:00,2011-10-30 11:25:00,8,977.21,32,Активные повторные,0,0.0,-0.0,False
15861,2011-03-17 20:12:00,2011-11-27 15:59:00,8,3165.36,4,Активные ценные,1,-165.0,0.05212677231025855,False
15862,2010-12-01 11:21:00,2011-08-19 16:34:00,3,659.73,104,Давно не покупавшие повторные,0,0.0,-0.0,False
15863,2011-05-31 11:36:00,2011-11-14 12:49:00,2,68.84,17,Остальные,0,0.0,-0.0,False
15864,2011-01-27 16:43:00,2011-11-17 13:32:00,6,1936.32,14,Активные ценные,4,-166.54000000000002,0.08600851098991903,False
15865,2011-05-10 11:44:00,2011-10-30 12:43:00,3,895.1300000000001,32,Активные повторные,0,0.0,-0.0,False
15866,2011-08-30 14:09:00,2011-08-30 14:09:00,1,230.53,93,Остальные,0,0.0,-0.0,False
15867,2010-12-05 14:17:00,2011-11-17 16:39:00,14,3520.52,14,Активные ценные,0,0.0,-0.0,False
15869,2011-03-07 17:19:00,2011-03-07 17:23:00,2,149.64,269,Давно не покупавшие повторные,0,0.0,-0.0,False
15870,2011-11-07 10:58:00,2011-11-07 10:58:00,1,354.09000000000003,24,Недавние однократные,0,0.0,-0.0,False
15872,2011-11-25 11:54:00,2011-11-25 11:55:00,2,360.93,6,Остальные,0,0.0,-0.0,False
15874,2011-02-28 13:28:00,2011-10-07 12:31:00,7,4405.88,55,Активные повторные,17,-75.21,0.017070369596993106,False
15877,2011-11-22 11:18:00,2011-11-22 11:18:00,1,242.26,9,Недавние однократные,0,0.0,-0.0,False
15880,2010-12-05 13:00:00,2010-12-05 13:00:00,1,343.28,361,Остальные,1,-30.0,0.08739221626660452,False
15881,2010-12-10 13:32:00,2011-01-31 16:59:00,5,501.39000000000004,304,Давно не покупавшие повторные,3,-63.15,0.12594985939089332,False
15882,2010-12-06 13:01:00,2011-05-25 11:35:00,4,514.08,190,Давно не покупавшие повторные,1,-21.0,0.04084967320261437,False
15883,2011-11-06 14:50:00,2011-11-06 14:50:00,1,143.76,25,Недавние однократные,0,0.0,-0.0,False
15885,2011-09-07 14:56:00,2011-09-07 14:56:00,1,349.35,85,Остальные,0,0.0,-0.0,False
15886,2011-10-10 14:25:00,2011-10-10 14:25:00,1,181.09,52,Остальные,0,0.0,-0.0,False
15888,2011-09-20 12:30:00,2011-09-20 12:30:00,1,162.64,72,Остальные,2,-27.04,0.16625676340383672,False
15889,2010-12-05 15:12:00,2011-07-06 11:10:00,2,427.57,148,Давно не покупавшие повторные,0,0.0,-0.0,False
15891,2011-04-27 12:35:00,2011-04-27 12:35:00,1,521.97,218,Остальные,0,0.0,-0.0,False
15894,2010-12-05 14:06:00,2011-03-31 13:50:00,2,262.9,245,Давно не покупавшие повторные,0,0.0,-0.0,False
15895,2011-07-13 10:27:00,2011-07-13 10:27:00,1,179.17,141,Остальные,0,0.0,-0.0,False
15897,2011-05-29 13:32:00,2011-05-29 13:50:00,2,222.05,186,Давно не покупавшие повторные,0,0.0,-0.0,False
15898,2010-12-06 11:01:00,2011-04-27 10:03:00,4,1002.99,218,Давно не покупавшие повторные,1,-4.2,0.00418747943648491,False
15899,2010-12-06 10:36:00,2010-12-06 10:36:00,1,56.25,360,Остальные,0,0.0,-0.0,False
15900,2011-11-16 12:19:00,2011-11-16 12:19:00,1,351.11,15,Недавние однократные,0,0.0,-0.0,False
15901,2011-07-08 12:18:00,2011-11-23 12:43:00,3,361.9,8,Активные повторные,0,0.0,-0.0,False
15903,2011-02-17 14:04:00,2011-11-30 08:08:00,7,5126.76,1,Активные ценные,1,-0.42,8.192308592561383e-05,False
15906,2011-03-29 13:28:00,2011-11-20 12:24:00,7,1567.6899999999998,11,Активные повторные,1,-45.900000000000006,0.029278747711601154,False
15907,2011-05-13 13:01:00,2011-06-16 12:45:00,2,529.52,168,Давно не покупавшие повторные,0,0.0,-0.0,False
15909,2011-06-19 10:38:00,2011-06-19 10:38:00,1,191.93999999999997,165,Остальные,0,0.0,-0.0,False
15910,2011-01-27 11:55:00,2011-11-24 16:59:00,7,1098.83,7,Активные повторные,0,0.0,-0.0,False
15912,2011-04-20 17:10:00,2011-06-14 14:29:00,2,264.62,170,Давно не покупавшие повторные,0,0.0,-0.0,False
15916,2010-12-08 13:07:00,2011-11-23 13:46:00,8,1528.0900000000001,8,Активные повторные,5,-36.85,0.02411507175624472,False
15917,2011-04-06 10:40:00,2011-04-06 10:40:00,1,123.1,239,Остальные,0,0.0,-0.0,False
15918,2011-03-13 15:55:00,2011-06-02 11:42:00,2,334.23,182,Давно не покупавшие повторные,0,0.0,-0.0,False
15919,2010-12-06 11:26:00,2011-11-20 11:28:00,2,639.89,11,Остальные,0,0.0,-0.0,False
15920,2011-07-08 15:16:00,2011-07-08 15:25:00,3,163.55,146,Давно не покупавшие повторные,0,0.0,-0.0,False
15921,2011-06-20 11:03:00,2011-06-20 11:03:00,1,336.03000000000003,164,Остальные,0,0.0,-0.0,False
15922,2010-12-01 13:51:00,2010-12-01 13:51:00,1,369.5,365,Остальные,1,-5.9,0.015967523680649527,False
15923,2010-12-02 12:16:00,2010-12-02 12:16:00,1,127.08,364,Остальные,0,0.0,-0.0,False
15925,2011-05-29 15:35:00,2011-05-29 15:35:00,1,207.15,186,Остальные,0,0.0,-0.0,False
15930,2011-10-03 14:52:00,2011-10-03 14:52:00,1,426.63,59,Остальные,0,0.0,-0.0,False
15932,2011-02-23 14:50:00,2011-09-12 14:24:00,7,2195.65,80,Остальные,4,-34.02,0.0154942727666067,False
15933,2011-09-14 12:05:00,2011-11-18 13:14:00,3,1107.46,13,Активные повторные,0,0.0,-0.0,False
15935,2011-04-14 13:27:00,2011-04-14 13:27:00,1,108.04,231,Остальные,0,0.0,-0.0,False
15937,2011-10-06 15:48:00,2011-10-06 15:48:00,1,145.35,56,Остальные,0,0.0,-0.0,False
15938,2011-01-20 10:11:00,2011-08-19 12:56:00,5,404.58000000000004,104,Давно не покупавшие повторные,0,0.0,-0.0,False
15939,2011-01-12 12:43:00,2011-09-11 11:30:00,14,6100.01,81,Остальные,1,-12.75,0.0020901605079335934,False
15940,2011-02-01 16:18:00,2011-02-01 16:18:00,1,35.8,303,Остальные,0,0.0,-0.0,False
15942,2011-07-29 09:01:00,2011-07-29 09:01:00,1,337.44,125,Остальные,0,0.0,-0.0,False
15944,2011-03-08 10:33:00,2011-03-08 10:33:00,1,325.1,268,Остальные,0,0.0,-0.0,False
15945,2010-12-09 13:14:00,2010-12-09 13:14:00,1,181.0,357,Остальные,0,0.0,-0.0,False
15947,2011-09-18 10:46:00,2011-09-18 10:46:00,1,1708.24,74,Остальные,0,0.0,-0.0,False
15948,2011-10-27 08:35:00,2011-10-27 08:35:00,1,644.24,35,Остальные,0,0.0,-0.0,False
15949,2011-09-29 17:34:00,2011-11-23 09:09:00,2,364.72,8,Остальные,0,0.0,-0.0,False
15950,2010-12-15 11:56:00,2011-11-08 11:09:00,4,1765.51,23,Активные ценные,0,0.0,-0.0,False
15951,2011-02-27 11:57:00,2011-02-27 11:57:00,1,375.17,277,Остальные,0,0.0,-0.0,False
15952,2011-04-28 12:55:00,2011-11-06 11:18:00,4,806.57,25,Активные повторные,0,0.0,-0.0,False
15953,2010-12-05 15:15:00,2011-11-24 15:32:00,8,1659.3799999999999,7,Активные ценные,5,-24.849999999999998,0.014975472766937049,False
15955,2010-12-02 11:22:00,2011-11-15 14:15:00,14,4416.26,16,Активные ценные,2,-26.45,0.005989230706525431,False
15957,2011-11-08 12:14:00,2011-11-08 12:14:00,1,428.89,23,Недавние однократные,0,0.0,-0.0,False
15958,2011-09-26 13:41:00,2011-09-26 13:41:00,1,104.35000000000001,66,Остальные,0,0.0,-0.0,False
15963,2011-10-25 13:05:00,2011-11-20 11:33:00,2,470.76,11,Остальные,0,0.0,-0.0,False
15965,2010-12-07 13:18:00,2011-11-22 16:44:00,4,845.6400000000001,9,Активные повторные,0,0.0,-0.0,False
15967,2011-01-25 11:57:00,2011-11-16 15:41:00,2,418.83000000000004,15,Остальные,0,0.0,-0.0,False
15969,2011-06-07 12:19:00,2011-10-21 08:24:00,2,531.1,41,Остальные,1,-83.2,0.15665599698738467,False
15970,2011-02-09 12:08:00,2011-02-09 12:08:00,1,314.1,295,Остальные,0,0.0,-0.0,False
15971,2011-02-01 16:47:00,2011-11-22 12:50:00,12,4194.9,9,Активные ценные,0,0.0,-0.0,False
15973,2010-12-08 11:42:00,2010-12-08 11:42:00,1,307.82,358,Остальные,2,-208.04999999999998,0.6758820089662789,True
15974,2011-02-24 10:10:00,2011-10-31 13:13:00,7,3442.15,31,Активные повторные,1,-12.600000000000001,0.0036605028833723114,False
15975,2011-09-16 13:33:00,2011-09-16 13:33:00,1,371.01,76,Остальные,0,0.0,-0.0,False
15976,2011-05-03 17:12:00,2011-06-27 13:00:00,2,430.94,157,Давно не покупавшие повторные,0,0.0,-0.0,False
15977,2011-10-31 16:24:00,2011-11-22 13:29:00,2,1054.73,9,Остальные,0,0.0,-0.0,False
15978,2011-09-23 15:21:00,2011-09-23 15:21:00,1,1098.78,69,Остальные,0,0.0,-0.0,False
15980,2011-03-30 15:05:00,2011-09-12 09:41:00,3,2398.8599999999997,80,Остальные,0,0.0,-0.0,False
15981,2011-02-01 13:50:00,2011-11-15 08:00:00,8,3408.48,16,Активные ценные,0,0.0,-0.0,False
15983,2010-12-01 12:15:00,2011-11-17 17:34:00,4,1475.02,14,Активные повторные,0,0.0,-0.0,False
15984,2010-12-06 13:21:00,2011-09-29 19:30:00,8,2091.96,63,Остальные,0,0.0,-0.0,False
15985,2011-04-17 11:04:00,2011-08-08 16:31:00,2,1142.42,115,Давно не покупавшие повторные,1,-105.0,0.0919101556345302,False
15986,2011-11-09 15:17:00,2011-11-09 15:17:00,1,168.12,22,Недавние однократные,0,0.0,-0.0,False
15987,2010-12-06 08:34:00,2011-11-27 15:38:00,7,1451.2800000000002,4,Активные повторные,0,0.0,-0.0,False
15988,2011-11-20 13:23:00,2011-11-20 13:23:00,1,158.03,11,Недавние однократные,0,0.0,-0.0,False
15990,2011-02-25 15:35:00,2011-10-26 15:58:00,2,792.11,36,Остальные,0,0.0,-0.0,False
15993,2011-10-26 16:21:00,2011-11-23 12:45:00,5,2553.43,8,Активные ценные,4,-29.05,0.011376853878900146,False
15994,2011-10-16 12:28:00,2011-10-16 12:28:00,1,427.07,46,Остальные,0,0.0,-0.0,False
15996,2010-12-08 15:59:00,2011-09-12 15:14:00,6,1060.68,80,Остальные,1,-15.9,0.014990383527548364,False
15998,2010-12-12 13:32:00,2011-11-03 12:45:00,5,3089.9700000000003,28,Активные ценные,3,-5.8,0.0018770408774195218,False
16003,2010-12-15 12:09:00,2011-11-10 09:57:00,5,2735.37,21,Активные ценные,0,0.0,-0.0,False
16005,2011-03-14 11:46:00,2011-11-27 13:47:00,4,615.39,4,Активные повторные,0,0.0,-0.0,False
16006,2011-05-12 13:12:00,2011-05-12 13:12:00,1,101.4,203,Остальные,0,0.0,-0.0,False
16007,2011-05-08 13:32:00,2011-10-23 11:05:00,4,1701.94,39,Активные повторные,0,0.0,-0.0,False
16008,2011-05-19 10:54:00,2011-11-16 10:32:00,3,478.78,15,Активные повторные,0,0.0,-0.0,False
16009,2011-07-03 11:26:00,2011-11-17 16:51:00,4,992.71,14,Активные повторные,0,0.0,-0.0,False
16010,2010-12-12 12:18:00,2011-04-08 10:14:00,3,407.5,237,Давно не покупавшие повторные,0,0.0,-0.0,False
16011,2010-12-08 16:34:00,2011-11-10 12:32:00,15,2968.79,21,Активные ценные,0,0.0,-0.0,False
16012,2011-07-07 18:02:00,2011-11-04 13:25:00,3,1415.29,27,Активные повторные,0,0.0,-0.0,False
16013,2010-12-03 13:09:00,2011-11-21 12:21:00,45,34486.88,10,Активные ценные,10,-3677.15,0.10662460622706375,False
16014,2011-02-21 17:42:00,2011-11-02 12:04:00,3,662.38,29,Активные повторные,3,-9.25,0.013964793622995863,False
16015,2011-10-21 12:56:00,2011-11-13 11:55:00,2,502.0,18,Остальные,2,-14.850000000000001,0.029581673306772912,False
16016,2010-12-08 12:36:00,2011-11-24 19:07:00,7,1368.1599999999999,7,Активные повторные,2,-25.45,0.018601625540872413,False
16017,2011-10-23 12:56:00,2011-10-23 12:56:00,1,211.88,39,Остальные,0,0.0,-0.0,False
16018,2011-06-12 13:52:00,2011-10-31 14:13:00,2,408.9,31,Остальные,0,0.0,-0.0,False
16019,2010-12-10 12:29:00,2011-10-24 11:51:00,9,3786.2400000000002,38,Активные повторные,0,0.0,-0.0,False
16020,2011-10-05 13:54:00,2011-11-23 11:18:00,3,851.01,8,Активные повторные,0,0.0,-0.0,False
16022,2011-03-24 13:16:00,2011-03-24 13:16:00,1,628.28,252,Остальные,0,0.0,-0.0,False
16023,2011-03-18 13:32:00,2011-10-24 16:34:00,3,719.8100000000001,38,Активные повторные,0,0.0,-0.0,False
16024,2011-11-27 13:26:00,2011-11-27 13:26:00,1,245.96,4,Недавние однократные,0,0.0,-0.0,False
16025,2011-11-10 11:45:00,2011-11-10 11:45:00,1,439.65999999999997,21,Недавние однократные,0,0.0,-0.0,False
16026,2011-10-27 13:53:00,2011-10-27 13:53:00,1,236.09,35,Остальные,0,0.0,-0.0,False
16027,2011-02-10 12:19:00,2011-09-09 10:47:00,6,934.62,83,Остальные,0,0.0,-0.0,False
16029,2010-12-01 09:57:00,2011-11-01 10:27:00,62,72882.09,30,Активные ценные,23,-14688.24,0.2015342864069897,False
16030,2011-02-03 11:28:00,2011-02-03 11:28:00,1,331.24,301,Остальные,0,0.0,-0.0,False
16031,2011-04-06 14:23:00,2011-09-08 13:07:00,2,548.94,84,Остальные,0,0.0,-0.0,False
16033,2010-12-05 10:36:00,2011-11-06 13:53:00,19,8394.53,25,Активные ценные,15,-88.79,0.01057712581883679,False
16034,2011-01-11 11:54:00,2011-05-27 16:17:00,3,437.7,188,Давно не покупавшие повторные,0,0.0,-0.0,False
16036,2011-03-21 13:01:00,2011-09-13 14:53:00,2,758.9200000000001,79,Остальные,0,0.0,-0.0,False
16037,2010-12-16 10:18:00,2011-03-15 09:13:00,3,855.02,261,Давно не покупавшие повторные,0,0.0,-0.0,False
16038,2011-05-22 11:29:00,2011-06-15 13:50:00,2,393.33,169,Давно не покупавшие повторные,2,-17.45,0.044364782752396206,False
16040,2011-03-16 09:58:00,2011-10-05 13:47:00,3,1313.55,57,Активные повторные,0,0.0,-0.0,False
16041,2011-07-21 16:27:00,2011-11-09 12:25:00,3,3166.4,22,Активные ценные,0,0.0,-0.0,False
16042,2011-01-11 13:25:00,2011-11-17 17:50:00,5,1197.27,14,Активные повторные,4,-49.9,0.041678151127147595,False
16043,2011-01-26 11:14:00,2011-11-02 12:50:00,4,773.99,29,Активные повторные,0,0.0,-0.0,False
16045,2011-02-22 14:55:00,2011-08-12 12:41:00,4,1340.7,111,Давно не покупавшие повторные,0,0.0,-0.0,False
16048,2010-12-01 15:27:00,2010-12-01 15:28:00,2,256.44000000000005,365,Давно не покупавшие повторные,1,-12.75,0.049719232569021984,False
16049,2011-09-25 14:33:00,2011-10-30 13:19:00,3,1111.79,32,Активные повторные,0,0.0,-0.0,False
16050,2011-06-19 11:44:00,2011-06-19 11:44:00,1,137.9,165,Остальные,0,0.0,-0.0,False
16052,2011-10-16 15:13:00,2011-10-16 15:13:00,1,362.06,46,Остальные,0,0.0,-0.0,False
16053,2011-08-09 14:57:00,2011-11-07 11:21:00,2,1511.95,24,Остальные,0,0.0,-0.0,False
16054,2011-07-17 13:08:00,2011-07-17 13:08:00,1,783.9,137,Остальные,0,0.0,-0.0,False
16055,2011-05-03 09:26:00,2011-05-03 09:26:00,1,134.8,212,Остальные,0,0.0,-0.0,False
16056,2011-10-25 15:19:00,2011-10-25 15:19:00,1,664.85,37,Остальные,0,0.0,-0.0,False
16057,2011-02-28 10:35:00,2011-11-23 15:23:00,7,2263.12,8,Активные ценные,10,-85.3,0.03769132878504012,False
16059,2010-12-07 10:36:00,2011-10-05 09:56:00,6,1459.8600000000001,57,Активные повторные,0,0.0,-0.0,False
16062,2010-12-10 12:00:00,2011-11-30 12:15:00,4,1153.62,1,Активные повторные,0,0.0,-0.0,False
16063,2011-03-24 14:55:00,2011-03-24 14:55:00,1,335.32,252,Остальные,0,0.0,-0.0,False
16065,2010-12-09 13:03:00,2010-12-09 13:03:00,1,372.09,357,Остальные,0,0.0,-0.0,False
16066,2011-08-07 14:33:00,2011-11-23 11:54:00,5,1521.87,8,Активные повторные,0,0.0,-0.0,False
16070,2011-11-07 16:36:00,2011-11-17 15:50:00,2,852.1500000000001,14,Остальные,0,0.0,-0.0,False
16071,2011-10-26 11:14:00,2011-10-26 11:14:00,1,326.24,36,Остальные,0,0.0,-0.0,False
16072,2011-02-24 14:32:00,2011-02-24 14:32:00,1,584.32,280,Остальные,0,0.0,-0.0,False
16073,2011-02-15 15:41:00,2011-02-15 15:41:00,1,122.39999999999999,289,Остальные,1,-28.049999999999997,0.22916666666666666,False
16076,2011-05-15 12:31:00,2011-11-17 17:16:00,9,2073.75,14,Активные ценные,2,-61.199999999999996,0.029511754068716093,False
16078,2011-03-01 09:47:00,2011-03-01 09:47:00,1,79.2,275,Остальные,0,0.0,-0.0,False
16079,2011-10-30 13:06:00,2011-11-23 12:48:00,3,1352.0,8,Активные повторные,0,0.0,-0.0,False
16080,2011-03-10 14:44:00,2011-09-19 10:42:00,2,217.16,73,Остальные,1,-40.56,0.18677472831092284,False
16081,2010-12-08 11:16:00,2011-10-14 13:06:00,5,2806.8999999999996,48,Активные повторные,0,0.0,-0.0,False
16083,2010-12-14 11:51:00,2011-08-31 10:47:00,2,1317.62,92,Давно не покупавшие повторные,0,0.0,-0.0,False
16084,2011-02-13 16:05:00,2011-02-13 16:05:00,1,436.18,291,Остальные,0,0.0,-0.0,False
16085,2011-01-23 12:07:00,2011-11-16 13:24:00,5,981.51,15,Активные повторные,0,0.0,-0.0,False
16086,2010-12-07 13:45:00,2011-10-11 13:09:00,5,1121.3899999999999,51,Активные повторные,1,-2.08,0.0018548408671381056,False
16091,2011-05-25 09:18:00,2011-07-08 08:45:00,2,315.06,146,Давно не покупавшие повторные,0,0.0,-0.0,False
16092,2011-03-30 15:38:00,2011-08-17 10:46:00,3,817.86,106,Давно не покупавшие повторные,2,-38.5,0.04707407135695596,False
16093,2011-08-25 11:09:00,2011-08-25 11:09:00,1,17.0,98,Остальные,0,0.0,-0.0,False
16094,2011-05-04 13:57:00,2011-11-28 12:45:00,4,1078.23,3,Активные повторные,4,-36.4,0.03375903100451666,False
16096,2011-03-20 13:38:00,2011-03-20 13:38:00,1,320.62,256,Остальные,0,0.0,-0.0,False
16097,2011-04-13 13:47:00,2011-04-13 13:47:00,1,185.04999999999998,232,Остальные,0,0.0,-0.0,False
16098,2010-12-01 09:45:00,2011-09-13 09:59:00,7,2005.63,79,Остальные,0,0.0,-0.0,False
16099,2011-04-28 08:34:00,2011-10-20 13:13:00,3,731.9000000000001,42,Активные повторные,0,0.0,-0.0,False
16101,2011-09-30 10:18:00,2011-09-30 10:18:00,1,1290.7,62,Остальные,7,-44.74,0.034663360966917175,False
16102,2011-08-03 12:50:00,2011-10-28 13:19:00,3,1842.14,34,Активные повторные,0,0.0,-0.0,False
16103,2011-04-20 12:28:00,2011-09-21 11:55:00,5,1413.14,71,Остальные,0,0.0,-0.0,False
16104,2011-10-09 10:23:00,2011-10-09 10:23:00,1,302.36,53,Остальные,0,0.0,-0.0,False
16105,2011-04-05 10:13:00,2011-04-05 10:13:00,1,336.96,240,Остальные,0,0.0,-0.0,False
16106,2011-10-05 10:37:00,2011-10-05 10:37:00,1,108.38,57,Остальные,0,0.0,-0.0,False
16107,2011-06-09 18:42:00,2011-11-22 09:40:00,7,3204.1600000000003,9,Активные ценные,0,0.0,-0.0,False
16108,2011-09-16 11:48:00,2011-09-16 11:48:00,1,842.5,76,Остальные,1,-26.4,0.031335311572700295,False
16109,2011-02-04 12:37:00,2011-05-05 09:17:00,2,611.8799999999999,210,Давно не покупавшие повторные,0,0.0,-0.0,False
16110,2011-02-01 14:01:00,2011-10-25 14:35:00,3,1337.48,37,Активные повторные,0,0.0,-0.0,False
16112,2011-01-05 11:47:00,2011-07-19 14:28:00,4,195.74,135,Давно не покупавшие повторные,0,0.0,-0.0,False
16113,2011-06-09 16:16:00,2011-06-09 16:16:00,1,161.38,175,Остальные,0,0.0,-0.0,False
16114,2011-06-22 10:13:00,2011-06-22 10:13:00,1,135.75000000000003,162,Остальные,0,0.0,-0.0,False
16115,2011-02-20 12:14:00,2011-11-30 11:32:00,8,1667.97,1,Активные ценные,0,0.0,-0.0,False
16116,2011-05-12 12:01:00,2011-05-12 12:01:00,1,612.78,203,Остальные,1,-19.9,0.03247495022683508,False
16117,2011-06-03 11:42:00,2011-06-03 11:42:00,1,232.21,181,Остальные,0,0.0,-0.0,False
16119,2011-09-28 10:15:00,2011-09-28 10:15:00,1,309.48,64,Остальные,0,0.0,-0.0,False
16120,2011-10-11 14:10:00,2011-10-11 14:22:00,4,1309.14,51,Активные повторные,2,-15.0,0.01145790366194601,False
16121,2011-05-08 11:52:00,2011-10-13 12:59:00,2,867.11,49,Остальные,0,0.0,-0.0,False
16122,2010-12-08 11:41:00,2011-09-27 15:34:00,4,684.4200000000001,65,Остальные,0,0.0,-0.0,False
16123,2011-10-19 09:18:00,2011-10-19 09:18:00,1,307.78,43,Остальные,0,0.0,-0.0,False
16124,2011-01-26 14:45:00,2011-01-26 14:45:00,1,249.0,309,Остальные,5,-61.849999999999994,0.24839357429718872,False
16125,2010-12-07 15:48:00,2010-12-07 15:48:00,1,289.35,359,Остальные,0,0.0,-0.0,False
16126,2011-02-16 11:18:00,2011-11-10 16:03:00,4,6287.77,21,Активные ценные,0,0.0,-0.0,False
16127,2011-10-31 13:58:00,2011-10-31 13:58:00,1,656.25,31,Остальные,0,0.0,-0.0,False
16128,2011-03-02 12:21:00,2011-11-22 11:14:00,5,1880.22,9,Активные ценные,0,0.0,-0.0,False
16131,2011-04-14 08:32:00,2011-10-19 11:53:00,6,3506.54,43,Активные повторные,0,0.0,-0.0,False
16133,2011-01-25 15:55:00,2011-11-23 09:02:00,30,13651.92,8,Активные ценные,26,-283.38,0.020757519821387762,False
16134,2010-12-15 14:00:00,2011-11-18 10:05:00,2,618.09,13,Остальные,3,-14.399999999999999,0.023297578022618063,False
16135,2011-03-22 12:30:00,2011-03-22 12:30:00,1,517.55,254,Остальные,0,0.0,-0.0,False
16136,2011-03-07 09:52:00,2011-10-11 09:10:00,3,709.38,51,Активные повторные,0,0.0,-0.0,False
16139,2011-05-17 10:23:00,2011-11-21 08:37:00,3,635.41,10,Активные повторные,0,0.0,-0.0,False
16140,2010-12-03 14:40:00,2011-10-05 12:15:00,2,725.18,57,Остальные,1,-17.0,0.023442455666179432,False
16141,2011-09-12 13:11:00,2011-09-12 13:11:00,1,620.4,80,Остальные,0,0.0,-0.0,False
16142,2011-04-04 10:16:00,2011-04-04 10:16:00,1,535.34,241,Остальные,0,0.0,-0.0,False
16143,2010-12-05 15:18:00,2011-08-23 16:01:00,5,1949.3600000000001,100,Давно не покупавшие повторные,1,-5.1,0.0026162432798456925,False
16144,2011-04-07 10:09:00,2011-04-07 10:09:00,1,175.2,238,Остальные,0,0.0,-0.0,False
16145,2010-12-15 09:09:00,2011-10-30 13:17:00,10,3432.1,32,Активные повторные,13,-57.51,0.016756504763847206,False
16146,2011-04-21 15:25:00,2011-07-05 14:20:00,3,734.13,149,Давно не покупавшие повторные,0,0.0,-0.0,False
16147,2011-07-29 09:57:00,2011-07-29 09:57:00,1,375.0,125,Остальные,0,0.0,-0.0,False
16148,2011-02-16 14:01:00,2011-02-16 14:01:00,1,76.32000000000001,288,Остальные,0,0.0,-0.0,False
16149,2011-07-20 14:54:00,2011-07-20 14:54:00,1,163.68,134,Остальные,0,0.0,-0.0,False
16150,2010-12-02 18:27:00,2011-10-28 12:39:00,5,2053.02,34,Активные повторные,19,-146.95,0.07157748097924034,False
16152,2011-03-16 09:47:00,2011-03-16 09:47:00,1,1829.04,260,Остальные,0,0.0,-0.0,False
16153,2010-12-20 09:22:00,2011-10-21 10:50:00,5,1824.23,41,Активные повторные,0,0.0,-0.0,False
16156,2011-02-02 12:02:00,2011-11-15 17:14:00,8,2806.4300000000003,16,Активные ценные,8,-89.8,0.03199794757040082,False
16157,2011-09-28 11:48:00,2011-11-24 11:41:00,3,656.69,7,Активные повторные,1,-12.450000000000001,0.018958717202942028,False
16159,2011-03-03 12:27:00,2011-03-03 12:27:00,1,348.2,273,Остальные,0,0.0,-0.0,False
16160,2011-09-15 10:53:00,2011-10-05 14:19:00,2,1025.44,57,Остальные,2,-15.99,0.015593306288032453,False
16161,2010-12-06 10:03:00,2011-11-25 12:17:00,18,5257.05,6,Активные ценные,27,-178.84,0.03401907914134353,False
16162,2011-04-01 15:03:00,2011-04-01 15:03:00,1,37.4,244,Остальные,0,0.0,-0.0,False
16163,2010-12-09 16:28:00,2011-04-21 15:15:00,2,856.6000000000001,224,Давно не покупавшие повторные,1,-415.00000000000006,0.4844734998832594,False
16164,2011-10-28 09:12:00,2011-11-22 15:04:00,3,822.48,9,Активные повторные,1,-19.95,0.02425590895827254,False
16168,2010-12-05 11:38:00,2011-11-29 12:45:00,27,3787.6,2,Активные ценные,1,-17.0,0.004488330341113106,False
16169,2011-09-25 11:33:00,2011-11-10 15:23:00,3,1483.95,21,Активные повторные,0,0.0,-0.0,False
16170,2011-04-05 13:42:00,2011-10-20 08:21:00,6,1885.05,42,Активные повторные,2,-4.63,0.0024561682713986365,False
16171,2011-10-11 14:51:00,2011-10-11 14:51:00,1,73.2,51,Остальные,0,0.0,-0.0,False
16172,2011-04-12 12:02:00,2011-09-05 13:22:00,5,1140.21,87,Остальные,0,0.0,-0.0,False
16173,2011-09-02 15:23:00,2011-11-24 10:53:00,6,1418.3200000000002,7,Активные повторные,3,-11.75,0.008284449207513114,False
16174,2011-07-11 09:23:00,2011-08-05 13:26:00,3,1009.55,118,Давно не покупавшие повторные,0,0.0,-0.0,False
16175,2011-04-13 14:38:00,2011-09-06 14:32:00,4,1037.59,86,Остальные,0,0.0,-0.0,False
16177,2011-10-20 12:57:00,2011-10-20 12:57:00,1,331.95,42,Остальные,0,0.0,-0.0,False
16178,2011-07-24 16:05:00,2011-07-24 16:05:00,1,197.9,130,Остальные,0,0.0,-0.0,False
16179,2011-10-10 09:41:00,2011-10-10 09:41:00,1,215.83,52,Остальные,0,0.0,-0.0,False
16180,2011-04-01 10:23:00,2011-08-31 16:28:00,8,10254.18,92,Давно не покупавшие повторные,14,-36.7,0.0035790282596950707,False
16181,2011-09-27 13:38:00,2011-09-27 13:38:00,1,305.54,65,Остальные,0,0.0,-0.0,False
16182,2011-02-18 10:11:00,2011-09-28 13:23:00,4,6617.65,64,Остальные,0,0.0,-0.0,False
16183,2011-10-03 14:59:00,2011-10-03 14:59:00,1,338.71000000000004,59,Остальные,0,0.0,-0.0,False
16184,2011-05-12 13:33:00,2011-10-06 17:43:00,6,1158.79,56,Активные повторные,1,-3.25,0.0028046496776810296,False
16185,2011-04-21 11:59:00,2011-11-23 09:41:00,2,529.41,8,Остальные,0,0.0,-0.0,False
16186,2010-12-02 14:40:00,2011-11-17 12:43:00,12,4006.94,14,Активные ценные,1,-15.0,0.003743505018792395,False
16187,2011-02-28 13:34:00,2011-11-08 09:50:00,15,6911.4400000000005,23,Активные ценные,2,-70.2,0.010157072910999734,False
16188,2011-04-11 09:44:00,2011-10-26 12:19:00,4,981.86,36,Активные повторные,0,0.0,-0.0,False
16189,2011-09-15 15:21:00,2011-11-24 11:47:00,2,215.48,7,Остальные,0,0.0,-0.0,False
16190,2011-10-30 15:59:00,2011-10-30 15:59:00,1,215.08,32,Остальные,0,0.0,-0.0,False
16191,2010-12-14 12:38:00,2011-11-28 09:08:00,12,4935.86,3,Активные ценные,16,-263.95000000000005,0.053475989999716374,False
16193,2011-04-17 11:45:00,2011-04-17 11:45:00,1,314.45,228,Остальные,0,0.0,-0.0,False
16198,2011-09-25 14:58:00,2011-09-25 14:58:00,1,400.68100000000004,67,Остальные,0,0.0,-0.0,False
16200,2011-06-28 15:47:00,2011-06-28 15:47:00,1,550.57,156,Остальные,0,0.0,-0.0,False
16201,2011-08-22 10:47:00,2011-11-18 17:20:00,3,1354.07,13,Активные повторные,4,-41.95,0.03098067308189385,False
16202,2010-12-14 10:43:00,2010-12-14 10:43:00,1,365.27,352,Остальные,0,0.0,-0.0,False
16203,2010-12-02 15:39:00,2011-10-12 12:31:00,4,592.9,50,Активные повторные,1,-3.75,0.00632484398718165,False
16204,2011-11-16 13:40:00,2011-11-16 13:40:00,1,405.71,15,Недавние однократные,0,0.0,-0.0,False
16205,2011-06-13 11:33:00,2011-11-09 09:32:00,4,754.78,22,Активные повторные,0,0.0,-0.0,False
16206,2011-01-16 11:07:00,2011-10-16 10:41:00,4,537.06,46,Активные повторные,0,0.0,-0.0,False
16207,2011-11-14 13:51:00,2011-11-14 13:51:00,1,394.38,17,Недавние однократные,0,0.0,-0.0,False
16208,2011-02-23 13:37:00,2011-10-26 11:36:00,2,664.26,36,Остальные,0,0.0,-0.0,False
16209,2011-04-07 12:23:00,2011-09-12 11:58:00,5,2262.62,80,Остальные,0,0.0,-0.0,False
16210,2010-12-01 12:27:00,2011-11-30 10:54:00,16,17476.9,1,Активные ценные,0,0.0,-0.0,False
16211,2011-09-12 12:11:00,2011-09-12 12:11:00,1,547.02,80,Остальные,1,-4.25,0.007769368578845381,False
16212,2011-03-01 12:51:00,2011-11-20 13:00:00,2,690.34,11,Остальные,2,-9.15,0.013254338441927166,False
16213,2011-09-22 10:03:00,2011-09-22 10:03:00,1,159.0,70,Остальные,0,0.0,-0.0,False
16214,2011-03-15 13:23:00,2011-06-22 11:30:00,3,1062.75,162,Давно не покупавшие повторные,0,0.0,-0.0,False
16215,2011-09-20 10:18:00,2011-09-20 10:18:00,1,242.35,72,Остальные,0,0.0,-0.0,False
16216,2011-03-17 15:34:00,2011-03-17 15:34:00,1,914.9300000000001,259,Остальные,0,0.0,-0.0,False
16217,2011-03-02 15:28:00,2011-04-18 13:31:00,2,304.25,227,Давно не покупавшие повторные,3,-37.8,0.12423993426458503,False
16218,2010-12-01 11:29:00,2011-11-10 09:59:00,7,3084.68,21,Активные ценные,6,-29.81,0.00966388734001582,False
16221,2010-12-07 13:13:00,2011-11-03 11:43:00,3,864.86,28,Активные повторные,0,0.0,-0.0,False
16222,2011-01-25 13:38:00,2011-01-25 13:38:00,1,846.72,310,Остальные,0,0.0,-0.0,False
16224,2011-04-04 12:00:00,2011-10-13 17:51:00,4,1295.3000000000002,49,Активные повторные,0,0.0,-0.0,False
16225,2011-03-07 12:17:00,2011-10-26 08:30:00,5,1096.3200000000002,36,Активные повторные,0,0.0,-0.0,False
16226,2011-04-18 12:58:00,2011-05-20 14:41:00,3,255.12,195,Давно не покупавшие повторные,0,0.0,-0.0,False
16227,2011-04-28 13:33:00,2011-04-28 13:33:00,1,314.22,217,Остальные,1,-5.9,0.018776653300235504,False
16229,2011-05-11 10:18:00,2011-09-13 17:16:00,2,1010.5999999999999,79,Остальные,0,0.0,-0.0,False
16230,2011-05-03 15:12:00,2011-06-03 10:06:00,2,542.03,181,Давно не покупавшие повторные,0,0.0,-0.0,False
16232,2011-05-08 14:05:00,2011-10-27 12:16:00,4,990.8799999999999,35,Активные повторные,1,-7.6499999999999995,0.007720410140481189,False
16233,2010-12-08 12:51:00,2011-09-29 17:27:00,3,536.6800000000001,63,Остальные,3,-114.54999999999998,0.2134419020645449,False
16235,2011-01-11 15:42:00,2011-10-30 10:56:00,4,857.3100000000001,32,Активные повторные,2,-8.9,0.010381308978082607,False
16236,2011-09-22 14:10:00,2011-09-22 14:10:00,1,432.2,70,Остальные,0,0.0,-0.0,False
16239,2011-06-03 09:30:00,2011-10-14 08:29:00,2,414.2,48,Остальные,2,-41.300000000000004,0.09971028488652826,False
16240,2011-09-23 13:44:00,2011-11-15 14:30:00,2,3718.8,16,Остальные,6,-17.34,0.0046627944498225235,False
16241,2010-12-05 11:04:00,2011-11-30 11:08:00,13,2607.87,1,Активные ценные,0,0.0,-0.0,False
16242,2011-03-07 17:04:00,2011-11-21 14:26:00,6,3054.3,10,Активные ценные,1,-4.95,0.0016206659463706904,False
16243,2011-10-16 12:09:00,2011-11-06 12:32:00,2,409.1,25,Остальные,0,0.0,-0.0,False
16244,2010-12-02 11:41:00,2011-05-12 10:18:00,2,1522.75,203,Давно не покупавшие повторные,0,0.0,-0.0,False
16245,2011-03-28 09:30:00,2011-11-16 10:14:00,3,1413.66,15,Активные повторные,3,-61.300000000000004,0.0433626190173026,False
16247,2011-06-22 14:23:00,2011-06-22 14:23:00,1,114.56,162,Остальные,0,0.0,-0.0,False
16248,2011-10-09 11:32:00,2011-10-09 11:32:00,1,152.94,53,Остальные,0,0.0,-0.0,False
16249,2011-04-14 13:50:00,2011-10-18 10:07:00,5,1800.0700000000002,44,Активные повторные,0,0.0,-0.0,False
16250,2010-12-01 09:59:00,2011-03-23 15:07:00,2,389.44,253,Давно не покупавшие повторные,0,0.0,-0.0,False
16253,2011-03-29 13:33:00,2011-10-04 09:09:00,2,3683.86,58,Остальные,0,0.0,-0.0,False
16255,2010-12-09 14:25:00,2011-11-23 12:40:00,8,2619.91,8,Активные ценные,4,-10.61,0.004049757434415686,False
16256,2011-03-18 12:18:00,2011-03-18 12:18:00,1,752.4300000000001,258,Остальные,1,-19.8,0.02631474024161716,False
16257,2011-06-16 10:11:00,2011-06-16 10:11:00,1,21.95,168,Остальные,0,0.0,-0.0,False
16258,2011-05-04 14:33:00,2011-10-25 13:30:00,5,5203.51,37,Активные повторные,0,0.0,-0.0,False
16260,2011-10-20 09:40:00,2011-10-20 09:40:00,1,1035.45,42,Остальные,0,0.0,-0.0,False
16261,2011-04-07 19:05:00,2011-11-22 17:23:00,4,746.83,9,Активные повторные,0,0.0,-0.0,False
16265,2010-12-10 10:21:00,2011-11-30 16:41:00,9,5347.0,1,Активные ценные,2,-23.85,0.004460445109407144,False
16266,2011-05-17 14:50:00,2011-09-27 12:08:00,7,861.89,65,Остальные,0,0.0,-0.0,False
16268,2011-09-29 18:30:00,2011-09-29 18:30:00,2,617.65,63,Остальные,0,0.0,-0.0,False
16270,2010-12-21 14:26:00,2010-12-21 14:26:00,1,1141.24,345,Остальные,0,0.0,-0.0,False
16271,2010-12-16 16:36:00,2011-11-24 12:12:00,4,1414.24,7,Активные повторные,1,-5.95,0.004207206697590225,False
16272,2011-08-15 10:53:00,2011-08-15 10:53:00,1,411.7,108,Остальные,0,0.0,-0.0,False
16274,2010-12-01 15:35:00,2010-12-01 15:35:00,1,337.75,365,Остальные,0,0.0,-0.0,False
16275,2011-05-27 12:41:00,2011-05-27 12:41:00,1,559.87,188,Остальные,0,0.0,-0.0,False
16276,2011-06-16 09:34:00,2011-06-16 09:34:00,1,810.6000000000001,168,Остальные,0,0.0,-0.0,False
16278,2011-08-31 17:12:00,2011-08-31 17:12:00,1,566.38,92,Остальные,2,-28.55,0.050407853384653416,False
16279,2011-06-16 11:50:00,2011-11-18 15:00:00,3,1509.58,13,Активные повторные,2,-12.9,0.00854542323030247,False
16281,2011-09-28 14:57:00,2011-09-28 14:57:00,1,2062.06,64,Остальные,0,0.0,-0.0,False
16282,2011-01-04 11:42:00,2011-01-04 11:42:00,1,168.3,331,Остальные,0,0.0,-0.0,False
16283,2011-05-15 13:37:00,2011-10-02 13:49:00,4,1328.44,60,Активные повторные,1,-3.9,0.0029357742916503566,False
16284,2011-10-20 13:54:00,2011-11-08 16:12:00,2,823.97,23,Остальные,0,0.0,-0.0,False
16287,2011-06-23 09:08:00,2011-06-23 09:08:00,1,142.5,161,Остальные,0,0.0,-0.0,False
16292,2011-08-10 12:24:00,2011-08-10 12:24:00,1,302.25,113,Остальные,2,-21.349999999999998,0.0706368899917287,False
16293,2010-12-07 15:02:00,2011-11-18 09:58:00,10,2248.9900000000002,13,Активные ценные,1,-8.5,0.0037794743418156592,False
16295,2011-10-06 10:45:00,2011-11-30 08:17:00,4,1328.55,1,Активные повторные,0,0.0,-0.0,False
16297,2011-03-16 08:29:00,2011-03-16 08:29:00,1,301.9,260,Остальные,2,-23.349999999999998,0.07734349122225903,False
16298,2011-06-06 10:06:00,2011-11-17 11:59:00,3,598.2,14,Активные повторные,0,0.0,-0.0,False
16302,2011-08-05 09:44:00,2011-08-05 09:44:00,1,233.22,118,Остальные,1,-20.4,0.08747105737072292,False
16303,2011-01-10 14:16:00,2011-11-14 10:49:00,3,5360.63,17,Активные ценные,5,-54.8,0.01022267905078321,False
16305,2011-07-24 12:18:00,2011-07-24 12:18:00,1,361.21999999999997,130,Остальные,0,0.0,-0.0,False
16306,2010-12-07 15:18:00,2011-05-10 12:12:00,6,632.27,205,Давно не покупавшие повторные,3,-29.999999999999996,0.04744808388821231,False
16308,2011-03-23 14:46:00,2011-11-02 11:24:00,4,2560.0,29,Активные ценные,0,0.0,-0.0,False
16309,2011-04-13 11:46:00,2011-08-25 15:35:00,2,706.5699999999999,98,Давно не покупавшие повторные,2,-19.9,0.02816423001259606,False
16311,2011-10-21 13:13:00,2011-11-22 08:54:00,2,616.26,9,Остальные,0,0.0,-0.0,False
16313,2011-10-21 09:04:00,2011-10-21 09:04:00,1,167.62,41,Остальные,0,0.0,-0.0,False
16315,2011-01-13 11:57:00,2011-01-13 11:57:00,1,226.37,322,Остальные,0,0.0,-0.0,False
16316,2010-12-16 14:26:00,2011-10-06 13:48:00,8,2938.91,56,Активные повторные,5,-183.35,0.06238707548036517,False
16317,2011-02-15 14:30:00,2011-08-12 12:46:00,3,1341.65,111,Давно не покупавшие повторные,0,0.0,-0.0,False
16318,2011-11-04 13:05:00,2011-11-04 13:05:00,1,328.15,27,Недавние однократные,0,0.0,-0.0,False
16319,2011-05-06 11:27:00,2011-05-06 11:27:00,1,404.40000000000003,209,Остальные,0,0.0,-0.0,False
16320,2011-05-10 15:31:00,2011-06-20 15:25:00,2,1038.46,164,Давно не покупавшие повторные,0,0.0,-0.0,False
16321,2011-01-20 12:11:00,2011-09-28 14:55:00,5,373.65,64,Остальные,4,-142.95,0.3825772782015255,False
16322,2011-11-03 14:33:00,2011-11-03 14:33:00,1,213.07999999999998,28,Недавние однократные,0,0.0,-0.0,False
16323,2011-05-27 14:48:00,2011-05-27 14:48:00,1,207.50000000000003,188,Остальные,0,0.0,-0.0,False
16324,2011-06-15 14:26:00,2011-08-03 12:58:00,3,428.68,120,Давно не покупавшие повторные,0,0.0,-0.0,False
16325,2011-04-08 09:20:00,2011-10-24 08:48:00,3,594.24,38,Активные повторные,2,-83.7,0.14085218093699517,False
16326,2011-01-09 12:01:00,2011-11-24 11:57:00,13,2827.42,7,Активные ценные,1,-25.0,0.008841983150716907,False
16327,2010-12-05 12:43:00,2011-11-25 13:23:00,6,3813.62,6,Активные ценные,0,0.0,-0.0,False
16330,2011-08-19 17:08:00,2011-11-22 12:24:00,3,251.91,9,Активные повторные,2,-9.7,0.038505815569052436,False
16332,2011-02-07 14:16:00,2011-11-11 14:22:00,7,1593.2,20,Активные ценные,1,-10.0,0.006276675872457946,False
16333,2011-02-03 10:50:00,2011-11-03 15:47:00,20,25079.6,28,Активные ценные,0,0.0,-0.0,False
16337,2011-11-03 10:03:00,2011-11-03 10:03:00,1,151.05,28,Недавние однократные,0,0.0,-0.0,False
16338,2011-07-05 13:56:00,2011-07-05 13:56:00,1,214.8,149,Остальные,0,0.0,-0.0,False
16339,2011-02-28 13:41:00,2011-02-28 13:41:00,1,109.95,276,Остальные,0,0.0,-0.0,False
16340,2011-08-24 14:53:00,2011-08-24 14:53:00,1,549.07,99,Остальные,0,0.0,-0.0,False
16341,2011-05-22 13:20:00,2011-11-15 09:12:00,4,1971.87,16,Активные ценные,7,-12.49,0.0063340889612398385,False
16342,2011-06-13 10:10:00,2011-09-25 14:36:00,4,322.40999999999997,67,Остальные,0,0.0,-0.0,False
16343,2011-11-23 17:43:00,2011-11-23 17:45:00,2,370.48,8,Остальные,0,0.0,-0.0,False
16344,2011-07-04 15:50:00,2011-07-04 15:50:00,1,101.10000000000001,150,Остальные,0,0.0,-0.0,False
16345,2011-10-26 16:03:00,2011-10-26 16:03:00,1,575.41,36,Остальные,0,0.0,-0.0,False
16347,2011-11-03 13:01:00,2011-11-28 13:14:00,2,887.6500000000001,3,Остальные,0,0.0,-0.0,False
16348,2011-04-13 15:49:00,2011-11-07 15:44:00,7,1467.11,24,Активные повторные,0,0.0,-0.0,False
16349,2011-02-22 12:40:00,2011-02-22 12:40:00,1,53.5,282,Остальные,0,0.0,-0.0,False
16350,2011-01-10 09:44:00,2011-11-18 15:53:00,4,1116.47,13,Активные повторные,3,-16.0,0.014330882155364676,False
16351,2011-01-11 10:26:00,2011-01-11 10:26:00,1,153.9,324,Остальные,0,0.0,-0.0,False
16352,2011-11-02 08:44:00,2011-11-22 10:32:00,2,494.44,9,Остальные,0,0.0,-0.0,False
16353,2010-12-05 12:09:00,2011-11-22 10:39:00,21,6081.71,9,Активные ценные,0,0.0,-0.0,False
16354,2011-09-27 16:28:00,2011-10-07 14:28:00,2,395.8,55,Остальные,0,0.0,-0.0,False
16356,2011-03-07 12:31:00,2011-05-26 11:51:00,3,211.76999999999998,189,Давно не покупавшие повторные,1,-1.45,0.006847051045946074,False
16357,2011-05-10 10:35:00,2011-11-06 16:04:00,3,658.88,25,Активные повторные,0,0.0,-0.0,False
16358,2011-06-08 15:05:00,2011-10-07 10:50:00,3,1594.3400000000001,55,Активные повторные,1,-2.55,0.0015994079054655842,False
16359,2011-01-12 10:49:00,2011-10-05 13:00:00,8,1640.19,57,Активные повторные,4,-290.55,0.17714411135295302,False
16360,2011-09-12 13:50:00,2011-11-20 11:56:00,5,2748.19,11,Активные ценные,7,-95.25,0.0346591756756265,False
16361,2011-09-29 13:13:00,2011-11-30 12:32:00,4,896.66,1,Активные повторные,0,0.0,-0.0,False
16362,2011-09-09 14:47:00,2011-11-07 13:01:00,5,734.77,24,Активные повторные,9,-82.7,0.11255222722756782,False
16363,2011-10-17 14:14:00,2011-10-17 14:14:00,1,109.36,45,Остальные,0,0.0,-0.0,False
16364,2011-07-25 14:35:00,2011-11-28 11:27:00,2,707.04,3,Остальные,0,0.0,-0.0,False
16365,2010-12-07 17:19:00,2011-11-22 11:24:00,9,1540.42,9,Активные повторные,0,0.0,-0.0,False
16366,2011-11-21 08:19:00,2011-11-21 08:19:00,1,327.3,10,Недавние однократные,0,0.0,-0.0,False
16367,2010-12-12 12:01:00,2011-11-02 13:13:00,2,804.49,29,Остальные,0,0.0,-0.0,False
16368,2011-11-11 15:08:00,2011-11-11 15:08:00,1,302.48,20,Недавние однократные,0,0.0,-0.0,False
16369,2011-05-27 09:39:00,2011-11-21 16:25:00,3,1551.58,10,Активные повторные,0,0.0,-0.0,False
16370,2011-04-28 16:40:00,2011-09-18 15:55:00,4,1320.56,74,Остальные,0,0.0,-0.0,False
16372,2011-11-06 12:50:00,2011-11-06 13:08:00,2,367.93,25,Остальные,0,0.0,-0.0,False
16374,2011-03-22 13:46:00,2011-10-04 15:21:00,2,465.08000000000004,58,Остальные,0,0.0,-0.0,False
16376,2011-11-22 16:47:00,2011-11-22 16:47:00,1,874.25,9,Недавние однократные,0,0.0,-0.0,False
16377,2011-03-17 15:41:00,2011-03-17 15:41:00,1,676.2,259,Остальные,0,0.0,-0.0,False
16378,2011-02-02 12:42:00,2011-04-06 15:07:00,3,362.95,239,Давно не покупавшие повторные,0,0.0,-0.0,False
16379,2011-09-22 09:33:00,2011-11-21 15:27:00,3,1755.76,10,Активные ценные,1,-25.5,0.014523625096824167,False
16380,2011-10-09 15:40:00,2011-10-09 15:40:00,1,1780.59,53,Остальные,0,0.0,-0.0,False
16383,2011-03-16 13:00:00,2011-09-26 12:45:00,2,668.36,66,Остальные,0,0.0,-0.0,False
16384,2011-03-21 10:13:00,2011-09-11 11:19:00,2,584.5,81,Остальные,0,0.0,-0.0,False
16385,2010-12-08 12:56:00,2011-10-10 13:12:00,3,555.8900000000001,52,Активные повторные,0,0.0,-0.0,False
16386,2011-03-31 12:19:00,2011-11-11 12:28:00,2,317.20000000000005,20,Остальные,0,0.0,-0.0,False
16387,2011-01-21 11:34:00,2011-01-21 11:34:00,1,94.36,314,Остальные,0,0.0,-0.0,False
16389,2011-03-01 15:47:00,2011-10-17 14:41:00,4,1382.07,45,Активные повторные,1,-19.799999999999997,0.014326336582083396,False
16392,2011-03-15 12:11:00,2011-03-15 12:11:00,1,221.19,261,Остальные,0,0.0,-0.0,False
16393,2010-12-05 13:10:00,2011-11-28 13:58:00,12,2739.51,3,Активные ценные,21,-78.01,0.028475895324346325,False
16394,2011-02-23 10:58:00,2011-10-14 09:48:00,5,1555.3400000000001,48,Активные повторные,17,-143.28,0.09212133681381562,False
16395,2011-01-13 12:10:00,2011-10-10 12:50:00,5,1486.9,52,Активные повторные,0,0.0,-0.0,False
16398,2011-03-31 09:38:00,2011-07-08 15:16:00,2,1705.8000000000002,146,Давно не покупавшие повторные,4,-74.65,0.04376245749794817,False
16399,2011-04-18 13:46:00,2011-11-20 16:12:00,2,406.77,11,Остальные,0,0.0,-0.0,False
16400,2011-09-06 12:27:00,2011-09-06 12:27:00,1,303.93,86,Остальные,0,0.0,-0.0,False
16401,2011-01-16 10:56:00,2011-11-25 12:57:00,11,3785.58,6,Активные ценные,11,-35.129999999999995,0.009279951817158797,False
16402,2010-12-05 13:42:00,2011-03-20 12:25:00,2,299.6,256,Давно не покупавшие повторные,0,0.0,-0.0,False
16403,2011-01-31 13:39:00,2011-01-31 13:39:00,1,177.5,304,Остальные,5,-16.45,0.09267605633802817,False
16404,2011-09-30 14:55:00,2011-09-30 14:55:00,1,443.05,62,Остальные,0,0.0,-0.0,False
16405,2011-02-02 17:08:00,2011-02-10 15:24:00,2,167.25,294,Давно не покупавшие повторные,0,0.0,-0.0,False
16406,2011-11-21 11:57:00,2011-11-21 11:57:00,1,163.07,10,Недавние однократные,0,0.0,-0.0,False
16407,2011-01-31 14:02:00,2011-11-27 11:05:00,10,2126.93,4,Активные ценные,0,0.0,-0.0,False
16409,2011-01-26 14:51:00,2011-11-03 16:45:00,5,2028.88,28,Активные ценные,0,0.0,-0.0,False
16411,2010-12-05 13:26:00,2011-11-20 13:23:00,2,214.65,11,Остальные,0,0.0,-0.0,False
16412,2011-10-17 12:35:00,2011-10-17 12:35:00,1,151.83,45,Остальные,0,0.0,-0.0,False
16413,2011-10-14 12:08:00,2011-10-14 12:08:00,1,262.2,48,Остальные,0,0.0,-0.0,False
16414,2011-03-04 13:27:00,2011-11-18 09:42:00,2,126.25,13,Остальные,0,0.0,-0.0,False
16415,2011-10-26 13:35:00,2011-10-26 13:35:00,1,210.35,36,Остальные,0,0.0,-0.0,False
16416,2011-10-14 13:35:00,2011-11-13 12:50:00,3,1051.4,18,Активные повторные,1,-20.0,0.019022256039566292,False
16418,2011-04-27 16:54:00,2011-10-26 12:39:00,3,675.27,36,Активные повторные,0,0.0,-0.0,False
16419,2011-02-01 12:25:00,2011-08-19 12:33:00,6,972.2299999999999,104,Давно не покупавшие повторные,1,-12.75,0.01311418080083931,False
16422,2010-12-05 15:35:00,2011-11-22 14:00:00,51,34684.4,9,Активные ценные,9,-373.4,0.010765646803750388,False
16423,2011-11-15 09:21:00,2011-11-15 09:21:00,1,346.12,16,Недавние однократные,0,0.0,-0.0,False
16424,2011-06-01 13:40:00,2011-06-01 13:40:00,1,133.56,183,Остальные,1,-51.0,0.38185085354896675,False
16425,2011-02-10 14:30:00,2011-02-10 14:30:00,1,302.7,294,Остальные,0,0.0,-0.0,False
16426,2011-03-08 15:45:00,2011-11-18 13:33:00,7,1353.65,13,Активные повторные,0,0.0,-0.0,False
16427,2011-02-28 15:18:00,2011-03-21 17:10:00,2,241.06,255,Давно не покупавшие повторные,0,0.0,-0.0,False
16429,2011-08-25 13:54:00,2011-08-25 13:54:00,1,284.55,98,Остальные,0,0.0,-0.0,False
16430,2011-10-13 14:47:00,2011-10-13 14:47:00,1,300.85,49,Остальные,0,0.0,-0.0,False
16431,2011-02-15 14:02:00,2011-05-10 14:09:00,3,642.81,205,Давно не покупавшие повторные,0,0.0,-0.0,False
16432,2011-10-06 13:59:00,2011-10-06 13:59:00,1,287.4,56,Остальные,0,0.0,-0.0,False
16433,2011-11-11 14:09:00,2011-11-11 14:09:00,1,184.26,20,Недавние однократные,0,0.0,-0.0,False
16434,2011-02-13 12:17:00,2011-11-10 14:28:00,7,1522.25,21,Активные повторные,0,0.0,-0.0,False
16438,2011-09-18 13:31:00,2011-11-13 11:39:00,4,648.54,18,Активные повторные,0,0.0,-0.0,False
16440,2011-05-09 12:25:00,2011-11-10 14:16:00,4,2665.24,21,Активные ценные,0,0.0,-0.0,False
16441,2011-02-21 17:35:00,2011-10-03 17:48:00,2,381.2,59,Остальные,0,0.0,-0.0,False
16442,2010-12-14 10:46:00,2011-04-26 11:51:00,2,437.03,219,Давно не покупавшие повторные,0,0.0,-0.0,False
16444,2011-03-20 12:14:00,2011-10-24 13:50:00,4,654.67,38,Активные повторные,1,-8.95,0.013671009821742252,False
16445,2011-11-06 12:32:00,2011-11-06 12:32:00,1,230.51,25,Недавние однократные,0,0.0,-0.0,False
16446,2011-05-18 09:52:00,2011-05-18 09:52:00,1,2.9,197,Остальные,0,0.0,-0.0,False
16447,2011-07-27 12:45:00,2011-07-27 12:45:00,1,259.01,127,Остальные,0,0.0,-0.0,False
16448,2011-05-25 16:28:00,2011-05-25 16:28:00,1,188.89000000000001,190,Остальные,0,0.0,-0.0,False
16449,2011-03-04 12:15:00,2011-05-26 10:25:00,2,707.69,189,Давно не покупавшие повторные,3,-33.0,0.04663058683887012,False
16450,2011-07-13 11:47:00,2011-07-13 11:47:00,1,311.92,141,Остальные,0,0.0,-0.0,False
16451,2011-09-13 09:17:00,2011-09-13 09:17:00,1,266.97,79,Остальные,0,0.0,-0.0,False
16454,2011-10-06 16:57:00,2011-10-06 16:57:00,1,5.9,56,Остальные,0,0.0,-0.0,False
16455,2010-12-03 16:44:00,2011-10-07 12:17:00,7,1841.1799999999998,55,Активные повторные,0,0.0,-0.0,False
16456,2010-12-01 14:11:00,2011-09-01 13:50:00,5,2158.37,91,Давно не покупавшие повторные,0,0.0,-0.0,False
16457,2011-05-05 13:19:00,2011-05-05 13:19:00,1,208.36,210,Остальные,0,0.0,-0.0,False
16458,2010-12-14 11:51:00,2011-11-25 08:23:00,17,3307.2400000000002,6,Активные ценные,0,0.0,-0.0,False
16460,2011-09-19 10:15:00,2011-11-11 13:46:00,3,814.72,20,Активные повторные,0,0.0,-0.0,False
16461,2011-06-15 12:07:00,2011-06-15 12:07:00,1,151.42,169,Остальные,0,0.0,-0.0,False
16462,2011-03-01 08:58:00,2011-09-27 10:24:00,3,136.0,65,Остальные,1,-34.0,0.25,False
16463,2011-05-19 14:45:00,2011-11-18 14:01:00,4,1422.4,13,Активные повторные,3,-38.7,0.02720753655793026,False
16464,2011-07-20 13:53:00,2011-11-20 12:11:00,3,1314.68,11,Активные повторные,0,0.0,-0.0,False
16466,2011-02-20 11:39:00,2011-11-06 11:35:00,7,1603.46,25,Активные ценные,0,0.0,-0.0,False
16468,2011-09-26 14:13:00,2011-09-26 14:13:00,1,74.9,66,Остальные,0,0.0,-0.0,False
16469,2011-04-07 13:11:00,2011-11-16 12:25:00,4,650.4300000000001,15,Активные повторные,0,0.0,-0.0,False
16470,2010-12-16 11:53:00,2011-10-19 12:11:00,4,762.39,43,Активные повторные,1,-4.95,0.006492739936253099,False
16471,2011-03-10 09:41:00,2011-03-10 09:41:00,1,223.95000000000002,266,Остальные,0,0.0,-0.0,False
16473,2011-01-07 10:55:00,2011-06-28 09:10:00,3,316.11,156,Давно не покупавшие повторные,1,-1.25,0.003954319698839011,False
16474,2011-07-17 14:51:00,2011-11-22 14:04:00,6,1750.23,9,Активные ценные,8,-60.03,0.034298349359798426,False
16475,2011-03-11 09:39:00,2011-09-12 14:37:00,4,544.3,80,Остальные,0,0.0,-0.0,False
16477,2010-12-03 12:48:00,2011-10-07 09:44:00,7,2494.46,55,Активные повторные,0,0.0,-0.0,False
16478,2011-10-05 12:02:00,2011-11-14 15:51:00,3,331.0,17,Активные повторные,0,0.0,-0.0,False
16479,2011-11-29 13:04:00,2011-11-29 13:40:00,2,300.83000000000004,2,Остальные,0,0.0,-0.0,False
16480,2011-09-25 11:40:00,2011-09-25 11:40:00,1,769.29,67,Остальные,0,0.0,-0.0,False
16482,2011-11-24 12:33:00,2011-11-24 12:33:00,1,220.62,7,Недавние однократные,0,0.0,-0.0,False
16483,2011-05-31 13:08:00,2011-05-31 13:08:00,1,139.35,184,Остальные,0,0.0,-0.0,False
16484,2011-06-02 10:39:00,2011-06-19 12:06:00,2,404.3,165,Давно не покупавшие повторные,1,-24.900000000000002,0.06158792975513233,False
16485,2011-09-23 15:50:00,2011-09-23 15:50:00,1,363.65,69,Остальные,0,0.0,-0.0,False
16488,2011-07-14 11:46:00,2011-11-06 13:42:00,3,498.8,25,Активные повторные,2,-6.6,0.013231756214915798,False
16491,2011-10-24 10:18:00,2011-10-24 10:18:00,1,731.5,38,Остальные,0,0.0,-0.0,False
16493,2011-01-14 08:16:00,2011-09-21 11:10:00,4,1351.63,71,Остальные,6,-21.97,0.016254448332753784,False
16494,2011-02-16 12:49:00,2011-02-16 12:49:00,1,826.53,288,Остальные,0,0.0,-0.0,False
16495,2011-03-08 16:38:00,2011-03-08 16:39:00,2,246.51,268,Давно не покупавшие повторные,0,0.0,-0.0,False
16496,2011-01-27 09:42:00,2011-05-16 10:48:00,2,1185.04,199,Давно не покупавшие повторные,2,-37.3,0.031475730777020185,False
16497,2011-01-10 13:20:00,2011-10-21 10:55:00,6,2965.69,41,Активные повторные,0,0.0,-0.0,False
16498,2011-06-30 19:52:00,2011-07-01 15:07:00,2,100.97,153,Давно не покупавшие повторные,1,-14.850000000000001,0.14707338813508963,False
16499,2010-12-10 10:27:00,2010-12-14 13:31:00,2,365.45000000000005,352,Давно не покупавшие повторные,3,-46.35,0.1268299356957176,False
16500,2011-01-13 10:28:00,2011-11-23 14:18:00,5,348.12,8,Активные повторные,0,0.0,-0.0,False
16503,2010-12-14 13:50:00,2011-08-25 11:46:00,4,1431.93,98,Давно не покупавшие повторные,2,-10.5,0.007332760679642161,False
16504,2011-11-14 15:18:00,2011-11-14 15:18:00,1,484.38,17,Недавние однократные,0,0.0,-0.0,False
16505,2011-11-08 12:14:00,2011-11-08 12:14:00,1,777.6,23,Недавние однократные,0,0.0,-0.0,False
16506,2011-10-30 15:50:00,2011-11-20 12:17:00,2,90.30000000000001,11,Остальные,0,0.0,-0.0,False
16509,2011-02-16 09:25:00,2011-02-16 09:25:00,1,363.7,288,Остальные,0,0.0,-0.0,False
16510,2010-12-02 13:39:00,2010-12-02 13:39:00,1,248.1,364,Остальные,0,0.0,-0.0,False
16511,2011-03-18 11:24:00,2011-11-18 10:41:00,3,948.26,13,Активные повторные,0,0.0,-0.0,False
16513,2011-10-27 14:56:00,2011-11-20 13:39:00,2,662.7900000000001,11,Остальные,0,0.0,-0.0,False
16515,2011-02-01 13:09:00,2011-10-18 13:10:00,5,1627.13,44,Активные повторные,0,0.0,-0.0,False
16516,2011-11-09 14:59:00,2011-11-09 14:59:00,1,101.7,22,Недавние однократные,0,0.0,-0.0,False
16517,2011-03-07 13:50:00,2011-03-07 13:50:00,1,162.7,269,Остальные,0,0.0,-0.0,False
16518,2011-02-28 16:36:00,2011-10-09 15:04:00,2,484.32,53,Остальные,2,-3.4,0.00702015196564255,False
16519,2010-12-09 14:08:00,2011-11-14 15:41:00,2,212.98000000000002,17,Остальные,0,0.0,-0.0,False
16520,2010-12-09 13:08:00,2011-06-06 13:24:00,3,1046.57,178,Давно не покупавшие повторные,1,-9.95,0.009507247484640302,False
16523,2011-01-28 12:06:00,2011-11-24 13:53:00,19,8562.85,7,Активные ценные,7,-81.2,0.009482824059746462,False
16525,2010-12-08 11:31:00,2011-11-23 11:49:00,25,12705.73,8,Активные ценные,17,-1131.88,0.08908421633389031,False
16526,2011-06-21 12:02:00,2011-06-21 12:02:00,1,290.36,163,Остальные,0,0.0,-0.0,False
16527,2011-09-19 16:21:00,2011-09-19 16:21:00,1,228.06000000000003,73,Остальные,0,0.0,-0.0,False
16529,2011-06-02 17:23:00,2011-06-02 17:23:00,1,455.25,182,Остальные,0,0.0,-0.0,False
16531,2010-12-14 13:19:00,2011-11-17 16:29:00,7,1244.59,14,Активные повторные,0,0.0,-0.0,False
16532,2011-01-05 12:37:00,2011-11-22 11:08:00,3,6748.8,9,Активные ценные,0,0.0,-0.0,False
16533,2011-10-02 15:07:00,2011-11-20 13:08:00,3,1095.56,11,Активные повторные,4,-68.62,0.06263463434225419,False
16536,2011-08-21 15:54:00,2011-08-21 15:54:00,1,548.97,102,Остальные,1,-9.95,0.01812485199555531,False
16539,2010-12-01 15:40:00,2011-05-04 09:52:00,3,1053.61,211,Давно не покупавшие повторные,0,0.0,-0.0,False
16542,2011-10-17 10:47:00,2011-10-17 10:47:00,1,119.62,45,Остальные,0,0.0,-0.0,False
16545,2011-06-28 10:37:00,2011-06-28 10:37:00,1,339.3,156,Остальные,0,0.0,-0.0,False
16546,2010-12-02 12:07:00,2011-02-22 11:20:00,2,787.1500000000001,282,Давно не покупавшие повторные,6,-883.08,1.121870037476974,True
16549,2011-01-09 14:03:00,2011-11-29 15:06:00,10,4154.639999999999,2,Активные ценные,0,0.0,-0.0,False
16550,2010-12-06 13:53:00,2011-08-23 11:12:00,5,2298.9700000000003,100,Давно не покупавшие повторные,10,-32.72,0.014232460623670598,False
16551,2011-01-07 10:24:00,2011-09-05 09:38:00,3,922.12,87,Остальные,0,0.0,-0.0,False
16552,2010-12-01 12:36:00,2011-04-11 10:04:00,2,379.73,234,Давно не покупавшие повторные,0,0.0,-0.0,False
16553,2010-12-14 13:58:00,2011-06-29 15:42:00,12,5719.82,155,Давно не покупавшие повторные,2,-55.25,0.009659394876062533,False
16554,2011-01-12 12:41:00,2011-10-28 14:51:00,3,837.1,34,Активные повторные,12,-93.1,0.11121729781388125,False
16555,2011-08-22 12:32:00,2011-11-04 14:31:00,2,285.89,27,Остальные,0,0.0,-0.0,False
16556,2010-12-14 13:32:00,2011-10-04 11:36:00,7,3313.79,58,Активные повторные,0,0.0,-0.0,False
16557,2011-07-25 13:28:00,2011-11-15 14:04:00,2,281.85,16,Остальные,0,0.0,-0.0,False
16558,2010-12-08 12:01:00,2011-11-17 17:30:00,19,7739.52,14,Активные ценные,14,-81.45,0.010523908459439344,False
16560,2010-12-16 14:36:00,2011-11-13 10:35:00,2,841.4100000000001,18,Остальные,1,-24.900000000000002,0.02959318287160837,False
16561,2011-10-11 09:53:00,2011-10-11 09:53:00,1,264.96,51,Остальные,0,0.0,-0.0,False
16563,2011-10-17 11:51:00,2011-10-17 11:51:00,1,1077.74,45,Остальные,0,0.0,-0.0,False
16565,2010-12-10 15:21:00,2010-12-10 15:21:00,1,173.7,356,Остальные,0,0.0,-0.0,False
16566,2011-02-20 10:29:00,2011-11-24 16:34:00,5,614.66,7,Активные повторные,1,-0.65,0.001057495200598705,False
16567,2011-01-07 09:31:00,2011-05-29 13:57:00,2,865.5999999999999,186,Давно не покупавшие повторные,0,0.0,-0.0,False
16570,2011-02-01 10:37:00,2011-11-24 17:02:00,10,3738.4,7,Активные ценные,6,-107.94999999999999,0.028875989728225974,False
16571,2011-03-03 09:41:00,2011-11-13 11:46:00,3,1421.69,18,Активные повторные,9,-37.96,0.02670061687146987,False
16572,2011-03-09 12:04:00,2011-08-04 16:34:00,3,1009.5999999999999,119,Давно не покупавшие повторные,1,-9.9,0.009805863708399367,False
16573,2011-02-22 15:14:00,2011-09-16 09:13:00,2,663.61,76,Остальные,4,-15.2,0.02290501951447386,False
16574,2011-09-29 13:39:00,2011-09-29 13:39:00,1,451.44,63,Остальные,0,0.0,-0.0,False
16581,2011-06-10 10:05:00,2011-06-10 10:05:00,1,105.84,174,Остальные,2,-35.400000000000006,0.33446712018140595,False
16582,2011-08-18 17:02:00,2011-08-18 17:02:00,1,313.62,105,Остальные,0,0.0,-0.0,False
16583,2010-12-01 12:03:00,2010-12-01 12:03:00,1,233.45000000000002,365,Остальные,0,0.0,-0.0,False
16584,2011-03-30 13:14:00,2011-09-20 13:45:00,2,936.08,72,Остальные,3,-28.049999999999997,0.029965387573711644,False
16586,2011-04-05 09:32:00,2011-04-05 09:32:00,1,463.95,240,Остальные,0,0.0,-0.0,False
16587,2011-04-21 15:51:00,2011-04-21 15:51:00,1,225.15,224,Остальные,0,0.0,-0.0,False
16589,2011-07-01 13:31:00,2011-09-29 14:50:00,3,459.24,63,Остальные,0,0.0,-0.0,False
16591,2011-10-02 10:43:00,2011-10-02 10:43:00,1,213.5,60,Остальные,0,0.0,-0.0,False
16592,2011-02-25 10:19:00,2011-11-27 13:07:00,15,3195.52,4,Активные ценные,6,-40.4,0.012642699779691569,False
16593,2011-01-16 12:11:00,2011-10-20 12:41:00,3,330.03,42,Активные повторные,0,0.0,-0.0,False
16594,2011-09-25 14:08:00,2011-09-25 14:08:00,1,181.09,67,Остальные,0,0.0,-0.0,False
16595,2011-10-09 13:15:00,2011-10-09 13:15:00,1,360.16,53,Остальные,0,0.0,-0.0,False
16596,2010-12-08 16:18:00,2011-11-24 10:02:00,2,250.15,7,Остальные,0,0.0,-0.0,False
16598,2011-02-27 11:42:00,2011-02-27 11:42:00,1,145.04999999999998,277,Остальные,1,-4.35,0.029989658738366082,False
16600,2011-01-05 12:13:00,2011-11-23 09:44:00,5,573.2,8,Активные повторные,0,0.0,-0.0,False
16601,2011-10-30 11:09:00,2011-10-30 11:09:00,1,243.63,32,Остальные,0,0.0,-0.0,False
16602,2011-11-03 15:54:00,2011-11-03 15:54:00,1,528.08,28,Недавние однократные,3,-33.35,0.06315331010452961,False
16603,2011-09-09 13:02:00,2011-09-26 10:06:00,2,482.47,66,Остальные,0,0.0,-0.0,False
16607,2010-12-16 08:41:00,2011-11-22 10:24:00,14,3347.71,9,Активные ценные,2,-309.04,0.09231385036338273,False
16609,2011-04-01 10:11:00,2011-11-24 13:32:00,7,5493.46,7,Активные ценные,4,-42.5,0.00773647209591041,False
16610,2011-05-04 13:13:00,2011-05-04 13:13:00,1,75.66,211,Остальные,0,0.0,-0.0,False
16611,2011-06-06 15:46:00,2011-06-06 15:46:00,1,129.49,178,Остальные,1,-8.5,0.06564213452776275,False
16612,2011-02-01 10:38:00,2011-11-07 07:38:00,4,1187.66,24,Активные повторные,0,0.0,-0.0,False
16613,2011-09-30 15:52:00,2011-09-30 15:52:00,1,618.59,62,Остальные,0,0.0,-0.0,False
16614,2011-06-10 11:36:00,2011-06-10 11:36:00,1,506.19,174,Остальные,0,0.0,-0.0,False
16616,2011-07-05 13:38:00,2011-11-24 16:31:00,2,500.41999999999996,7,Остальные,0,0.0,-0.0,False
16617,2011-04-18 10:35:00,2011-04-18 10:35:00,1,151.85,227,Остальные,0,0.0,-0.0,False
16618,2011-01-21 11:55:00,2011-11-08 13:52:00,5,2647.59,23,Активные ценные,1,-16.95,0.006402048655569782,False
16619,2011-03-21 08:18:00,2011-03-21 08:18:00,1,226.21,255,Остальные,2,-21.8,0.09637062906149153,False
16620,2011-03-24 10:37:00,2011-03-24 10:37:00,1,95.76,252,Остальные,0,0.0,-0.0,False
16621,2011-03-07 11:32:00,2011-10-19 11:38:00,4,813.48,43,Активные повторные,0,0.0,-0.0,False
16623,2011-04-08 10:09:00,2011-04-08 10:09:00,1,129.45000000000002,237,Остальные,0,0.0,-0.0,False
16624,2011-05-26 14:20:00,2011-09-20 12:39:00,2,810.5699999999999,72,Остальные,0,0.0,-0.0,False
16625,2011-03-10 12:50:00,2011-03-10 12:50:00,1,333.08,266,Остальные,0,0.0,-0.0,False
16626,2011-03-18 12:27:00,2011-11-17 15:41:00,15,3888.8900000000003,14,Активные ценные,5,-33.449999999999996,0.008601426113878251,False
16627,2011-09-21 14:38:00,2011-09-21 14:38:00,1,322.8,71,Остальные,0,0.0,-0.0,False
16628,2011-04-19 08:55:00,2011-11-10 12:45:00,5,2188.05,21,Активные ценные,2,-5.01,0.002289710015767464,False
16629,2011-09-04 16:12:00,2011-09-27 10:34:00,2,417.73,65,Остальные,0,0.0,-0.0,False
16633,2011-04-19 14:36:00,2011-11-22 13:41:00,6,2883.1,9,Активные ценные,1,-4.95,0.0017169019458222053,False
16634,2010-12-02 17:41:00,2011-05-01 12:09:00,2,217.9,214,Давно не покупавшие повторные,0,0.0,-0.0,False
16637,2011-04-28 10:20:00,2011-11-07 13:17:00,4,1154.47,24,Активные повторные,3,-29.879999999999995,0.025882006461839628,False
16638,2010-12-06 10:19:00,2011-11-17 11:09:00,10,1680.72,14,Активные ценные,1,-4.25,0.0025286781855395307,False
16639,2011-04-18 09:31:00,2011-11-08 13:20:00,3,1257.5100000000002,23,Активные повторные,2,-88.13000000000001,0.07008294168634842,False
16641,2011-08-26 12:49:00,2011-08-26 12:49:00,1,231.1,97,Остальные,0,0.0,-0.0,False
16642,2011-05-16 12:35:00,2011-05-16 12:35:00,1,307.73,199,Остальные,1,-8.5,0.027621616351996878,False
16643,2011-04-08 08:24:00,2011-04-08 08:24:00,1,487.51,237,Остальные,0,0.0,-0.0,False
16644,2011-05-11 12:53:00,2011-06-15 12:39:00,2,833.78,169,Давно не покупавшие повторные,0,0.0,-0.0,False
16647,2011-05-19 09:31:00,2011-06-23 11:47:00,2,214.06,161,Давно не покупавшие повторные,0,0.0,-0.0,False
16648,2011-10-28 08:58:00,2011-10-28 08:58:00,1,290.65999999999997,34,Остальные,2,-19.8,0.06812082845936834,False
16650,2011-09-29 09:51:00,2011-09-29 09:51:00,1,518.42,63,Остальные,0,0.0,-0.0,False
16652,2011-03-11 13:13:00,2011-10-12 09:38:00,7,6773.97,50,Активные повторные,5,-119.71,0.01767205936843535,False
16653,2011-09-29 13:38:00,2011-11-23 14:51:00,2,1212.6599999999999,8,Остальные,7,-45.74,0.03771873402272691,False
16654,2010-12-06 15:09:00,2011-07-21 15:23:00,4,601.27,133,Давно не покупавшие повторные,2,-6.3,0.010477821943552814,False
16655,2011-01-12 10:16:00,2011-11-22 11:25:00,6,3794.52,9,Активные ценные,0,0.0,-0.0,False
16656,2010-12-10 11:23:00,2011-11-17 14:43:00,15,8625.8,14,Активные ценные,7,-57.559999999999995,0.0066730042430847,False
16657,2011-03-30 12:02:00,2011-11-30 11:48:00,4,933.62,1,Активные повторные,0,0.0,-0.0,False
16658,2010-12-06 13:47:00,2010-12-06 13:47:00,1,123.24,360,Остальные,0,0.0,-0.0,False
16659,2011-06-03 15:03:00,2011-06-03 15:03:00,1,39.12,181,Остальные,0,0.0,-0.0,False
16660,2011-01-24 12:44:00,2011-11-23 14:53:00,4,1267.6499999999999,8,Активные повторные,1,-457.2,0.3606673766418176,False
16665,2010-12-12 14:03:00,2010-12-12 14:03:00,1,135.4,354,Остальные,0,0.0,-0.0,False
16666,2011-11-20 14:01:00,2011-11-20 14:01:00,1,118.98,11,Недавние однократные,0,0.0,-0.0,False
16667,2011-02-28 12:57:00,2011-10-02 15:26:00,2,570.13,60,Остальные,0,0.0,-0.0,False
16668,2011-02-28 12:46:00,2011-11-24 17:43:00,6,306.71999999999997,7,Активные повторные,0,0.0,-0.0,False
16669,2011-09-22 14:13:00,2011-11-16 12:26:00,2,1370.47,15,Остальные,0,0.0,-0.0,False
16670,2010-12-16 10:30:00,2011-11-23 09:34:00,11,4095.9,8,Активные ценные,10,-73.44,0.017930125247198416,False
16671,2011-06-28 11:20:00,2011-11-11 13:40:00,3,1692.2700000000002,20,Активные ценные,0,0.0,-0.0,False
16672,2011-03-18 10:15:00,2011-11-04 09:44:00,19,7864.9400000000005,27,Активные ценные,2,-15.25,0.0019389849127901802,False
16674,2011-09-02 13:59:00,2011-10-16 11:31:00,2,319.61,46,Остальные,0,0.0,-0.0,False
16676,2011-01-06 13:00:00,2011-11-06 12:01:00,4,1592.12,25,Активные ценные,3,-33.4,0.020978318217219807,False
16678,2011-03-02 09:24:00,2011-11-29 13:17:00,11,2786.05,2,Активные ценные,5,-84.75,0.03041941099405969,False
16679,2010-12-08 13:51:00,2010-12-08 13:51:00,1,129.75,358,Остальные,0,0.0,-0.0,False
16680,2011-10-27 17:35:00,2011-10-27 17:35:00,1,183.7,35,Остальные,0,0.0,-0.0,False
16681,2011-03-31 13:46:00,2011-09-28 11:11:00,6,1770.34,64,Остальные,0,0.0,-0.0,False
16682,2011-06-05 11:02:00,2011-10-13 15:47:00,4,917.14,49,Активные повторные,0,0.0,-0.0,False
16684,2010-12-16 17:34:00,2011-11-28 15:35:00,27,61251.58,3,Активные ценные,3,-733.44,0.011974221726198737,False
16685,2011-10-09 13:44:00,2011-10-09 13:58:00,2,324.24,53,Остальные,0,0.0,-0.0,False
16686,2010-12-19 14:41:00,2011-10-23 13:49:00,7,3062.83,39,Активные повторные,3,-19.35,0.006317686583976258,False
16688,2011-10-10 12:23:00,2011-11-29 17:12:00,3,1115.1599999999999,2,Активные повторные,0,0.0,-0.0,False
16689,2011-09-18 13:29:00,2011-09-25 11:39:00,2,422.6,67,Остальные,2,-67.5,0.15972550875532418,False
16690,2011-05-22 10:53:00,2011-09-28 15:02:00,2,225.57999999999998,64,Остальные,1,-16.95,0.07513964003901055,False
16692,2011-02-23 15:41:00,2011-03-28 14:46:00,2,1126.0,248,Давно не покупавшие повторные,0,0.0,-0.0,False
16693,2011-03-13 11:06:00,2011-10-02 11:10:00,2,482.01,60,Остальные,0,0.0,-0.0,False
16696,2011-04-05 15:20:00,2011-07-27 14:23:00,4,657.9000000000001,127,Давно не покупавшие повторные,0,0.0,-0.0,False
16697,2011-04-12 17:12:00,2011-04-12 17:12:00,1,112.75,233,Остальные,0,0.0,-0.0,False
16698,2011-03-31 13:33:00,2011-04-27 10:52:00,2,1998.0,218,Давно не покупавшие повторные,0,0.0,-0.0,False
16700,2010-12-08 16:34:00,2011-11-10 10:10:00,12,4792.74,21,Активные ценные,4,-36.55,0.007626117836561132,False
16701,2010-12-13 11:51:00,2011-10-26 12:31:00,12,4899.86,36,Активные повторные,10,-248.03,0.050619813627328133,False
16705,2010-12-16 10:51:00,2011-11-28 11:45:00,19,13784.470000000001,3,Активные ценные,12,-59.61,0.004324431769955609,False
16706,2011-08-17 15:53:00,2011-11-02 13:50:00,3,531.3499999999999,29,Активные повторные,0,0.0,-0.0,False
16708,2011-10-25 12:20:00,2011-10-25 12:20:00,1,656.63,37,Остальные,0,0.0,-0.0,False
16709,2011-03-03 10:55:00,2011-09-16 10:56:00,5,3029.87,76,Остальные,0,0.0,-0.0,False
16710,2010-12-06 13:13:00,2011-11-20 14:50:00,10,2483.04,11,Активные ценные,0,0.0,-0.0,False
16711,2010-12-17 12:43:00,2011-11-13 11:51:00,4,1355.43,18,Активные повторные,0,0.0,-0.0,False
16712,2011-03-08 15:07:00,2011-11-30 13:48:00,11,3637.7799999999997,1,Активные ценные,0,0.0,-0.0,False
16713,2010-12-08 13:01:00,2011-11-21 12:36:00,15,6923.13,10,Активные ценные,8,-82.9,0.011974352641074196,False
16714,2011-01-26 13:40:00,2011-01-26 13:46:00,2,1146.53,309,Давно не покупавшие повторные,1,-250.0,0.21804924424131947,False
16715,2011-09-22 18:15:00,2011-09-22 18:15:00,1,301.71999999999997,70,Остальные,0,0.0,-0.0,False
16716,2011-02-01 15:35:00,2011-03-18 10:03:00,2,901.2,258,Давно не покупавшие повторные,1,-581.4,0.6451398135818908,True
16717,2010-12-08 16:48:00,2011-11-16 12:16:00,6,3858.38,15,Активные ценные,37,-580.02,0.1503273394533457,False
16718,2010-12-05 13:03:00,2010-12-05 13:03:00,1,623.75,361,Остальные,0,0.0,-0.0,False
16719,2010-12-06 12:06:00,2011-11-25 09:27:00,7,1790.42,6,Активные ценные,2,-16.5,0.009215714748494766,False
16720,2011-11-13 16:22:00,2011-11-13 16:22:00,1,155.23999999999998,18,Недавние однократные,0,0.0,-0.0,False
16721,2011-03-22 16:08:00,2011-03-22 16:08:00,1,292.47,254,Остальные,0,0.0,-0.0,False
16722,2010-12-06 12:59:00,2011-11-22 13:28:00,13,4730.8099999999995,9,Активные ценные,3,-19.6,0.004143053726528861,False
16723,2011-08-24 11:31:00,2011-09-09 13:01:00,2,589.15,83,Остальные,0,0.0,-0.0,False
16725,2010-12-03 16:02:00,2011-02-10 16:52:00,6,779.57,294,Давно не покупавшие повторные,1,-5.95,0.007632412740356863,False
16726,2010-12-13 13:28:00,2011-11-13 14:53:00,5,1382.02,18,Активные повторные,0,0.0,-0.0,False
16727,2010-12-10 13:48:00,2010-12-10 13:48:00,1,272.82,356,Остальные,0,0.0,-0.0,False
16728,2011-03-20 13:28:00,2011-10-24 14:36:00,4,1054.67,38,Активные повторные,0,0.0,-0.0,False
16729,2011-04-12 14:22:00,2011-11-01 14:29:00,21,7236.6,30,Активные ценные,7,-156.6,0.02163999668352541,False
16730,2011-01-24 14:01:00,2011-10-18 14:11:00,3,743.11,44,Активные повторные,2,-40.32,0.0542584543338133,False
16732,2011-11-08 09:54:00,2011-11-08 09:54:00,1,603.75,23,Недавние однократные,0,0.0,-0.0,False
16734,2011-08-17 15:00:00,2011-10-18 13:44:00,3,650.51,44,Активные повторные,0,0.0,-0.0,False
16735,2011-01-09 12:53:00,2011-09-22 11:49:00,5,2300.56,70,Остальные,3,-31.349999999999998,0.013627116875891087,False
16737,2011-10-17 13:03:00,2011-10-17 13:03:00,1,417.59999999999997,45,Остальные,0,0.0,-0.0,False
16738,2011-02-15 09:46:00,2011-02-15 09:46:00,1,3.75,289,Остальные,0,0.0,-0.0,False
16739,2011-06-16 09:17:00,2011-06-16 09:17:00,1,323.0,168,Остальные,3,-10.45,0.032352941176470584,False
16743,2010-12-16 12:15:00,2011-11-10 13:13:00,7,2238.09,21,Активные ценные,2,-46.25,0.020664941981779105,False
16744,2011-06-19 15:13:00,2011-11-28 13:06:00,7,1304.76,3,Активные повторные,0,0.0,-0.0,False
16745,2011-02-01 11:31:00,2011-09-14 11:58:00,17,7194.3,78,Остальные,1,-23.6,0.0032803747411144935,False
16746,2010-12-16 11:43:00,2011-11-28 15:17:00,17,6247.74,3,Активные ценные,3,-3.3499999999999996,0.0005361938877097958,False
16747,2011-10-03 10:18:00,2011-11-02 11:37:00,2,836.06,29,Остальные,3,-9.1,0.01088438628806545,False
16748,2011-01-09 13:50:00,2011-11-22 10:17:00,5,1515.9,9,Активные повторные,0,0.0,-0.0,False
16750,2011-04-21 16:53:00,2011-10-26 12:48:00,5,623.93,36,Активные повторные,0,0.0,-0.0,False
16751,2011-11-09 10:48:00,2011-11-09 10:48:00,1,1764.72,22,Недавние однократные,0,0.0,-0.0,False
16752,2010-12-02 12:18:00,2010-12-02 12:18:00,1,207.5,364,Остальные,0,0.0,-0.0,False
16753,2011-10-12 13:14:00,2011-10-12 13:14:00,1,223.92000000000002,50,Остальные,0,0.0,-0.0,False
16754,2010-12-02 17:38:00,2010-12-02 17:38:00,1,2002.4,364,Остальные,0,0.0,-0.0,False
16755,2011-01-28 10:47:00,2011-08-17 13:21:00,3,1496.83,106,Давно не покупавшие повторные,6,-12.2,0.008150558179619596,False
16756,2011-05-09 09:33:00,2011-05-09 09:33:00,1,239.4,206,Остальные,0,0.0,-0.0,False
16757,2011-01-25 11:59:00,2011-01-25 11:59:00,1,106.83000000000001,310,Остальные,0,0.0,-0.0,False
16758,2011-10-05 14:47:00,2011-10-05 14:47:00,1,369.34,57,Остальные,0,0.0,-0.0,False
16759,2011-11-09 09:06:00,2011-11-09 09:07:00,2,418.84999999999997,22,Остальные,1,-16.95,0.040467947952727706,False
16761,2011-09-04 11:15:00,2011-09-04 11:15:00,1,316.62,88,Остальные,0,0.0,-0.0,False
16762,2011-07-18 12:52:00,2011-11-20 11:43:00,3,1501.38,11,Активные повторные,0,0.0,-0.0,False
16763,2011-05-25 11:52:00,2011-05-25 11:52:00,1,611.85,190,Остальные,1,-16.95,0.027702868350085803,False
16764,2011-07-19 17:17:00,2011-11-30 11:30:00,12,2596.38,1,Активные ценные,11,-38.050000000000004,0.014655019681248509,False
16765,2011-02-18 15:41:00,2011-02-18 15:41:00,1,34.0,286,Остальные,0,0.0,-0.0,False
16766,2011-03-11 13:34:00,2011-03-11 15:22:00,2,1145.6,265,Давно не покупавшие повторные,0,0.0,-0.0,False
16767,2011-01-27 13:38:00,2011-11-09 09:42:00,11,5580.6,22,Активные ценные,0,0.0,-0.0,False
16768,2011-03-13 10:25:00,2011-10-23 10:38:00,3,478.09000000000003,39,Активные повторные,4,-20.05,0.04193771047292351,False
16769,2011-03-24 13:41:00,2011-03-24 13:41:00,1,380.39,252,Остальные,0,0.0,-0.0,False
16770,2010-12-02 15:49:00,2011-10-13 12:21:00,5,770.1,49,Активные повторные,1,-25.200000000000003,0.03272302298402805,False
16771,2011-01-05 13:57:00,2011-11-06 13:28:00,5,2234.8100000000004,25,Активные ценные,0,0.0,-0.0,False
16773,2011-10-13 14:37:00,2011-10-13 14:37:00,1,171.59,49,Остальные,0,0.0,-0.0,False
16774,2011-06-14 12:45:00,2011-10-03 12:41:00,4,661.52,59,Активные повторные,1,-6.6,0.009977022614584594,False
16775,2010-12-07 15:15:00,2011-11-29 15:22:00,11,1695.66,2,Активные ценные,0,0.0,-0.0,False
16776,2011-10-10 13:04:00,2011-10-10 13:04:00,1,388.28,52,Остальные,0,0.0,-0.0,False
16777,2011-03-27 14:34:00,2011-09-20 13:41:00,2,226.35,72,Остальные,0,0.0,-0.0,False
16778,2011-03-10 15:21:00,2011-09-26 13:48:00,2,245.94,66,Остальные,0,0.0,-0.0,False
16779,2010-12-08 09:56:00,2011-11-25 09:07:00,20,9672.66,6,Активные ценные,10,-97.67,0.010097532633215682,False
16780,2011-03-25 17:34:00,2011-08-31 16:09:00,2,425.19,92,Давно не покупавшие повторные,0,0.0,-0.0,False
16781,2010-12-02 14:26:00,2010-12-02 14:26:00,1,311.25,364,Остальные,2,-16.599999999999998,0.05333333333333333,False
16782,2010-12-09 11:28:00,2011-11-29 13:20:00,13,2279.9,2,Активные ценные,7,-37.65,0.016513882187815253,False
16784,2011-11-20 12:20:00,2011-11-20 12:20:00,1,107.6,11,Недавние однократные,0,0.0,-0.0,False
16788,2011-03-30 13:05:00,2011-08-08 14:53:00,2,595.8299999999999,115,Давно не покупавшие повторные,0,0.0,-0.0,False
16790,2011-11-02 11:23:00,2011-11-23 14:37:00,5,1366.1200000000001,8,Активные повторные,2,-25.5,0.018666002986560477,False
16791,2011-01-11 15:42:00,2011-11-10 19:12:00,7,1709.03,21,Активные ценные,2,-15.5,0.009069472156720479,False
16792,2011-03-02 14:39:00,2011-03-02 14:41:00,2,110.38000000000001,274,Давно не покупавшие повторные,0,0.0,-0.0,False
16793,2011-10-13 15:08:00,2011-10-13 15:08:00,1,243.84,49,Остальные,0,0.0,-0.0,False
16794,2011-06-12 14:15:00,2011-11-29 12:46:00,9,1120.03,2,Активные повторные,2,-21.2,0.01892806442684571,False
16795,2010-12-09 14:08:00,2010-12-09 14:08:00,1,414.88,357,Остальные,0,0.0,-0.0,False
16796,2011-09-11 14:01:00,2011-09-11 14:01:00,1,305.62,81,Остальные,0,0.0,-0.0,False
16800,2011-11-28 14:06:00,2011-11-28 14:06:00,1,1201.49,3,Недавние однократные,0,0.0,-0.0,False
16801,2011-03-11 13:56:00,2011-06-29 15:33:00,4,1619.73,155,Давно не покупавшие повторные,45,-751.9,0.4642131713310243,False
16803,2011-10-05 14:28:00,2011-10-05 14:28:00,1,332.3,57,Остальные,0,0.0,-0.0,False
16804,2011-03-14 15:48:00,2011-11-16 16:43:00,3,536.99,15,Активные повторные,0,0.0,-0.0,False
16805,2010-12-14 13:35:00,2011-06-19 11:23:00,2,460.59000000000003,165,Давно не покупавшие повторные,0,0.0,-0.0,False
16806,2011-04-14 19:59:00,2011-08-28 15:27:00,4,775.54,95,Давно не покупавшие повторные,0,0.0,-0.0,False
16807,2011-03-14 09:46:00,2011-07-20 12:00:00,3,1121.5900000000001,134,Давно не покупавшие повторные,0,0.0,-0.0,False
16808,2011-03-10 19:05:00,2011-09-01 19:34:00,2,288.42,91,Давно не покупавшие повторные,0,0.0,-0.0,False
16809,2011-03-22 15:20:00,2011-11-16 15:45:00,5,914.69,15,Активные повторные,1,-1.95,0.0021318698138167026,False
16810,2011-05-31 15:32:00,2011-05-31 15:32:00,1,309.54,184,Остальные,1,-33.9,0.10951734832331846,False
16811,2011-11-22 17:19:00,2011-11-22 17:19:00,1,314.77,9,Недавние однократные,0,0.0,-0.0,False
16812,2010-12-14 12:35:00,2010-12-14 12:35:00,1,479.35,352,Остальные,0,0.0,-0.0,False
16813,2011-05-19 13:28:00,2011-10-20 15:20:00,9,1544.44,42,Активные повторные,0,0.0,-0.0,False
16814,2010-12-05 11:45:00,2011-11-25 13:27:00,21,6499.2,6,Активные ценные,1,-8.5,0.0013078532742491385,False
16816,2010-12-16 17:01:00,2011-08-28 14:16:00,4,417.06,95,Давно не покупавшие повторные,0,0.0,-0.0,False
16817,2010-12-06 14:19:00,2011-11-07 12:39:00,8,1387.42,24,Активные повторные,9,-157.8,0.11373628749765753,False
16818,2011-05-18 11:42:00,2011-11-29 10:41:00,11,3349.57,2,Активные ценные,2,-31.599999999999998,0.009434046758240609,False
16820,2011-09-05 12:06:00,2011-09-05 12:06:00,1,497.61,87,Остальные,0,0.0,-0.0,False
16823,2011-04-26 15:00:00,2011-04-26 15:00:00,1,358.38,219,Остальные,0,0.0,-0.0,False
16824,2011-06-28 13:36:00,2011-11-24 12:38:00,2,460.64,7,Остальные,0,0.0,-0.0,False
16825,2011-06-07 09:44:00,2011-11-01 11:51:00,2,775.1800000000001,30,Остальные,0,0.0,-0.0,False
16826,2011-10-19 14:05:00,2011-10-19 14:05:00,1,341.7,43,Остальные,0,0.0,-0.0,False
16828,2011-08-19 13:24:00,2011-08-19 13:24:00,1,113.5,104,Остальные,0,0.0,-0.0,False
16829,2011-07-06 10:48:00,2011-07-06 10:48:00,1,197.22,148,Остальные,0,0.0,-0.0,False
16830,2011-11-01 11:35:00,2011-11-01 11:35:00,1,325.91,30,Недавние однократные,0,0.0,-0.0,False
16832,2011-05-06 14:12:00,2011-06-08 15:36:00,3,199.15,176,Давно не покупавшие повторные,0,0.0,-0.0,False
16833,2011-01-09 13:02:00,2011-03-25 08:53:00,3,671.2900000000001,251,Давно не покупавшие повторные,0,0.0,-0.0,False
16834,2011-04-26 09:37:00,2011-04-26 09:37:00,1,413.46,219,Остальные,0,0.0,-0.0,False
16835,2010-12-01 17:15:00,2011-08-03 13:50:00,2,180.85000000000002,120,Давно не покупавшие повторные,0,0.0,-0.0,False
16836,2011-08-15 12:38:00,2011-10-31 10:05:00,2,251.87,31,Остальные,0,0.0,-0.0,False
16837,2011-04-08 08:48:00,2011-11-08 14:27:00,11,3170.98,23,Активные ценные,1,-3.25,0.0010249197409002895,False
16838,2011-02-24 15:01:00,2011-05-26 13:13:00,2,588.85,189,Давно не покупавшие повторные,1,-5.95,0.01010444085930203,False
16839,2010-12-05 11:15:00,2011-11-17 16:43:00,32,15753.87,14,Активные ценные,31,-1232.07,0.07820744997895754,False
16841,2011-02-25 12:40:00,2011-11-03 11:51:00,6,1869.82,28,Активные ценные,1,-95.2,0.05091399172112824,False
16842,2011-02-10 14:51:00,2011-08-31 10:42:00,3,1264.19,92,Давно не покупавшие повторные,1,-3.75,0.0029663262642482535,False
16843,2011-01-16 16:10:00,2011-10-28 09:06:00,16,10196.57,34,Активные повторные,1,-12.75,0.001250420484535486,False
16846,2011-10-20 13:55:00,2011-10-20 13:55:00,1,214.32,42,Остальные,0,0.0,-0.0,False
16847,2011-10-27 13:29:00,2011-10-27 13:29:00,1,193.44,35,Остальные,0,0.0,-0.0,False
16848,2011-10-18 08:42:00,2011-10-18 08:42:00,1,281.42,44,Остальные,0,0.0,-0.0,False
16849,2011-06-06 09:16:00,2011-06-06 09:16:00,1,124.57,178,Остальные,0,0.0,-0.0,False
16850,2011-01-10 11:09:00,2011-01-10 11:09:00,1,332.41,325,Остальные,0,0.0,-0.0,False
16851,2011-10-19 09:48:00,2011-10-28 12:33:00,2,239.45999999999998,34,Остальные,0,0.0,-0.0,False
16852,2011-06-16 15:49:00,2011-11-29 13:22:00,2,144.91,2,Остальные,0,0.0,-0.0,False
16855,2011-10-27 16:31:00,2011-11-16 12:03:00,2,328.4,15,Остальные,0,0.0,-0.0,False
16856,2011-11-25 08:59:00,2011-11-25 08:59:00,1,35.400000000000006,6,Недавние однократные,0,0.0,-0.0,False
16858,2010-12-06 09:52:00,2010-12-06 09:52:00,1,375.69,360,Остальные,3,-29.8,0.07932071654821794,False
16859,2011-03-23 13:39:00,2011-07-18 12:19:00,2,747.81,136,Давно не покупавшие повторные,20,-274.67,0.3672991802730641,False
16861,2011-07-04 15:38:00,2011-10-11 09:05:00,2,173.76,51,Остальные,1,-17.700000000000003,0.10186464088397792,False
16863,2010-12-08 08:58:00,2011-11-08 15:26:00,2,502.8,23,Остальные,2,-21.45,0.04266109785202864,False
16866,2011-07-01 12:34:00,2011-07-22 10:06:00,3,207.73999999999998,132,Давно не покупавшие повторные,0,0.0,-0.0,False
16869,2011-06-17 13:01:00,2011-11-17 12:02:00,4,825.4200000000001,14,Активные повторные,1,-19.8,0.02398778803518209,False
16871,2011-03-14 10:31:00,2011-11-17 19:27:00,6,2812.34,14,Активные ценные,2,-50.849999999999994,0.018081028609627566,False
16872,2011-06-08 14:32:00,2011-09-23 16:05:00,3,680.02,69,Остальные,0,0.0,-0.0,False
16873,2010-12-10 15:45:00,2011-10-09 12:20:00,5,5268.79,53,Активные повторные,10,-57.31,0.010877260243813096,False
16875,2011-01-04 10:37:00,2011-10-03 13:39:00,5,2095.53,59,Активные повторные,11,-72.06,0.034387481925813514,False
16877,2011-05-15 16:13:00,2011-11-27 13:47:00,6,853.72,4,Активные повторные,0,0.0,-0.0,False
16878,2011-09-16 17:39:00,2011-09-16 17:39:00,1,13.3,76,Остальные,3,-13.3,1.0,True
16880,2011-06-03 16:45:00,2011-11-09 11:33:00,7,1519.08,22,Активные повторные,0,0.0,-0.0,False
16881,2011-10-04 10:33:00,2011-10-04 10:33:00,1,432.0,58,Остальные,0,0.0,-0.0,False
16882,2011-01-26 17:43:00,2011-10-04 10:42:00,3,705.12,58,Активные повторные,0,0.0,-0.0,False
16883,2010-12-03 10:33:00,2011-06-05 12:51:00,2,276.73,179,Давно не покупавшие повторные,0,0.0,-0.0,False
16884,2011-11-02 10:16:00,2011-11-02 11:52:00,2,429.84000000000003,29,Остальные,0,0.0,-0.0,False
16885,2010-12-17 17:23:00,2011-11-24 13:40:00,3,471.51,7,Активные повторные,0,0.0,-0.0,False
16887,2011-11-04 14:07:00,2011-11-04 14:07:00,1,194.88,27,Недавние однократные,0,0.0,-0.0,False
16889,2011-01-07 10:47:00,2011-05-29 11:05:00,3,1578.6699999999998,186,Давно не покупавшие повторные,0,0.0,-0.0,False
16891,2010-12-03 11:35:00,2011-11-03 13:50:00,4,693.75,28,Активные повторные,0,0.0,-0.0,False
16892,2011-06-09 11:35:00,2011-11-24 13:06:00,3,390.62,7,Активные повторные,1,-15.95,0.04083252265629,False
16893,2010-12-08 12:06:00,2010-12-08 12:06:00,1,145.93,358,Остальные,0,0.0,-0.0,False
16895,2011-10-06 12:15:00,2011-10-06 12:15:00,1,219.14000000000001,56,Остальные,0,0.0,-0.0,False
16897,2011-01-30 11:52:00,2011-02-13 15:02:00,2,289.78,291,Давно не покупавшие повторные,7,-76.75,0.2648560977293119,False
16898,2010-12-06 12:23:00,2011-11-13 15:44:00,3,508.80999999999995,18,Активные повторные,1,-64.35,0.12647157092038286,False
16899,2010-12-14 13:11:00,2011-11-20 14:31:00,5,969.98,11,Активные повторные,0,0.0,-0.0,False
16900,2011-10-07 13:17:00,2011-11-23 10:32:00,3,882.1600000000001,8,Активные повторные,1,-12.959999999999999,0.014691212478461954,False
16902,2011-08-15 14:17:00,2011-08-15 14:17:00,1,1706.88,108,Остальные,0,0.0,-0.0,False
16903,2011-11-10 15:32:00,2011-11-10 15:32:00,1,373.24,21,Недавние однократные,0,0.0,-0.0,False
16904,2010-12-07 13:29:00,2011-11-10 13:46:00,14,3386.45,21,Активные ценные,0,0.0,-0.0,False
16905,2010-12-03 10:43:00,2011-11-20 13:37:00,6,2767.73,11,Активные ценные,1,-16.95,0.006124152283640384,False
16906,2011-04-05 12:30:00,2011-09-19 11:49:00,4,579.77,73,Остальные,0,0.0,-0.0,False
16907,2010-12-09 16:52:00,2011-11-10 18:04:00,5,981.65,21,Активные повторные,0,0.0,-0.0,False
16909,2011-09-28 16:45:00,2011-09-28 16:45:00,1,379.14,64,Остальные,1,-15.0,0.039563222028802025,False
16910,2011-09-09 14:14:00,2011-11-30 14:33:00,7,1323.26,1,Активные повторные,0,0.0,-0.0,False
16912,2011-01-20 15:42:00,2011-11-11 12:18:00,11,2575.38,20,Активные ценные,3,-39.65,0.015395786252902484,False
16913,2011-02-22 12:56:00,2011-02-22 12:56:00,1,113.44,282,Остальные,0,0.0,-0.0,False
16914,2011-11-03 15:27:00,2011-11-03 15:27:00,1,208.46,28,Недавние однократные,0,0.0,-0.0,False
16915,2011-03-01 09:52:00,2011-11-30 16:39:00,6,621.6800000000001,1,Активные повторные,0,0.0,-0.0,False
16916,2010-12-02 13:14:00,2011-11-16 12:08:00,2,576.26,15,Остальные,0,0.0,-0.0,False
16917,2011-03-08 11:55:00,2011-03-08 11:55:00,1,391.52,268,Остальные,0,0.0,-0.0,False
16918,2011-01-26 17:37:00,2011-10-21 12:50:00,6,1068.8200000000002,41,Активные повторные,2,-25.479999999999997,0.023839374263206144,False
16919,2010-12-06 12:52:00,2011-07-06 13:35:00,11,2596.4500000000003,148,Давно не покупавшие повторные,0,0.0,-0.0,False
16921,2011-10-09 16:22:00,2011-10-09 16:22:00,1,169.79,53,Остальные,0,0.0,-0.0,False
16923,2010-12-12 11:06:00,2011-11-27 13:00:00,19,7247.61,4,Активные ценные,24,-580.78,0.08013400279540428,False
16924,2011-09-16 12:54:00,2011-11-18 12:53:00,3,846.75,13,Активные повторные,6,-107.25,0.1266607617360496,False
16926,2010-12-03 13:42:00,2010-12-03 13:42:00,1,230.25,363,Остальные,0,0.0,-0.0,False
16927,2010-12-13 11:57:00,2011-08-16 11:10:00,3,543.05,107,Давно не покупавшие повторные,0,0.0,-0.0,False
16928,2010-12-01 15:21:00,2011-09-20 15:10:00,17,2839.65,72,Остальные,4,-66.1,0.02327751659535506,False
16929,2011-07-07 12:39:00,2011-11-22 15:36:00,6,1089.45,9,Активные повторные,0,0.0,-0.0,False
16930,2011-10-02 14:25:00,2011-11-13 16:13:00,3,380.55,18,Активные повторные,0,0.0,-0.0,False
16931,2010-12-05 11:40:00,2011-11-20 14:43:00,20,4192.78,11,Активные ценные,0,0.0,-0.0,False
16932,2011-10-17 14:12:00,2011-10-17 14:12:00,1,161.94,45,Остальные,0,0.0,-0.0,False
16933,2011-04-14 13:33:00,2011-04-14 13:33:00,1,224.73,231,Остальные,3,-16.7,0.07431139589729899,False
16934,2011-10-16 12:25:00,2011-10-16 12:40:00,2,950.9300000000001,46,Остальные,0,0.0,-0.0,False
16936,2011-11-14 11:04:00,2011-11-14 11:04:00,1,262.68,17,Недавние однократные,0,0.0,-0.0,False
16938,2011-02-04 09:34:00,2011-06-13 11:24:00,3,2410.75,171,Давно не покупавшие повторные,1,-833.2500000000001,0.34563932386186874,False
16940,2011-02-23 12:27:00,2011-10-18 13:15:00,3,3049.88,44,Активные повторные,0,0.0,-0.0,False
16942,2011-04-26 11:59:00,2011-11-27 12:40:00,9,1920.5900000000001,4,Активные ценные,2,-26.479999999999997,0.013787429904352305,False
16943,2011-01-25 14:00:00,2011-05-12 11:57:00,3,816.73,203,Давно не покупавшие повторные,0,0.0,-0.0,False
16945,2010-12-16 17:49:00,2011-11-18 11:39:00,19,4345.5,13,Активные ценные,0,0.0,-0.0,False
16947,2011-04-18 09:38:00,2011-04-18 09:38:00,1,406.48,227,Остальные,0,0.0,-0.0,False
16948,2011-01-18 10:58:00,2011-07-24 12:46:00,3,435.02,130,Давно не покупавшие повторные,0,0.0,-0.0,False
16949,2011-01-27 12:11:00,2011-10-30 11:55:00,5,1204.23,32,Активные повторные,1,-125.0,0.10380076895609643,False
16950,2010-12-07 15:20:00,2011-10-14 09:06:00,3,1178.56,48,Активные повторные,0,0.0,-0.0,False
16951,2011-02-08 14:58:00,2011-07-28 12:05:00,3,1277.75,126,Давно не покупавшие повторные,1,-15.0,0.011739385638818236,False
16952,2011-08-22 12:58:00,2011-08-22 13:03:00,2,167.60999999999999,101,Давно не покупавшие повторные,0,0.0,-0.0,False
16953,2011-11-09 15:54:00,2011-11-09 15:54:00,1,20.8,22,Недавние однократные,0,0.0,-0.0,False
16954,2010-12-15 10:41:00,2011-11-23 11:42:00,7,1703.96,8,Активные ценные,0,0.0,-0.0,False
16955,2010-12-01 13:31:00,2011-06-08 10:36:00,4,518.67,176,Давно не покупавшие повторные,1,-25.0,0.04820020436886653,False
16956,2011-11-22 08:56:00,2011-11-22 08:56:00,1,308.74,9,Недавние однократные,2,-16.4,0.05311912936451382,False
16957,2011-03-03 09:25:00,2011-04-14 13:56:00,2,416.64,231,Давно не покупавшие повторные,0,0.0,-0.0,False
16959,2011-09-13 15:03:00,2011-09-13 15:03:00,1,117.35000000000001,79,Остальные,0,0.0,-0.0,False
16960,2011-04-01 11:54:00,2011-11-01 11:35:00,3,505.1,30,Активные повторные,0,0.0,-0.0,False
16961,2011-08-15 13:46:00,2011-08-15 13:46:00,1,234.17,108,Остальные,0,0.0,-0.0,False
16963,2011-06-05 13:48:00,2011-06-05 13:48:00,1,110.55000000000001,179,Остальные,0,0.0,-0.0,False
16965,2011-04-27 12:08:00,2011-04-27 12:08:00,1,192.07,218,Остальные,0,0.0,-0.0,False
16966,2011-04-13 14:17:00,2011-11-24 09:13:00,6,1769.17,7,Активные ценные,2,-6.0,0.003391420835759141,False
16967,2011-06-03 14:24:00,2011-06-03 14:24:00,1,319.02,181,Остальные,0,0.0,-0.0,False
16968,2011-08-24 10:51:00,2011-08-24 10:51:00,1,253.31,99,Остальные,0,0.0,-0.0,False
16969,2011-06-01 12:10:00,2011-10-31 13:12:00,3,650.41,31,Активные повторные,0,0.0,-0.0,False
16971,2011-11-01 15:06:00,2011-11-01 15:06:00,1,357.21,30,Недавние однократные,0,0.0,-0.0,False
16976,2011-03-17 16:33:00,2011-03-17 16:33:00,1,251.51999999999998,259,Остальные,0,0.0,-0.0,False
16978,2011-09-23 12:50:00,2011-09-23 12:50:00,1,344.33,69,Остальные,0,0.0,-0.0,False
16979,2011-02-15 09:20:00,2011-11-22 13:20:00,5,1620.26,9,Активные ценные,2,-42.95,0.026508091293989854,False
16980,2011-02-21 12:58:00,2011-03-29 16:36:00,2,1078.96,247,Давно не покупавшие повторные,0,0.0,-0.0,False
16982,2011-10-10 12:28:00,2011-10-10 12:28:00,1,384.06,52,Остальные,0,0.0,-0.0,False
16983,2010-12-05 12:34:00,2011-11-27 12:10:00,7,1931.25,4,Активные ценные,1,-11.049999999999999,0.005721682847896439,False
16984,2011-08-01 17:37:00,2011-09-12 13:43:00,2,4481.35,80,Остальные,11,-88.93,0.01984446651120756,False
16985,2010-12-16 10:38:00,2011-11-22 13:33:00,10,5464.12,9,Активные ценные,1,-2.5,0.0004575302152954181,False
16986,2011-11-09 15:52:00,2011-11-10 11:55:00,2,1873.2,21,Остальные,0,0.0,-0.0,False
16987,2011-05-18 15:55:00,2011-10-28 17:26:00,6,1393.1200000000001,34,Активные повторные,0,0.0,-0.0,False
16989,2011-07-12 09:11:00,2011-11-24 17:32:00,5,1093.65,7,Активные повторные,0,0.0,-0.0,False
16990,2011-05-05 08:30:00,2011-05-05 08:30:00,1,179.0,210,Остальные,0,0.0,-0.0,False
16992,2011-02-28 10:37:00,2011-11-29 11:50:00,5,1614.31,2,Активные ценные,2,-12.45,0.007712273355179612,False
16996,2010-12-21 13:22:00,2011-11-09 16:43:00,6,1456.96,22,Активные повторные,4,-29.500000000000004,0.02024763891939381,False
16997,2011-01-18 11:51:00,2011-02-24 17:28:00,3,702.0,280,Давно не покупавшие повторные,0,0.0,-0.0,False
16998,2011-02-08 15:42:00,2011-07-13 09:44:00,4,295.0,141,Давно не покупавшие повторные,1,-7.5,0.025423728813559324,False
16999,2011-09-26 15:43:00,2011-11-16 13:53:00,2,484.82000000000005,15,Остальные,0,0.0,-0.0,False
17001,2010-12-16 09:35:00,2011-11-17 15:24:00,10,3581.89,14,Активные ценные,0,0.0,-0.0,False
17002,2011-02-22 11:46:00,2011-09-15 12:40:00,3,1493.73,77,Остальные,1,-5.95,0.003983316931440086,False
17004,2011-09-08 12:16:00,2011-10-24 14:25:00,2,1412.94,38,Остальные,0,0.0,-0.0,False
17006,2011-09-25 12:15:00,2011-11-21 13:44:00,3,534.72,10,Активные повторные,0,0.0,-0.0,False
17007,2010-12-17 13:57:00,2011-10-20 10:47:00,6,889.9300000000001,42,Активные повторные,1,-12.5,0.01404604856561752,False
17010,2011-11-21 14:49:00,2011-11-21 14:49:00,1,195.36,10,Недавние однократные,1,-9.9,0.05067567567567567,False
17011,2011-11-09 13:30:00,2011-11-09 13:30:00,1,270.9,22,Недавние однократные,0,0.0,-0.0,False
17014,2011-10-04 11:36:00,2011-11-07 14:51:00,2,355.06,24,Остальные,1,-20.75,0.05844082690249535,False
17015,2011-06-07 13:19:00,2011-11-11 10:45:00,3,1842.56,20,Активные ценные,0,0.0,-0.0,False
17017,2010-12-02 10:17:00,2011-11-30 09:18:00,19,8063.66,1,Активные ценные,16,-120.15,0.014900181803300239,False
17018,2011-01-18 08:46:00,2011-10-30 11:42:00,2,920.1,32,Остальные,0,0.0,-0.0,False
17019,2010-12-06 12:55:00,2011-11-28 13:06:00,4,1272.61,3,Активные повторные,0,0.0,-0.0,False
17022,2011-11-08 17:09:00,2011-11-08 17:09:00,1,71.0,23,Недавние однократные,0,0.0,-0.0,False
17024,2011-07-05 09:31:00,2011-10-25 13:47:00,3,95.85,37,Активные повторные,0,0.0,-0.0,False
17025,2010-12-01 15:45:00,2011-10-10 09:06:00,3,357.77,52,Активные повторные,0,0.0,-0.0,False
17026,2010-12-05 12:47:00,2011-06-07 14:28:00,2,154.82999999999998,177,Давно не покупавшие повторные,0,0.0,-0.0,False
17027,2011-01-26 14:19:00,2011-09-22 12:24:00,6,890.29,70,Остальные,2,-41.7,0.04683867054555258,False
17029,2011-04-17 10:57:00,2011-08-21 11:06:00,2,716.0,102,Давно не покупавшие повторные,0,0.0,-0.0,False
17030,2011-10-07 08:49:00,2011-10-07 08:49:00,1,146.87,55,Остальные,0,0.0,-0.0,False
17031,2011-07-08 09:38:00,2011-11-28 10:23:00,2,380.35,3,Остальные,0,0.0,-0.0,False
17033,2010-12-15 13:21:00,2011-09-14 14:34:00,3,1030.1399999999999,78,Остальные,0,0.0,-0.0,False
17034,2011-02-25 10:10:00,2011-11-23 15:14:00,3,745.52,8,Активные повторные,2,-10.950000000000001,0.014687734735486641,False
17035,2011-02-01 12:27:00,2011-04-08 11:23:00,2,433.53,237,Давно не покупавшие повторные,4,-45.2,0.10426037413789128,False
17037,2011-09-13 12:49:00,2011-09-13 12:49:00,1,1267.32,79,Остальные,2,-14.100000000000001,0.011125840356026893,False
17038,2011-11-09 13:50:00,2011-11-09 13:50:00,1,112.4,22,Недавние однократные,0,0.0,-0.0,False
17040,2011-07-25 10:19:00,2011-07-25 10:19:00,1,449.73,129,Остальные,0,0.0,-0.0,False
17041,2010-12-14 11:43:00,2011-11-13 11:21:00,3,1081.57,18,Активные повторные,1,-15.8,0.014608393354105607,False
17042,2011-04-06 14:53:00,2011-08-10 13:19:00,4,922.8199999999999,113,Давно не покупавшие повторные,0,0.0,-0.0,False
17043,2011-03-18 14:53:00,2011-11-07 15:33:00,4,1735.18,24,Активные ценные,0,0.0,-0.0,False
17044,2011-11-14 14:28:00,2011-11-14 14:28:00,1,948.48,17,Недавние однократные,3,-35.1,0.037006578947368425,False
17045,2011-04-06 12:08:00,2011-08-18 17:09:00,3,339.44,105,Давно не покупавшие повторные,0,0.0,-0.0,False
17046,2011-07-05 14:24:00,2011-07-05 14:24:00,1,642.02,149,Остальные,0,0.0,-0.0,False
17047,2011-05-18 16:50:00,2011-09-15 13:27:00,3,1100.9,77,Остальные,0,0.0,-0.0,False
17048,2011-01-12 16:51:00,2011-08-14 11:49:00,3,925.35,109,Давно не покупавшие повторные,5,-61.03,0.06595342302912412,False
17049,2011-03-09 08:33:00,2011-11-18 13:18:00,8,5263.9800000000005,13,Активные ценные,1,-7.9,0.001500765580416339,False
17050,2011-02-13 12:41:00,2011-09-04 13:48:00,6,3228.84,88,Остальные,0,0.0,-0.0,False
17051,2011-05-29 14:13:00,2011-05-29 14:13:00,1,247.14,186,Остальные,0,0.0,-0.0,False
17052,2011-11-11 14:50:00,2011-11-11 14:50:00,1,413.75,20,Недавние однократные,0,0.0,-0.0,False
17053,2011-08-01 10:23:00,2011-08-01 10:23:00,1,498.48,122,Остальные,1,-2.1,0.004212806933076553,False
17054,2011-04-08 13:14:00,2011-11-11 12:56:00,5,1356.33,20,Активные повторные,1,-2.5,0.0018432092484867253,False
17058,2011-04-14 09:18:00,2011-09-19 10:13:00,3,1179.89,73,Остальные,0,0.0,-0.0,False
17059,2010-12-05 12:35:00,2011-11-10 12:27:00,5,3095.04,21,Активные ценные,0,0.0,-0.0,False
17060,2011-03-18 13:27:00,2011-03-18 13:27:00,1,234.24,258,Остальные,0,0.0,-0.0,False
17061,2011-04-21 13:29:00,2011-09-27 11:24:00,11,5232.2300000000005,65,Остальные,2,-116.10000000000001,0.022189391521397185,False
17062,2010-12-05 11:59:00,2011-01-30 11:01:00,4,533.33,305,Давно не покупавшие повторные,1,-3.9,0.007312545703410646,False
17063,2011-02-23 13:44:00,2011-11-18 16:19:00,7,1461.1399999999999,13,Активные повторные,3,-37.9,0.025938650642648893,False
17064,2011-01-16 16:10:00,2011-10-12 10:18:00,3,859.3500000000001,50,Активные повторные,0,0.0,-0.0,False
17068,2010-12-06 13:58:00,2011-11-27 13:14:00,21,4545.89,4,Активные ценные,1,-20.8,0.004575561661192858,False
17069,2010-12-01 16:49:00,2011-11-11 17:13:00,9,2709.7,20,Активные ценные,11,-54.480000000000004,0.02010554673949146,False
17070,2011-08-17 17:01:00,2011-08-17 17:01:00,1,312.14,106,Остальные,0,0.0,-0.0,False
17071,2011-02-03 08:18:00,2011-11-11 16:31:00,9,2429.03,20,Активные ценные,7,-38.6,0.015891117030254875,False
17073,2011-08-22 14:37:00,2011-11-22 11:47:00,4,1444.8400000000001,9,Активные повторные,0,0.0,-0.0,False
17075,2011-01-26 13:20:00,2011-11-22 11:58:00,4,834.12,9,Активные повторные,3,-20.35,0.0243969692610176,False
17076,2010-12-10 10:08:00,2011-11-03 17:53:00,3,841.0799999999999,28,Активные повторные,0,0.0,-0.0,False
17078,2011-11-03 18:49:00,2011-11-03 19:17:00,2,375.86,28,Остальные,0,0.0,-0.0,False
17079,2011-09-22 15:34:00,2011-09-22 15:34:00,1,118.80000000000001,70,Остальные,0,0.0,-0.0,False
17080,2011-03-15 12:05:00,2011-11-17 12:59:00,2,287.62,14,Остальные,1,-2.12,0.007370836520408873,False
17081,2011-10-24 13:08:00,2011-11-14 12:56:00,2,290.15999999999997,17,Остальные,0,0.0,-0.0,False
17082,2011-01-25 14:36:00,2011-11-06 15:17:00,2,2003.8500000000001,25,Остальные,0,0.0,-0.0,False
17083,2011-02-09 11:38:00,2011-08-22 15:43:00,3,1405.78,101,Давно не покупавшие повторные,0,0.0,-0.0,False
17084,2011-11-04 14:49:00,2011-11-04 14:54:00,2,2949.75,27,Остальные,0,0.0,-0.0,False
17085,2010-12-12 12:24:00,2011-08-08 14:15:00,5,1566.65,115,Давно не покупавшие повторные,2,-11.6,0.007404334088660517,False
17086,2011-10-07 11:22:00,2011-11-15 13:07:00,5,1590.22,16,Активные ценные,0,0.0,-0.0,False
17088,2011-03-31 09:48:00,2011-11-11 14:23:00,4,1991.01,20,Активные ценные,0,0.0,-0.0,False
17090,2010-12-20 13:52:00,2011-10-18 12:59:00,6,1819.91,44,Активные повторные,1,-2.1,0.001153903214994148,False
17091,2010-12-07 09:55:00,2011-11-08 10:17:00,8,3376.96,23,Активные ценные,3,-24.95,0.007388301904671657,False
17092,2011-03-07 14:51:00,2011-10-20 19:51:00,4,1777.78,42,Активные повторные,0,0.0,-0.0,False
17094,2011-01-21 13:09:00,2011-01-21 13:09:00,1,302.0,314,Остальные,1,-31.8,0.10529801324503311,False
17095,2011-01-09 11:05:00,2011-11-17 12:21:00,3,1324.16,14,Активные повторные,2,-27.8,0.02099444175930401,False
17096,2011-03-23 12:05:00,2011-11-24 15:01:00,4,1022.13,7,Активные повторные,4,-29.45,0.02881238198663575,False
17097,2010-12-09 14:55:00,2011-11-29 16:23:00,7,810.27,2,Активные повторные,2,-16.5,0.02036358250953386,False
17100,2011-11-21 16:36:00,2011-11-21 16:36:00,2,971.74,10,Остальные,0,0.0,-0.0,False
17101,2011-06-14 14:49:00,2011-11-29 13:57:00,4,1621.73,2,Активные ценные,0,0.0,-0.0,False
17102,2011-03-23 10:08:00,2011-03-23 10:08:00,1,25.5,253,Остальные,0,0.0,-0.0,False
17105,2011-02-06 14:46:00,2011-07-03 15:53:00,2,665.78,151,Давно не покупавшие повторные,0,0.0,-0.0,False
17107,2011-03-06 15:17:00,2011-11-06 14:14:00,6,10815.43,25,Активные ценные,3,-435.0,0.04022031486496607,False
17109,2011-04-21 15:46:00,2011-11-10 16:59:00,6,885.04,21,Активные повторные,4,-15.36,0.0173551477899304,False
17110,2011-06-27 12:58:00,2011-06-27 12:58:00,1,163.29999999999998,157,Остальные,0,0.0,-0.0,False
17111,2011-10-23 15:59:00,2011-10-23 15:59:00,1,248.61,39,Остальные,0,0.0,-0.0,False
17114,2011-01-09 11:39:00,2011-11-06 13:37:00,7,717.73,25,Активные повторные,8,-61.4,0.08554749000320454,False
17115,2011-04-20 14:46:00,2011-06-10 08:54:00,2,612.8199999999999,174,Давно не покупавшие повторные,4,-30.6,0.04993309617832317,False
17117,2011-02-24 13:54:00,2011-02-24 13:54:00,1,116.19999999999999,280,Остальные,0,0.0,-0.0,False
17118,2011-01-26 12:19:00,2011-01-26 12:19:00,1,157.02,309,Остальные,0,0.0,-0.0,False
17119,2011-10-11 11:03:00,2011-10-11 11:03:00,1,547.25,51,Остальные,3,-13.3,0.024303334856098677,False
17120,2011-04-20 15:21:00,2011-04-20 15:21:00,1,307.46,225,Остальные,0,0.0,-0.0,False
17122,2011-08-12 14:33:00,2011-08-12 14:33:00,1,138.32,111,Остальные,0,0.0,-0.0,False
17123,2011-07-01 10:47:00,2011-07-01 10:47:00,1,345.3,153,Остальные,0,0.0,-0.0,False
17124,2011-06-07 14:02:00,2011-06-07 14:02:00,1,298.89,177,Остальные,0,0.0,-0.0,False
17125,2011-10-20 14:41:00,2011-10-20 14:41:00,1,259.35,42,Остальные,0,0.0,-0.0,False
17126,2010-12-12 11:26:00,2011-07-10 13:52:00,5,1004.75,144,Давно не покупавшие повторные,2,-12.899999999999999,0.012839014680268723,False
17128,2011-01-09 12:02:00,2011-01-09 12:02:00,1,157.09,326,Остальные,0,0.0,-0.0,False
17131,2011-09-25 12:42:00,2011-11-06 15:43:00,4,1395.84,25,Активные повторные,0,0.0,-0.0,False
17133,2011-03-18 13:47:00,2011-11-24 12:27:00,7,4892.240000000001,7,Активные ценные,0,0.0,-0.0,False
17134,2011-03-20 11:56:00,2011-08-25 09:53:00,2,425.0,98,Давно не покупавшие повторные,0,0.0,-0.0,False
17135,2010-12-03 09:31:00,2011-11-23 16:48:00,7,1139.73,8,Активные повторные,0,0.0,-0.0,False
17138,2011-03-09 11:54:00,2011-03-09 11:54:00,1,380.5,267,Остальные,0,0.0,-0.0,False
17139,2011-02-24 09:32:00,2011-11-24 10:12:00,12,10668.47,7,Активные ценные,9,-82.9,0.007770561289481998,False
17140,2011-04-06 13:33:00,2011-04-06 13:33:00,1,465.32,239,Остальные,0,0.0,-0.0,False
17142,2011-04-14 18:22:00,2011-04-14 18:22:00,1,579.0,231,Остальные,0,0.0,-0.0,False
17144,2011-09-16 12:50:00,2011-09-16 12:50:00,1,595.89,76,Остальные,0,0.0,-0.0,False
17146,2010-12-16 12:20:00,2011-08-26 12:44:00,3,749.78,97,Давно не покупавшие повторные,0,0.0,-0.0,False
17147,2011-02-01 09:36:00,2011-11-17 12:32:00,4,1714.5900000000001,14,Активные ценные,4,-34.95,0.020383881860969677,False
17148,2011-10-19 09:59:00,2011-10-19 09:59:00,1,124.88,43,Остальные,0,0.0,-0.0,False
17152,2011-03-21 16:20:00,2011-05-29 12:19:00,3,1689.5,186,Давно не покупавшие повторные,2,-186.0,0.11009174311926606,False
17153,2011-11-15 13:42:00,2011-11-15 13:42:00,1,213.78,16,Недавние однократные,0,0.0,-0.0,False
17154,2011-09-25 13:42:00,2011-09-25 13:42:00,1,329.34,67,Остальные,0,0.0,-0.0,False
17155,2011-06-15 10:22:00,2011-11-22 12:38:00,2,251.7,9,Остальные,0,0.0,-0.0,False
17157,2011-06-16 15:08:00,2011-06-16 15:08:00,1,161.46,168,Остальные,2,-12.450000000000001,0.07710888145670755,False
17158,2010-12-14 13:03:00,2011-11-07 15:15:00,3,1266.97,24,Активные повторные,0,0.0,-0.0,False
17159,2011-06-21 09:49:00,2011-11-18 10:52:00,3,1538.88,13,Активные повторные,1,-4.15,0.0026967664795175712,False
17160,2011-04-12 12:00:00,2011-11-08 14:05:00,6,3518.03,23,Активные ценные,0,0.0,-0.0,False
17162,2011-02-07 12:27:00,2011-11-11 11:34:00,10,1715.46,20,Активные ценные,1,-8.25,0.004809205694099541,False
17163,2011-09-22 15:54:00,2011-11-18 08:57:00,2,293.1,13,Остальные,0,0.0,-0.0,False
17164,2011-03-11 14:26:00,2011-11-07 09:14:00,7,2467.35,24,Активные ценные,1,-0.95,0.0003850284718422599,False
17165,2011-02-28 16:39:00,2011-02-28 16:39:00,1,158.68,276,Остальные,0,0.0,-0.0,False
17166,2011-05-20 08:18:00,2011-11-01 09:46:00,2,206.34,30,Остальные,2,-16.85,0.08166133565959097,False
17169,2011-06-09 13:16:00,2011-10-13 10:25:00,2,835.78,49,Остальные,6,-18.9,0.022613606451458518,False
17171,2011-02-23 16:37:00,2011-02-23 16:37:00,1,224.91,281,Остальные,0,0.0,-0.0,False
17172,2011-09-22 09:36:00,2011-09-22 09:36:00,1,317.76,70,Остальные,0,0.0,-0.0,False
17173,2011-07-31 15:26:00,2011-11-29 14:38:00,7,3209.4,2,Активные ценные,1,-10.95,0.0034118526827444377,False
17174,2011-05-06 11:47:00,2011-05-06 11:47:00,1,59.9,209,Остальные,0,0.0,-0.0,False
17175,2011-02-16 14:56:00,2011-10-26 15:31:00,4,1443.69,36,Активные повторные,1,-12.75,0.008831535856035575,False
17176,2011-05-22 12:41:00,2011-05-22 12:41:00,1,306.13,193,Остальные,0,0.0,-0.0,False
17179,2010-12-13 14:24:00,2011-06-14 16:48:00,3,711.79,170,Давно не покупавшие повторные,0,0.0,-0.0,False
17180,2011-01-27 18:05:00,2011-10-14 15:46:00,4,796.03,48,Активные повторные,3,-15.65,0.01966006306294989,False
17181,2010-12-01 12:38:00,2011-10-13 14:48:00,2,239.92000000000002,49,Остальные,0,0.0,-0.0,False
17183,2011-08-26 15:25:00,2011-11-17 14:41:00,5,2633.53,14,Активные ценные,3,-60.4,0.02293499599397007,False
17186,2011-10-10 12:52:00,2011-10-24 10:20:00,2,144.0,38,Остальные,0,0.0,-0.0,False
17187,2011-04-27 12:39:00,2011-04-27 12:39:00,1,203.95,218,Остальные,0,0.0,-0.0,False
17188,2010-12-12 12:56:00,2011-11-28 13:53:00,7,2474.23,3,Активные ценные,5,-198.65,0.08028760462851069,False
17189,2010-12-15 17:28:00,2011-08-25 19:39:00,2,384.4,98,Давно не покупавшие повторные,0,0.0,-0.0,False
17190,2011-05-16 15:29:00,2011-10-12 11:33:00,2,444.74,50,Остальные,1,-195.0,0.43845842514727706,False
17191,2010-12-06 14:36:00,2011-11-11 16:58:00,7,2095.13,20,Активные ценные,0,0.0,-0.0,False
17193,2011-06-16 10:04:00,2011-11-04 12:47:00,7,1699.3,27,Активные ценные,3,-24.84,0.014617783793326664,False
17194,2010-12-14 12:06:00,2010-12-14 12:06:00,1,226.78,352,Остальные,0,0.0,-0.0,False
17197,2011-11-10 10:32:00,2011-11-10 10:32:00,1,1013.01,21,Недавние однократные,0,0.0,-0.0,False
17198,2010-12-03 14:54:00,2011-11-16 10:39:00,3,692.22,15,Активные повторные,0,0.0,-0.0,False
17201,2011-10-17 11:55:00,2011-10-17 11:55:00,1,342.63,45,Остальные,0,0.0,-0.0,False
17203,2011-10-10 14:37:00,2011-11-04 12:27:00,6,3563.85,27,Активные ценные,0,0.0,-0.0,False
17204,2011-03-21 12:42:00,2011-06-17 14:46:00,4,1564.5600000000002,167,Давно не покупавшие повторные,10,-211.65,0.13527764994631078,False
17205,2011-10-17 12:46:00,2011-10-17 12:46:00,1,384.08,45,Остальные,0,0.0,-0.0,False
17206,2011-10-17 13:25:00,2011-10-17 13:25:00,1,204.24,45,Остальные,0,0.0,-0.0,False
17211,2010-12-05 12:44:00,2011-11-13 12:03:00,8,2317.2200000000003,18,Активные ценные,2,-17.55,0.0075737305909667615,False
17212,2011-03-31 19:42:00,2011-03-31 19:42:00,1,226.85,245,Остальные,0,0.0,-0.0,False
17213,2010-12-08 13:03:00,2011-10-30 14:53:00,7,2781.23,32,Активные повторные,7,-40.15,0.014436058866041284,False
17214,2010-12-15 15:14:00,2011-10-10 13:17:00,6,1069.12,52,Активные повторные,1,-85.0,0.07950463932954206,False
17217,2011-04-19 17:19:00,2011-04-19 17:19:00,1,113.5,226,Остальные,0,0.0,-0.0,False
17218,2010-12-06 15:25:00,2011-11-28 13:27:00,9,1852.03,3,Активные ценные,0,0.0,-0.0,False
17219,2011-11-08 11:25:00,2011-11-08 11:25:00,1,114.23,23,Недавние однократные,0,0.0,-0.0,False
17220,2010-12-10 14:54:00,2011-11-15 13:47:00,14,3198.25,16,Активные ценные,0,0.0,-0.0,False
17221,2011-11-03 17:39:00,2011-11-03 17:39:00,1,132.28,28,Недавние однократные,0,0.0,-0.0,False
17222,2011-10-05 13:58:00,2011-10-05 13:58:00,1,354.15,57,Остальные,0,0.0,-0.0,False
17223,2010-12-06 14:08:00,2011-02-02 15:57:00,2,391.78999999999996,302,Давно не покупавшие повторные,0,0.0,-0.0,False
17226,2011-02-04 11:52:00,2011-02-04 11:52:00,1,393.49,300,Остальные,0,0.0,-0.0,False
17227,2010-12-06 11:16:00,2011-11-21 10:51:00,6,939.3199999999999,10,Активные повторные,0,0.0,-0.0,False
17228,2010-12-02 16:00:00,2011-11-24 10:24:00,8,1906.09,7,Активные ценные,0,0.0,-0.0,False
17229,2011-07-20 12:38:00,2011-09-04 13:56:00,2,318.76,88,Остальные,0,0.0,-0.0,False
17230,2010-12-15 11:22:00,2011-03-20 16:12:00,8,3638.41,256,Давно не покупавшие повторные,4,-171.74,0.047201937109891415,False
17231,2010-12-13 14:16:00,2011-11-27 15:18:00,10,3174.3199999999997,4,Активные ценные,5,-46.5,0.014648806673555283,False
17232,2011-11-25 12:24:00,2011-11-25 12:24:00,1,208.04,6,Недавние однократные,0,0.0,-0.0,False
17233,2011-11-04 14:06:00,2011-11-04 14:06:00,1,190.88,27,Недавние однократные,0,0.0,-0.0,False
17234,2011-06-10 11:20:00,2011-06-10 11:20:00,1,149.89,174,Остальные,0,0.0,-0.0,False
17235,2010-12-02 13:38:00,2011-11-14 15:51:00,2,550.06,17,Остальные,0,0.0,-0.0,False
17236,2010-12-12 11:49:00,2011-11-27 12:00:00,6,916.13,4,Активные повторные,0,0.0,-0.0,False
17237,2011-11-17 12:55:00,2011-11-28 15:02:00,2,314.69,3,Остальные,0,0.0,-0.0,False
17238,2010-12-03 15:05:00,2011-11-22 12:09:00,15,3104.1800000000003,9,Активные ценные,0,0.0,-0.0,False
17239,2011-01-31 09:41:00,2011-01-31 09:41:00,1,382.5,304,Остальные,1,-2.55,0.006666666666666666,False
17242,2011-06-12 13:04:00,2011-08-23 14:55:00,2,1135.04,100,Давно не покупавшие повторные,0,0.0,-0.0,False
17243,2010-12-05 10:03:00,2011-11-25 12:29:00,24,7732.87,6,Активные ценные,7,-48.3,0.006246063880551464,False
17244,2011-10-17 15:19:00,2011-10-17 15:19:00,1,954.9,45,Остальные,0,0.0,-0.0,False
17245,2011-05-19 10:43:00,2011-05-19 10:43:00,1,171.45,196,Остальные,0,0.0,-0.0,False
17247,2011-11-24 15:21:00,2011-11-24 15:21:00,1,282.19,7,Недавние однократные,0,0.0,-0.0,False
17248,2011-08-11 13:34:00,2011-08-11 13:34:00,1,318.65,112,Остальные,0,0.0,-0.0,False
17250,2011-03-23 16:45:00,2011-03-23 16:45:00,1,162.65,253,Остальные,0,0.0,-0.0,False
17251,2010-12-12 11:06:00,2010-12-12 11:06:00,1,283.28000000000003,354,Остальные,0,0.0,-0.0,False
17252,2011-06-06 16:41:00,2011-08-15 09:45:00,2,353.85999999999996,108,Давно не покупавшие повторные,0,0.0,-0.0,False
17253,2011-11-21 12:59:00,2011-11-21 12:59:00,1,178.26,10,Недавние однократные,0,0.0,-0.0,False
17254,2011-11-24 14:09:00,2011-11-24 14:09:00,1,170.31,7,Недавние однократные,0,0.0,-0.0,False
17255,2011-02-13 15:18:00,2011-10-30 12:18:00,2,298.40999999999997,32,Остальные,0,0.0,-0.0,False
17256,2011-01-31 14:53:00,2011-08-24 13:30:00,2,240.0,99,Давно не покупавшие повторные,0,0.0,-0.0,False
17259,2010-12-06 12:55:00,2011-07-14 15:01:00,2,603.37,140,Давно не покупавшие повторные,0,0.0,-0.0,False
17262,2010-12-08 13:30:00,2011-10-18 12:56:00,5,1253.3600000000001,44,Активные повторные,0,0.0,-0.0,False
17263,2011-05-15 14:32:00,2011-05-15 14:32:00,1,63.44,200,Остальные,0,0.0,-0.0,False
17265,2011-06-12 12:00:00,2011-07-24 10:49:00,2,562.9000000000001,130,Давно не покупавшие повторные,0,0.0,-0.0,False
17266,2011-07-15 11:57:00,2011-07-15 11:57:00,1,113.06,139,Остальные,0,0.0,-0.0,False
17267,2011-08-04 17:19:00,2011-08-04 17:22:00,2,317.62,119,Давно не покупавшие повторные,0,0.0,-0.0,False
17268,2011-04-08 13:20:00,2011-08-24 10:06:00,4,763.64,99,Давно не покупавшие повторные,0,0.0,-0.0,False
17272,2011-03-22 12:05:00,2011-10-28 16:37:00,4,2148.63,34,Активные повторные,2,-4.1,0.001908192662301094,False
17274,2011-11-04 13:16:00,2011-11-04 13:16:00,1,111.98,27,Недавние однократные,0,0.0,-0.0,False
17277,2011-01-21 12:37:00,2011-04-26 12:47:00,2,1065.35,219,Давно не покупавшие повторные,0,0.0,-0.0,False
17278,2011-04-12 13:10:00,2011-04-12 13:10:00,1,246.04,233,Остальные,0,0.0,-0.0,False
17279,2011-10-13 11:58:00,2011-10-13 11:58:00,1,187.83,49,Остальные,0,0.0,-0.0,False
17282,2011-02-13 11:36:00,2011-08-01 14:29:00,3,1703.41,122,Давно не покупавшие повторные,0,0.0,-0.0,False
17284,2011-01-07 14:31:00,2011-10-10 14:38:00,6,1652.58,52,Активные повторные,2,-10.9,0.006595747255806073,False
17286,2011-11-18 12:47:00,2011-11-18 12:47:00,1,153.92,13,Недавние однократные,0,0.0,-0.0,False
17287,2010-12-02 12:22:00,2011-11-13 13:27:00,7,1064.11,18,Активные повторные,0,0.0,-0.0,False
17288,2010-12-16 13:33:00,2011-11-30 16:09:00,7,1419.73,1,Активные повторные,0,0.0,-0.0,False
17289,2011-06-12 13:51:00,2011-11-08 12:01:00,3,944.4100000000001,23,Активные повторные,1,-8.25,0.008735612710581209,False
17290,2011-11-23 15:53:00,2011-11-23 15:53:00,1,353.03,8,Недавние однократные,0,0.0,-0.0,False
17291,2011-02-04 13:04:00,2011-02-04 13:04:00,1,550.8000000000001,300,Остальные,0,0.0,-0.0,False
17293,2010-12-13 14:55:00,2011-11-09 13:46:00,8,1680.98,22,Активные ценные,0,0.0,-0.0,False
17295,2011-10-06 12:22:00,2011-11-11 10:49:00,3,556.95,20,Активные повторные,0,0.0,-0.0,False
17297,2011-11-22 14:43:00,2011-11-22 14:43:00,1,131.78,9,Недавние однократные,0,0.0,-0.0,False
17298,2011-08-07 12:21:00,2011-08-30 16:43:00,2,498.42,93,Давно не покупавшие повторные,0,0.0,-0.0,False
17299,2011-06-19 16:04:00,2011-11-28 12:01:00,4,669.11,3,Активные повторные,0,0.0,-0.0,False
17301,2011-11-18 13:43:00,2011-11-18 13:43:00,1,197.63,13,Недавние однократные,0,0.0,-0.0,False
17302,2011-02-07 10:14:00,2011-11-25 09:36:00,5,1135.63,6,Активные повторные,2,-15.7,0.013824925371820045,False
17303,2010-12-13 13:32:00,2010-12-13 13:32:00,1,250.04,353,Остальные,0,0.0,-0.0,False
17306,2010-12-21 13:34:00,2011-11-29 12:14:00,19,8631.31,2,Активные ценные,3,-30.580000000000002,0.003542915270103843,False
17309,2011-09-05 15:20:00,2011-09-05 15:20:00,1,82.75,87,Остальные,0,0.0,-0.0,False
17311,2011-01-27 10:56:00,2011-09-22 14:11:00,2,1384.85,70,Остальные,0,0.0,-0.0,False
17312,2011-07-03 13:12:00,2011-07-24 11:52:00,3,644.3,130,Давно не покупавшие повторные,0,0.0,-0.0,False
17313,2011-11-08 15:45:00,2011-11-08 15:45:00,1,2328.84,23,Недавние однократные,4,-40.71,0.017480805894780235,False
17314,2011-01-31 11:25:00,2011-11-15 09:41:00,8,2527.92,16,Активные ценные,5,-13.16,0.005205860944966612,False
17315,2010-12-17 12:24:00,2011-11-22 10:20:00,35,6062.0,9,Активные ценные,12,-80.30000000000001,0.013246453315737382,False
17317,2011-09-11 12:45:00,2011-10-24 17:19:00,3,2600.34,38,Активные повторные,2,-76.32000000000001,0.029350008075867004,False
17320,2010-12-06 15:38:00,2011-08-31 13:31:00,3,1200.62,92,Давно не покупавшие повторные,0,0.0,-0.0,False
17321,2011-10-03 11:34:00,2011-10-03 11:34:00,1,659.61,59,Остальные,0,0.0,-0.0,False
17323,2011-02-20 14:38:00,2011-11-24 17:29:00,7,917.67,7,Активные повторные,4,-12.08,0.01316377346976582,False
17324,2010-12-08 12:45:00,2011-11-22 10:34:00,4,990.2299999999999,9,Активные повторные,0,0.0,-0.0,False
17325,2011-03-04 13:09:00,2011-03-04 13:09:00,1,96.8,272,Остальные,0,0.0,-0.0,False
17329,2011-01-28 15:29:00,2011-11-25 14:24:00,2,523.11,6,Остальные,0,0.0,-0.0,False
17330,2011-10-03 11:26:00,2011-11-17 08:56:00,2,363.9,14,Остальные,0,0.0,-0.0,False
17331,2011-08-08 11:55:00,2011-08-08 11:55:00,1,175.2,115,Остальные,0,0.0,-0.0,False
17333,2011-09-15 10:11:00,2011-09-15 10:11:00,1,494.25,77,Остальные,0,0.0,-0.0,False
17334,2011-02-04 09:03:00,2011-02-10 14:59:00,2,307.02,294,Давно не покупавшие повторные,1,-0.42,0.0013679890560875513,False
17337,2011-02-02 17:06:00,2011-07-11 14:55:00,4,2026.42,143,Давно не покупавшие повторные,5,-83.55000000000001,0.04123034711461593,False
17338,2010-12-13 12:57:00,2011-11-22 14:23:00,8,6635.14,9,Активные ценные,3,-28.799999999999997,0.004340526349104917,False
17339,2010-12-09 14:44:00,2011-09-06 13:29:00,2,243.36,86,Остальные,0,0.0,-0.0,False
17340,2010-12-08 15:56:00,2011-11-10 10:45:00,11,12353.29,21,Активные ценные,16,-194.99,0.01578445903884714,False
17341,2010-12-08 12:46:00,2011-07-06 12:33:00,3,781.36,148,Давно не покупавшие повторные,0,0.0,-0.0,False
17343,2010-12-19 15:07:00,2010-12-19 15:07:00,1,193.64,347,Остальные,0,0.0,-0.0,False
17344,2011-10-24 12:56:00,2011-10-24 12:56:00,1,160.57,38,Остальные,0,0.0,-0.0,False
17345,2011-05-27 12:26:00,2011-11-24 15:02:00,4,537.74,7,Активные повторные,0,0.0,-0.0,False
17346,2010-12-01 14:34:00,2011-11-28 11:54:00,14,2539.4700000000003,3,Активные ценные,3,-64.98,0.025588016397122233,False
17347,2011-09-14 13:12:00,2011-09-14 13:12:00,1,228.96,78,Остальные,0,0.0,-0.0,False
17348,2011-02-15 10:49:00,2011-11-25 11:25:00,5,1159.52,6,Активные повторные,0,0.0,-0.0,False
17349,2011-06-13 14:29:00,2011-06-13 14:29:00,1,110.75,171,Остальные,0,0.0,-0.0,False
17350,2011-10-19 16:05:00,2011-10-25 12:06:00,2,891.09,37,Остальные,1,-29.88,0.03353196646803353,False
17351,2011-03-11 16:05:00,2011-11-03 18:45:00,3,587.15,28,Активные повторные,0,0.0,-0.0,False
17353,2011-07-08 16:17:00,2011-08-02 17:19:00,2,1740.0,121,Давно не покупавшие повторные,0,0.0,-0.0,False
17354,2011-10-20 10:34:00,2011-10-20 10:34:00,1,1393.06,42,Остальные,0,0.0,-0.0,False
17356,2011-02-01 11:07:00,2011-02-01 11:07:00,1,178.22,303,Остальные,0,0.0,-0.0,False
17357,2011-11-15 16:29:00,2011-11-15 16:30:00,2,388.14,16,Остальные,0,0.0,-0.0,False
17358,2010-12-19 14:16:00,2011-02-09 16:57:00,2,365.85,295,Давно не покупавшие повторные,0,0.0,-0.0,False
17359,2011-11-28 14:37:00,2011-11-28 14:37:00,1,127.86,3,Недавние однократные,0,0.0,-0.0,False
17360,2011-06-08 17:09:00,2011-11-22 13:11:00,3,585.79,9,Активные повторные,0,0.0,-0.0,False
17361,2011-02-21 09:55:00,2011-10-21 15:43:00,3,488.2,41,Активные повторные,0,0.0,-0.0,False
17362,2011-02-03 10:26:00,2011-04-14 14:43:00,2,312.23,231,Давно не покупавшие повторные,0,0.0,-0.0,False
17364,2011-01-12 16:57:00,2011-11-24 14:40:00,8,3788.67,7,Активные ценные,3,-25.45,0.006717396870141765,False
17365,2011-01-11 12:11:00,2011-11-27 12:13:00,8,4796.52,4,Активные ценные,0,0.0,-0.0,False
17367,2011-04-15 14:21:00,2011-04-15 14:21:00,1,168.4,230,Остальные,0,0.0,-0.0,False
17368,2011-01-06 11:57:00,2011-11-16 15:26:00,8,1912.6699999999998,15,Активные ценные,17,-563.15,0.294431344664788,False
17370,2011-06-23 11:50:00,2011-09-28 10:14:00,4,446.18,64,Остальные,0,0.0,-0.0,False
17371,2010-12-13 15:20:00,2011-11-22 13:30:00,3,423.89,9,Активные повторные,0,0.0,-0.0,False
17372,2010-12-12 12:00:00,2011-10-30 11:37:00,8,1342.68,32,Активные повторные,0,0.0,-0.0,False
17373,2011-01-31 11:46:00,2011-10-30 15:28:00,4,646.9200000000001,32,Активные повторные,0,0.0,-0.0,False
17374,2011-03-03 12:53:00,2011-05-05 09:05:00,2,495.77,210,Давно не покупавшие повторные,0,0.0,-0.0,False
17375,2010-12-13 15:16:00,2011-05-24 15:45:00,3,400.1,191,Давно не покупавшие повторные,2,-27.6,0.06898275431142215,False
17376,2011-02-01 14:12:00,2011-09-30 12:36:00,2,203.2,62,Остальные,0,0.0,-0.0,False
17377,2010-12-01 12:35:00,2011-11-16 11:17:00,20,4100.92,15,Активные ценные,1,-175.0,0.04267335134555173,False
17379,2011-11-28 13:56:00,2011-11-28 13:56:00,1,404.66,3,Недавние однократные,0,0.0,-0.0,False
17381,2010-12-02 12:58:00,2011-11-15 15:49:00,28,19967.45,16,Активные ценные,1,-3.18,0.00015925919433878638,False
17382,2011-10-05 13:05:00,2011-10-05 13:05:00,1,65.4,57,Остальные,0,0.0,-0.0,False
17384,2011-05-04 16:07:00,2011-11-20 15:48:00,2,336.4,11,Остальные,0,0.0,-0.0,False
17385,2011-11-25 11:02:00,2011-11-25 11:02:00,1,261.11,6,Недавние однократные,0,0.0,-0.0,False
17386,2011-06-27 12:11:00,2011-09-01 13:47:00,5,1697.3400000000001,91,Давно не покупавшие повторные,0,0.0,-0.0,False
17387,2011-11-06 11:25:00,2011-11-20 11:00:00,2,784.11,11,Остальные,0,0.0,-0.0,False
17388,2011-02-25 12:28:00,2011-09-23 10:31:00,4,1259.56,69,Остальные,0,0.0,-0.0,False
17389,2011-01-12 15:48:00,2011-11-25 13:59:00,31,25956.9,6,Активные ценные,10,-516.2,0.019886812369735985,False
17391,2011-06-28 12:21:00,2011-06-29 09:58:00,2,508.8,155,Давно не покупавшие повторные,0,0.0,-0.0,False
17392,2010-12-16 19:04:00,2011-02-06 12:48:00,2,451.91,298,Давно не покупавшие повторные,0,0.0,-0.0,False
17394,2011-05-04 13:22:00,2011-05-04 13:22:00,1,203.86999999999998,211,Остальные,0,0.0,-0.0,False
17396,2010-12-03 09:45:00,2011-10-31 14:12:00,7,7312.799999999999,31,Активные повторные,0,0.0,-0.0,False
17397,2011-11-17 13:58:00,2011-11-17 14:08:00,2,696.41,14,Остальные,0,0.0,-0.0,False
17398,2011-03-29 13:04:00,2011-08-17 09:48:00,3,653.38,106,Давно не покупавшие повторные,0,0.0,-0.0,False
17400,2010-12-21 17:16:00,2011-08-05 15:38:00,5,2129.96,118,Давно не покупавшие повторные,0,0.0,-0.0,False
17402,2010-12-05 13:53:00,2011-11-09 13:12:00,11,2312.0499999999997,22,Активные ценные,0,0.0,-0.0,False
17403,2011-11-03 15:18:00,2011-11-03 15:18:00,1,281.62,28,Недавние однократные,0,0.0,-0.0,False
17404,2010-12-14 13:28:00,2011-11-14 08:22:00,12,31543.82,17,Активные ценные,2,-1368.0,0.04336824138610986,False
17405,2011-07-12 14:17:00,2011-09-28 10:27:00,2,883.01,64,Остальные,12,-64.19,0.07269453347074212,False
17406,2010-12-08 10:35:00,2011-01-10 15:07:00,3,2200.42,325,Давно не покупавшие повторные,3,-271.7,0.12347642722752929,False
17408,2011-06-29 12:53:00,2011-06-29 12:53:00,1,32.65,155,Остальные,0,0.0,-0.0,False
17409,2011-04-05 16:42:00,2011-06-08 10:36:00,2,771.85,176,Давно не покупавшие повторные,0,0.0,-0.0,False
17410,2011-05-08 15:21:00,2011-11-23 15:46:00,5,1214.72,8,Активные повторные,0,0.0,-0.0,False
17411,2011-03-23 13:44:00,2011-11-27 14:25:00,3,778.94,4,Активные повторные,2,-30.0,0.038513877833979505,False
17412,2010-12-02 16:29:00,2011-11-16 12:21:00,6,1071.66,15,Активные повторные,0,0.0,-0.0,False
17414,2011-06-08 11:43:00,2011-10-27 12:13:00,2,778.0,35,Остальные,0,0.0,-0.0,False
17415,2011-09-21 12:50:00,2011-09-21 12:50:00,1,507.84,71,Остальные,0,0.0,-0.0,False
17416,2011-03-03 13:45:00,2011-11-10 12:47:00,7,6893.42,21,Активные ценные,2,-55.08,0.007990228362699501,False
17418,2011-01-20 11:39:00,2011-10-28 13:00:00,2,463.46,34,Остальные,0,0.0,-0.0,False
17419,2010-12-07 15:03:00,2011-11-28 13:47:00,12,4226.57,3,Активные ценные,2,-25.6,0.006056920860177402,False
17420,2010-12-01 09:56:00,2011-10-20 14:52:00,3,598.83,42,Активные повторные,0,0.0,-0.0,False
17422,2011-02-16 14:44:00,2011-11-23 13:27:00,6,1979.37,8,Активные ценные,18,-126.24000000000001,0.06377786871580352,False
17423,2011-05-06 09:14:00,2011-10-24 13:36:00,2,698.4100000000001,38,Остальные,2,-34.78,0.049798828768202054,False
17425,2011-10-10 11:37:00,2011-11-20 15:30:00,2,759.1700000000001,11,Остальные,0,0.0,-0.0,False
17426,2011-03-02 16:34:00,2011-09-09 15:51:00,4,4280.59,83,Остальные,0,0.0,-0.0,False
17427,2011-09-29 11:29:00,2011-09-29 11:29:00,1,100.8,63,Остальные,0,0.0,-0.0,False
17428,2010-12-06 09:37:00,2011-11-17 13:46:00,27,16841.25,14,Активные ценные,15,-178.4,0.010593037927707267,False
17429,2011-05-05 09:53:00,2011-08-03 13:22:00,3,524.9200000000001,120,Давно не покупавшие повторные,3,-12.8,0.024384668139907032,False
17430,2010-12-09 13:05:00,2011-11-07 09:24:00,2,265.76,24,Остальные,0,0.0,-0.0,False
17431,2011-01-30 14:36:00,2011-01-30 14:36:00,1,403.3,305,Остальные,0,0.0,-0.0,False
17432,2011-11-02 17:30:00,2011-11-21 17:33:00,2,365.76,10,Остальные,0,0.0,-0.0,False
17433,2011-09-12 14:24:00,2011-09-12 14:24:00,1,303.16,80,Остальные,0,0.0,-0.0,False
17434,2011-09-15 13:54:00,2011-11-30 15:58:00,6,2052.48,1,Активные ценные,4,-40.4,0.019683504833177424,False
17436,2011-04-27 11:33:00,2011-04-27 11:33:00,1,122.39999999999999,218,Остальные,0,0.0,-0.0,False
17438,2011-03-31 10:26:00,2011-03-31 10:26:00,1,388.45000000000005,245,Остальные,2,-10.15,0.026129488994722613,False
17440,2011-04-06 12:05:00,2011-07-06 11:54:00,3,186.42,148,Давно не покупавшие повторные,3,-9.32,0.049994635768694354,False
17442,2011-02-22 13:02:00,2011-11-03 09:17:00,6,2248.56,28,Активные ценные,5,-38.3,0.017033123421211795,False
17443,2011-05-04 10:47:00,2011-05-04 10:47:00,1,534.24,211,Остальные,0,0.0,-0.0,False
17444,2011-06-20 09:04:00,2011-07-11 10:33:00,2,2389.1,143,Давно не покупавшие повторные,0,0.0,-0.0,False
17446,2011-02-02 14:40:00,2011-06-16 10:42:00,2,120.9,168,Давно не покупавшие повторные,0,0.0,-0.0,False
17447,2011-09-29 10:10:00,2011-10-30 14:18:00,2,541.53,32,Остальные,0,0.0,-0.0,False
17449,2010-12-15 10:57:00,2011-10-25 17:22:00,6,2092.17,37,Активные повторные,2,-16.0,0.00764756210059412,False
17450,2010-12-07 09:23:00,2011-11-29 09:56:00,45,192988.38999999998,2,Активные ценные,3,-4815.26,0.024951034619232797,False
17451,2011-08-26 11:54:00,2011-11-24 11:19:00,6,1427.22,7,Активные повторные,7,-72.45,0.05076302181864043,False
17453,2011-10-06 17:02:00,2011-11-22 09:42:00,2,486.7199999999999,9,Остальные,0,0.0,-0.0,False
17454,2010-12-15 10:54:00,2011-05-31 13:58:00,4,517.53,184,Давно не покупавшие повторные,0,0.0,-0.0,False
17455,2011-05-20 12:31:00,2011-05-20 12:31:00,1,131.7,195,Остальные,0,0.0,-0.0,False
17456,2010-12-09 15:23:00,2010-12-09 15:23:00,1,249.85999999999999,357,Остальные,0,0.0,-0.0,False
17457,2011-01-04 14:33:00,2011-08-05 12:48:00,5,1737.6999999999998,118,Давно не покупавшие повторные,0,0.0,-0.0,False
17458,2011-11-24 13:01:00,2011-11-24 13:01:00,1,316.5,7,Недавние однократные,0,0.0,-0.0,False
17459,2011-10-10 17:00:00,2011-10-27 13:25:00,2,657.3,35,Остальные,0,0.0,-0.0,False
17460,2010-12-01 16:24:00,2011-09-06 15:04:00,6,622.4300000000001,86,Остальные,8,-169.8,0.27280176084057645,False
17461,2011-11-10 12:01:00,2011-11-17 10:21:00,3,757.46,14,Активные повторные,0,0.0,-0.0,False
17462,2011-02-28 17:01:00,2011-10-10 13:56:00,2,675.69,52,Остальные,1,-12.75,0.018869599964480753,False
17463,2011-01-30 15:48:00,2011-11-23 13:40:00,5,1896.4099999999999,8,Активные ценные,4,-15.05,0.00793604758464678,False
17464,2011-07-04 13:19:00,2011-07-04 13:19:00,1,289.96,150,Остальные,0,0.0,-0.0,False
17466,2011-09-22 09:16:00,2011-11-29 13:15:00,2,763.28,2,Остальные,0,0.0,-0.0,False
17468,2011-11-25 12:52:00,2011-11-29 15:33:00,2,137.0,2,Остальные,0,0.0,-0.0,False
17469,2011-05-19 08:55:00,2011-11-23 13:15:00,5,1870.97,8,Активные ценные,2,-27.91,0.01491739578934991,False
17470,2010-12-07 09:57:00,2011-10-26 12:42:00,5,1125.07,36,Активные повторные,0,0.0,-0.0,False
17472,2011-02-13 14:40:00,2011-06-01 14:57:00,3,710.29,183,Давно не покупавшие повторные,0,0.0,-0.0,False
17475,2011-09-21 14:55:00,2011-09-21 14:55:00,1,194.37,71,Остальные,0,0.0,-0.0,False
17480,2011-09-23 11:39:00,2011-09-23 11:39:00,1,511.82,69,Остальные,2,-5.3100000000000005,0.010374741119924974,False
17481,2011-09-07 09:57:00,2011-11-24 09:06:00,3,1083.19,7,Активные повторные,1,-6.25,0.005769994183845863,False
17483,2011-06-09 19:40:00,2011-10-05 13:10:00,3,414.04,57,Активные повторные,0,0.0,-0.0,False
17486,2011-03-23 14:00:00,2011-03-23 14:00:00,1,396.87,253,Остальные,0,0.0,-0.0,False
17489,2011-05-11 11:34:00,2011-10-12 08:56:00,2,376.64,50,Остальные,0,0.0,-0.0,False
17490,2011-06-16 09:15:00,2011-10-06 17:52:00,4,1321.22,56,Активные повторные,4,-41.88,0.031697976112986484,False
17491,2010-12-07 12:18:00,2011-11-25 13:10:00,9,3115.97,6,Активные ценные,1,-16.95,0.005439718610898051,False
17492,2011-04-05 15:21:00,2011-04-05 15:21:00,1,374.57,240,Остальные,0,0.0,-0.0,False
17495,2011-11-01 12:06:00,2011-11-01 12:06:00,1,342.59000000000003,30,Недавние однократные,0,0.0,-0.0,False
17496,2010-12-16 08:39:00,2010-12-16 08:39:00,1,271.05,350,Остальные,0,0.0,-0.0,False
17498,2011-09-25 12:25:00,2011-09-25 12:25:00,1,272.22,67,Остальные,0,0.0,-0.0,False
17499,2011-02-23 09:14:00,2011-02-23 09:14:00,1,622.88,281,Остальные,0,0.0,-0.0,False
17500,2011-11-10 09:08:00,2011-11-22 14:25:00,3,1138.0,9,Активные повторные,0,0.0,-0.0,False
17501,2011-05-03 09:46:00,2011-05-03 09:47:00,2,288.6,212,Давно не покупавшие повторные,0,0.0,-0.0,False
17502,2011-11-10 16:39:00,2011-11-30 13:13:00,4,689.1,1,Активные повторные,0,0.0,-0.0,False
17503,2011-11-01 11:12:00,2011-11-01 11:12:00,1,340.43,30,Недавние однократные,0,0.0,-0.0,False
17504,2011-01-21 11:09:00,2011-05-17 12:59:00,9,2997.03,198,Давно не покупавшие повторные,13,-251.75,0.08399982649489661,False
17505,2011-05-18 09:01:00,2011-07-01 12:50:00,2,1145.8400000000001,153,Давно не покупавшие повторные,0,0.0,-0.0,False
17506,2011-09-25 11:39:00,2011-09-25 11:39:00,1,302.2,67,Остальные,2,-7.91,0.026174718729318334,False
17507,2011-02-03 18:08:00,2011-03-23 11:48:00,2,605.5799999999999,253,Давно не покупавшие повторные,0,0.0,-0.0,False
17508,2011-03-04 08:10:00,2011-03-04 08:10:00,1,387.31,272,Остальные,0,0.0,-0.0,False
17509,2011-10-07 13:14:00,2011-10-13 10:26:00,8,6115.14,49,Активные повторные,3,-14.4,0.0023548111735790184,False
17510,2011-11-15 10:00:00,2011-11-15 10:00:00,1,308.48,16,Недавние однократные,0,0.0,-0.0,False
17511,2010-12-01 10:19:00,2011-11-23 10:31:00,29,83683.06,8,Активные ценные,111,-2924.18,0.034943511864886395,False
17512,2011-02-11 12:22:00,2011-11-11 12:11:00,10,2924.99,20,Активные ценные,1,-4.95,0.0016923134779947967,False
17513,2011-09-28 16:42:00,2011-09-28 16:42:00,1,513.2,64,Остальные,0,0.0,-0.0,False
17514,2011-08-03 15:45:00,2011-08-03 15:45:00,1,208.65,120,Остальные,0,0.0,-0.0,False
17515,2011-01-25 14:33:00,2011-11-08 14:04:00,4,639.02,23,Активные повторные,0,0.0,-0.0,False
17516,2011-02-27 12:41:00,2011-11-24 16:51:00,5,768.0799999999999,7,Активные повторные,0,0.0,-0.0,False
17517,2011-02-04 11:48:00,2011-02-04 11:48:00,1,153.94,300,Остальные,0,0.0,-0.0,False
17519,2010-12-06 15:18:00,2011-11-22 16:43:00,6,1844.02,9,Активные ценные,1,-4.949999999999999,0.002684352664287806,False
17520,2011-10-17 12:04:00,2011-10-17 12:04:00,1,546.81,45,Остальные,0,0.0,-0.0,False
17521,2011-05-24 15:14:00,2011-11-10 11:22:00,3,723.21,21,Активные повторные,1,-1.25,0.0017284053041301973,False
17522,2011-05-05 16:31:00,2011-07-24 12:29:00,4,907.6899999999999,130,Давно не покупавшие повторные,0,0.0,-0.0,False
17523,2011-11-20 13:40:00,2011-11-28 13:20:00,4,652.74,3,Активные повторные,0,0.0,-0.0,False
17524,2010-12-13 14:32:00,2010-12-13 14:32:00,1,145.0,353,Остальные,0,0.0,-0.0,False
17525,2010-12-15 12:05:00,2010-12-15 12:05:00,1,422.70000000000005,351,Остальные,0,0.0,-0.0,False
17526,2010-12-09 12:20:00,2011-02-22 09:10:00,3,872.8,282,Давно не покупавшие повторные,3,-473.29999999999995,0.5422777268560953,True
17527,2011-05-05 13:43:00,2011-10-17 12:32:00,4,939.37,45,Активные повторные,2,-50.510000000000005,0.05377007994719866,False
17528,2011-09-29 13:04:00,2011-11-22 10:21:00,7,3428.0,9,Активные ценные,4,-70.0,0.020420070011668612,False
17530,2010-12-09 20:01:00,2011-11-23 17:32:00,9,2164.6,8,Активные ценные,0,0.0,-0.0,False
17531,2011-06-02 19:17:00,2011-06-02 19:17:00,1,296.7,182,Остальные,0,0.0,-0.0,False
17534,2011-10-17 12:47:00,2011-10-17 12:47:00,1,223.36,45,Остальные,0,0.0,-0.0,False
17535,2011-03-04 15:20:00,2011-03-04 15:20:00,1,164.4,272,Остальные,0,0.0,-0.0,False
17536,2011-06-15 13:23:00,2011-06-15 13:23:00,1,76.5,169,Остальные,0,0.0,-0.0,False
17537,2011-02-09 13:37:00,2011-11-10 10:56:00,2,897.6200000000001,21,Остальные,0,0.0,-0.0,False
17538,2011-11-14 12:12:00,2011-11-14 12:12:00,1,98.42,17,Недавние однократные,0,0.0,-0.0,False
17540,2011-01-27 14:35:00,2011-11-15 11:56:00,2,578.9000000000001,16,Остальные,0,0.0,-0.0,False
17542,2011-03-15 11:45:00,2011-03-15 11:45:00,1,170.75,261,Остальные,0,0.0,-0.0,False
17545,2011-10-27 13:48:00,2011-10-27 14:04:00,3,645.96,35,Активные повторные,0,0.0,-0.0,False
17548,2011-04-20 12:01:00,2011-04-20 12:01:00,1,103.3,225,Остальные,12,-244.78,2.369603097773475,True
17549,2011-10-19 10:05:00,2011-11-16 09:59:00,2,148.86,15,Остальные,0,0.0,-0.0,False
17550,2011-04-10 15:19:00,2011-05-26 14:09:00,3,267.15999999999997,189,Давно не покупавшие повторные,0,0.0,-0.0,False
17551,2010-12-15 14:12:00,2010-12-15 14:12:00,1,306.84,351,Остальные,0,0.0,-0.0,False
17552,2010-12-02 18:45:00,2011-10-10 17:00:00,4,930.41,52,Активные повторные,1,-16.5,0.01773411721714083,False
17553,2011-08-02 10:00:00,2011-08-02 10:00:00,1,1487.6,121,Остальные,0,0.0,-0.0,False
17554,2011-07-14 20:01:00,2011-11-23 08:42:00,4,1714.15,8,Активные ценные,0,0.0,-0.0,False
17555,2011-01-09 12:31:00,2011-11-20 12:22:00,2,483.26,11,Остальные,0,0.0,-0.0,False
17556,2011-05-18 10:48:00,2011-05-18 10:48:00,1,157.9,197,Остальные,0,0.0,-0.0,False
17557,2011-09-19 14:23:00,2011-11-25 12:57:00,3,541.46,6,Активные повторные,0,0.0,-0.0,False
17560,2011-02-02 11:14:00,2011-09-06 09:18:00,4,854.95,86,Остальные,0,0.0,-0.0,False
17561,2011-11-20 12:53:00,2011-11-20 12:53:00,1,167.62,11,Недавние однократные,0,0.0,-0.0,False
17562,2011-06-19 13:06:00,2011-11-25 14:21:00,7,1122.38,6,Активные повторные,1,-15.0,0.013364457670307738,False
17564,2011-09-20 14:00:00,2011-11-15 13:27:00,3,454.01,16,Активные повторные,0,0.0,-0.0,False
17566,2011-11-14 13:42:00,2011-11-14 13:42:00,1,414.26,17,Недавние однократные,0,0.0,-0.0,False
17567,2010-12-02 15:18:00,2011-10-13 12:52:00,7,3913.48,49,Активные повторные,12,-318.92,0.08149268681582633,False
17569,2011-01-11 14:15:00,2011-01-11 14:15:00,1,344.14,324,Остальные,0,0.0,-0.0,False
17571,2011-02-14 15:15:00,2011-10-20 15:57:00,4,1497.2600000000002,42,Активные повторные,0,0.0,-0.0,False
17572,2010-12-01 12:51:00,2011-09-29 17:53:00,4,226.75,63,Остальные,0,0.0,-0.0,False
17573,2011-09-07 10:36:00,2011-11-10 13:01:00,3,380.6,21,Активные повторные,1,-17.700000000000003,0.046505517603783506,False
17574,2011-04-11 09:47:00,2011-04-11 09:47:00,1,185.65,234,Остальные,0,0.0,-0.0,False
17576,2010-12-09 16:57:00,2011-11-01 17:20:00,18,3227.68,30,Активные ценные,3,-68.15,0.021114236851236805,False
17578,2011-05-05 18:38:00,2011-05-05 18:38:00,1,143.46,210,Остальные,1,-18.72,0.13048933500627352,False
17579,2011-06-13 14:12:00,2011-07-25 09:50:00,2,270.86,129,Давно не покупавшие повторные,2,-8.7,0.03211991434689507,False
17580,2010-12-16 15:27:00,2011-04-01 12:41:00,3,212.76999999999998,244,Давно не покупавшие повторные,0,0.0,-0.0,False
17581,2010-12-02 14:47:00,2011-11-06 13:02:00,22,10060.36,25,Активные ценные,12,-308.93,0.030707648632852105,False
17582,2011-04-17 13:18:00,2011-04-17 13:18:00,1,175.27,228,Остальные,0,0.0,-0.0,False
17584,2011-08-04 14:12:00,2011-08-04 14:12:00,1,749.45,119,Остальные,1,-15.0,0.020014677430115417,False
17585,2011-01-05 15:09:00,2011-08-22 13:30:00,4,1133.07,101,Давно не покупавшие повторные,0,0.0,-0.0,False
17588,2011-04-21 10:31:00,2011-08-31 13:37:00,3,1240.2,92,Давно не покупавшие повторные,0,0.0,-0.0,False
17589,2011-04-13 13:47:00,2011-10-10 16:58:00,4,2402.92,52,Активные повторные,0,0.0,-0.0,False
17590,2011-10-30 14:05:00,2011-11-22 16:06:00,2,1157.04,9,Остальные,0,0.0,-0.0,False
17591,2010-12-07 15:39:00,2011-09-27 13:42:00,7,2225.9700000000003,65,Остальные,1,-10.95,0.004919203762853946,False
17593,2010-12-22 10:29:00,2011-09-09 09:52:00,4,3249.14,83,Остальные,2,-15.78,0.00485666976492241,False
17594,2011-03-30 10:32:00,2011-09-15 16:34:00,2,993.18,77,Остальные,0,0.0,-0.0,False
17595,2011-11-02 16:19:00,2011-11-27 16:08:00,2,388.79,4,Остальные,0,0.0,-0.0,False
17596,2010-12-06 12:34:00,2011-11-16 14:11:00,7,2827.9300000000003,15,Активные ценные,0,0.0,-0.0,False
17597,2011-05-10 11:54:00,2011-05-10 11:54:00,1,2044.3700000000001,205,Остальные,0,0.0,-0.0,False
17600,2011-11-22 09:43:00,2011-11-22 09:43:00,1,161.67000000000002,9,Недавние однократные,0,0.0,-0.0,False
17601,2011-04-14 18:02:00,2011-04-14 18:02:00,1,116.00999999999999,231,Остальные,0,0.0,-0.0,False
17602,2011-01-19 16:18:00,2011-11-16 15:58:00,5,4014.28,15,Активные ценные,5,-52.2,0.01300357722929143,False
17603,2011-09-22 14:18:00,2011-09-22 14:18:00,1,394.72,70,Остальные,1,-3.75,0.009500405350628292,False
17604,2011-01-31 15:09:00,2011-05-06 13:43:00,2,309.36,209,Давно не покупавшие повторные,0,0.0,-0.0,False
17608,2011-11-06 13:00:00,2011-11-06 13:06:00,2,193.42000000000002,25,Остальные,0,0.0,-0.0,False
17609,2011-01-16 16:23:00,2011-10-30 12:28:00,5,1104.72,32,Активные повторные,1,-8.3,0.007513216018538635,False
17611,2010-12-13 13:52:00,2011-11-09 09:01:00,13,3678.17,22,Активные ценные,5,-30.6,0.008319354461593672,False
17612,2011-02-15 10:40:00,2011-10-17 14:59:00,6,2048.45,45,Активные повторные,5,-48.129999999999995,0.023495813908076837,False
17613,2011-02-07 11:20:00,2011-11-17 10:51:00,14,4559.150000000001,14,Активные ценные,7,-49.78,0.010918701951021572,False
17614,2011-10-13 16:01:00,2011-10-13 16:01:00,1,390.07,49,Остальные,0,0.0,-0.0,False
17615,2011-05-01 15:33:00,2011-08-01 14:06:00,3,329.6,122,Давно не покупавшие повторные,0,0.0,-0.0,False
17616,2010-12-07 10:04:00,2011-06-19 10:11:00,3,571.1999999999999,165,Давно не покупавшие повторные,0,0.0,-0.0,False
17618,2010-12-12 16:05:00,2011-04-05 13:07:00,2,666.78,240,Давно не покупавшие повторные,0,0.0,-0.0,False
17619,2011-01-31 14:18:00,2011-01-31 14:18:00,1,218.52,304,Остальные,0,0.0,-0.0,False
17620,2011-10-11 12:08:00,2011-10-11 12:08:00,1,81.44,51,Остальные,0,0.0,-0.0,False
17621,2010-12-20 13:31:00,2011-11-18 17:11:00,3,1379.9,13,Активные повторные,1,-43.8,0.03174143053844481,False
17623,2011-11-07 11:32:00,2011-11-07 11:32:00,1,527.0500000000001,24,Недавние однократные,0,0.0,-0.0,False
17624,2011-05-05 17:59:00,2011-11-25 10:52:00,2,843.48,6,Остальные,0,0.0,-0.0,False
17625,2011-03-27 12:21:00,2011-11-21 13:36:00,4,2047.0,10,Активные ценные,0,0.0,-0.0,False
17628,2011-09-19 15:21:00,2011-09-19 15:21:00,1,75.75,73,Остальные,0,0.0,-0.0,False
17629,2010-12-15 09:58:00,2011-11-21 17:04:00,7,1474.67,10,Активные повторные,1,-30.0,0.02034353448568154,False
17630,2011-04-21 14:03:00,2011-06-23 11:58:00,2,503.6,161,Давно не покупавшие повторные,0,0.0,-0.0,False
17631,2011-04-21 13:22:00,2011-07-25 13:37:00,2,416.5,129,Давно не покупавшие повторные,0,0.0,-0.0,False
17633,2011-08-11 15:43:00,2011-11-08 13:25:00,4,1324.8400000000001,23,Активные повторные,2,-82.5,0.062271670541348384,False
17634,2011-01-06 12:45:00,2011-11-03 13:09:00,9,2361.97,28,Активные ценные,0,0.0,-0.0,False
17636,2011-11-20 14:40:00,2011-11-20 14:40:00,1,285.56,11,Недавние однократные,0,0.0,-0.0,False
17637,2011-08-16 13:25:00,2011-11-08 12:51:00,2,547.06,23,Остальные,0,0.0,-0.0,False
17639,2011-03-08 15:22:00,2011-03-08 15:22:00,1,108.5,268,Остальные,0,0.0,-0.0,False
17640,2011-09-14 09:13:00,2011-09-14 09:13:00,1,621.66,78,Остальные,0,0.0,-0.0,False
17642,2011-06-16 12:55:00,2011-08-12 09:11:00,2,712.29,111,Давно не покупавшие повторные,0,0.0,-0.0,False
17643,2010-12-01 14:38:00,2010-12-01 14:38:00,1,101.55,365,Остальные,0,0.0,-0.0,False
17644,2011-03-24 09:44:00,2011-11-03 15:02:00,10,2562.88,28,Активные ценные,12,-126.66,0.04942096391559495,False
17646,2010-12-09 14:28:00,2011-05-04 13:17:00,3,1008.3900000000001,211,Давно не покупавшие повторные,3,-12.73,0.012624083935778815,False
17647,2011-10-05 15:38:00,2011-10-05 15:38:00,1,133.06,57,Остальные,0,0.0,-0.0,False
17648,2011-04-04 10:29:00,2011-10-10 09:41:00,4,1797.5,52,Активные повторные,1,-7.95,0.004422809457579972,False
17649,2011-07-24 15:53:00,2011-07-24 15:53:00,1,868.49,130,Остальные,1,-6.75,0.007772110214279957,False
17650,2011-11-18 14:52:00,2011-11-18 14:52:00,1,166.08,13,Недавние однократные,0,0.0,-0.0,False
17651,2011-06-15 15:57:00,2011-11-28 10:29:00,10,3945.0,3,Активные ценные,7,-58.330000000000005,0.014785804816223068,False
17652,2011-03-03 14:05:00,2011-11-14 12:55:00,12,4867.72,17,Активные ценные,11,-130.59,0.026827755088624654,False
17653,2011-08-11 15:24:00,2011-11-03 12:46:00,4,1207.5600000000002,28,Активные повторные,6,-31.68,0.02623472125608665,False
17654,2011-03-07 13:17:00,2011-03-07 13:17:00,1,117.55,269,Остальные,0,0.0,-0.0,False
17655,2010-12-08 16:45:00,2011-11-29 11:34:00,7,2638.94,2,Активные ценные,2,-67.2,0.025464769945508423,False
17656,2011-08-03 10:45:00,2011-09-27 13:04:00,5,1674.69,65,Остальные,0,0.0,-0.0,False
17658,2011-05-12 15:23:00,2011-11-14 12:07:00,2,595.4200000000001,17,Остальные,4,-109.53999999999999,0.18397097846897983,False
17659,2010-12-02 16:46:00,2011-11-22 13:29:00,12,2999.46,9,Активные ценные,1,-30.599999999999998,0.010201836330539496,False
17660,2011-07-21 13:37:00,2011-07-21 13:37:00,1,196.0,133,Остальные,0,0.0,-0.0,False
17663,2011-02-25 14:11:00,2011-11-14 08:56:00,7,1802.91,17,Активные ценные,4,-14.64,0.008120205667504201,False
17664,2011-05-11 14:17:00,2011-11-21 11:29:00,2,604.64,10,Остальные,0,0.0,-0.0,False
17666,2011-10-05 11:06:00,2011-10-05 11:06:00,1,409.08,57,Остальные,0,0.0,-0.0,False
17667,2011-02-14 09:24:00,2011-10-04 14:32:00,5,2055.51,58,Активные повторные,0,0.0,-0.0,False
17668,2011-11-01 14:45:00,2011-11-01 14:45:00,1,161.85,30,Недавние однократные,0,0.0,-0.0,False
17669,2011-04-04 10:11:00,2011-10-28 08:53:00,7,3406.7200000000003,34,Активные повторные,0,0.0,-0.0,False
17670,2011-04-26 09:12:00,2011-04-26 09:12:00,1,205.7,219,Остальные,0,0.0,-0.0,False
17671,2010-12-09 14:27:00,2011-11-24 12:21:00,4,1572.71,7,Активные повторные,8,-288.63,0.18352398089921218,False
17672,2011-02-03 13:29:00,2011-10-20 14:18:00,2,3178.17,42,Остальные,5,-71.55,0.022512955568770705,False
17673,2011-01-23 15:16:00,2011-10-04 12:25:00,5,1516.65,58,Активные повторные,0,0.0,-0.0,False
17674,2010-12-06 10:20:00,2011-09-26 13:35:00,2,551.04,66,Остальные,0,0.0,-0.0,False
17675,2010-12-07 13:22:00,2011-11-21 08:31:00,29,19124.7,10,Активные ценные,16,-276.18,0.014441010839385716,False
17676,2010-12-08 13:49:00,2011-10-12 14:21:00,5,1040.08,50,Активные повторные,0,0.0,-0.0,False
17677,2010-12-06 08:42:00,2011-11-11 12:53:00,28,15659.07,20,Активные ценные,17,-144.01,0.009196587025921717,False
17678,2011-03-21 11:52:00,2011-03-21 11:52:00,1,298.11,255,Остальные,0,0.0,-0.0,False
17679,2011-09-15 10:35:00,2011-10-18 07:43:00,2,1992.1100000000001,44,Остальные,0,0.0,-0.0,False
17680,2011-11-16 12:42:00,2011-11-16 12:42:00,1,184.4,15,Недавние однократные,0,0.0,-0.0,False
17682,2010-12-06 13:35:00,2011-11-29 15:59:00,6,2474.33,2,Активные ценные,1,-15.0,0.006062247153774961,False
17684,2011-10-27 11:10:00,2011-10-27 11:10:00,1,239.41,35,Остальные,0,0.0,-0.0,False
17685,2010-12-02 14:42:00,2011-11-23 11:36:00,7,3191.53,8,Активные ценные,0,0.0,-0.0,False
17686,2011-02-10 10:18:00,2011-09-20 11:39:00,6,5110.09,72,Остальные,0,0.0,-0.0,False
17690,2010-12-01 16:15:00,2011-11-09 15:17:00,15,4757.95,22,Активные ценные,2,-9.5,0.0019966582246555764,False
17691,2010-12-06 11:10:00,2010-12-16 17:20:00,2,290.4,350,Давно не покупавшие повторные,0,0.0,-0.0,False
17692,2010-12-15 13:37:00,2011-08-04 14:01:00,4,725.5799999999999,119,Давно не покупавшие повторные,1,-7.5,0.010336558339535269,False
17693,2011-07-25 15:48:00,2011-07-25 15:48:00,1,200.47,129,Остальные,2,-13.45,0.06709233301740909,False
17694,2011-07-21 12:00:00,2011-07-21 12:00:00,1,283.12,133,Остальные,0,0.0,-0.0,False
17695,2011-06-21 12:35:00,2011-07-31 10:40:00,2,765.34,123,Давно не покупавшие повторные,0,0.0,-0.0,False
17696,2010-12-10 09:51:00,2011-11-01 13:43:00,8,2285.71,30,Активные ценные,11,-84.66,0.03703881944778646,False
17697,2011-04-17 15:40:00,2011-04-17 15:40:00,1,338.95,228,Остальные,0,0.0,-0.0,False
17698,2011-03-24 11:34:00,2011-03-24 11:34:00,1,154.95,252,Остальные,0,0.0,-0.0,False
17700,2011-03-03 16:34:00,2011-11-23 11:51:00,4,2534.6400000000003,8,Активные ценные,4,-25.75,0.01015923365842881,False
17701,2011-04-01 12:25:00,2011-04-01 12:25:00,1,417.95,244,Остальные,0,0.0,-0.0,False
17702,2011-05-17 16:23:00,2011-11-09 16:03:00,4,1824.37,22,Активные ценные,6,-104.65,0.05736226752248722,False
17703,2011-07-24 13:30:00,2011-11-04 15:51:00,3,798.74,27,Активные повторные,0,0.0,-0.0,False
17704,2011-04-14 09:28:00,2011-06-24 09:40:00,2,885.19,160,Давно не покупавшие повторные,0,0.0,-0.0,False
17705,2011-02-11 10:57:00,2011-11-09 15:50:00,8,1605.52,22,Активные ценные,5,-42.4,0.026408889331805272,False
17706,2010-12-08 11:02:00,2011-10-26 13:31:00,16,9728.65,36,Активные повторные,13,-407.12,0.041847532802598515,False
17707,2011-01-07 13:30:00,2011-06-07 15:03:00,2,152.4,177,Давно не покупавшие повторные,0,0.0,-0.0,False
17708,2011-01-19 10:09:00,2011-06-05 10:12:00,2,267.08,179,Давно не покупавшие повторные,0,0.0,-0.0,False
17709,2011-06-23 11:55:00,2011-06-23 11:55:00,1,137.45000000000002,161,Остальные,0,0.0,-0.0,False
17711,2011-02-23 11:32:00,2011-11-29 11:40:00,2,385.1,2,Остальные,0,0.0,-0.0,False
17712,2011-10-26 12:28:00,2011-10-26 12:28:00,1,522.91,36,Остальные,0,0.0,-0.0,False
17714,2011-01-23 10:32:00,2011-01-23 10:32:00,1,153.0,312,Остальные,0,0.0,-0.0,False
17715,2011-05-23 12:32:00,2011-05-23 12:32:00,1,326.4,192,Остальные,0,0.0,-0.0,False
17716,2011-03-17 10:38:00,2011-11-17 12:00:00,11,5655.99,14,Активные ценные,9,-150.2,0.026555916824463975,False
17718,2011-04-21 13:39:00,2011-04-21 13:39:00,1,139.35,224,Остальные,0,0.0,-0.0,False
17719,2011-03-29 11:29:00,2011-11-02 10:36:00,15,5396.04,29,Активные ценные,4,-28.240000000000002,0.00523346750580055,False
17720,2010-12-07 10:43:00,2011-11-13 15:04:00,4,1195.94,18,Активные повторные,0,0.0,-0.0,False
17722,2010-12-08 12:41:00,2011-09-04 15:22:00,4,2424.04,88,Остальные,5,-43.4,0.01790399498358113,False
17723,2011-05-09 14:44:00,2011-08-04 18:37:00,6,3276.4000000000005,119,Давно не покупавшие повторные,0,0.0,-0.0,False
17724,2011-07-24 13:26:00,2011-09-29 15:26:00,3,1033.0,63,Остальные,5,-37.35,0.036156824782187805,False
17725,2011-03-17 19:47:00,2011-11-23 16:34:00,11,3439.08,8,Активные ценные,6,-67.95,0.019758191144143202,False
17727,2011-11-24 17:06:00,2011-11-24 17:06:00,1,1060.25,7,Недавние однократные,1,-17.700000000000003,0.01669417590190993,False
17728,2011-09-14 11:39:00,2011-10-05 08:17:00,2,2288.16,57,Остальные,3,-15.299999999999999,0.006686595342983008,False
17730,2011-01-17 14:49:00,2011-11-11 11:02:00,12,4635.78,20,Активные ценные,2,-9.65,0.002081634590079771,False
17731,2011-06-09 14:18:00,2011-09-21 15:02:00,4,1240.1100000000001,71,Остальные,16,-361.90999999999997,0.2918370144583948,False
17732,2010-12-02 09:29:00,2010-12-02 09:29:00,1,303.97,364,Остальные,0,0.0,-0.0,False
17733,2011-03-23 09:54:00,2011-11-01 08:16:00,2,692.19,30,Остальные,0,0.0,-0.0,False
17734,2011-04-20 10:04:00,2011-10-17 12:33:00,3,700.63,45,Активные повторные,0,0.0,-0.0,False
17735,2010-12-07 10:32:00,2011-11-02 14:52:00,18,12216.42,29,Активные ценные,0,0.0,-0.0,False
17736,2011-08-18 14:33:00,2011-11-30 15:36:00,3,377.44,1,Активные повторные,1,-39.95,0.10584463755828742,False
17737,2011-10-12 14:42:00,2011-11-30 15:16:00,2,168.24,1,Остальные,0,0.0,-0.0,False
17738,2011-03-02 16:26:00,2011-11-20 15:05:00,4,1879.05,11,Активные ценные,2,-15.7,0.008355285915755302,False
17739,2010-12-14 14:26:00,2011-11-28 09:12:00,7,2791.35,3,Активные ценные,1,-5.300000000000001,0.0018987228402027696,False
17742,2011-01-11 10:04:00,2011-08-18 15:28:00,2,355.11,105,Давно не покупавшие повторные,0,0.0,-0.0,False
17744,2010-12-16 14:17:00,2011-11-14 09:05:00,5,1592.02,17,Активные ценные,0,0.0,-0.0,False
17746,2011-04-13 14:31:00,2011-04-13 14:31:00,1,110.25,232,Остальные,2,-11.45,0.10385487528344671,False
17747,2011-08-19 08:13:00,2011-08-19 08:13:00,1,71.4,104,Остальные,1,-6.75,0.09453781512605042,False
17749,2011-03-28 13:39:00,2011-06-14 15:45:00,2,674.52,170,Давно не покупавшие повторные,0,0.0,-0.0,False
17750,2011-06-28 15:44:00,2011-11-03 15:16:00,8,1667.96,28,Активные ценные,0,0.0,-0.0,False
17752,2010-12-15 16:19:00,2010-12-15 16:19:00,1,80.64,351,Остальные,0,0.0,-0.0,False
17754,2011-03-24 13:54:00,2011-11-02 12:37:00,4,1571.27,29,Активные повторные,1,-32.34,0.020582076918670887,False
17757,2010-12-02 17:17:00,2011-11-25 17:27:00,28,5184.79,6,Активные ценные,1,-19.8,0.003818862480447617,False
17758,2011-04-03 15:22:00,2011-11-20 14:45:00,8,3456.7,11,Активные ценные,0,0.0,-0.0,False
17759,2011-06-23 13:35:00,2011-11-22 16:02:00,3,833.74,9,Активные повторные,0,0.0,-0.0,False
17760,2010-12-01 15:08:00,2011-11-18 10:56:00,2,287.59,13,Остальные,0,0.0,-0.0,False
17761,2011-11-07 10:23:00,2011-11-07 10:23:00,1,712.78,24,Недавние однократные,0,0.0,-0.0,False
17763,2011-03-21 14:25:00,2011-03-21 14:25:00,1,15.0,255,Остальные,0,0.0,-0.0,False
17764,2011-05-12 16:11:00,2011-10-20 11:03:00,2,818.82,42,Остальные,0,0.0,-0.0,False
17765,2011-03-28 11:58:00,2011-07-04 12:41:00,3,371.88,150,Давно не покупавшие повторные,0,0.0,-0.0,False
17767,2011-11-24 14:42:00,2011-11-24 14:42:00,1,271.2,7,Недавние однократные,0,0.0,-0.0,False
17768,2011-06-26 13:46:00,2011-11-06 14:14:00,2,1411.33,25,Остальные,0,0.0,-0.0,False
17769,2011-01-23 11:15:00,2011-11-27 11:18:00,10,3997.98,4,Активные ценные,3,-37.35,0.0093422178199991,False
17770,2011-03-02 13:35:00,2011-05-25 12:34:00,5,1143.27,190,Давно не покупавшие повторные,0,0.0,-0.0,False
17771,2011-01-20 14:13:00,2011-10-14 11:43:00,2,245.32999999999998,48,Остальные,0,0.0,-0.0,False
17772,2011-11-29 10:57:00,2011-11-29 11:05:00,2,182.77,2,Остальные,0,0.0,-0.0,False
17774,2011-02-07 13:13:00,2011-09-04 12:49:00,4,1225.41,88,Остальные,1,-9.95,0.008119731355219885,False
17775,2011-03-30 10:50:00,2011-03-30 10:50:00,1,56.4,246,Остальные,0,0.0,-0.0,False
17777,2011-08-31 14:35:00,2011-11-15 12:02:00,3,665.86,16,Активные повторные,0,0.0,-0.0,False
17779,2011-07-19 12:19:00,2011-11-18 14:15:00,3,658.5699999999999,13,Активные повторные,2,-16.4,0.02490244013544498,False
17781,2011-03-31 19:54:00,2011-07-03 16:00:00,2,188.01999999999998,151,Давно не покупавшие повторные,0,0.0,-0.0,False
17783,2011-04-06 10:07:00,2011-09-28 16:07:00,2,283.47,64,Остальные,0,0.0,-0.0,False
17785,2011-10-17 13:43:00,2011-10-17 13:43:00,1,131.94,45,Остальные,0,0.0,-0.0,False
17786,2011-01-26 14:35:00,2011-09-15 12:51:00,2,278.74,77,Остальные,0,0.0,-0.0,False
17787,2010-12-03 13:43:00,2011-07-10 11:24:00,4,1865.19,144,Давно не покупавшие повторные,0,0.0,-0.0,False
17788,2011-08-02 10:38:00,2011-09-27 10:09:00,2,1112.95,65,Остальные,0,0.0,-0.0,False
17789,2011-03-03 13:14:00,2011-03-03 13:14:00,1,225.9,273,Остальные,0,0.0,-0.0,False
17790,2010-12-10 10:47:00,2011-11-13 11:30:00,14,1965.5500000000002,18,Активные ценные,0,0.0,-0.0,False
17791,2011-11-10 12:09:00,2011-11-10 12:09:00,1,106.1,21,Недавние однократные,0,0.0,-0.0,False
17793,2011-11-14 14:24:00,2011-11-14 14:24:00,1,323.04,17,Недавние однократные,0,0.0,-0.0,False
17795,2011-03-20 12:02:00,2011-06-13 12:36:00,2,350.39,171,Давно не покупавшие повторные,0,0.0,-0.0,False
17796,2010-12-05 12:23:00,2011-10-30 15:38:00,4,697.9,32,Активные повторные,0,0.0,-0.0,False
17797,2011-06-10 11:29:00,2011-11-17 13:21:00,3,780.4300000000001,14,Активные повторные,0,0.0,-0.0,False
17799,2010-12-13 13:10:00,2011-11-17 15:16:00,10,3055.93,14,Активные ценные,2,-29.849999999999998,0.009767893898093216,False
17800,2011-01-09 13:50:00,2011-11-02 12:57:00,9,1198.01,29,Активные повторные,0,0.0,-0.0,False
17802,2010-12-02 13:44:00,2011-09-18 14:56:00,3,1285.04,74,Остальные,7,-33.199999999999996,0.02583577164913154,False
17805,2011-09-27 11:49:00,2011-09-27 11:49:00,1,512.31,65,Остальные,0,0.0,-0.0,False
17806,2011-11-28 14:12:00,2011-11-28 14:12:00,1,546.04,3,Недавние однократные,0,0.0,-0.0,False
17809,2010-12-01 09:41:00,2011-11-23 12:59:00,12,5411.91,8,Активные ценные,2,-67.06,0.01239118906264147,False
17811,2011-01-10 10:58:00,2011-11-28 14:26:00,37,7506.45,3,Активные ценные,21,-160.02,0.02131766680654637,False
17812,2010-12-06 15:27:00,2011-11-27 11:47:00,4,732.16,4,Активные повторные,0,0.0,-0.0,False
17813,2011-09-29 15:57:00,2011-11-25 16:13:00,5,1770.88,6,Активные ценные,7,-56.28,0.03178080954101915,False
17816,2010-12-09 14:10:00,2011-11-03 11:34:00,4,36.56,28,Активные повторные,0,0.0,-0.0,False
17817,2011-03-07 17:30:00,2011-03-07 17:42:00,2,269.7,269,Давно не покупавшие повторные,0,0.0,-0.0,False
17819,2010-12-03 14:26:00,2011-09-29 10:52:00,7,3704.87,63,Остальные,1,-43.8,0.011822277164920765,False
17824,2011-10-19 14:14:00,2011-10-19 14:14:00,1,298.4,43,Остальные,0,0.0,-0.0,False
17827,2010-12-10 10:18:00,2011-04-11 16:56:00,4,1583.81,234,Давно не покупавшие повторные,0,0.0,-0.0,False
17828,2011-06-08 08:31:00,2011-11-17 08:41:00,4,1165.09,14,Активные повторные,9,-59.309999999999995,0.05090593859701825,False
17829,2011-02-14 12:46:00,2011-02-14 12:46:00,1,889.24,290,Остальные,0,0.0,-0.0,False
17830,2011-02-24 10:15:00,2011-03-23 11:44:00,2,287.65,253,Давно не покупавшие повторные,0,0.0,-0.0,False
17831,2011-11-06 15:09:00,2011-11-06 15:09:00,1,35.400000000000006,25,Недавние однократные,0,0.0,-0.0,False
17832,2011-10-21 11:43:00,2011-10-21 11:43:00,1,155.37,41,Остальные,0,0.0,-0.0,False
17835,2011-11-16 16:30:00,2011-11-30 11:17:00,2,236.5,1,Остальные,0,0.0,-0.0,False
17836,2011-10-23 16:13:00,2011-10-23 16:13:00,1,109.83,39,Остальные,0,0.0,-0.0,False
17837,2011-06-29 16:44:00,2011-10-28 16:13:00,8,1587.48,34,Активные повторные,3,-32.85,0.020693174087232594,False
17838,2010-12-02 15:55:00,2011-11-13 11:20:00,5,2779.3,18,Активные ценные,16,-466.6,0.1678839995682366,False
17839,2011-10-28 17:27:00,2011-10-28 17:27:00,1,338.8,34,Остальные,0,0.0,-0.0,False
17841,2010-12-01 14:41:00,2011-11-29 17:52:00,120,38416.41,2,Активные ценные,133,-634.5,0.016516379328521326,False
17843,2011-02-09 15:33:00,2011-02-09 15:33:00,1,197.73,295,Остальные,0,0.0,-0.0,False
17844,2011-08-25 11:27:00,2011-08-25 11:27:00,1,51.56,98,Остальные,0,0.0,-0.0,False
17848,2010-12-16 18:38:00,2011-09-19 16:49:00,9,901.1999999999999,73,Остальные,0,0.0,-0.0,False
17849,2011-01-10 11:59:00,2011-05-05 13:46:00,4,605.8,210,Давно не покупавшие повторные,0,0.0,-0.0,False
17850,2010-12-01 08:26:00,2010-12-02 15:27:00,34,5391.21,364,Давно не покупавшие повторные,15,-102.58,0.019027268461069037,False
17852,2011-11-28 12:31:00,2011-11-28 12:36:00,2,114.34,3,Остальные,0,0.0,-0.0,False
17854,2011-04-26 16:53:00,2011-06-07 16:21:00,2,311.26,177,Давно не покупавшие повторные,0,0.0,-0.0,False
17855,2010-12-02 09:44:00,2010-12-02 09:44:00,1,208.97,364,Остальные,0,0.0,-0.0,False
17856,2011-03-03 11:40:00,2011-04-20 13:13:00,3,1142.63,225,Давно не покупавшие повторные,2,-24.240000000000002,0.02121421632549469,False
17857,2010-12-09 11:35:00,2011-11-22 15:22:00,20,22741.44,9,Активные ценные,1,-72.5,0.0031880127203906174,False
17858,2010-12-05 13:08:00,2011-10-17 12:33:00,11,4391.94,45,Активные повторные,0,0.0,-0.0,False
17859,2011-02-08 10:32:00,2011-02-08 10:32:00,1,148.21,296,Остальные,0,0.0,-0.0,False
17860,2010-12-06 12:41:00,2010-12-06 12:41:00,1,252.8,360,Остальные,0,0.0,-0.0,False
17861,2011-01-24 11:34:00,2011-11-15 13:01:00,7,1662.22,16,Активные ценные,1,-41.6,0.02502677142616501,False
17862,2011-01-20 12:23:00,2011-01-20 12:23:00,1,330.9,315,Остальные,0,0.0,-0.0,False
17863,2010-12-05 13:21:00,2011-10-11 13:45:00,6,3160.0,51,Активные повторные,0,0.0,-0.0,False
17864,2011-03-09 11:44:00,2011-11-27 11:15:00,3,597.5,4,Активные повторные,0,0.0,-0.0,False
17865,2010-12-10 14:53:00,2011-11-09 12:08:00,20,10524.220000000001,22,Активные ценные,19,-367.78,0.03494605776010003,False
17866,2011-07-20 11:07:00,2011-07-20 11:07:00,1,329.65,134,Остальные,1,-3.95,0.011982405581677538,False
17867,2011-02-24 12:25:00,2011-11-09 14:15:00,6,1197.1000000000001,22,Активные повторные,2,-574.35,0.47978447915796507,False
17869,2010-12-06 17:16:00,2011-08-24 16:16:00,5,428.18,99,Давно не покупавшие повторные,0,0.0,-0.0,False
17870,2010-12-08 08:12:00,2011-11-25 11:20:00,11,1629.44,6,Активные ценные,1,-4.95,0.003037853495679497,False
17871,2011-05-19 11:32:00,2011-05-19 11:32:00,1,155.9,196,Остальные,0,0.0,-0.0,False
17873,2010-12-01 14:54:00,2011-09-20 16:41:00,5,1729.7800000000002,72,Остальные,2,-94.80000000000001,0.054804657239648974,False
17874,2011-03-29 11:25:00,2011-06-07 12:54:00,6,683.46,177,Давно не покупавшие повторные,1,-25.200000000000003,0.036871214116407695,False
17877,2011-06-22 13:00:00,2011-06-22 13:00:00,1,237.60999999999999,162,Остальные,0,0.0,-0.0,False
17878,2011-10-27 11:24:00,2011-10-27 11:24:00,1,379.45,35,Остальные,0,0.0,-0.0,False
17879,2011-06-19 12:36:00,2011-06-19 12:36:00,1,178.51999999999998,165,Остальные,0,0.0,-0.0,False
17880,2010-12-10 10:21:00,2010-12-10 10:21:00,1,458.92,356,Остальные,0,0.0,-0.0,False
17881,2011-02-08 17:16:00,2011-02-08 17:16:00,1,133.35,296,Остальные,0,0.0,-0.0,False
17883,2011-04-07 19:16:00,2011-11-25 14:02:00,3,486.90000000000003,6,Активные повторные,0,0.0,-0.0,False
17884,2010-12-03 12:11:00,2011-02-01 11:08:00,3,602.8399999999999,303,Давно не покупавшие повторные,0,0.0,-0.0,False
17885,2011-11-27 14:40:00,2011-11-27 14:40:00,1,190.19,4,Недавние однократные,0,0.0,-0.0,False
17886,2011-04-04 12:34:00,2011-11-08 10:09:00,3,899.61,23,Активные повторные,0,0.0,-0.0,False
17887,2011-08-02 17:29:00,2011-08-02 17:29:00,1,111.35,121,Остальные,0,0.0,-0.0,False
17888,2010-12-17 13:56:00,2011-11-18 13:45:00,8,726.05,13,Активные повторные,14,-200.27,0.2758349975896977,False
17889,2011-01-21 17:14:00,2011-05-11 16:26:00,2,203.87,204,Давно не покупавшие повторные,0,0.0,-0.0,False
17890,2010-12-13 15:12:00,2011-01-21 11:19:00,2,602.0899999999999,314,Давно не покупавшие повторные,0,0.0,-0.0,False
17891,2011-06-30 20:08:00,2011-06-30 20:08:00,1,203.85999999999999,154,Остальные,0,0.0,-0.0,False
17892,2011-07-07 12:56:00,2011-10-14 16:49:00,3,244.1,48,Активные повторные,0,0.0,-0.0,False
17893,2011-04-28 13:50:00,2011-04-28 13:50:00,1,112.25,217,Остальные,0,0.0,-0.0,False
17894,2010-12-08 14:50:00,2011-09-29 09:23:00,8,1119.39,63,Остальные,0,0.0,-0.0,False
17895,2011-10-26 17:00:00,2011-10-26 17:00:00,1,98.0,36,Остальные,0,0.0,-0.0,False
17896,2011-11-16 13:59:00,2011-11-16 13:59:00,1,256.32,15,Недавние однократные,0,0.0,-0.0,False
17897,2010-12-01 12:31:00,2011-06-20 11:23:00,3,566.6,164,Давно не покупавшие повторные,1,-25.5,0.045005294740557714,False
17898,2011-05-16 17:13:00,2011-09-15 14:56:00,2,152.06,77,Остальные,0,0.0,-0.0,False
17899,2011-07-03 14:58:00,2011-07-03 14:58:00,1,155.79999999999998,151,Остальные,0,0.0,-0.0,False
17900,2011-06-02 14:28:00,2011-06-02 14:38:00,2,112.19999999999999,182,Давно не покупавшие повторные,5,-97.19999999999999,0.8663101604278075,True
17901,2011-11-10 17:29:00,2011-11-10 17:29:00,1,110.38,21,Недавние однократные,0,0.0,-0.0,False
17904,2011-11-18 12:57:00,2011-11-18 12:57:00,1,191.67,13,Недавние однократные,1,-12.75,0.06652058225074348,False
17905,2010-12-01 13:21:00,2011-09-29 17:33:00,4,800.24,63,Остальные,0,0.0,-0.0,False
17906,2011-04-06 17:25:00,2011-04-06 17:25:00,1,72.9,239,Остальные,0,0.0,-0.0,False
17908,2010-12-01 11:45:00,2010-12-01 11:45:00,1,243.28,365,Остальные,0,0.0,-0.0,False
17911,2011-11-30 14:52:00,2011-11-30 14:52:00,1,366.23,1,Недавние однократные,0,0.0,-0.0,False
17912,2010-12-10 11:11:00,2011-02-02 14:25:00,5,311.01,302,Давно не покупавшие повторные,2,-15.399999999999999,0.04951609273013729,False
17913,2010-12-19 11:35:00,2011-10-12 10:45:00,2,411.6,50,Остальные,0,0.0,-0.0,False
17917,2010-12-12 12:08:00,2011-10-25 13:20:00,3,341.28,37,Активные повторные,0,0.0,-0.0,False
17919,2011-09-12 13:41:00,2011-09-12 13:41:00,1,1304.04,80,Остальные,0,0.0,-0.0,False
17920,2010-12-01 11:49:00,2011-11-28 10:46:00,15,3701.13,3,Активные ценные,0,0.0,-0.0,False
17921,2011-03-18 13:19:00,2011-10-06 18:56:00,4,826.52,56,Активные повторные,0,0.0,-0.0,False
17923,2011-03-02 15:15:00,2011-03-02 15:15:00,1,207.50000000000003,274,Остальные,0,0.0,-0.0,False
17924,2010-12-01 10:51:00,2011-11-28 09:11:00,7,2962.5,3,Активные ценные,6,-59.85,0.02020253164556962,False
17925,2010-12-02 10:10:00,2010-12-02 10:10:00,1,244.08,364,Остальные,0,0.0,-0.0,False
17926,2011-05-20 09:24:00,2011-07-29 14:39:00,2,397.29,125,Давно не покупавшие повторные,0,0.0,-0.0,False
17928,2011-04-07 18:03:00,2011-10-25 13:52:00,2,184.46,37,Остальные,0,0.0,-0.0,False
17929,2011-02-04 11:40:00,2011-11-28 16:01:00,4,843.0,3,Активные повторные,1,-8.5,0.010083036773428233,False
17930,2011-04-14 15:46:00,2011-11-04 10:23:00,5,1740.48,27,Активные ценные,0,0.0,-0.0,False
17931,2011-03-29 12:31:00,2011-07-28 18:33:00,2,408.36,126,Давно не покупавшие повторные,0,0.0,-0.0,False
17932,2011-05-12 13:58:00,2011-11-10 19:49:00,3,1331.57,21,Активные повторные,0,0.0,-0.0,False
17934,2011-10-12 10:50:00,2011-10-19 11:16:00,2,704.25,43,Остальные,0,0.0,-0.0,False
17935,2011-07-21 11:23:00,2011-07-24 13:18:00,2,142.89,130,Давно не покупавшие повторные,0,0.0,-0.0,False
17937,2010-12-12 14:43:00,2011-11-08 15:45:00,6,3940.92,23,Активные ценные,0,0.0,-0.0,False
17939,2011-07-03 12:27:00,2011-07-03 12:27:00,1,99.14,151,Остальные,0,0.0,-0.0,False
17940,2011-02-10 09:29:00,2011-10-21 13:27:00,9,2238.58,41,Активные повторные,0,0.0,-0.0,False
17941,2011-08-01 08:30:00,2011-08-01 08:30:00,1,304.56,122,Остальные,0,0.0,-0.0,False
17946,2011-03-25 14:34:00,2011-04-20 17:00:00,2,149.57999999999998,225,Давно не покупавшие повторные,0,0.0,-0.0,False
17947,2011-11-02 13:05:00,2011-11-02 13:05:00,1,176.68,29,Недавние однократные,0,0.0,-0.0,False
17948,2011-07-15 12:58:00,2011-07-15 12:58:00,1,358.56000000000006,139,Остальные,0,0.0,-0.0,False
17949,2010-12-03 13:12:00,2011-11-22 08:44:00,39,55155.76,9,Активные ценные,6,-4733.38,0.08581841678910779,False
17950,2010-12-09 15:16:00,2011-09-28 15:18:00,3,482.2,64,Остальные,1,-10.08,0.020904189133139777,False
17951,2010-12-01 12:40:00,2011-10-31 12:30:00,3,1008.5400000000001,31,Активные повторные,1,-17.700000000000003,0.017550121958474628,False
17954,2010-12-03 14:18:00,2011-10-02 15:52:00,11,2039.76,60,Активные повторные,4,-37.349999999999994,0.018310977762089654,False
17955,2011-05-04 12:29:00,2011-05-25 12:00:00,4,557.3,190,Давно не покупавшие повторные,0,0.0,-0.0,False
17956,2011-04-04 13:47:00,2011-04-04 13:47:00,1,12.75,241,Остальные,0,0.0,-0.0,False
17957,2011-10-04 14:58:00,2011-10-04 14:58:00,1,110.72,58,Остальные,0,0.0,-0.0,False
17958,2011-08-15 12:19:00,2011-08-15 12:19:00,1,508.46,108,Остальные,0,0.0,-0.0,False
17960,2011-06-21 14:15:00,2011-06-21 14:15:00,1,73.78,163,Остальные,0,0.0,-0.0,False
17961,2010-12-02 19:18:00,2011-11-18 16:55:00,39,1296.44,13,Активные повторные,0,0.0,-0.0,False
17962,2011-07-20 14:16:00,2011-07-20 14:16:00,1,102.83,134,Остальные,0,0.0,-0.0,False
17964,2010-12-02 13:32:00,2011-11-08 10:44:00,2,471.7,23,Остальные,0,0.0,-0.0,False
17965,2010-12-05 15:54:00,2011-11-02 09:31:00,14,2622.57,29,Активные ценные,0,0.0,-0.0,False
17966,2011-03-23 17:25:00,2011-11-02 10:26:00,5,1098.4299999999998,29,Активные повторные,0,0.0,-0.0,False
17967,2010-12-03 11:19:00,2010-12-03 11:19:00,1,123.07,363,Остальные,0,0.0,-0.0,False
17968,2010-12-01 12:23:00,2010-12-01 12:23:00,1,277.35,365,Остальные,0,0.0,-0.0,False
17969,2010-12-13 15:34:00,2011-06-26 13:00:00,2,228.2,158,Давно не покупавшие повторные,0,0.0,-0.0,False
17970,2011-05-12 20:03:00,2011-05-12 20:03:00,1,582.59,203,Остальные,0,0.0,-0.0,False
17972,2011-04-12 12:16:00,2011-04-12 12:16:00,1,136.04,233,Остальные,0,0.0,-0.0,False
17973,2011-10-19 10:34:00,2011-10-19 10:34:00,1,337.04,43,Остальные,0,0.0,-0.0,False
17974,2011-05-04 11:50:00,2011-11-15 11:37:00,3,740.7900000000001,16,Активные повторные,0,0.0,-0.0,False
17975,2010-12-08 11:38:00,2011-11-24 13:27:00,13,4485.51,7,Активные ценные,1,-95.2,0.02122389650229294,False
17976,2010-12-02 13:49:00,2010-12-02 13:49:00,1,353.19,364,Остальные,0,0.0,-0.0,False
17977,2011-11-10 13:28:00,2011-11-10 13:28:00,1,288.14,21,Недавние однократные,0,0.0,-0.0,False
17978,2010-12-09 14:05:00,2010-12-09 14:05:00,1,300.92,357,Остальные,0,0.0,-0.0,False
17979,2011-03-25 11:34:00,2011-11-04 12:05:00,4,754.31,27,Активные повторные,1,-19.9,0.026381726345932045,False
17980,2010-12-15 15:50:00,2011-06-27 12:01:00,3,811.45,157,Давно не покупавшие повторные,0,0.0,-0.0,False
17984,2011-07-17 15:59:00,2011-07-17 15:59:00,1,152.68,137,Остальные,0,0.0,-0.0,False
17985,2011-11-17 14:24:00,2011-11-17 14:24:00,1,634.95,14,Недавние однократные,0,0.0,-0.0,False
17986,2011-10-14 14:22:00,2011-10-14 14:22:00,1,20.8,48,Остальные,0,0.0,-0.0,False
17987,2011-06-07 14:22:00,2011-06-07 14:22:00,1,198.57,177,Остальные,0,0.0,-0.0,False
17988,2011-01-17 11:59:00,2011-11-28 11:00:00,7,201.12,3,Активные повторные,1,-9.95,0.04947295147175815,False
17990,2010-12-13 12:10:00,2011-04-17 11:44:00,3,630.84,228,Давно не покупавшие повторные,0,0.0,-0.0,False
17991,2011-04-27 16:39:00,2011-04-28 15:58:00,2,93.35000000000001,217,Давно не покупавшие повторные,0,0.0,-0.0,False
17994,2011-02-22 11:02:00,2011-08-10 11:41:00,4,678.49,113,Давно не покупавшие повторные,3,-48.8,0.0719244204041327,False
17995,2011-03-03 12:30:00,2011-03-03 12:30:00,1,76.1,273,Остальные,0,0.0,-0.0,False
17997,2011-06-28 17:28:00,2011-09-26 16:13:00,8,1970.6699999999998,66,Остальные,12,-441.99,0.22428412671832423,False
17999,2010-12-08 15:17:00,2011-11-02 15:56:00,2,382.06,29,Остальные,0,0.0,-0.0,False
18001,2011-09-14 11:21:00,2011-11-27 16:02:00,2,417.23,4,Остальные,0,0.0,-0.0,False
18004,2010-12-12 13:47:00,2010-12-12 13:47:00,1,169.47,354,Остальные,0,0.0,-0.0,False
18005,2011-10-23 14:40:00,2011-10-23 14:40:00,1,139.97,39,Остальные,0,0.0,-0.0,False
18006,2011-11-16 16:52:00,2011-11-16 16:52:00,1,444.68,15,Недавние однократные,0,0.0,-0.0,False
18008,2011-01-25 12:26:00,2011-09-30 15:17:00,9,2116.19,62,Остальные,0,0.0,-0.0,False
18009,2011-04-18 13:36:00,2011-04-18 13:36:00,1,257.34,227,Остальные,1,-5.1,0.01981813942643973,False
18010,2011-03-28 12:27:00,2011-03-28 12:27:00,1,174.8,248,Остальные,0,0.0,-0.0,False
18011,2010-12-01 17:35:00,2010-12-01 17:35:00,1,102.78999999999999,365,Остальные,0,0.0,-0.0,False
18013,2011-07-07 14:08:00,2011-07-07 14:11:00,2,187.29000000000002,147,Давно не покупавшие повторные,0,0.0,-0.0,False
18014,2011-11-11 15:28:00,2011-11-11 15:28:00,1,158.47,20,Недавние однократные,0,0.0,-0.0,False
18016,2010-12-10 17:14:00,2011-11-07 13:25:00,5,1483.56,24,Активные повторные,0,0.0,-0.0,False
18017,2011-02-02 13:57:00,2011-09-19 16:15:00,3,523.0,73,Остальные,0,0.0,-0.0,False
18018,2011-05-24 13:22:00,2011-08-23 17:37:00,2,122.14,100,Давно не покупавшие повторные,0,0.0,-0.0,False
18019,2011-10-19 12:10:00,2011-10-19 12:10:00,1,38.45,43,Остальные,0,0.0,-0.0,False
18022,2011-11-04 12:45:00,2011-11-04 12:45:00,1,668.11,27,Недавние однократные,0,0.0,-0.0,False
18024,2011-07-10 12:28:00,2011-07-10 12:40:00,2,389.78,144,Давно не покупавшие повторные,1,-153.0,0.39252911899019965,False
18027,2011-09-02 10:38:00,2011-09-02 10:38:00,1,115.31,90,Остальные,0,0.0,-0.0,False
18030,2011-10-28 13:55:00,2011-10-28 13:55:00,1,121.1,34,Остальные,1,-9.95,0.08216350123864574,False
18032,2011-01-09 15:32:00,2011-01-09 15:32:00,1,73.5,326,Остальные,0,0.0,-0.0,False
18033,2011-10-05 17:28:00,2011-10-05 17:28:00,1,97.97,57,Остальные,0,0.0,-0.0,False
18034,2011-11-18 12:08:00,2011-11-18 12:22:00,2,422.88,13,Остальные,0,0.0,-0.0,False
18035,2011-10-27 17:48:00,2011-11-04 12:39:00,3,730.4,27,Активные повторные,0,0.0,-0.0,False
18036,2011-04-08 11:26:00,2011-11-07 14:40:00,3,405.62,24,Активные повторные,0,0.0,-0.0,False
18037,2010-12-12 16:20:00,2011-07-08 13:39:00,6,70.02,146,Давно не покупавшие повторные,0,0.0,-0.0,False
18040,2011-04-08 08:27:00,2011-11-20 14:20:00,2,357.2,11,Остальные,0,0.0,-0.0,False
18041,2010-12-02 11:21:00,2011-11-28 11:39:00,21,4183.39,3,Активные ценные,2,-22.25,0.005318653054102056,False
18042,2011-10-17 11:49:00,2011-10-17 11:49:00,1,165.04999999999998,45,Остальные,0,0.0,-0.0,False
18043,2010-12-08 12:35:00,2011-11-15 12:48:00,3,559.51,16,Активные повторные,0,0.0,-0.0,False
18044,2010-12-14 12:25:00,2011-11-03 08:56:00,9,1877.7,28,Активные ценные,1,-2.95,0.0015710709911061404,False
18045,2011-10-25 13:07:00,2011-10-25 13:07:00,1,189.4,37,Остальные,0,0.0,-0.0,False
18048,2011-05-20 14:54:00,2011-05-20 14:58:00,2,172.29000000000002,195,Давно не покупавшие повторные,0,0.0,-0.0,False
18050,2010-12-15 14:25:00,2010-12-15 14:25:00,1,74.4,351,Остальные,0,0.0,-0.0,False
18053,2011-09-30 09:05:00,2011-09-30 09:05:00,1,300.02,62,Остальные,1,-2.95,0.009832677821478569,False
18055,2010-12-05 10:52:00,2011-10-31 12:02:00,9,5920.42,31,Активные повторные,3,-32.050000000000004,0.005413467287793772,False
18056,2011-02-24 14:27:00,2011-02-24 14:27:00,1,363.65,280,Остальные,0,0.0,-0.0,False
18058,2011-11-30 08:38:00,2011-11-30 08:38:00,1,170.16,1,Недавние однократные,0,0.0,-0.0,False
18059,2011-10-03 09:30:00,2011-11-16 16:49:00,3,306.46,15,Активные повторные,2,-9.75,0.031814918749592115,False
18061,2010-12-08 13:03:00,2011-11-18 11:20:00,10,2119.41,13,Активные ценные,0,0.0,-0.0,False
18062,2011-01-06 10:03:00,2011-06-19 14:47:00,3,720.52,165,Давно не покупавшие повторные,0,0.0,-0.0,False
18064,2011-04-18 15:08:00,2011-07-29 16:39:00,2,814.0,125,Давно не покупавшие повторные,0,0.0,-0.0,False
18065,2010-12-10 12:44:00,2011-09-14 11:36:00,11,1949.19,78,Остальные,1,-12.75,0.0065411786434365045,False
18066,2011-09-25 15:30:00,2011-09-25 15:30:00,1,318.0,67,Остальные,0,0.0,-0.0,False
18067,2011-10-30 15:58:00,2011-10-30 15:58:00,1,396.33,32,Остальные,0,0.0,-0.0,False
18068,2011-02-23 14:50:00,2011-02-23 14:50:00,1,101.69999999999999,281,Остальные,0,0.0,-0.0,False
18069,2011-01-16 15:50:00,2011-11-13 16:03:00,5,2036.67,18,Активные ценные,2,-14.850000000000001,0.0072913137621706025,False
18071,2010-12-09 10:33:00,2011-03-27 11:59:00,2,453.0,249,Давно не покупавшие повторные,0,0.0,-0.0,False
18072,2011-06-07 10:44:00,2011-06-07 10:44:00,1,247.44,177,Остальные,16,-235.2,0.950533462657614,True
18073,2011-05-26 19:38:00,2011-08-17 14:02:00,12,3877.5200000000004,106,Давно не покупавшие повторные,3,-13.08,0.0033732901442158902,False
18074,2010-12-01 09:53:00,2010-12-01 09:53:00,1,489.6,365,Остальные,0,0.0,-0.0,False
18075,2010-12-14 10:48:00,2011-11-16 15:21:00,10,2611.75,15,Активные ценные,11,-73.03,0.027962094381162057,False
18077,2010-12-08 10:21:00,2011-11-06 10:44:00,10,2377.67,25,Активные ценные,0,0.0,-0.0,False
18078,2011-03-25 15:08:00,2011-05-06 14:32:00,2,336.13,209,Давно не покупавшие повторные,0,0.0,-0.0,False
18079,2011-04-15 12:14:00,2011-10-25 15:27:00,4,3651.97,37,Активные повторные,0,0.0,-0.0,False
18080,2011-04-11 10:10:00,2011-11-21 08:02:00,2,1231.5,10,Остальные,0,0.0,-0.0,False
18081,2011-07-29 11:56:00,2011-11-03 16:30:00,3,343.45000000000005,28,Активные повторные,0,0.0,-0.0,False
18082,2011-11-14 12:45:00,2011-11-14 12:45:00,1,703.37,17,Недавние однократные,0,0.0,-0.0,False
18084,2011-11-23 13:57:00,2011-11-23 13:57:00,1,90.47999999999999,8,Недавние однократные,1,-2.95,0.03260389036251106,False
18085,2010-12-01 12:08:00,2011-01-13 15:17:00,2,689.95,322,Давно не покупавшие повторные,0,0.0,-0.0,False
18086,2011-03-10 13:34:00,2011-03-10 13:34:00,1,101.34,266,Остальные,0,0.0,-0.0,False
18087,2011-02-22 10:43:00,2011-02-22 10:43:00,1,3202.9199999999996,282,Остальные,5,-285.59999999999997,0.08916863362182009,False
18088,2011-10-09 13:41:00,2011-10-09 13:41:00,1,167.67000000000002,53,Остальные,0,0.0,-0.0,False
18092,2010-12-09 10:00:00,2011-11-01 10:56:00,10,8506.42,30,Активные ценные,1,-2.5,0.0002938956693885324,False
18093,2011-02-10 12:15:00,2011-09-07 15:43:00,4,2106.52,85,Остальные,2,-23.1,0.01096595332586446,False
18094,2011-02-21 08:50:00,2011-09-19 09:28:00,7,3017.3,73,Остальные,0,0.0,-0.0,False
18095,2011-01-11 12:37:00,2011-01-31 12:50:00,2,580.05,304,Давно не покупавшие повторные,0,0.0,-0.0,False
18096,2011-10-07 11:55:00,2011-11-28 12:44:00,3,911.15,3,Активные повторные,0,0.0,-0.0,False
18097,2010-12-20 14:49:00,2011-08-05 10:32:00,5,2011.4,118,Давно не покупавшие повторные,1,-4.95,0.0024609724569951276,False
18099,2011-08-04 15:52:00,2011-08-04 15:52:00,1,168.31,119,Остальные,0,0.0,-0.0,False
18101,2011-07-19 13:05:00,2011-11-28 13:37:00,2,223.65,3,Остальные,0,0.0,-0.0,False
18102,2010-12-07 16:42:00,2011-11-28 12:55:00,57,248171.76,3,Активные ценные,0,0.0,-0.0,False
18104,2011-11-02 14:07:00,2011-11-02 14:07:00,1,754.64,29,Недавние однократные,0,0.0,-0.0,False
18105,2011-11-02 12:04:00,2011-11-02 12:04:00,1,113.48,29,Недавние однократные,0,0.0,-0.0,False
18106,2011-01-14 12:23:00,2011-01-14 12:23:00,1,430.7,321,Остальные,0,0.0,-0.0,False
18108,2011-03-30 13:56:00,2011-03-30 13:56:00,1,271.0,246,Остальные,2,-6.35,0.023431734317343172,False
18109,2010-12-05 10:58:00,2011-11-25 15:32:00,23,6684.46,6,Активные ценные,10,-127.64999999999999,0.019096531357806014,False
18110,2011-11-20 12:34:00,2011-11-20 12:34:00,1,236.3,11,Недавние однократные,3,-30.25,0.12801523487092678,False
18112,2011-06-26 13:56:00,2011-11-27 14:43:00,2,352.69,4,Остальные,0,0.0,-0.0,False
18113,2010-12-06 12:31:00,2010-12-06 12:31:00,1,76.32000000000001,360,Остальные,0,0.0,-0.0,False
18114,2011-02-22 13:20:00,2011-02-22 13:20:00,1,220.1,282,Остальные,0,0.0,-0.0,False
18116,2010-12-10 12:14:00,2011-10-03 11:00:00,8,1414.43,59,Активные повторные,0,0.0,-0.0,False
18117,2011-11-14 12:47:00,2011-11-14 12:47:00,1,319.47,17,Недавние однократные,0,0.0,-0.0,False
18118,2010-12-05 12:13:00,2011-11-29 11:32:00,26,5651.42,2,Активные ценные,5,-58.05,0.010271754709435858,False
18119,2010-12-07 11:59:00,2010-12-07 11:59:00,1,181.12,359,Остальные,0,0.0,-0.0,False
18120,2011-05-09 13:45:00,2011-05-09 13:45:00,1,111.15,206,Остальные,0,0.0,-0.0,False
18121,2011-07-08 12:14:00,2011-07-13 12:53:00,2,673.1,141,Давно не покупавшие повторные,0,0.0,-0.0,False
18122,2011-07-12 11:37:00,2011-11-17 14:29:00,5,1383.87,14,Активные повторные,0,0.0,-0.0,False
18123,2011-11-08 13:31:00,2011-11-15 14:23:00,2,589.4399999999999,16,Остальные,0,0.0,-0.0,False
18125,2011-01-27 15:02:00,2011-11-10 12:29:00,4,1142.99,21,Активные повторные,1,-1.65,0.0014435821835711597,False
18126,2011-10-10 12:19:00,2011-10-10 12:19:00,1,204.49,52,Остальные,0,0.0,-0.0,False
18127,2011-07-29 10:06:00,2011-11-20 14:05:00,3,348.73,11,Активные повторные,0,0.0,-0.0,False
18129,2011-04-10 14:16:00,2011-04-10 14:16:00,1,112.55,235,Остальные,0,0.0,-0.0,False
18130,2011-10-13 15:58:00,2011-11-24 14:40:00,3,1059.3899999999999,7,Активные повторные,0,0.0,-0.0,False
18133,2011-05-11 14:14:00,2011-05-11 14:14:00,1,931.4999999999999,204,Остальные,0,0.0,-0.0,False
18135,2011-06-02 14:04:00,2011-11-10 19:32:00,5,681.9100000000001,21,Активные повторные,0,0.0,-0.0,False
18136,2011-01-24 12:08:00,2011-10-07 15:40:00,3,784.33,55,Активные повторные,1,-22.5,0.028686904746726503,False
18138,2011-02-17 14:51:00,2011-02-17 14:51:00,1,152.65,287,Остальные,0,0.0,-0.0,False
18139,2011-11-21 14:06:00,2011-11-22 10:44:00,6,8438.34,9,Активные ценные,0,0.0,-0.0,False
18142,2011-05-08 12:31:00,2011-07-05 13:19:00,2,1019.52,149,Давно не покупавшие повторные,3,-4.62,0.004531544256120528,False
18143,2011-07-21 10:44:00,2011-08-15 12:07:00,2,1000.1600000000001,108,Давно не покупавшие повторные,0,0.0,-0.0,False
18144,2010-12-01 13:45:00,2011-11-09 09:22:00,11,2656.75,22,Активные ценные,0,0.0,-0.0,False
18145,2011-01-31 12:10:00,2011-11-27 11:22:00,4,2861.55,4,Активные ценные,0,0.0,-0.0,False
18146,2011-05-03 16:35:00,2011-07-22 12:08:00,2,160.35000000000002,132,Давно не покупавшие повторные,0,0.0,-0.0,False
18147,2011-08-23 12:22:00,2011-10-25 11:46:00,2,179.33999999999997,37,Остальные,0,0.0,-0.0,False
18149,2011-03-11 12:44:00,2011-10-20 12:04:00,3,612.0799999999999,42,Активные повторные,0,0.0,-0.0,False
18150,2011-05-22 10:47:00,2011-11-07 16:49:00,3,566.58,24,Активные повторные,0,0.0,-0.0,False
18151,2011-02-23 08:29:00,2011-07-28 11:35:00,2,653.35,126,Давно не покупавшие повторные,0,0.0,-0.0,False
18154,2011-10-27 10:40:00,2011-10-27 10:40:00,1,220.48999999999998,35,Остальные,0,0.0,-0.0,False
18155,2011-02-21 10:36:00,2011-09-25 13:32:00,3,371.62,67,Остальные,3,-23.8,0.06404391582799634,False
18156,2010-12-05 12:29:00,2011-11-27 12:24:00,2,734.94,4,Остальные,0,0.0,-0.0,False
18158,2011-09-12 09:03:00,2011-11-30 16:19:00,2,453.4,1,Остальные,1,-1.65,0.003639170710189678,False
18159,2011-02-11 14:26:00,2011-02-11 14:26:00,1,530.15,293,Остальные,0,0.0,-0.0,False
18160,2011-05-23 13:41:00,2011-10-13 15:50:00,2,638.06,49,Остальные,0,0.0,-0.0,False
18161,2011-01-24 11:56:00,2011-11-24 16:40:00,5,1618.69,7,Активные ценные,1,-5.9,0.0036449227461712867,False
18164,2011-11-02 12:56:00,2011-11-02 12:56:00,1,399.65000000000003,29,Недавние однократные,1,-4.95,0.012385837607906918,False
18165,2011-06-15 13:23:00,2011-06-15 13:23:00,1,302.46000000000004,169,Остальные,0,0.0,-0.0,False
18167,2011-08-26 11:40:00,2011-11-16 15:56:00,3,1384.8600000000001,15,Активные повторные,3,-13.15,0.009495544675996129,False
18168,2010-12-02 18:08:00,2011-06-16 19:21:00,6,1169.94,168,Давно не покупавшие повторные,9,-36.3,0.031027232165752087,False
18169,2011-10-10 12:18:00,2011-10-10 12:18:00,1,202.65,52,Остальные,0,0.0,-0.0,False
18170,2011-05-06 15:13:00,2011-11-06 14:35:00,3,980.31,25,Активные повторные,0,0.0,-0.0,False
18171,2011-01-10 09:55:00,2011-10-12 09:13:00,5,1231.31,50,Активные повторные,2,-22.8,0.01851686415281286,False
18172,2011-02-23 10:44:00,2011-11-25 11:12:00,20,7561.68,6,Активные ценные,8,-71.50999999999999,0.009456893177177557,False
18173,2011-03-10 11:56:00,2011-09-14 11:26:00,4,2106.84,78,Остальные,0,0.0,-0.0,False
18176,2010-12-16 15:45:00,2010-12-16 15:45:00,1,476.35,350,Остальные,3,-27.7,0.058150519575942056,False
18177,2011-03-29 08:46:00,2011-11-08 14:44:00,6,1341.42,23,Активные повторные,1,-27.25,0.020314293808054152,False
18178,2010-12-10 12:42:00,2011-08-03 09:30:00,4,1590.81,120,Давно не покупавшие повторные,2,-17.4,0.01093782412733136,False
18179,2011-01-07 14:22:00,2011-11-30 16:23:00,6,1793.17,1,Активные ценные,0,0.0,-0.0,False
18180,2011-07-20 08:59:00,2011-10-11 11:38:00,5,1533.02,51,Активные повторные,0,0.0,-0.0,False
18181,2011-11-15 15:08:00,2011-11-15 15:08:00,1,382.8,16,Недавние однократные,0,0.0,-0.0,False
18183,2011-03-10 10:08:00,2011-04-26 15:26:00,2,632.07,219,Давно не покупавшие повторные,7,-31.55,0.0499153574762289,False
18184,2011-11-24 15:28:00,2011-11-24 15:28:00,1,49.8,7,Недавние однократные,0,0.0,-0.0,False
18185,2011-04-04 13:42:00,2011-04-04 13:42:00,1,304.25,241,Остальные,0,0.0,-0.0,False
18188,2011-02-22 14:43:00,2011-11-24 16:46:00,3,2001.04,7,Активные ценные,1,-2.55,0.0012743373445808178,False
18189,2011-03-17 09:49:00,2011-09-23 12:40:00,2,1090.24,69,Остальные,1,-5.9,0.005411652480187849,False
18190,2011-01-13 10:35:00,2011-05-31 14:48:00,2,284.46000000000004,184,Давно не покупавшие повторные,1,-9.95,0.034978555860226385,False
18191,2011-03-23 12:08:00,2011-03-23 12:08:00,1,207.79999999999998,253,Остальные,0,0.0,-0.0,False
18192,2011-09-29 09:53:00,2011-09-29 09:53:00,1,957.97,63,Остальные,0,0.0,-0.0,False
18193,2011-06-27 13:58:00,2011-06-27 13:58:00,1,243.76,157,Остальные,2,-30.8,0.12635379061371843,False
18194,2011-09-18 13:29:00,2011-09-18 13:29:00,1,973.8399999999999,74,Остальные,2,-77.84,0.07993099482461186,False
18196,2011-02-22 16:13:00,2011-09-05 16:22:00,2,689.13,87,Остальные,0,0.0,-0.0,False
18198,2011-01-07 13:39:00,2011-11-08 15:35:00,16,5107.110000000001,23,Активные ценные,7,-342.5,0.06706336851957369,False
18200,2011-08-25 18:45:00,2011-08-25 18:45:00,1,163.8,98,Остальные,0,0.0,-0.0,False
18202,2011-02-01 13:36:00,2011-05-24 12:12:00,3,1396.99,191,Давно не покупавшие повторные,0,0.0,-0.0,False
18203,2011-07-05 13:07:00,2011-07-05 13:07:00,1,160.42,149,Остальные,0,0.0,-0.0,False
18204,2011-05-31 15:26:00,2011-09-29 16:44:00,3,1993.6999999999998,63,Остальные,2,-14.4,0.007222751667753424,False
18205,2011-09-26 12:02:00,2011-11-03 13:22:00,2,517.36,28,Остальные,0,0.0,-0.0,False
18209,2011-11-11 12:07:00,2011-11-11 12:07:00,1,139.10000000000002,20,Недавние однократные,0,0.0,-0.0,False
18210,2011-03-17 16:58:00,2011-11-30 08:43:00,5,2443.4800000000005,1,Активные ценные,0,0.0,-0.0,False
18211,2011-03-06 12:09:00,2011-11-14 08:10:00,5,600.07,17,Активные повторные,0,0.0,-0.0,False
18212,2011-01-17 16:14:00,2011-01-17 16:14:00,1,248.42,318,Остальные,0,0.0,-0.0,False
18213,2011-04-17 10:21:00,2011-04-17 10:21:00,1,232.48000000000002,228,Остальные,0,0.0,-0.0,False
18215,2011-09-11 16:05:00,2011-09-11 16:05:00,1,299.34000000000003,81,Остальные,0,0.0,-0.0,False
18216,2011-11-08 16:55:00,2011-11-08 16:55:00,1,481.75,23,Недавние однократные,0,0.0,-0.0,False
18217,2011-09-30 10:44:00,2011-11-10 13:18:00,2,621.75,21,Остальные,0,0.0,-0.0,False
18218,2011-03-03 12:24:00,2011-05-12 12:53:00,2,662.0799999999999,203,Давно не покупавшие повторные,3,-35.7,0.05392097631706139,False
18219,2010-12-06 10:05:00,2011-10-27 18:02:00,9,1827.4,35,Активные повторные,1,-50.0,0.027361278318923057,False
18220,2011-04-27 09:03:00,2011-04-27 09:03:00,1,305.28000000000003,218,Остальные,2,-7.5,0.02456761006289308,False
18221,2011-05-12 14:13:00,2011-11-17 14:40:00,5,1041.6100000000001,14,Активные повторные,1,-8.3,0.007968433482781463,False
18222,2011-09-08 10:45:00,2011-09-08 10:45:00,1,443.0,84,Остальные,0,0.0,-0.0,False
18223,2010-12-16 16:42:00,2011-10-31 09:48:00,13,5905.82,31,Активные повторные,24,-162.67000000000002,0.02754401590295675,False
18224,2011-03-21 10:30:00,2011-03-21 10:30:00,1,158.95000000000002,255,Остальные,0,0.0,-0.0,False
18225,2010-12-09 15:46:00,2011-11-18 13:16:00,11,5178.84,13,Активные ценные,15,-148.1,0.028597137582933627,False
18226,2011-01-06 09:00:00,2011-10-26 13:36:00,11,5228.05,36,Активные повторные,3,-35.95,0.006876368818201815,False
18227,2011-05-06 12:23:00,2011-05-06 12:23:00,1,93.75,209,Остальные,0,0.0,-0.0,False
18228,2011-09-21 10:48:00,2011-10-14 09:21:00,2,779.9,48,Остальные,2,-10.7,0.013719707654827542,False
18229,2010-12-01 16:25:00,2011-11-28 09:48:00,20,7276.9,3,Активные ценные,0,0.0,-0.0,False
18230,2011-02-10 13:06:00,2011-11-30 13:22:00,7,2810.2000000000003,1,Активные ценные,3,-93.6,0.033307237919009317,False
18231,2011-02-24 09:08:00,2011-05-31 14:18:00,5,2083.27,184,Давно не покупавшие повторные,2,-17.1,0.008208249530785737,False
18232,2011-05-26 16:30:00,2011-09-19 11:49:00,4,592.97,73,Остальные,3,-10.5,0.017707472553417543,False
18233,2011-01-18 08:44:00,2011-01-18 08:44:00,1,440.0,317,Остальные,0,0.0,-0.0,False
18235,2011-05-06 13:35:00,2011-09-29 08:27:00,3,1796.48,63,Остальные,0,0.0,-0.0,False
18236,2011-04-13 09:52:00,2011-11-10 08:06:00,6,882.24,21,Активные повторные,0,0.0,-0.0,False
18237,2011-07-28 13:05:00,2011-10-05 13:33:00,4,861.3499999999999,57,Активные повторные,0,0.0,-0.0,False
18239,2010-12-02 17:48:00,2011-05-05 12:38:00,5,1561.6100000000001,210,Давно не покупавшие повторные,0,0.0,-0.0,False
18240,2011-10-24 13:06:00,2011-10-24 13:06:00,1,422.58,38,Остальные,0,0.0,-0.0,False
18241,2011-05-06 09:22:00,2011-11-30 12:10:00,17,2073.09,1,Активные ценные,1,-15.0,0.007235575879484248,False
18242,2011-05-10 11:20:00,2011-09-28 13:43:00,4,2232.49,64,Остальные,0,0.0,-0.0,False
18245,2010-12-19 14:58:00,2011-07-13 14:29:00,6,1672.81,141,Давно не покупавшие повторные,2,-59.5,0.03556889306018018,False
18246,2011-04-20 13:55:00,2011-11-16 11:49:00,2,596.1,15,Остальные,0,0.0,-0.0,False
18248,2011-06-06 13:18:00,2011-08-09 10:19:00,2,804.02,114,Давно не покупавшие повторные,2,-21.0,0.02611875326484416,False
18249,2011-11-22 15:07:00,2011-11-22 15:07:00,1,95.34,9,Недавние однократные,0,0.0,-0.0,False
18250,2011-02-02 13:16:00,2011-02-02 13:16:00,1,349.27,302,Остальные,1,-6.35,0.0181807770492742,False
18251,2011-09-13 15:03:00,2011-09-13 15:03:00,1,4314.72,79,Остальные,0,0.0,-0.0,False
18252,2011-06-21 11:47:00,2011-10-20 12:43:00,2,526.67,42,Остальные,0,0.0,-0.0,False
18255,2011-09-11 13:16:00,2011-09-11 13:16:00,1,103.3,81,Остальные,0,0.0,-0.0,False
18257,2011-02-16 15:13:00,2011-10-31 14:48:00,8,2337.6299999999997,31,Активные повторные,4,-63.60000000000001,0.027207043030761935,False
18259,2010-12-08 13:38:00,2011-11-15 12:34:00,3,2338.6000000000004,16,Активные ценные,0,0.0,-0.0,False
18260,2010-12-16 18:23:00,2011-06-20 12:37:00,6,2643.2000000000003,164,Давно не покупавшие повторные,6,-48.2,0.01823547215496368,False
18261,2011-09-05 09:34:00,2011-10-27 15:36:00,2,324.24,35,Остальные,0,0.0,-0.0,False
18262,2011-07-22 16:04:00,2011-07-22 16:04:00,1,149.48,132,Остальные,0,0.0,-0.0,False
18263,2011-04-01 11:48:00,2011-11-14 09:00:00,3,1213.1599999999999,17,Активные повторные,1,-2.08,0.0017145306472353195,False
18265,2011-07-04 15:26:00,2011-09-28 14:10:00,2,801.51,64,Остальные,0,0.0,-0.0,False
18268,2011-07-28 19:13:00,2011-07-28 19:13:00,1,25.5,126,Остальные,1,-25.5,1.0,True
18269,2010-12-08 13:53:00,2010-12-08 13:53:00,1,168.6,358,Остальные,1,-29.700000000000003,0.17615658362989325,False
18270,2011-03-18 12:41:00,2011-11-01 13:57:00,2,283.15000000000003,30,Остальные,1,-38.25,0.13508740950026485,False
18272,2011-04-07 09:35:00,2011-10-25 11:52:00,5,2710.7,37,Активные повторные,4,-13.8,0.005090935920610913,False
18273,2011-03-27 11:22:00,2011-09-05 11:27:00,2,153.0,87,Остальные,0,0.0,-0.0,False
18274,2011-11-09 17:03:00,2011-11-09 17:03:00,1,175.92,22,Недавние однократные,11,-175.92,1.0,True
18276,2011-10-27 10:54:00,2011-10-27 10:54:00,1,335.86,35,Остальные,2,-12.5,0.0372178884058834,False
18277,2011-10-12 15:22:00,2011-10-12 15:22:00,1,110.38,50,Остальные,1,-12.75,0.11551005616959595,False
18278,2011-09-27 11:58:00,2011-09-27 11:58:00,1,173.9,65,Остальные,0,0.0,-0.0,False
18280,2011-03-07 09:52:00,2011-03-07 09:52:00,1,180.60000000000002,269,Остальные,0,0.0,-0.0,False
18281,2011-06-12 10:53:00,2011-06-12 10:53:00,1,80.82,172,Остальные,0,0.0,-0.0,False
18282,2011-08-05 13:35:00,2011-08-05 13:35:00,1,100.21,118,Остальные,1,-1.45,0.014469613810996908,False
18283,2011-01-06 14:14:00,2011-11-30 12:59:00,15,1880.93,1,Активные ценные,0,0.0,-0.0,False
18287,2011-05-22 10:39:00,2011-10-28 09:29:00,3,1837.28,34,Активные повторные,0,0.0,-0.0,False
