customer_id,first_order_date,last_order_date,frequency,monetary_gbp,recency_days,segment
12346,2011-01-18 10:01:00,2011-01-18 10:01:00,1,77183.6,317,Остальные
12347,2010-12-07 14:57:00,2011-10-31 12:25:00,6,4085.18,31,Активные повторные
12348,2010-12-16 19:09:00,2011-09-25 13:13:00,4,1437.24,67,Остальные
12349,2011-11-21 09:51:00,2011-11-21 09:51:00,1,1457.55,10,Недавние однократные
12350,2011-02-02 16:01:00,2011-02-02 16:01:00,1,294.4,302,Остальные
12352,2011-02-16 12:33:00,2011-11-03 14:37:00,7,1385.74,28,Активные повторные
12353,2011-05-19 17:47:00,2011-05-19 17:47:00,1,89.0,196,Остальные
12354,2011-04-21 13:11:00,2011-04-21 13:11:00,1,1079.4,224,Остальные
12355,2011-05-09 13:49:00,2011-05-09 13:49:00,1,459.4,206,Остальные
12356,2011-01-18 09:50:00,2011-11-17 08:40:00,3,2487.43,14,Активные ценные
12357,2011-11-06 16:07:00,2011-11-06 16:07:00,1,6207.67,25,Недавние однократные
12358,2011-07-12 10:04:00,2011-07-12 10:04:00,1,404.86,142,Остальные
12359,2011-01-12 12:43:00,2011-10-13 12:47:00,4,6372.58,49,Активные повторные
12360,2011-05-23 09:43:00,2011-10-18 15:22:00,3,2302.06,44,Активные повторные
12361,2011-02-25 13:51:00,2011-02-25 13:51:00,1,174.9,279,Остальные
12362,2011-02-17 10:30:00,2011-11-04 09:07:00,9,4262.19,27,Активные ценные
12363,2011-04-11 13:29:00,2011-08-22 10:18:00,2,552.0,101,Давно не покупавшие повторные
12364,2011-08-19 15:24:00,2011-10-30 15:43:00,3,912.78,32,Активные повторные
12365,2011-02-21 13:51:00,2011-02-21 13:51:00,1,320.69,283,Остальные
12370,2010-12-14 12:58:00,2011-10-19 14:51:00,4,3425.69,43,Активные повторные
12371,2011-10-11 10:43:00,2011-10-11 10:43:00,1,1527.96,51,Остальные
12372,2011-02-16 12:46:00,2011-09-29 12:12:00,3,1196.04,63,Остальные
12373,2011-02-01 13:10:00,2011-02-01 13:10:00,1,324.6,303,Остальные
12374,2011-11-14 15:37:00,2011-11-14 15:37:00,1,622.9300000000001,17,Недавние однократные
12375,2011-09-02 14:23:00,2011-11-29 10:36:00,2,377.5,2,Остальные
12377,2010-12-20 09:37:00,2011-01-28 15:45:00,2,1548.12,307,Давно не покупавшие повторные
12378,2011-08-02 10:34:00,2011-08-02 10:34:00,1,4008.62,121,Остальные
12379,2011-06-22 16:32:00,2011-09-19 10:09:00,2,777.24,73,Остальные
12380,2011-06-07 09:49:00,2011-11-18 11:27:00,4,2427.81,13,Активные ценные
12381,2011-08-12 09:57:00,2011-11-06 13:36:00,2,1367.8,25,Остальные
12383,2010-12-22 14:28:00,2011-06-08 08:02:00,5,1628.56,176,Давно не покупавшие повторные
12384,2011-08-10 11:23:00,2011-11-11 08:39:00,2,425.27,20,Остальные
12386,2010-12-08 09:53:00,2011-01-06 12:37:00,2,401.9,329,Давно не покупавшие повторные
12388,2011-01-17 11:12:00,2011-11-24 12:30:00,6,2780.6600000000003,7,Активные ценные
12390,2011-09-21 09:33:00,2011-09-21 09:33:00,1,504.84000000000003,71,Остальные
12391,2011-11-18 12:07:00,2011-11-18 12:07:00,1,460.89,13,Недавние однократные
12393,2011-01-11 09:47:00,2011-09-28 15:41:00,4,1582.6,64,Остальные
12394,2011-05-06 14:01:00,2011-10-07 08:08:00,2,1080.48,55,Остальные
12395,2010-12-03 16:35:00,2011-11-20 15:21:00,12,2682.63,11,Активные ценные
12397,2011-07-27 14:21:00,2011-11-04 09:52:00,2,2214.8999999999996,27,Остальные
12398,2011-10-25 10:27:00,2011-10-25 10:27:00,1,1435.66,37,Остальные
12399,2011-03-23 09:42:00,2011-08-12 13:15:00,4,1033.65,111,Давно не покупавшие повторные
12401,2011-02-09 13:50:00,2011-02-09 13:50:00,1,69.3,295,Остальные
12402,2011-01-20 13:49:00,2011-01-20 13:49:00,1,195.6,315,Остальные
12403,2011-10-21 10:51:00,2011-10-21 10:51:00,1,391.7,41,Остальные
12405,2011-07-14 08:52:00,2011-07-14 08:52:00,1,1390.39,140,Остальные
12406,2011-06-09 10:23:00,2011-11-17 19:22:00,2,3415.3,14,Остальные
12407,2011-03-20 13:21:00,2011-10-21 10:11:00,5,1507.12,41,Активные повторные
12408,2011-03-24 14:46:00,2011-11-07 12:27:00,5,2618.55,24,Активные ценные
12409,2011-06-10 12:19:00,2011-09-22 10:38:00,3,11072.67,70,Остальные
12410,2011-02-04 10:38:00,2011-02-04 10:39:00,2,533.3299999999999,300,Давно не покупавшие повторные
12412,2011-06-23 13:51:00,2011-09-26 10:16:00,3,1142.88,66,Остальные
12413,2011-01-06 16:12:00,2011-10-04 09:00:00,3,686.1,58,Активные повторные
12414,2011-02-02 14:51:00,2011-05-06 14:51:00,3,442.40999999999997,209,Давно не покупавшие повторные
12415,2011-01-06 11:12:00,2011-11-15 14:22:00,20,124564.53,16,Активные ценные
12417,2010-12-17 11:51:00,2011-10-31 16:02:00,8,2901.37,31,Активные повторные
12418,2011-08-19 11:08:00,2011-08-19 11:08:00,1,668.58,104,Остальные
12420,2011-10-07 08:55:00,2011-10-07 08:55:00,1,600.39,55,Остальные
12421,2011-01-24 15:09:00,2011-11-24 09:07:00,4,639.04,7,Активные повторные
12422,2011-01-19 09:13:00,2011-09-05 09:48:00,3,683.56,87,Остальные
12423,2010-12-21 10:54:00,2011-08-31 08:55:00,7,1440.67,92,Давно не покупавшие повторные
12424,2011-06-30 12:06:00,2011-06-30 12:06:00,2,1760.96,154,Давно не покупавшие повторные
12425,2011-09-22 17:31:00,2011-09-22 17:31:00,1,777.2,70,Остальные
12426,2011-05-29 12:26:00,2011-05-29 12:26:00,1,510.73,186,Остальные
12427,2010-12-03 10:44:00,2011-11-18 08:56:00,3,699.8,13,Активные повторные
12428,2011-03-01 09:33:00,2011-11-14 08:22:00,8,6405.26,17,Активные ценные
12429,2010-12-09 12:05:00,2011-11-30 17:22:00,4,3388.4,1,Активные ценные
12430,2011-10-27 15:09:00,2011-10-27 15:09:00,1,216.4,35,Остальные
12431,2010-12-01 10:03:00,2011-11-04 11:55:00,15,6382.45,27,Активные ценные
12432,2011-06-20 13:27:00,2011-10-28 11:43:00,4,4359.32,34,Активные повторные
12433,2010-12-01 13:24:00,2011-11-30 14:05:00,5,10737.18,1,Активные ценные
12434,2011-03-24 13:05:00,2011-09-16 12:38:00,2,806.14,76,Остальные
12435,2011-03-17 07:40:00,2011-09-21 09:06:00,2,7829.89,71,Остальные
12436,2011-09-01 12:09:00,2011-09-01 12:09:00,1,429.01000000000005,91,Остальные
12437,2011-01-12 14:13:00,2011-11-30 16:47:00,17,4335.51,1,Активные ценные
12438,2011-07-22 13:29:00,2011-11-25 13:28:00,2,2466.85,6,Остальные
12441,2010-12-08 10:45:00,2010-12-08 10:45:00,1,155.55,358,Остальные
12444,2011-06-21 14:00:00,2011-11-18 13:23:00,5,4085.46,13,Активные ценные
12445,2011-11-17 18:43:00,2011-11-17 18:43:00,1,77.4,14,Недавние однократные
12446,2011-10-13 12:50:00,2011-10-13 12:50:00,1,1002.3100000000001,49,Остальные
12447,2011-04-10 13:25:00,2011-04-10 13:25:00,1,431.49,235,Остальные
12448,2011-10-26 13:46:00,2011-10-26 13:46:00,1,365.45,36,Остальные
12449,2011-06-05 15:37:00,2011-11-17 13:46:00,4,3596.29,14,Активные ценные
12450,2011-06-19 14:36:00,2011-07-06 14:41:00,2,197.88,148,Давно не покупавшие повторные
12451,2011-01-19 09:05:00,2011-11-29 08:40:00,5,8995.52,2,Активные ценные
12452,2011-11-23 08:05:00,2011-11-23 08:05:00,1,348.57,8,Недавние однократные
12453,2011-07-28 14:08:00,2011-07-28 14:08:00,1,707.09,126,Остальные
12454,2011-10-14 17:13:00,2011-10-14 17:13:00,1,3528.34,48,Остальные
12455,2011-02-16 09:56:00,2011-09-27 15:31:00,5,2339.86,65,Остальные
12456,2011-03-30 09:12:00,2011-10-26 14:41:00,3,2581.04,36,Активные повторные
12457,2011-04-14 18:57:00,2011-10-04 13:13:00,6,2043.23,58,Активные повторные
12458,2011-02-28 10:55:00,2011-09-29 15:25:00,2,787.4000000000001,63,Остальные
12461,2011-07-08 10:23:00,2011-07-08 10:23:00,1,626.88,146,Остальные
12462,2011-02-09 14:44:00,2011-11-21 09:11:00,2,937.5899999999999,10,Остальные
12463,2011-04-12 12:47:00,2011-10-17 13:44:00,4,1200.78,45,Активные повторные
12464,2011-02-03 13:30:00,2011-11-29 13:33:00,8,957.05,2,Активные повторные
12465,2011-06-23 13:37:00,2011-11-22 16:34:00,2,682.19,9,Остальные
12468,2011-01-27 13:29:00,2011-06-05 11:36:00,2,657.5400000000001,179,Давно не покупавшие повторные
12471,2010-12-10 09:35:00,2011-11-29 13:01:00,26,15425.539999999999,2,Активные ценные
12472,2010-12-05 14:19:00,2011-11-07 14:01:00,7,6068.110000000001,24,Активные ценные
12473,2011-06-01 10:15:00,2011-10-17 11:27:00,3,2596.23,45,Активные повторные
12474,2011-01-14 10:06:00,2011-11-22 14:39:00,18,6745.79,9,Активные ценные
12475,2011-10-17 10:10:00,2011-10-17 10:10:00,1,669.38,45,Остальные
12476,2010-12-13 14:39:00,2011-11-24 12:40:00,11,5898.42,7,Активные ценные
12477,2011-02-11 12:45:00,2011-11-17 09:51:00,6,13219.739999999998,14,Активные ценные
12479,2011-11-28 13:26:00,2011-11-28 13:26:00,1,473.2,3,Недавние однократные
12480,2011-01-07 15:27:00,2011-11-11 14:52:00,4,2885.63,20,Активные ценные
12481,2010-12-09 10:13:00,2011-11-17 08:29:00,10,5020.32,14,Активные ценные
12483,2011-01-04 14:20:00,2011-11-22 17:02:00,8,1910.98,9,Активные ценные
12484,2011-01-07 14:04:00,2011-11-04 15:18:00,4,3953.7200000000003,27,Активные ценные
12488,2011-09-25 10:34:00,2011-11-30 08:50:00,3,1244.66,1,Активные повторные
12489,2011-01-07 13:13:00,2011-01-07 13:13:00,1,298.93,328,Остальные
12490,2011-01-14 09:13:00,2011-11-22 11:19:00,9,4451.63,9,Активные ценные
12491,2011-11-01 12:18:00,2011-11-01 12:18:00,1,424.40000000000003,30,Недавние однократные
12492,2011-08-26 14:51:00,2011-10-07 15:15:00,2,227.21,55,Остальные
12493,2011-05-26 14:53:00,2011-06-27 10:17:00,2,379.74,157,Давно не покупавшие повторные
12494,2010-12-09 11:31:00,2011-11-24 09:34:00,7,1084.1000000000001,7,Активные повторные
12497,2011-09-19 12:29:00,2011-09-19 12:29:00,1,953.1,73,Остальные
12498,2011-10-13 09:30:00,2011-11-18 12:53:00,3,349.70000000000005,13,Активные повторные
12500,2011-01-10 09:48:00,2011-11-16 16:20:00,11,4059.82,15,Активные ценные
12501,2011-01-07 12:28:00,2011-01-07 12:28:00,1,2025.39,328,Остальные
12502,2011-02-03 10:41:00,2011-09-05 11:52:00,5,2995.87,87,Остальные
12504,2011-11-09 14:56:00,2011-11-21 16:02:00,2,428.04999999999995,10,Остальные
12506,2011-04-21 08:54:00,2011-04-21 08:54:00,1,73.5,224,Остальные
12507,2011-02-14 09:24:00,2011-07-28 17:09:00,3,1052.81,126,Давно не покупавшие повторные
12508,2011-11-10 16:27:00,2011-11-13 15:37:00,2,398.27,18,Остальные
12509,2011-02-28 14:45:00,2011-02-28 14:45:00,1,158.5,276,Остальные
12510,2011-01-18 14:04:00,2011-07-20 10:15:00,2,814.5699999999999,134,Давно не покупавшие повторные
12512,2011-10-04 14:53:00,2011-10-04 14:55:00,2,138.03,58,Остальные
12513,2011-08-19 10:51:00,2011-08-19 10:51:00,1,558.29,104,Остальные
12514,2011-03-17 16:38:00,2011-03-17 16:38:00,1,1017.68,259,Остальные
12515,2010-12-21 15:43:00,2010-12-21 15:43:00,1,278.7,345,Остальные
12516,2011-06-12 11:37:00,2011-09-23 09:13:00,2,1186.06,69,Остальные
12517,2011-06-02 15:13:00,2011-11-11 13:57:00,4,2322.84,20,Активные ценные
12518,2011-08-21 13:18:00,2011-11-11 11:18:00,4,1537.75,20,Активные повторные
12519,2011-10-07 09:26:00,2011-10-07 09:26:00,1,286.84,55,Остальные
12520,2011-03-11 11:35:00,2011-09-21 15:23:00,5,2346.26,71,Остальные
12521,2011-07-20 10:51:00,2011-07-20 10:51:00,1,545.68,134,Остальные
12522,2011-10-19 14:41:00,2011-10-31 15:30:00,2,156.72,31,Остальные
12523,2011-01-12 09:43:00,2011-11-20 12:55:00,11,1699.77,11,Активные ценные
12524,2011-01-10 10:35:00,2011-11-30 15:31:00,8,3945.72,1,Активные ценные
12526,2011-09-06 14:19:00,2011-10-17 09:37:00,2,931.58,45,Остальные
12527,2011-01-18 12:05:00,2011-09-19 11:55:00,3,330.71000000000004,73,Остальные
12528,2011-01-31 09:05:00,2011-11-30 14:40:00,6,1645.48,1,Активные ценные
12530,2011-01-07 10:04:00,2011-10-11 12:34:00,4,1500.28,51,Активные повторные
12531,2011-11-25 11:12:00,2011-11-25 11:12:00,1,125.22,6,Недавние однократные
12532,2011-11-09 13:47:00,2011-11-09 13:47:00,1,313.83000000000004,22,Недавние однократные
12534,2011-08-01 10:26:00,2011-08-01 10:26:00,1,981.18,122,Остальные
12535,2011-06-06 12:47:00,2011-09-09 08:48:00,2,716.3499999999999,83,Остальные
12536,2011-10-11 14:52:00,2011-10-11 14:52:00,1,4279.71,51,Остальные
12538,2011-11-10 17:16:00,2011-11-10 17:16:00,1,363.95,21,Недавние однократные
12539,2011-01-10 09:11:00,2011-11-17 13:30:00,4,5568.35,14,Активные ценные
12540,2010-12-13 09:39:00,2011-11-20 11:31:00,17,11580.24,11,Активные ценные
12541,2011-03-04 09:32:00,2011-11-10 10:40:00,3,841.1800000000001,21,Активные повторные
12544,2011-11-03 16:15:00,2011-11-03 16:15:00,1,316.7,28,Недавние однократные
12545,2011-03-25 12:04:00,2011-09-25 13:39:00,2,832.39,67,Остальные
12546,2011-09-23 09:44:00,2011-10-24 12:09:00,2,1021.5,38,Остальные
12547,2011-03-04 12:46:00,2011-05-26 12:38:00,2,151.8,189,Давно не покупавшие повторные
12548,2011-06-26 15:35:00,2011-06-26 15:35:00,1,67.19999999999999,158,Остальные
12550,2011-09-21 14:35:00,2011-09-21 14:35:00,1,824.83,71,Остальные
12551,2010-12-17 11:23:00,2010-12-17 11:23:00,1,168.0,349,Остальные
12552,2011-10-31 12:11:00,2011-10-31 12:11:00,1,317.82,31,Остальные
12553,2011-01-14 10:42:00,2011-11-14 13:40:00,9,3019.26,17,Активные ценные
12556,2011-07-11 13:35:00,2011-10-20 13:06:00,2,603.71,42,Остальные
12557,2010-12-03 12:20:00,2011-11-23 16:59:00,5,11990.960000000001,8,Активные ценные
12559,2011-01-24 10:12:00,2011-02-02 09:49:00,2,525.71,302,Давно не покупавшие повторные
12560,2011-07-19 15:55:00,2011-07-19 15:55:00,1,1292.31,135,Остальные
12561,2011-02-10 11:39:00,2011-02-10 11:39:00,1,238.85,294,Остальные
12562,2011-05-25 12:44:00,2011-11-17 11:34:00,6,2785.37,14,Активные ценные
12564,2011-03-23 14:55:00,2011-03-23 14:55:00,1,402.9,253,Остальные
12565,2011-02-24 10:34:00,2011-02-24 10:34:00,1,145.92,280,Остальные
12566,2011-09-14 14:30:00,2011-09-14 14:30:00,1,297.65,78,Остальные
12567,2010-12-05 11:57:00,2011-11-17 11:02:00,10,8609.28,14,Активные ценные
12569,2011-04-01 13:47:00,2011-11-23 14:39:00,26,2673.67,8,Активные ценные
12571,2011-08-10 12:35:00,2011-10-31 10:19:00,2,519.61,31,Остальные
12572,2011-10-19 08:20:00,2011-10-19 08:20:00,1,478.74,43,Остальные
12573,2011-04-26 15:52:00,2011-04-26 15:52:00,1,160.54,219,Остальные
12574,2011-01-28 09:20:00,2011-01-28 09:20:00,1,182.45000000000002,307,Остальные
12576,2011-02-08 11:31:00,2011-11-04 10:11:00,5,1315.83,27,Активные повторные
12577,2010-12-15 16:21:00,2011-11-04 13:24:00,3,653.8499999999999,27,Активные повторные
12578,2011-01-13 15:34:00,2011-11-18 13:30:00,2,2402.51,13,Остальные
12579,2011-09-22 17:15:00,2011-09-22 17:15:00,1,386.42,70,Остальные
12580,2011-04-07 10:24:00,2011-04-07 10:24:00,1,379.7,238,Остальные
12581,2011-10-31 08:56:00,2011-10-31 08:56:00,1,179.71,31,Остальные
12582,2011-02-24 11:42:00,2011-04-15 08:45:00,2,351.36,230,Давно не покупавшие повторные
12583,2010-12-01 08:45:00,2011-11-21 11:16:00,14,6064.61,10,Активные ценные
12584,2011-03-04 15:15:00,2011-11-22 08:34:00,8,2053.7,9,Активные ценные
12585,2010-12-23 12:58:00,2011-04-19 13:39:00,2,1824.1,226,Давно не покупавшие повторные
12586,2011-11-22 16:24:00,2011-11-22 16:24:00,1,196.94000000000003,9,Недавние однократные
12588,2011-10-31 15:01:00,2011-10-31 15:01:00,1,174.89999999999998,31,Остальные
12589,2011-07-18 12:05:00,2011-11-11 10:19:00,2,574.6800000000001,20,Остальные
12590,2011-05-12 14:46:00,2011-05-12 14:46:00,1,9341.26,203,Остальные
12591,2011-01-26 14:35:00,2011-01-26 14:35:00,1,368.85,309,Остальные
12592,2011-05-10 13:44:00,2011-09-08 15:04:00,2,401.6,84,Остальные
12593,2011-05-05 09:29:00,2011-08-23 12:43:00,3,382.1,100,Давно не покупавшие повторные
12594,2011-01-21 09:52:00,2011-11-02 12:20:00,9,3208.2200000000003,29,Активные ценные
12596,2011-04-11 13:22:00,2011-10-19 13:02:00,2,450.27,43,Остальные
12597,2011-03-16 14:00:00,2011-11-20 13:33:00,4,3195.2200000000003,11,Активные ценные
12598,2011-02-28 11:58:00,2011-11-30 12:18:00,7,2807.08,1,Активные ценные
12599,2011-02-08 13:28:00,2011-11-10 13:34:00,7,888.58,21,Активные повторные
12600,2010-12-03 12:57:00,2011-11-11 10:29:00,10,2311.04,20,Активные ценные
12601,2011-01-11 10:38:00,2011-06-03 10:17:00,5,487.06,181,Давно не покупавшие повторные
12602,2011-10-12 11:22:00,2011-10-12 11:22:00,1,153.12,50,Остальные
12603,2011-11-18 10:42:00,2011-11-18 10:42:00,1,613.1999999999999,13,Недавние однократные
12604,2011-03-23 12:06:00,2011-09-21 14:08:00,2,236.18,71,Остальные
12607,2011-10-10 16:06:00,2011-10-10 16:06:00,1,1579.51,52,Остальные
12609,2011-01-25 15:13:00,2011-09-22 16:34:00,3,964.85,70,Остальные
12610,2011-08-05 13:52:00,2011-11-17 09:34:00,4,1747.54,14,Активные ценные
12611,2011-10-18 13:12:00,2011-10-18 13:12:00,1,1193.32,44,Остальные
12612,2011-09-26 15:35:00,2011-09-26 15:35:00,1,668.0400000000001,66,Остальные
12613,2011-03-22 15:42:00,2011-10-13 14:59:00,4,3092.38,49,Активные повторные
12614,2011-03-07 10:22:00,2011-03-07 10:22:00,1,315.6,269,Остальные
12615,2011-06-24 13:35:00,2011-11-03 10:45:00,3,1706.3400000000001,28,Активные ценные
12616,2011-02-15 14:17:00,2011-09-05 15:17:00,2,641.3,87,Остальные
12617,2011-11-10 14:39:00,2011-11-10 14:39:00,1,355.53,21,Недавние однократные
12618,2011-11-18 11:10:00,2011-11-18 11:10:00,1,137.31,13,Недавние однократные
12619,2011-03-31 13:10:00,2011-11-23 14:52:00,8,2945.56,8,Активные ценные
12620,2011-05-19 12:10:00,2011-11-25 10:20:00,3,1303.4099999999999,6,Активные повторные
12621,2010-12-09 10:16:00,2011-11-16 08:37:00,19,11313.47,15,Активные ценные
12622,2011-04-21 16:39:00,2011-04-21 16:39:00,1,162.1,224,Остальные
12623,2011-03-08 13:50:00,2011-03-08 13:50:00,1,269.1,268,Остальные
12624,2011-06-15 12:34:00,2011-08-25 15:04:00,2,569.13,98,Давно не покупавшие повторные
12625,2011-01-24 13:27:00,2011-05-12 09:54:00,2,2413.8199999999997,203,Давно не покупавшие повторные
12626,2011-01-17 11:01:00,2011-11-16 16:06:00,9,5954.48,15,Активные ценные
12627,2011-07-22 13:59:00,2011-11-29 12:07:00,6,4082.5299999999997,2,Активные ценные
12628,2011-10-06 09:28:00,2011-11-06 14:26:00,2,535.21,25,Остальные
12630,2011-10-27 10:41:00,2011-11-30 10:48:00,2,1030.88,1,Остальные
12631,2011-10-13 13:53:00,2011-10-13 13:53:00,1,480.5,49,Остальные
12633,2011-02-25 08:44:00,2011-10-12 11:40:00,4,1929.98,50,Активные повторные
12635,2011-07-08 08:43:00,2011-09-11 11:04:00,2,1509.1799999999998,81,Остальные
12637,2011-01-20 10:47:00,2011-10-03 13:46:00,8,5823.900000000001,59,Активные повторные
12638,2011-11-06 13:11:00,2011-11-06 13:11:00,1,511.69,25,Недавние однократные
12639,2011-04-15 12:48:00,2011-04-15 12:48:00,1,366.1,230,Остальные
12640,2011-09-19 12:01:00,2011-11-16 11:52:00,3,994.58,15,Активные повторные
12641,2011-08-16 13:26:00,2011-08-16 13:26:00,1,145.9,107,Остальные
12642,2011-08-24 09:23:00,2011-11-14 15:03:00,3,905.26,17,Активные повторные
12643,2011-01-11 11:48:00,2011-08-03 12:56:00,6,3041.6400000000003,120,Давно не покупавшие повторные
12644,2011-08-02 10:33:00,2011-08-02 10:33:00,1,477.91,121,Остальные
12645,2011-01-27 13:08:00,2011-11-06 12:38:00,4,1631.18,25,Активные ценные
12646,2011-10-21 12:52:00,2011-10-21 12:52:00,1,731.6899999999999,41,Остальные
12647,2010-12-05 14:02:00,2011-11-17 12:56:00,12,3146.82,14,Активные ценные
12648,2011-07-08 11:55:00,2011-07-08 11:55:00,1,300.05,146,Остальные
12649,2011-05-11 14:37:00,2011-08-24 14:41:00,3,569.51,99,Давно не покупавшие повторные
12651,2011-01-09 12:46:00,2011-01-09 12:46:00,1,114.0,326,Остальные
12652,2011-01-12 15:00:00,2011-01-12 15:00:00,1,793.98,323,Остальные
12653,2011-02-16 10:53:00,2011-07-14 10:41:00,2,2209.85,140,Давно не покупавшие повторные
12654,2011-02-17 13:16:00,2011-11-29 10:10:00,5,529.98,2,Активные повторные
12656,2011-04-20 09:20:00,2011-11-22 13:42:00,5,3619.17,9,Активные ценные
12657,2011-09-22 11:40:00,2011-11-28 15:47:00,4,1427.18,3,Активные повторные
12658,2011-11-21 10:22:00,2011-11-21 10:22:00,1,632.05,10,Недавние однократные
12659,2011-11-10 11:53:00,2011-11-10 11:53:00,1,73.68,21,Недавние однократные
12660,2011-11-28 13:26:00,2011-11-28 13:26:00,1,227.1,3,Недавние однократные
12662,2010-12-01 13:04:00,2011-11-16 17:26:00,10,3336.83,15,Активные ценные
12664,2011-01-21 11:42:00,2011-11-23 15:02:00,8,3581.88,8,Активные ценные
12665,2011-01-19 08:34:00,2011-01-19 08:34:00,1,45.0,316,Остальные
12667,2011-10-12 17:00:00,2011-10-12 17:00:00,1,460.13,50,Остальные
12668,2010-12-19 12:46:00,2011-11-28 10:56:00,4,3177.1499999999996,3,Активные ценные
12669,2011-03-28 10:15:00,2011-07-12 09:54:00,2,1427.73,142,Давно не покупавшие повторные
12670,2011-04-21 10:16:00,2011-11-29 15:23:00,5,2744.05,2,Активные ценные
12672,2011-01-14 09:20:00,2011-01-14 09:20:00,1,225.9,321,Остальные
12673,2011-01-17 11:46:00,2011-01-17 11:46:00,1,220.9,318,Остальные
12674,2011-05-16 09:10:00,2011-11-01 12:12:00,4,1844.6,30,Активные ценные
12676,2011-02-01 15:41:00,2011-11-15 12:25:00,6,1091.39,16,Активные повторные
12678,2010-12-21 14:26:00,2011-10-28 13:04:00,9,16331.460000000001,34,Активные повторные
12679,2011-03-01 12:26:00,2011-10-12 12:30:00,4,951.02,50,Активные повторные
12680,2011-08-18 15:44:00,2011-09-27 12:53:00,3,541.3599999999999,65,Остальные
12681,2010-12-07 10:08:00,2011-11-25 11:33:00,22,12365.54,6,Активные ценные
12682,2010-12-03 13:59:00,2011-11-30 14:16:00,30,10445.59,1,Активные ценные
12683,2010-12-09 10:37:00,2011-10-20 14:30:00,13,6905.09,42,Активные повторные
12684,2011-05-10 12:55:00,2011-11-15 10:50:00,5,1912.23,16,Активные ценные
12685,2011-09-07 10:28:00,2011-11-11 13:46:00,6,2575.08,20,Активные ценные
12686,2010-12-03 09:51:00,2010-12-03 09:51:00,1,71.14,363,Остальные
12688,2011-08-18 08:49:00,2011-08-18 08:49:00,1,4873.81,105,Остальные
12689,2011-08-04 10:04:00,2011-11-14 08:31:00,2,1139.6100000000001,17,Остальные
12690,2011-05-18 09:09:00,2011-05-18 09:09:00,1,335.01,197,Остальные
12691,2010-12-17 14:46:00,2011-11-11 16:49:00,5,927.8,20,Активные повторные
12693,2011-01-24 12:58:00,2011-08-04 17:51:00,4,711.9100000000001,119,Давно не покупавшие повторные
12694,2011-06-09 17:48:00,2011-09-30 13:06:00,2,761.6700000000001,62,Остальные
12695,2011-05-13 13:15:00,2011-10-04 15:02:00,3,497.0,58,Активные повторные
12697,2011-06-23 15:44:00,2011-11-11 08:47:00,3,757.5899999999999,20,Активные повторные
12700,2011-05-08 16:10:00,2011-10-05 09:57:00,3,3337.24,57,Активные повторные
12701,2011-04-11 13:02:00,2011-09-21 10:47:00,2,725.71,71,Остальные
12702,2011-11-20 10:36:00,2011-11-20 10:36:00,1,201.0,11,Недавние однократные
12703,2011-09-29 17:52:00,2011-09-29 17:52:00,1,265.55,63,Остальные
12704,2011-06-23 10:20:00,2011-11-17 14:51:00,7,1582.08,14,Активные ценные
12705,2010-12-17 15:58:00,2011-11-24 13:17:00,8,6382.29,7,Активные ценные
12707,2011-02-21 08:38:00,2011-02-21 08:38:00,1,603.42,283,Остальные
12708,2010-12-06 10:43:00,2011-11-10 09:52:00,10,2442.91,21,Активные ценные
12709,2010-12-08 09:49:00,2011-11-24 15:38:00,15,9430.52,7,Активные ценные
12710,2011-05-22 14:05:00,2011-09-04 12:00:00,3,1023.0200000000001,88,Остальные
12712,2010-12-03 14:30:00,2011-11-11 08:19:00,13,3928.13,20,Активные ценные
12714,2011-02-18 10:53:00,2011-11-30 15:43:00,5,4294.860000000001,1,Активные ценные
12715,2011-08-25 15:22:00,2011-08-25 15:22:00,1,273.86,98,Остальные
12716,2011-07-29 13:28:00,2011-07-29 13:28:00,1,623.9,125,Остальные
12717,2011-04-08 10:32:00,2011-07-11 14:47:00,2,830.98,143,Давно не покупавшие повторные
12718,2011-09-29 16:38:00,2011-09-29 16:38:00,1,202.25,63,Остальные
12719,2011-10-05 14:50:00,2011-10-05 14:50:00,1,247.60000000000002,57,Остальные
12720,2010-12-05 15:21:00,2011-11-24 15:03:00,24,4823.26,7,Активные ценные
12721,2010-12-20 11:38:00,2011-11-08 12:13:00,6,2386.13,23,Активные ценные
12722,2011-07-12 11:55:00,2011-09-15 14:50:00,4,979.63,77,Остальные
12723,2011-10-05 15:52:00,2011-11-23 14:01:00,4,647.79,8,Активные повторные
12724,2011-01-11 15:00:00,2011-09-19 12:36:00,3,733.1700000000001,73,Остальные
12725,2010-12-03 15:45:00,2010-12-03 15:45:00,1,371.8,363,Остальные
12726,2010-12-17 12:56:00,2011-11-11 13:35:00,7,2411.1,20,Активные ценные
12727,2011-01-23 15:17:00,2011-11-29 11:46:00,7,3440.7,2,Активные ценные
12728,2011-01-11 13:31:00,2011-09-29 15:31:00,4,728.33,63,Остальные
12729,2011-08-18 11:40:00,2011-08-18 11:40:00,1,417.01,105,Остальные
12731,2010-12-10 10:56:00,2011-11-16 11:59:00,12,18751.91,15,Активные ценные
12732,2011-06-13 11:33:00,2011-06-13 11:33:00,1,218.26000000000002,171,Остальные
12733,2011-04-19 16:19:00,2011-04-19 16:19:00,1,383.95,226,Остальные
12734,2010-12-22 12:47:00,2010-12-22 12:47:00,1,110.39999999999999,344,Остальные
12735,2011-01-06 14:26:00,2011-01-28 13:37:00,2,689.5699999999999,307,Давно не покупавшие повторные
12736,2011-01-11 07:57:00,2011-01-11 07:57:00,1,144.0,324,Остальные
12738,2010-12-02 18:27:00,2010-12-02 18:27:00,1,137.35,364,Остальные
12739,2011-09-01 17:45:00,2011-09-01 17:45:00,1,975.54,91,Остальные
12740,2011-10-07 10:44:00,2011-10-07 10:44:00,1,427.6,55,Остальные
12743,2011-07-28 16:06:00,2011-07-28 16:21:00,2,546.4300000000001,126,Давно не покупавшие повторные
12744,2011-01-25 13:26:00,2011-10-14 14:54:00,4,9120.39,48,Активные повторные
12747,2010-12-05 15:38:00,2011-11-17 17:13:00,10,3757.5099999999998,14,Активные ценные
12748,2010-12-01 12:48:00,2011-11-29 18:14:00,197,31247.9,2,Активные ценные
12749,2011-05-10 15:25:00,2011-11-17 12:05:00,4,3277.82,14,Активные ценные
12750,2011-08-03 09:13:00,2011-08-03 09:13:00,1,275.88,120,Остальные
12752,2011-09-19 13:32:00,2011-09-19 13:32:00,1,4366.78,73,Остальные
12753,2010-12-12 11:44:00,2011-11-17 10:52:00,6,21429.39,14,Активные ценные
12754,2011-02-04 10:31:00,2011-04-18 09:00:00,3,3010.74,227,Давно не покупавшие повторные
12755,2010-12-09 10:44:00,2011-03-04 12:42:00,2,3811.95,272,Давно не покупавшие повторные
12756,2011-09-14 09:31:00,2011-09-14 09:31:00,1,112.08,78,Остальные
12757,2011-05-12 19:01:00,2011-11-24 12:30:00,9,4199.2,7,Активные ценные
12758,2011-03-08 12:05:00,2011-08-15 10:22:00,2,2791.59,108,Давно не покупавшие повторные
12759,2011-03-09 08:09:00,2011-10-18 14:49:00,3,1411.44,44,Активные повторные
12762,2011-11-14 14:23:00,2011-11-14 14:23:00,1,405.59,17,Недавние однократные
12763,2010-12-05 15:46:00,2011-07-24 14:12:00,2,494.08,130,Давно не покупавшие повторные
12764,2011-01-27 10:19:00,2011-01-27 10:19:00,1,1693.88,308,Остальные
12766,2010-12-08 13:53:00,2011-10-13 11:50:00,6,5851.2,49,Активные повторные
12769,2011-04-15 10:25:00,2011-04-15 10:25:00,1,1143.6,230,Остальные
12770,2011-05-13 09:33:00,2011-05-13 09:33:00,1,1351.45,202,Остальные
12772,2011-10-11 09:19:00,2011-10-11 09:19:00,1,752.47,51,Остальные
12775,2011-02-01 13:45:00,2011-11-22 16:33:00,5,1281.04,9,Активные повторные
12778,2011-01-31 14:35:00,2011-11-20 11:30:00,6,693.23,11,Активные повторные
12779,2010-12-03 13:40:00,2011-11-02 11:43:00,8,3981.36,29,Активные ценные
12781,2011-02-28 08:43:00,2011-10-07 10:37:00,2,786.74,55,Остальные
12782,2010-12-17 11:30:00,2011-07-13 10:30:00,4,1714.67,141,Давно не покупавшие повторные
12783,2011-09-25 15:35:00,2011-11-07 11:57:00,3,1007.29,24,Активные повторные
12784,2011-11-24 12:53:00,2011-11-24 12:53:00,1,518.42,7,Недавние однократные
12785,2010-12-10 13:48:00,2010-12-10 13:48:00,1,255.95,356,Остальные
12787,2011-05-31 09:36:00,2011-11-30 08:44:00,3,418.65999999999997,1,Активные повторные
12789,2011-10-05 13:34:00,2011-10-05 13:34:00,1,76.85,57,Остальные
12790,2011-05-31 14:14:00,2011-05-31 14:14:00,1,294.92,184,Остальные
12791,2010-12-01 11:27:00,2010-12-01 11:27:00,1,177.60000000000002,365,Остальные
12792,2011-03-28 11:36:00,2011-03-28 11:36:00,1,344.53999999999996,248,Остальные
12793,2010-12-03 15:14:00,2011-01-09 12:12:00,2,461.48,326,Давно не покупавшие повторные
12794,2011-09-02 12:01:00,2011-10-17 14:54:00,2,860.41,45,Остальные
12795,2011-11-21 10:27:00,2011-11-21 10:27:00,1,318.48,10,Недавние однократные
12797,2010-12-09 10:55:00,2010-12-09 10:55:00,1,226.03,357,Остальные
12798,2011-06-22 10:11:00,2011-11-29 15:52:00,3,6977.04,2,Активные ценные
12802,2011-06-06 09:36:00,2011-06-06 09:36:00,1,397.58,178,Остальные
12808,2010-12-06 10:27:00,2011-11-03 10:05:00,3,455.65000000000003,28,Активные повторные
12809,2011-06-15 10:51:00,2011-06-15 10:51:00,1,405.31,169,Остальные
12811,2011-02-28 15:39:00,2011-03-23 10:55:00,2,458.85,253,Давно не покупавшие повторные
12812,2011-10-26 09:54:00,2011-10-26 09:54:00,1,229.64000000000001,36,Остальные
12814,2011-08-30 12:11:00,2011-08-30 12:11:00,1,85.92,93,Остальные
12815,2011-05-25 13:34:00,2011-07-15 10:21:00,2,863.46,139,Давно не покупавшие повторные
12816,2011-06-16 13:24:00,2011-09-05 12:41:00,2,452.20000000000005,87,Остальные
12817,2011-03-03 16:28:00,2011-03-03 16:28:00,1,126.03999999999999,273,Остальные
12818,2011-03-23 12:06:00,2011-03-23 12:06:00,1,1182.0800000000002,253,Остальные
12820,2011-01-17 12:34:00,2011-10-26 13:27:00,3,731.99,36,Активные повторные
12821,2011-05-09 15:51:00,2011-05-09 15:51:00,1,92.72,206,Остальные
12822,2011-09-13 13:46:00,2011-09-30 10:04:00,2,948.88,62,Остальные
12823,2011-02-16 12:15:00,2011-09-26 07:35:00,5,1759.5,66,Остальные
12824,2011-10-11 12:49:00,2011-10-11 12:49:00,1,397.12,51,Остальные
12826,2010-12-09 15:21:00,2011-11-10 15:37:00,6,1332.12,21,Активные повторные
12827,2011-10-26 15:44:00,2011-11-07 11:29:00,2,318.7,24,Остальные
12828,2011-08-01 16:16:00,2011-10-05 10:53:00,4,661.31,57,Активные повторные
12829,2010-12-14 14:54:00,2011-01-07 11:13:00,2,293.0,328,Давно не покупавшие повторные
12830,2011-06-21 10:53:00,2011-11-02 11:54:00,6,6814.64,29,Активные ценные
12831,2011-03-22 13:02:00,2011-03-22 13:02:00,1,215.04999999999998,254,Остальные
12832,2011-09-02 13:48:00,2011-11-07 13:30:00,2,383.03000000000003,24,Остальные
12833,2011-07-17 13:46:00,2011-07-17 13:46:00,1,417.38,137,Остальные
12834,2011-03-02 09:49:00,2011-03-02 09:49:00,1,312.38,274,Остальные
12836,2011-02-01 11:19:00,2011-10-11 15:10:00,4,2612.86,51,Активные повторные
12837,2011-06-19 16:07:00,2011-06-19 16:07:00,1,134.1,165,Остальные
12838,2010-12-01 11:57:00,2011-11-06 12:20:00,2,683.1300000000001,25,Остальные
12839,2010-12-07 15:48:00,2011-11-28 12:33:00,13,4839.03,3,Активные ценные
12840,2011-04-27 12:21:00,2011-07-19 09:29:00,4,2726.77,135,Давно не покупавшие повторные
12841,2010-12-03 10:43:00,2011-11-25 12:20:00,23,3871.34,6,Активные ценные
12842,2011-02-04 12:36:00,2011-09-30 15:33:00,2,1118.99,62,Остальные
12843,2011-03-20 14:38:00,2011-10-05 12:09:00,8,1702.26,57,Активные повторные
12844,2011-08-01 13:11:00,2011-11-10 13:31:00,2,325.96000000000004,21,Остальные
12845,2011-02-22 14:10:00,2011-03-17 13:34:00,4,354.09,259,Давно не покупавшие повторные
12847,2011-11-17 13:16:00,2011-11-17 13:16:00,1,871.54,14,Недавние однократные
12849,2011-03-16 12:26:00,2011-11-08 13:41:00,2,1033.25,23,Остальные
12851,2011-09-04 12:41:00,2011-09-04 12:41:00,1,135.18,88,Остальные
12852,2011-02-18 08:47:00,2011-02-18 08:47:00,1,311.55,286,Остальные
12853,2011-01-28 10:28:00,2011-07-28 11:29:00,6,1957.1000000000001,126,Давно не покупавшие повторные
12854,2011-01-25 13:35:00,2011-09-22 12:15:00,3,1324.5,70,Остальные
12855,2010-12-02 09:37:00,2010-12-02 09:37:00,1,38.1,364,Остальные
12856,2011-10-07 12:38:00,2011-11-21 11:34:00,5,1966.83,10,Активные ценные
12857,2011-02-10 12:32:00,2011-05-13 10:20:00,2,1106.4,202,Давно не покупавшие повторные
12863,2011-10-18 14:15:00,2011-10-18 14:15:00,1,521.2,44,Остальные
12864,2011-07-24 13:03:00,2011-07-24 13:03:00,1,147.12,130,Остальные
12865,2011-08-08 10:11:00,2011-11-13 14:31:00,2,1568.23,18,Остальные
12866,2011-03-01 14:11:00,2011-03-01 14:11:00,1,499.12,275,Остальные
12867,2010-12-14 16:39:00,2011-11-13 15:30:00,7,4036.82,18,Активные ценные
12868,2010-12-01 12:50:00,2011-06-07 10:42:00,6,1607.0600000000002,177,Давно не покупавшие повторные
12871,2011-05-16 13:32:00,2011-09-16 15:07:00,2,380.64,76,Остальные
12872,2010-12-09 14:44:00,2011-01-17 10:52:00,2,599.97,318,Давно не покупавшие повторные
12873,2011-03-02 14:58:00,2011-03-02 14:58:00,1,374.0,274,Остальные
12875,2010-12-12 12:03:00,2011-07-19 15:30:00,2,343.2300000000001,135,Давно не покупавшие повторные
12876,2011-05-27 13:34:00,2011-10-13 12:26:00,2,2053.02,49,Остальные
12877,2010-12-16 12:23:00,2011-11-15 13:21:00,11,1436.1100000000001,16,Активные повторные
12878,2011-03-18 14:02:00,2011-04-17 13:07:00,2,854.99,228,Давно не покупавшие повторные
12879,2011-09-09 12:11:00,2011-10-26 12:24:00,3,573.22,36,Активные повторные
12881,2011-03-09 11:44:00,2011-03-09 11:44:00,1,298.0,267,Остальные
12882,2011-11-06 11:22:00,2011-11-30 16:18:00,2,1463.04,1,Остальные
12883,2011-09-11 15:18:00,2011-11-15 09:32:00,4,703.47,16,Активные повторные
12884,2011-09-12 13:10:00,2011-09-12 13:10:00,1,309.05,80,Остальные
12885,2011-08-08 11:45:00,2011-10-07 13:40:00,3,1175.22,55,Активные повторные
12886,2011-05-04 11:21:00,2011-10-03 10:09:00,2,1378.4,59,Остальные
12888,2011-03-29 14:31:00,2011-05-09 16:02:00,2,354.12,206,Давно не покупавшие повторные
12890,2011-11-15 17:26:00,2011-11-15 17:26:00,1,380.46999999999997,16,Недавние однократные
12891,2011-02-20 11:28:00,2011-06-07 12:31:00,3,331.0,177,Давно не покупавшие повторные
12893,2011-11-09 12:34:00,2011-11-09 12:34:00,1,188.14,22,Недавние однократные
12895,2011-09-14 08:35:00,2011-10-28 13:51:00,2,372.8,34,Остальные
12897,2011-02-11 11:40:00,2011-05-19 12:13:00,2,216.5,196,Давно не покупавшие повторные
12901,2011-03-14 10:41:00,2011-11-29 14:08:00,27,16874.54,2,Активные ценные
12902,2011-03-20 12:06:00,2011-03-20 12:06:00,1,138.68,256,Остальные
12904,2011-06-20 13:18:00,2011-11-21 14:34:00,2,509.58,10,Остальные
12906,2011-09-22 15:03:00,2011-11-28 09:55:00,5,2919.81,3,Активные ценные
12908,2011-01-31 12:37:00,2011-06-16 15:39:00,2,750.0,168,Давно не покупавшие повторные
12909,2011-03-31 12:51:00,2011-10-31 12:43:00,5,2178.67,31,Активные повторные
12910,2011-04-12 10:01:00,2011-11-16 14:28:00,8,3075.04,15,Активные ценные
12912,2011-10-30 11:35:00,2011-11-25 13:58:00,3,858.0600000000001,6,Активные повторные
12913,2010-12-06 16:36:00,2011-11-24 10:39:00,4,1948.5300000000002,7,Активные ценные
12915,2010-12-02 12:33:00,2011-07-14 11:34:00,2,363.65,140,Давно не покупавшие повторные
12916,2011-01-23 10:43:00,2011-07-24 10:35:00,4,3006.15,130,Давно не покупавшие повторные
12917,2011-08-03 16:42:00,2011-08-03 16:42:00,1,594.0,120,Остальные
12919,2011-06-23 09:22:00,2011-11-23 10:38:00,5,1047.29,8,Активные повторные
12920,2011-11-22 15:05:00,2011-11-22 15:05:00,1,164.23,9,Недавние однократные
12921,2010-12-01 15:06:00,2011-11-30 16:22:00,37,16587.09,1,Активные ценные
12922,2011-07-01 15:35:00,2011-07-01 15:35:00,1,405.38,153,Остальные
12923,2011-10-06 16:20:00,2011-10-06 16:20:00,1,175.72,56,Остальные
12924,2011-01-16 11:49:00,2011-09-12 13:55:00,4,925.75,80,Остальные
12925,2011-09-26 11:05:00,2011-09-26 11:05:00,1,368.31,66,Остальные
12928,2010-12-15 15:45:00,2011-11-04 14:24:00,5,2062.7,27,Активные ценные
12929,2011-02-01 12:08:00,2011-02-01 12:08:00,1,117.85,303,Остальные
12930,2011-06-21 13:25:00,2011-09-22 15:18:00,2,415.8,70,Остальные
12931,2010-12-17 09:45:00,2011-11-18 12:39:00,15,42055.96,13,Активные ценные
12933,2011-03-01 11:30:00,2011-11-15 16:38:00,3,607.53,16,Активные повторные
12935,2011-01-24 13:58:00,2011-11-13 11:24:00,5,1816.92,18,Активные ценные
12936,2011-09-22 13:51:00,2011-11-22 17:32:00,4,1063.9,9,Активные повторные
12937,2011-03-17 14:19:00,2011-11-24 15:05:00,4,1504.27,7,Активные повторные
12938,2011-11-14 11:21:00,2011-11-14 11:21:00,1,114.14,17,Недавние однократные
12939,2011-01-09 11:20:00,2011-10-06 14:33:00,8,11581.8,56,Активные повторные
12940,2011-09-13 10:16:00,2011-10-16 12:09:00,2,913.54,46,Остальные
12942,2010-12-09 09:34:00,2011-07-31 14:39:00,3,683.9,123,Давно не покупавшие повторные
12944,2010-12-20 10:41:00,2011-11-04 11:04:00,2,604.51,27,Остальные
12945,2011-02-24 14:15:00,2011-02-24 14:15:00,1,462.95,280,Остальные
12947,2010-12-01 16:21:00,2011-07-19 10:06:00,6,1603.99,135,Давно не покупавшие повторные
12948,2011-03-20 10:17:00,2011-11-23 17:10:00,7,2064.95,8,Активные ценные
12949,2011-04-01 13:20:00,2011-11-09 11:25:00,8,4167.22,22,Активные ценные
12950,2011-11-15 13:48:00,2011-11-15 13:48:00,1,311.6,16,Недавние однократные
12951,2011-01-13 10:33:00,2011-06-19 10:35:00,5,751.78,165,Давно не покупавшие повторные
12952,2011-09-22 16:37:00,2011-10-27 17:00:00,3,1090.06,35,Активные повторные
12953,2011-11-30 09:24:00,2011-11-30 09:24:00,1,329.85,1,Недавние однократные
12955,2011-03-17 09:03:00,2011-11-23 10:08:00,9,3949.9399999999996,8,Активные ценные
12956,2011-02-06 16:08:00,2011-02-06 16:08:00,1,108.07,298,Остальные
12957,2011-01-04 12:18:00,2011-11-30 09:53:00,8,4017.54,1,Активные ценные
12962,2011-08-18 13:38:00,2011-08-18 13:38:00,1,170.54,105,Остальные
12963,2010-12-09 09:14:00,2011-11-29 16:44:00,7,1591.98,2,Активные ценные
12965,2011-09-11 15:31:00,2011-09-11 15:31:00,1,771.91,81,Остальные
12966,2011-11-30 12:38:00,2011-11-30 12:38:00,1,160.18,1,Недавние однократные
12967,2010-12-03 09:49:00,2010-12-16 19:10:00,2,1660.9,350,Давно не покупавшие повторные
12968,2011-08-19 15:44:00,2011-08-19 15:44:00,1,135.95,104,Остальные
12970,2011-01-21 14:04:00,2011-01-21 14:21:00,2,23.799999999999997,314,Давно не покупавшие повторные
12971,2010-12-02 16:42:00,2011-11-29 17:03:00,84,11028.01,2,Активные ценные
12974,2011-05-26 09:33:00,2011-05-26 09:33:00,1,144.8,189,Остальные
12976,2011-05-12 09:55:00,2011-05-12 09:55:00,1,738.6,203,Остальные
12977,2011-07-06 16:40:00,2011-07-06 16:40:00,1,39.24,148,Остальные
12980,2010-12-16 11:36:00,2011-07-05 09:34:00,9,7374.900000000001,149,Давно не покупавшие повторные
12981,2011-07-29 14:14:00,2011-11-10 12:00:00,2,372.22,21,Остальные
12982,2011-04-11 11:51:00,2011-04-11 11:51:00,1,390.54,234,Остальные
12984,2011-11-21 12:37:00,2011-11-21 12:37:00,1,97.5,10,Недавние однократные
12985,2011-11-11 12:44:00,2011-11-11 12:44:00,1,754.38,20,Недавние однократные
12987,2011-05-26 12:00:00,2011-09-27 12:03:00,2,558.7,65,Остальные
12988,2011-02-20 14:31:00,2011-02-20 14:31:00,1,535.32,284,Остальные
12989,2010-12-10 13:24:00,2011-11-18 11:47:00,13,6794.9800000000005,13,Активные ценные
12990,2011-02-02 15:39:00,2011-11-08 13:01:00,3,409.5,23,Активные повторные
12991,2011-08-19 14:39:00,2011-11-16 15:34:00,2,503.76,15,Остальные
12993,2011-02-14 14:29:00,2011-11-16 15:49:00,4,414.76,15,Активные повторные
12994,2011-03-16 08:31:00,2011-08-11 17:02:00,2,645.47,112,Давно не покупавшие повторные
12995,2011-09-15 15:44:00,2011-09-15 15:44:00,1,211.32,77,Остальные
12997,2011-01-26 15:49:00,2011-11-17 15:47:00,4,1226.89,14,Активные повторные
12999,2011-04-08 10:26:00,2011-05-27 13:24:00,3,455.88,188,Давно не покупавшие повторные
13000,2010-12-10 10:26:00,2011-08-25 10:43:00,3,534.85,98,Давно не покупавшие повторные
13001,2011-01-17 12:45:00,2011-11-17 14:17:00,12,9227.810000000001,14,Активные ценные
13002,2011-01-25 15:18:00,2011-01-25 15:18:00,1,120.94999999999999,310,Остальные
13003,2011-05-09 08:23:00,2011-08-26 10:50:00,3,149.05,97,Давно не покупавшие повторные
13004,2010-12-17 08:20:00,2011-11-28 11:27:00,18,5655.91,3,Активные ценные
13005,2011-04-07 13:32:00,2011-06-19 10:53:00,2,513.7,165,Давно не покупавшие повторные
13006,2011-10-14 13:49:00,2011-10-14 13:49:00,1,81.57,48,Остальные
13008,2011-01-20 14:24:00,2011-01-20 14:24:00,1,229.46999999999997,315,Остальные
13011,2010-12-02 17:22:00,2010-12-02 17:22:00,1,50.550000000000004,364,Остальные
13012,2011-02-18 09:43:00,2011-11-30 13:05:00,8,1661.8400000000001,1,Активные ценные
13013,2010-12-03 12:28:00,2011-11-18 14:25:00,12,4515.84,13,Активные ценные
13014,2011-03-03 18:28:00,2011-11-29 12:27:00,10,3466.2799999999997,2,Активные ценные
13015,2011-04-04 14:28:00,2011-10-17 13:19:00,5,3346.2799999999997,45,Активные повторные
13016,2011-08-08 15:00:00,2011-09-27 14:08:00,3,789.89,65,Остальные
13018,2011-02-17 11:05:00,2011-11-23 13:28:00,28,7277.7,8,Активные ценные
13021,2010-12-16 10:12:00,2011-11-14 10:28:00,8,2310.9500000000003,17,Активные ценные
13023,2011-08-02 09:34:00,2011-10-06 16:27:00,2,599.9000000000001,56,Остальные
13026,2011-03-09 11:35:00,2011-11-08 07:52:00,4,774.8399999999999,23,Активные повторные
13027,2010-12-20 12:45:00,2011-08-18 09:39:00,6,6912.0,105,Давно не покупавшие повторные
13028,2011-10-25 14:09:00,2011-11-17 11:10:00,2,661.3199999999999,14,Остальные
13029,2010-12-21 13:53:00,2011-11-09 09:13:00,3,1247.5,22,Активные повторные
13030,2010-12-06 14:31:00,2011-11-28 14:30:00,2,799.48,3,Остальные
13032,2011-09-13 16:40:00,2011-10-18 15:54:00,2,1010.1800000000001,44,Остальные
13033,2010-12-17 14:23:00,2010-12-17 14:23:00,1,190.55,349,Остальные
13034,2010-12-05 14:52:00,2011-10-16 12:21:00,2,642.77,46,Остальные
13035,2011-03-24 09:21:00,2011-09-27 08:57:00,2,921.88,65,Остальные
13037,2011-03-28 15:42:00,2011-07-24 15:46:00,3,881.07,130,Давно не покупавшие повторные
13038,2011-02-22 11:43:00,2011-09-20 14:37:00,3,908.46,72,Остальные
13040,2011-11-06 13:53:00,2011-11-06 13:53:00,1,303.25,25,Недавние однократные
13043,2011-03-11 14:52:00,2011-03-11 14:52:00,1,516.42,265,Остальные
13044,2011-02-21 15:20:00,2011-02-21 15:20:00,1,560.47,283,Остальные
13045,2011-09-01 15:04:00,2011-09-01 15:04:00,1,305.28000000000003,91,Остальные
13046,2011-03-18 15:43:00,2011-11-09 08:36:00,2,629.3100000000001,22,Остальные
13047,2010-12-01 08:34:00,2011-10-14 11:15:00,9,3232.59,48,Активные повторные
13048,2011-01-16 14:36:00,2011-11-25 13:23:00,4,1835.91,6,Активные ценные
13049,2011-01-25 16:33:00,2011-10-06 15:31:00,2,656.68,56,Остальные
13050,2010-12-08 09:30:00,2011-11-25 09:18:00,17,5833.11,6,Активные ценные
13052,2011-05-11 14:12:00,2011-05-11 14:12:00,1,348.15000000000003,204,Остальные
13055,2011-05-10 08:58:00,2011-09-22 14:26:00,3,1214.41,70,Остальные
13058,2011-07-11 12:01:00,2011-11-15 12:43:00,3,271.4,16,Активные повторные
13059,2011-04-04 10:40:00,2011-04-04 10:40:00,1,183.4,241,Остальные
13060,2011-03-31 11:37:00,2011-03-31 11:37:00,1,307.53,245,Остальные
13061,2011-09-28 16:04:00,2011-09-28 16:04:00,1,248.61,64,Остальные
13062,2011-06-01 15:12:00,2011-06-01 15:12:00,1,346.98,183,Остальные
13064,2011-01-16 13:41:00,2011-11-27 12:31:00,4,1119.49,4,Активные повторные
13065,2010-12-01 16:52:00,2010-12-01 16:52:00,1,205.86,365,Остальные
13066,2011-11-07 17:06:00,2011-11-15 12:57:00,2,470.8,16,Остальные
13067,2011-09-18 13:38:00,2011-09-18 13:38:00,1,115.46000000000001,74,Остальные
13068,2011-01-24 08:20:00,2011-11-29 15:00:00,2,344.0,2,Остальные
13069,2010-12-05 11:02:00,2011-11-25 15:47:00,23,4155.88,6,Активные ценные
13070,2011-05-31 13:45:00,2011-05-31 13:45:00,1,228.8,184,Остальные
13072,2011-03-18 08:12:00,2011-03-18 08:12:00,1,177.15,258,Остальные
13075,2011-08-02 10:19:00,2011-08-02 10:19:00,1,919.61,121,Остальные
13077,2010-12-08 14:59:00,2011-02-22 16:19:00,3,577.44,282,Давно не покупавшие повторные
13078,2010-12-08 09:07:00,2011-11-29 16:31:00,25,11788.86,2,Активные ценные
13079,2011-07-22 14:41:00,2011-11-18 09:03:00,4,190.10000000000002,13,Активные повторные
13080,2011-06-13 14:59:00,2011-06-13 14:59:00,1,58.08,171,Остальные
13081,2010-12-03 17:20:00,2011-11-28 10:54:00,11,28337.38,3,Активные ценные
13082,2011-01-05 15:42:00,2011-08-05 16:16:00,9,3613.63,118,Давно не покупавшие повторные
13083,2011-09-25 10:46:00,2011-09-25 10:46:00,1,192.39,67,Остальные
13085,2011-02-17 13:57:00,2011-07-05 12:11:00,2,416.08000000000004,149,Давно не покупавшие повторные
13089,2010-12-05 10:27:00,2011-11-28 14:53:00,93,54144.21,3,Активные ценные
13090,2010-12-02 07:48:00,2011-11-20 12:00:00,12,8540.44,11,Активные ценные
13091,2011-11-11 15:54:00,2011-11-11 15:54:00,1,345.82,20,Недавние однократные
13092,2010-12-15 12:27:00,2011-09-30 11:18:00,5,477.83,62,Остальные
13093,2010-12-01 15:00:00,2011-03-09 12:14:00,8,7832.47,267,Давно не покупавшие повторные
13094,2010-12-06 10:34:00,2011-11-18 14:07:00,12,1927.3200000000002,13,Активные ценные
13095,2011-09-30 12:03:00,2011-09-30 12:03:00,1,74.39999999999999,62,Остальные
13097,2010-12-14 15:13:00,2011-11-07 10:43:00,10,6010.42,24,Активные ценные
13098,2011-01-26 13:46:00,2011-11-30 10:18:00,25,26516.68,1,Активные ценные
13099,2011-09-01 17:40:00,2011-09-01 17:40:00,1,207.35999999999999,91,Остальные
13101,2011-04-19 14:37:00,2011-04-19 14:37:00,1,101.19,226,Остальные
13102,2010-12-09 13:38:00,2011-11-16 15:01:00,22,5921.96,15,Активные ценные
13103,2011-10-31 09:38:00,2011-10-31 09:38:00,1,243.94,31,Остальные
13104,2010-12-20 11:58:00,2011-10-24 10:11:00,5,759.0,38,Активные повторные
13106,2011-07-29 15:12:00,2011-07-29 15:12:00,1,76.5,125,Остальные
13107,2011-01-10 12:28:00,2011-10-26 14:52:00,4,1531.6200000000001,36,Активные повторные
13108,2010-12-02 10:35:00,2010-12-02 10:35:00,1,350.06,364,Остальные
13109,2011-07-05 14:56:00,2011-10-11 10:16:00,2,786.54,51,Остальные
13110,2011-02-01 15:24:00,2011-11-08 14:30:00,7,1488.67,23,Активные повторные
13113,2010-12-08 13:21:00,2011-11-25 10:22:00,23,11906.76,6,Активные ценные
13115,2011-06-08 16:15:00,2011-11-28 12:38:00,4,2294.78,3,Активные ценные
13116,2011-07-24 14:33:00,2011-07-24 14:33:00,1,501.14,130,Остальные
13117,2010-12-02 13:11:00,2011-11-18 12:02:00,8,984.9100000000001,13,Активные повторные
13118,2011-02-24 12:32:00,2011-11-20 12:46:00,5,1197.81,11,Активные повторные
13120,2011-04-15 10:19:00,2011-04-15 10:19:00,1,30.599999999999998,230,Остальные
13121,2011-03-15 16:47:00,2011-03-15 16:47:00,1,283.73,261,Остальные
13122,2011-04-13 14:12:00,2011-09-06 15:53:00,2,922.39,86,Остальные
13124,2010-12-15 15:00:00,2011-09-11 12:45:00,3,3866.33,81,Остальные
13126,2010-12-08 11:42:00,2011-10-26 10:43:00,7,1730.2,36,Активные повторные
13127,2011-09-23 10:26:00,2011-09-23 10:26:00,1,259.17,69,Остальные
13130,2011-09-06 15:30:00,2011-09-06 15:30:00,1,64.0,86,Остальные
13131,2011-06-05 10:54:00,2011-11-16 13:21:00,3,1073.3,15,Активные повторные
13132,2011-03-23 12:44:00,2011-03-23 12:44:00,1,77.3,253,Остальные
13133,2011-02-08 15:48:00,2011-03-11 10:31:00,2,109.80000000000001,265,Давно не покупавшие повторные
13134,2011-04-13 12:57:00,2011-09-15 10:35:00,4,1793.58,77,Остальные
13135,2011-05-27 10:52:00,2011-05-27 10:52:00,1,3096.0,188,Остальные
13136,2011-05-11 12:47:00,2011-10-14 13:41:00,5,2607.6099999999997,48,Активные повторные
13137,2011-02-04 11:54:00,2011-11-29 12:09:00,8,3650.41,2,Активные ценные
13138,2010-12-02 15:03:00,2011-11-17 16:51:00,6,962.39,14,Активные повторные
13139,2011-03-25 11:57:00,2011-11-23 13:54:00,7,5064.94,8,Активные ценные
13140,2010-12-08 15:12:00,2011-08-23 15:33:00,3,423.72,100,Давно не покупавшие повторные
13141,2011-01-28 13:04:00,2011-09-16 09:54:00,5,2388.75,76,Остальные
13142,2011-11-20 16:07:00,2011-11-20 16:07:00,1,307.09,11,Недавние однократные
13144,2011-01-11 11:15:00,2011-01-11 11:15:00,1,110.95,324,Остальные
13145,2010-12-02 18:06:00,2011-10-31 12:45:00,4,618.52,31,Активные повторные
13146,2011-11-13 15:29:00,2011-11-13 15:29:00,1,228.91,18,Недавние однократные
13147,2011-09-01 12:28:00,2011-11-29 13:59:00,4,712.8000000000001,2,Активные повторные
13148,2010-12-10 13:06:00,2011-11-10 15:23:00,12,3707.12,21,Активные ценные
13149,2011-02-23 13:57:00,2011-11-25 13:09:00,4,1676.06,6,Активные ценные
13151,2011-02-17 12:29:00,2011-02-17 12:29:00,1,1257.8700000000001,287,Остальные
13155,2010-12-06 12:44:00,2011-11-06 15:41:00,4,971.76,25,Активные повторные
13157,2011-02-14 14:03:00,2011-10-21 13:50:00,4,1741.22,41,Активные повторные
13158,2011-01-25 09:58:00,2011-09-06 11:58:00,4,1201.06,86,Остальные
13159,2011-08-16 11:44:00,2011-10-20 13:20:00,3,1155.29,42,Активные повторные
13160,2011-11-17 13:07:00,2011-11-17 13:07:00,1,91.8,14,Недавние однократные
13161,2011-01-30 14:03:00,2011-01-30 14:03:00,1,112.75,305,Остальные
13162,2011-01-09 10:43:00,2011-08-09 15:59:00,4,1688.29,114,Давно не покупавшие повторные
13165,2010-12-23 14:06:00,2011-10-24 15:05:00,2,1021.48,38,Остальные
13166,2011-03-01 15:16:00,2011-03-01 15:16:00,1,417.2,275,Остальные
13167,2011-07-19 12:13:00,2011-11-21 12:24:00,4,779.3299999999999,10,Активные повторные
13168,2011-01-25 13:55:00,2011-11-03 12:56:00,4,1319.19,28,Активные повторные
13169,2011-04-01 14:24:00,2011-10-07 12:11:00,2,712.88,55,Остальные
13170,2011-11-13 12:19:00,2011-11-13 12:19:00,1,116.00999999999999,18,Недавние однократные
13171,2011-02-13 14:16:00,2011-11-18 10:27:00,3,468.40999999999997,13,Активные повторные
13173,2010-12-07 14:30:00,2010-12-07 14:30:00,1,165.94,359,Остальные
13174,2010-12-05 16:24:00,2011-11-23 14:35:00,3,2813.0299999999997,8,Активные ценные
13176,2011-10-24 15:43:00,2011-10-24 15:43:00,1,492.84,38,Остальные
13177,2011-10-06 09:56:00,2011-10-06 09:56:00,1,282.45,56,Остальные
13178,2010-12-14 12:22:00,2011-11-13 16:14:00,11,5725.47,18,Активные ценные
13182,2011-10-25 13:46:00,2011-10-25 13:46:00,1,121.18,37,Остальные
13183,2011-01-09 10:50:00,2011-11-02 14:50:00,8,3528.7200000000003,29,Активные ценные
13184,2011-02-22 17:25:00,2011-11-25 12:02:00,10,1700.29,6,Активные ценные
13185,2011-03-17 11:56:00,2011-03-17 11:56:00,1,71.4,259,Остальные
13186,2011-08-03 09:09:00,2011-10-31 11:40:00,3,1575.89,31,Активные повторные
13187,2011-01-06 18:57:00,2011-01-06 18:57:00,1,236.02,329,Остальные
13188,2011-11-28 15:28:00,2011-11-28 15:28:00,1,114.60000000000001,3,Недавние однократные
13189,2011-08-16 13:12:00,2011-11-21 10:39:00,2,260.68,10,Остальные
13192,2011-05-18 14:57:00,2011-09-05 14:13:00,2,911.94,87,Остальные
13193,2011-10-09 14:30:00,2011-10-09 14:30:00,1,117.88,53,Остальные
13194,2011-07-27 09:01:00,2011-07-27 09:01:00,1,60.7,127,Остальные
13196,2011-03-22 14:24:00,2011-11-28 13:54:00,4,1797.78,3,Активные ценные
13198,2010-12-13 09:29:00,2011-11-29 15:17:00,6,3401.24,2,Активные ценные
13199,2010-12-08 10:51:00,2011-11-29 14:00:00,34,9160.3,2,Активные ценные
13200,2011-08-05 14:50:00,2011-11-20 15:35:00,4,870.09,11,Активные повторные
13203,2011-04-11 14:40:00,2011-11-30 10:45:00,4,869.46,1,Активные повторные
13207,2011-07-12 11:35:00,2011-11-24 14:52:00,2,250.26,7,Остальные
13208,2011-02-03 19:32:00,2011-10-11 16:25:00,5,1199.42,51,Активные повторные
13209,2010-12-13 10:31:00,2011-11-09 13:54:00,8,5891.61,22,Активные ценные
13210,2011-09-07 08:18:00,2011-09-07 08:18:00,1,353.48,85,Остальные
13211,2010-12-13 16:17:00,2011-11-29 14:43:00,3,1197.42,2,Активные повторные
13212,2011-10-09 14:48:00,2011-11-20 12:40:00,3,788.08,11,Активные повторные
13213,2011-05-24 12:22:00,2011-10-14 11:42:00,5,1520.5800000000002,48,Активные повторные
13216,2011-03-17 12:18:00,2011-03-17 12:18:00,1,333.74,259,Остальные
13217,2011-07-06 12:08:00,2011-08-09 15:32:00,3,533.98,114,Давно не покупавшие повторные
13218,2011-08-04 16:59:00,2011-08-04 16:59:00,1,62.63999999999999,119,Остальные
13220,2011-04-17 10:59:00,2011-09-22 13:38:00,4,819.29,70,Остальные
13221,2010-12-15 13:24:00,2011-04-13 16:58:00,2,844.86,232,Давно не покупавшие повторные
13223,2011-04-21 15:16:00,2011-05-23 13:03:00,2,163.20000000000002,192,Давно не покупавшие повторные
13224,2011-07-11 14:10:00,2011-10-10 14:55:00,2,2152.95,52,Остальные
13225,2010-12-13 09:49:00,2011-10-10 14:06:00,6,5100.64,52,Активные повторные
13226,2011-03-11 14:35:00,2011-03-11 14:35:00,1,108.21,265,Остальные
13227,2011-05-22 11:47:00,2011-05-22 11:47:00,1,257.7,193,Остальные
13228,2011-09-19 14:28:00,2011-09-19 14:28:00,1,358.0,73,Остальные
13229,2011-04-28 12:07:00,2011-04-28 12:07:00,1,160.95,217,Остальные
13230,2010-12-09 19:28:00,2011-11-10 20:01:00,13,2409.71,21,Активные ценные
13232,2011-04-10 13:48:00,2011-11-27 10:39:00,7,1357.0,4,Активные повторные
13233,2011-01-07 14:49:00,2011-09-26 13:25:00,2,605.12,66,Остальные
13235,2011-05-11 17:13:00,2011-05-11 17:13:00,1,1031.07,204,Остальные
13236,2011-08-25 08:58:00,2011-11-15 12:50:00,2,744.85,16,Остальные
13238,2010-12-14 14:37:00,2011-11-22 15:37:00,4,700.73,9,Активные повторные
13239,2011-03-23 10:25:00,2011-03-23 10:25:00,1,329.56,253,Остальные
13240,2010-12-09 12:49:00,2011-09-04 14:08:00,4,648.7,88,Остальные
13242,2011-05-10 12:26:00,2011-08-19 12:53:00,3,270.4,104,Давно не покупавшие повторные
13243,2011-05-20 13:14:00,2011-05-20 13:14:00,1,600.07,195,Остальные
13244,2011-09-08 11:46:00,2011-09-08 11:46:00,1,121.74,84,Остальные
13245,2011-10-20 11:40:00,2011-10-20 11:40:00,1,430.5,42,Остальные
13246,2011-01-13 13:36:00,2011-11-21 16:50:00,6,1987.3,10,Активные ценные
13247,2011-09-18 11:31:00,2011-11-22 10:59:00,4,501.12,9,Активные повторные
13248,2011-06-03 13:05:00,2011-08-07 12:40:00,2,465.67999999999995,116,Давно не покупавшие повторные
13249,2011-03-23 15:26:00,2011-09-08 13:26:00,3,711.4100000000001,84,Остальные
13253,2011-01-04 15:43:00,2011-07-06 10:09:00,2,1030.3999999999999,148,Давно не покупавшие повторные
13255,2010-12-01 11:58:00,2011-11-30 13:14:00,2,399.51,1,Остальные
13258,2011-05-18 13:11:00,2011-11-28 09:31:00,3,698.58,3,Активные повторные
13259,2011-10-09 10:48:00,2011-10-09 10:48:00,1,292.32,53,Остальные
13260,2011-10-09 13:21:00,2011-10-09 13:21:00,1,557.62,53,Остальные
13261,2011-02-27 10:41:00,2011-03-16 12:22:00,2,944.1,260,Давно не покупавшие повторные
13262,2011-03-21 15:06:00,2011-03-21 15:06:00,1,200.29,255,Остальные
13263,2011-01-18 16:31:00,2011-11-28 13:20:00,32,7084.65,3,Активные ценные
13265,2011-03-11 09:54:00,2011-10-17 15:02:00,5,2107.6600000000003,45,Активные повторные
13266,2011-03-28 10:14:00,2011-11-28 14:39:00,12,3834.2599999999998,3,Активные ценные
13267,2010-12-08 09:20:00,2011-11-22 11:04:00,18,4220.29,9,Активные ценные
13268,2011-03-17 13:20:00,2011-11-22 11:34:00,10,3192.65,9,Активные ценные
13269,2010-12-05 11:51:00,2011-11-28 13:11:00,14,5012.55,3,Активные ценные
13270,2010-12-08 14:53:00,2010-12-08 14:53:00,1,590.0,358,Остальные
13271,2011-11-02 14:31:00,2011-11-02 14:31:00,1,217.38,29,Недавние однократные
13272,2011-09-11 12:06:00,2011-11-08 14:00:00,2,276.56,23,Остальные
13273,2011-08-18 14:02:00,2011-08-18 14:02:00,1,138.98,105,Остальные
13276,2011-09-01 10:03:00,2011-10-07 12:44:00,2,590.9300000000001,55,Остальные
13277,2011-07-29 10:06:00,2011-11-24 09:21:00,4,258.4,7,Активные повторные
13278,2011-10-30 11:49:00,2011-10-30 11:49:00,1,542.73,32,Остальные
13279,2011-09-22 17:24:00,2011-09-22 17:24:00,1,137.75,70,Остальные
13280,2011-01-06 17:10:00,2011-08-09 13:14:00,3,814.86,114,Давно не покупавшие повторные
13282,2011-05-03 12:03:00,2011-11-21 15:33:00,3,1132.14,10,Активные повторные
13283,2011-06-07 12:39:00,2011-10-11 09:50:00,2,93.66,51,Остальные
13284,2011-01-13 09:23:00,2011-01-13 09:23:00,1,201.19,322,Остальные
13285,2011-02-22 17:13:00,2011-11-16 13:19:00,4,2709.12,15,Активные ценные
13291,2011-07-07 10:36:00,2011-07-07 10:36:00,1,361.11,147,Остальные
13292,2011-02-28 15:00:00,2011-11-01 10:04:00,2,578.94,30,Остальные
13294,2011-04-04 12:37:00,2011-06-03 08:54:00,2,873.74,181,Давно не покупавшие повторные
13295,2010-12-15 11:21:00,2010-12-15 11:21:00,1,201.20000000000002,351,Остальные
13296,2011-07-25 13:46:00,2011-07-25 13:46:00,1,87.4,129,Остальные
13297,2011-10-03 15:08:00,2011-11-16 09:28:00,3,1766.33,15,Активные ценные
13299,2011-03-16 12:55:00,2011-03-16 12:55:00,1,142.5,260,Остальные
13300,2011-06-23 13:09:00,2011-06-23 13:09:00,1,371.89,161,Остальные
13301,2011-02-20 13:13:00,2011-08-28 11:25:00,4,600.19,95,Давно не покупавшие повторные
13302,2011-07-07 17:56:00,2011-07-07 17:56:00,1,63.75,147,Остальные
13304,2010-12-23 14:35:00,2010-12-23 14:35:00,1,300.42,343,Остальные
13305,2010-12-02 12:10:00,2011-11-18 11:07:00,9,1787.6999999999998,13,Активные ценные
13307,2011-08-11 17:14:00,2011-08-11 17:14:00,1,15.0,112,Остальные
13308,2011-05-20 13:13:00,2011-11-17 09:31:00,3,1385.51,14,Активные повторные
13309,2011-02-04 12:29:00,2011-10-25 13:16:00,4,1221.9099999999999,37,Активные повторные
13310,2011-01-19 14:50:00,2011-11-11 17:23:00,3,1132.03,20,Активные повторные
13311,2011-07-12 14:26:00,2011-07-12 14:26:00,1,490.11,142,Остальные
13313,2011-01-04 10:00:00,2011-11-17 16:48:00,5,1555.3200000000002,14,Активные повторные
13314,2011-09-27 10:20:00,2011-10-07 13:09:00,2,589.47,55,Остальные
13316,2011-03-30 13:01:00,2011-11-02 13:40:00,4,5977.73,29,Активные ценные
13317,2010-12-16 09:22:00,2011-10-04 13:35:00,6,2273.6800000000003,58,Активные повторные
13318,2011-11-02 13:26:00,2011-11-02 13:26:00,1,302.96,29,Недавние однократные
13319,2010-12-09 10:04:00,2011-11-22 16:39:00,25,10536.45,9,Активные ценные
13320,2011-05-10 10:29:00,2011-09-22 18:07:00,4,1548.7,70,Остальные
13321,2011-09-14 15:18:00,2011-09-28 15:24:00,2,567.36,64,Остальные
13322,2011-11-22 14:21:00,2011-11-22 14:21:00,1,199.48000000000002,9,Недавние однократные
13323,2011-09-16 13:23:00,2011-11-18 10:24:00,3,355.3,13,Активные повторные
13324,2010-12-14 09:50:00,2011-11-03 16:28:00,10,7121.95,28,Активные ценные
13325,2011-09-19 10:36:00,2011-09-19 10:36:00,1,675.3,73,Остальные
13327,2010-12-09 15:32:00,2011-11-01 10:21:00,8,3627.77,30,Активные ценные
13328,2011-01-27 15:22:00,2011-01-27 15:22:00,1,1308.48,308,Остальные
13329,2010-12-08 10:11:00,2011-11-08 10:29:00,2,789.0,23,Остальные
13330,2011-01-28 10:08:00,2011-09-08 12:27:00,3,1140.9299999999998,84,Остальные
13332,2011-11-25 13:30:00,2011-11-25 13:30:00,1,350.9,6,Недавние однократные
13334,2011-02-07 11:42:00,2011-09-18 15:21:00,3,3536.82,74,Остальные
13336,2011-09-23 14:05:00,2011-09-23 14:05:00,1,795.12,69,Остальные
13338,2011-07-05 09:06:00,2011-07-05 09:06:00,1,437.02000000000004,149,Остальные
13339,2011-05-23 08:31:00,2011-05-23 08:31:00,1,860.12,192,Остальные
13340,2011-03-08 11:39:00,2011-10-25 13:15:00,7,10736.48,37,Активные повторные
13341,2011-03-24 09:50:00,2011-03-24 09:50:00,1,775.85,252,Остальные
13343,2011-06-15 12:24:00,2011-06-15 12:24:00,1,303.43,169,Остальные
13344,2011-03-07 10:28:00,2011-10-03 09:45:00,3,2543.7200000000003,59,Активные повторные
13345,2011-02-25 09:01:00,2011-02-25 09:01:00,1,339.5,279,Остальные
13347,2011-09-30 13:28:00,2011-09-30 13:28:00,1,291.36,62,Остальные
13348,2011-10-06 17:28:00,2011-10-06 17:28:00,1,233.76,56,Остальные
13349,2011-11-29 08:07:00,2011-11-29 08:07:00,1,197.32,2,Недавние однократные
13350,2011-09-21 13:33:00,2011-11-23 16:33:00,2,879.1200000000001,8,Остальные
13351,2011-10-04 12:55:00,2011-10-04 12:55:00,1,323.94,58,Остальные
13352,2011-10-10 13:55:00,2011-10-10 13:55:00,1,347.97999999999996,52,Остальные
13354,2011-09-29 13:17:00,2011-09-29 13:17:00,1,743.53,63,Остальные
13355,2011-08-09 14:48:00,2011-08-09 14:48:00,1,674.7,114,Остальные
13356,2011-09-20 14:33:00,2011-09-20 14:33:00,1,768.24,72,Остальные
13357,2011-03-27 13:56:00,2011-03-27 13:56:00,1,609.95,249,Остальные
13358,2011-03-16 11:52:00,2011-03-16 11:52:00,1,389.03000000000003,260,Остальные
13359,2011-10-07 09:30:00,2011-10-07 09:30:00,1,389.56,55,Остальные
13362,2011-02-25 11:33:00,2011-11-30 14:41:00,4,3090.7400000000002,1,Активные ценные
13363,2011-10-27 10:46:00,2011-11-22 12:40:00,2,892.5,9,Остальные
13364,2011-09-29 18:13:00,2011-09-29 18:13:00,1,134.96,63,Остальные
13365,2011-05-06 12:00:00,2011-11-06 12:36:00,2,2225.37,25,Остальные
13366,2011-10-20 13:37:00,2011-10-20 13:37:00,1,56.160000000000004,42,Остальные
13368,2011-01-06 12:32:00,2011-03-28 09:59:00,2,573.4,248,Давно не покупавшие повторные
13369,2010-12-09 11:30:00,2010-12-09 11:30:00,1,258.28000000000003,357,Остальные
13370,2010-12-03 10:26:00,2010-12-03 10:26:00,1,754.87,363,Остальные
13372,2011-09-11 12:46:00,2011-09-11 12:46:00,1,328.64,81,Остальные
13373,2011-03-08 14:35:00,2011-10-10 10:51:00,3,3312.25,52,Активные повторные
13375,2011-09-12 10:19:00,2011-09-12 10:19:00,1,778.65,80,Остальные
13376,2011-04-19 13:03:00,2011-09-01 16:16:00,3,869.76,91,Давно не покупавшие повторные
13379,2011-07-26 12:26:00,2011-11-13 13:45:00,3,572.56,18,Активные повторные
13381,2011-02-14 10:10:00,2011-11-08 11:58:00,6,3639.31,23,Активные ценные
13382,2011-03-04 10:03:00,2011-03-04 10:03:00,1,222.99,272,Остальные
13384,2011-06-14 12:47:00,2011-11-09 11:04:00,7,4151.93,22,Активные ценные
13385,2011-01-14 09:52:00,2011-01-14 09:52:00,1,534.57,321,Остальные
13388,2011-07-31 12:52:00,2011-07-31 12:52:00,2,677.0999999999999,123,Давно не покупавшие повторные
13389,2011-04-21 12:12:00,2011-11-28 14:01:00,3,797.96,3,Активные повторные
13390,2011-09-26 08:38:00,2011-09-26 08:38:00,1,544.08,66,Остальные
13391,2011-05-20 10:50:00,2011-05-20 10:50:00,1,59.8,195,Остальные
13394,2011-02-03 10:39:00,2011-10-17 10:17:00,7,2217.92,45,Активные повторные
13395,2011-06-07 15:04:00,2011-06-07 15:04:00,1,307.71999999999997,177,Остальные
13396,2011-01-24 13:37:00,2011-11-10 16:59:00,2,1360.99,21,Остальные
13397,2011-01-04 13:50:00,2011-09-28 10:56:00,5,1544.13,64,Остальные
13398,2011-05-31 13:17:00,2011-05-31 13:17:00,1,457.34,184,Остальные
13402,2010-12-02 17:12:00,2011-08-04 15:51:00,2,621.23,119,Давно не покупавшие повторные
13403,2011-11-22 08:28:00,2011-11-22 08:28:00,1,75.0,9,Недавние однократные
13404,2011-05-11 11:57:00,2011-05-11 11:57:00,1,217.81,204,Остальные
13405,2011-01-26 09:27:00,2011-05-19 16:31:00,2,557.45,196,Давно не покупавшие повторные
13408,2010-12-01 10:39:00,2011-11-28 13:25:00,59,26708.42,3,Активные ценные
13410,2011-02-21 14:38:00,2011-11-15 15:33:00,5,1003.06,16,Активные повторные
13411,2011-08-24 13:57:00,2011-08-24 13:57:00,1,213.55,99,Остальные
13414,2011-02-16 12:13:00,2011-07-29 11:45:00,3,1390.5,125,Давно не покупавшие повторные
13416,2011-09-19 14:43:00,2011-10-27 08:56:00,2,712.5,35,Остальные
13417,2011-05-18 16:26:00,2011-05-18 16:26:00,1,236.0,197,Остальные
13418,2010-12-02 10:45:00,2011-11-28 10:23:00,18,6127.43,3,Активные ценные
13419,2011-10-07 12:49:00,2011-10-07 12:49:00,1,221.06,55,Остальные
13420,2011-06-22 11:35:00,2011-07-13 08:48:00,2,159.85,141,Давно не покупавшие повторные
13421,2011-02-22 15:46:00,2011-10-30 14:21:00,2,1840.58,32,Остальные
13422,2011-10-06 13:42:00,2011-10-06 13:42:00,1,2626.3,56,Остальные
13425,2011-02-18 08:34:00,2011-08-23 17:13:00,3,1624.21,100,Давно не покупавшие повторные
13426,2010-12-15 12:43:00,2011-11-29 13:29:00,9,3349.54,2,Активные ценные
13427,2011-05-08 15:58:00,2011-11-20 13:02:00,3,582.6,11,Активные повторные
13428,2011-11-29 14:20:00,2011-11-29 14:20:00,1,218.47,2,Недавние однократные
13429,2011-09-25 15:59:00,2011-11-29 09:10:00,4,1006.8000000000001,2,Активные повторные
13430,2011-09-14 14:26:00,2011-11-21 08:19:00,2,679.45,10,Остальные
13431,2011-09-12 11:25:00,2011-10-03 13:49:00,2,1269.1,59,Остальные
13434,2011-09-04 10:35:00,2011-09-26 14:30:00,2,534.24,66,Остальные
13435,2011-06-03 17:07:00,2011-11-15 15:23:00,6,3367.59,16,Активные ценные
13437,2011-06-02 14:30:00,2011-11-25 14:00:00,7,3408.06,6,Активные ценные
13439,2011-03-29 14:20:00,2011-03-29 14:20:00,1,283.71,247,Остальные
13441,2011-09-09 09:38:00,2011-09-09 09:38:00,1,296.64,83,Остальные
13447,2011-11-04 10:10:00,2011-11-16 13:38:00,3,1129.14,15,Активные повторные
13448,2010-12-01 10:52:00,2011-11-23 12:33:00,6,3539.37,8,Активные ценные
13449,2011-11-16 08:28:00,2011-11-16 08:28:00,1,291.88,15,Недавние однократные
13450,2011-05-05 19:48:00,2011-11-13 11:54:00,6,2043.72,18,Активные ценные
13451,2011-01-09 15:35:00,2011-11-13 15:58:00,5,2976.15,18,Активные ценные
13452,2011-03-14 11:38:00,2011-03-25 14:19:00,2,590.0,251,Давно не покупавшие повторные
13453,2011-02-23 09:44:00,2011-06-27 09:34:00,2,356.98,157,Давно не покупавшие повторные
13455,2010-12-08 13:11:00,2011-11-15 11:21:00,2,1058.3400000000001,16,Остальные
13456,2011-05-16 15:34:00,2011-11-22 09:18:00,6,1766.72,9,Активные ценные
13458,2010-12-15 12:05:00,2011-11-16 15:10:00,13,9062.050000000001,15,Активные ценные
13460,2011-10-21 09:50:00,2011-11-10 17:17:00,2,183.44,21,Остальные
13461,2011-06-29 10:23:00,2011-11-01 09:01:00,3,1445.0,30,Активные повторные
13462,2011-04-01 11:20:00,2011-04-01 11:20:00,1,151.5,244,Остальные
13464,2011-10-12 15:01:00,2011-10-12 15:01:00,1,674.68,50,Остальные
13466,2011-06-08 16:39:00,2011-06-08 16:39:00,1,307.9,176,Остальные
13467,2011-11-03 16:56:00,2011-11-29 10:01:00,2,1083.71,2,Остальные
13468,2010-12-01 15:08:00,2011-11-21 16:40:00,35,5424.03,10,Активные ценные
13470,2011-08-16 17:06:00,2011-09-01 14:57:00,2,165.0,91,Давно не покупавшие повторные
13471,2011-10-23 13:10:00,2011-11-18 09:57:00,2,1546.4,13,Остальные
13473,2011-01-11 08:45:00,2011-10-10 11:20:00,2,422.64,52,Остальные
13474,2011-04-17 13:53:00,2011-04-17 13:53:00,1,229.59,228,Остальные
13475,2011-02-14 12:36:00,2011-06-01 13:52:00,4,1431.78,183,Давно не покупавшие повторные
13476,2011-03-03 14:43:00,2011-06-14 12:00:00,2,1238.47,170,Давно не покупавшие повторные
13477,2011-02-21 12:29:00,2011-11-02 12:04:00,6,1454.58,29,Активные повторные
13479,2011-04-19 11:27:00,2011-05-23 10:45:00,2,300.95,192,Давно не покупавшие повторные
13481,2011-03-28 09:07:00,2011-10-25 09:07:00,5,1804.56,37,Активные повторные
13482,2011-04-21 17:03:00,2011-04-21 17:03:00,1,184.64,224,Остальные
13483,2011-10-05 11:53:00,2011-10-05 11:53:00,1,140.34,57,Остальные
13484,2011-04-12 16:30:00,2011-04-12 16:30:00,1,313.8,233,Остальные
13485,2011-04-20 13:58:00,2011-04-20 13:58:00,1,454.24,225,Остальные
13486,2011-07-07 17:19:00,2011-09-22 13:13:00,3,1122.4099999999999,70,Остальные
13487,2010-12-21 14:54:00,2011-10-13 12:07:00,3,575.4,49,Активные повторные
13488,2010-12-07 13:01:00,2011-11-22 14:41:00,13,8968.31,9,Активные ценные
13489,2011-02-18 10:42:00,2011-08-26 13:16:00,4,449.52,97,Давно не покупавшие повторные
13491,2010-12-02 14:30:00,2011-10-19 08:32:00,10,1215.82,43,Активные повторные
13492,2011-05-09 10:06:00,2011-07-26 14:25:00,3,1269.8400000000001,128,Давно не покупавшие повторные
13493,2011-02-25 16:42:00,2011-03-09 15:35:00,2,498.63,267,Давно не покупавшие повторные
13494,2011-02-01 11:58:00,2011-02-01 11:58:00,1,316.26000000000005,303,Остальные
13495,2010-12-06 15:14:00,2011-11-04 10:29:00,4,1732.23,27,Активные ценные
13496,2010-12-15 10:17:00,2011-11-29 10:58:00,2,653.3299999999999,2,Остальные
13497,2010-12-06 11:37:00,2011-03-02 09:04:00,2,348.05,274,Давно не покупавшие повторные
13499,2011-03-15 08:52:00,2011-11-22 11:21:00,5,1159.1100000000001,9,Активные повторные
13500,2011-08-09 12:20:00,2011-11-16 15:35:00,3,1166.77,15,Активные повторные
13501,2011-02-24 18:59:00,2011-02-24 18:59:00,1,1340.32,280,Остальные
13502,2011-01-20 09:03:00,2011-11-23 10:39:00,3,292.0,8,Активные повторные
13503,2011-09-29 13:23:00,2011-09-29 13:23:00,1,216.85,63,Остальные
13504,2011-10-06 13:20:00,2011-10-06 13:20:00,1,295.93,56,Остальные
13505,2011-04-21 12:07:00,2011-09-28 11:56:00,4,3633.63,64,Остальные
13506,2010-12-05 12:15:00,2011-01-27 13:53:00,2,458.52,308,Давно не покупавшие повторные
13507,2011-07-17 11:50:00,2011-09-02 15:45:00,3,2022.79,90,Остальные
13508,2011-04-10 11:58:00,2011-04-10 11:58:00,1,110.97,235,Остальные
13509,2011-02-28 13:27:00,2011-10-18 11:41:00,5,866.62,44,Активные повторные
13510,2011-06-09 09:32:00,2011-10-25 13:51:00,3,1449.7,37,Активные повторные
13512,2011-03-24 10:03:00,2011-03-24 10:03:00,1,251.21,252,Остальные
13513,2011-08-05 11:50:00,2011-08-05 11:50:00,1,205.1,118,Остальные
13514,2011-09-27 09:39:00,2011-09-27 09:39:00,1,152.20000000000002,65,Остальные
13515,2011-04-06 10:33:00,2011-09-28 11:26:00,4,891.12,64,Остальные
13516,2011-04-15 11:06:00,2011-11-18 13:15:00,3,1389.41,13,Активные повторные
13517,2011-06-13 08:44:00,2011-10-11 11:43:00,3,2128.42,51,Активные повторные
13518,2011-09-15 10:29:00,2011-09-15 10:29:00,1,659.4399999999999,77,Остальные
13519,2011-09-22 18:24:00,2011-09-22 18:24:00,1,122.75,70,Остальные
13520,2010-12-03 10:36:00,2011-10-12 10:20:00,6,2984.35,50,Активные повторные
13521,2011-11-29 15:09:00,2011-11-29 15:09:00,1,287.88,2,Недавние однократные
13522,2011-11-09 15:11:00,2011-11-09 15:11:00,1,125.80000000000001,22,Недавние однократные
13523,2010-12-08 14:22:00,2011-11-06 15:11:00,5,3964.88,25,Активные ценные
13524,2011-05-04 12:26:00,2011-10-30 12:34:00,5,680.1800000000001,32,Активные повторные
13525,2011-04-05 15:36:00,2011-11-25 12:01:00,2,628.78,6,Остальные
13527,2011-01-17 11:17:00,2011-11-06 12:04:00,7,2287.51,25,Активные ценные
13529,2011-05-19 11:50:00,2011-09-22 09:15:00,2,307.76,70,Остальные
13531,2010-12-08 15:03:00,2011-05-18 16:56:00,2,483.79999999999995,197,Давно не покупавшие повторные
13532,2011-11-06 12:25:00,2011-11-06 12:25:00,1,210.31,25,Недавние однократные
13533,2011-03-17 12:47:00,2011-06-10 11:54:00,3,270.79,174,Давно не покупавшие повторные
13534,2010-12-16 15:23:00,2011-11-07 09:40:00,24,5512.88,24,Активные ценные
13536,2011-09-25 13:30:00,2011-11-30 14:42:00,5,2439.29,1,Активные ценные
13538,2011-01-28 10:40:00,2011-10-27 16:34:00,7,1280.8500000000001,35,Активные повторные
13539,2011-02-03 15:23:00,2011-09-15 10:18:00,3,631.34,77,Остальные
13544,2011-04-13 12:09:00,2011-10-31 11:57:00,2,291.40999999999997,31,Остальные
13546,2011-05-23 12:14:00,2011-11-27 14:50:00,3,626.99,4,Активные повторные
13548,2011-04-10 11:35:00,2011-09-04 14:50:00,2,682.41,88,Остальные
13549,2011-04-11 13:42:00,2011-11-14 09:20:00,7,918.2,17,Активные повторные
13551,2011-01-24 14:46:00,2011-01-24 14:46:00,1,91.80000000000001,311,Остальные
13552,2011-01-28 10:10:00,2011-10-04 15:19:00,12,3740.07,58,Активные повторные
13555,2011-05-22 11:06:00,2011-09-27 12:36:00,4,4149.28,65,Остальные
13557,2011-03-04 12:14:00,2011-11-11 15:24:00,2,584.06,20,Остальные
13558,2011-10-02 13:01:00,2011-11-16 12:13:00,3,482.38,15,Активные повторные
13561,2011-05-08 12:39:00,2011-05-08 12:39:00,1,141.85999999999999,207,Остальные
13562,2011-04-08 12:42:00,2011-09-19 10:51:00,3,1799.33,73,Остальные
13563,2011-07-22 17:21:00,2011-09-16 14:45:00,2,777.53,76,Остальные
13564,2010-12-06 17:26:00,2010-12-20 16:50:00,2,1198.38,346,Давно не покупавшие повторные
13565,2011-01-09 14:28:00,2011-11-20 14:33:00,2,240.22,11,Остальные
13566,2011-09-18 12:40:00,2011-10-30 11:59:00,2,874.71,32,Остальные
13568,2011-06-19 14:42:00,2011-06-19 14:42:00,1,192.85,165,Остальные
13569,2010-12-07 12:29:00,2011-11-22 13:07:00,2,372.25,9,Остальные
13570,2011-04-10 13:36:00,2011-04-10 13:36:00,1,239.49,235,Остальные
13571,2011-03-31 12:43:00,2011-11-27 10:47:00,12,2092.32,4,Активные ценные
13572,2011-05-18 11:59:00,2011-05-18 11:59:00,1,1384.25,197,Остальные
13573,2011-03-31 14:47:00,2011-10-20 14:33:00,2,294.4,42,Остальные
13575,2011-06-16 14:24:00,2011-11-16 13:14:00,5,732.0699999999999,15,Активные повторные
13576,2010-12-01 17:24:00,2011-11-29 15:34:00,18,6717.34,2,Активные ценные
13577,2011-04-12 10:33:00,2011-11-14 15:19:00,4,1687.6,17,Активные ценные
13579,2010-12-05 16:10:00,2011-11-25 08:41:00,2,467.03999999999996,6,Остальные
13581,2011-02-03 14:41:00,2011-02-03 14:41:00,1,118.0,301,Остальные
13583,2011-07-07 10:40:00,2011-07-07 10:40:00,1,781.03,147,Остальные
13584,2011-02-06 12:49:00,2011-02-06 12:49:00,1,142.4,298,Остальные
13587,2011-10-07 12:31:00,2011-10-07 12:31:00,1,712.4,55,Остальные
13588,2011-03-29 15:53:00,2011-11-24 10:42:00,9,2478.95,7,Активные ценные
13589,2011-06-13 12:44:00,2011-11-25 12:10:00,2,379.65,6,Остальные
13590,2011-02-09 13:25:00,2011-11-28 12:54:00,6,1981.92,3,Активные ценные
13591,2011-03-18 12:18:00,2011-10-06 12:26:00,3,1117.1299999999999,56,Активные повторные
13592,2011-03-20 14:01:00,2011-11-04 09:49:00,4,247.95999999999998,27,Активные повторные
13593,2011-01-07 16:32:00,2011-08-23 13:35:00,5,2037.0800000000002,100,Давно не покупавшие повторные
13594,2011-10-18 10:19:00,2011-10-18 10:19:00,1,396.97,44,Остальные
13596,2011-11-27 11:57:00,2011-11-27 11:57:00,1,411.6,4,Недавние однократные
13598,2011-10-23 14:28:00,2011-10-23 14:28:00,1,180.17000000000002,39,Остальные
13599,2010-12-08 10:11:00,2011-11-29 09:15:00,19,4833.99,2,Активные ценные
13600,2011-01-31 15:27:00,2011-01-31 15:27:00,1,219.52,304,Остальные
13601,2011-05-12 16:52:00,2011-10-25 17:31:00,2,693.3199999999999,37,Остальные
13602,2011-10-06 11:47:00,2011-10-06 11:47:00,1,428.89,56,Остальные
13603,2011-11-13 15:57:00,2011-11-13 15:57:00,1,164.34,18,Недавние однократные
13606,2011-02-01 11:42:00,2011-11-10 17:46:00,3,280.53999999999996,21,Активные повторные
13607,2011-10-30 16:17:00,2011-10-30 16:17:00,1,678.01,32,Остальные
13610,2011-02-27 14:44:00,2011-11-27 15:38:00,7,1131.88,4,Активные повторные
13611,2010-12-15 10:31:00,2011-09-11 14:51:00,3,1171.8000000000002,81,Остальные
13614,2011-01-13 12:37:00,2011-11-15 14:47:00,4,1610.46,16,Активные ценные
13615,2011-01-25 08:21:00,2011-01-25 08:21:00,1,417.69,310,Остальные
13617,2011-06-12 12:55:00,2011-10-30 13:50:00,3,544.18,32,Активные повторные
13618,2011-06-19 11:09:00,2011-06-19 11:09:00,1,177.34,165,Остальные
13621,2011-08-15 08:26:00,2011-08-15 08:26:00,1,213.85,108,Остальные
13623,2011-02-15 13:08:00,2011-11-09 12:00:00,5,747.78,22,Активные повторные
13626,2011-04-01 10:05:00,2011-04-01 10:05:00,1,257.23,244,Остальные
13627,2010-12-17 09:52:00,2011-10-11 14:20:00,5,1638.47,51,Активные повторные
13629,2011-01-05 12:09:00,2011-11-16 13:21:00,11,7792.36,15,Активные ценные
13630,2011-02-27 12:49:00,2011-09-25 10:30:00,6,1799.78,67,Остальные
13631,2011-03-17 17:13:00,2011-09-01 09:57:00,11,3070.42,91,Давно не покупавшие повторные
13632,2011-04-10 15:07:00,2011-11-15 10:51:00,5,2121.27,16,Активные ценные
13634,2011-01-16 15:30:00,2011-11-06 13:40:00,5,1575.1599999999999,25,Активные ценные
13635,2011-10-03 10:55:00,2011-10-03 10:55:00,1,1071.03,59,Остальные
13636,2011-02-27 14:29:00,2011-11-03 10:30:00,5,949.12,28,Активные повторные
13637,2011-04-27 13:06:00,2011-10-18 13:32:00,3,809.25,44,Активные повторные
13638,2011-11-24 10:38:00,2011-11-24 10:38:00,1,122.64,7,Недавние однократные
13639,2011-09-26 13:36:00,2011-09-26 13:36:00,1,1033.34,66,Остальные
13642,2011-05-08 12:34:00,2011-05-08 12:34:00,1,354.8,207,Остальные
13643,2011-06-07 11:40:00,2011-11-08 15:37:00,3,519.44,23,Активные повторные
13644,2011-08-26 11:53:00,2011-11-23 14:07:00,4,2624.26,8,Активные ценные
13645,2011-08-11 16:11:00,2011-08-11 16:11:00,1,252.1,112,Остальные
13647,2011-04-19 09:49:00,2011-11-30 12:00:00,4,1678.1200000000001,1,Активные ценные
13649,2010-12-08 14:46:00,2011-03-28 11:51:00,2,346.6,248,Давно не покупавшие повторные
13650,2011-03-17 12:37:00,2011-11-23 12:22:00,6,1836.3400000000001,8,Активные ценные
13651,2011-10-31 12:11:00,2011-10-31 12:11:00,1,79.2,31,Остальные
13652,2010-12-06 09:21:00,2011-10-25 08:51:00,3,1095.08,37,Активные повторные
13654,2011-03-11 12:54:00,2011-10-27 16:24:00,6,2707.33,35,Активные повторные
13655,2011-04-12 09:53:00,2011-08-17 14:25:00,2,932.97,106,Давно не покупавшие повторные
13656,2011-01-06 15:42:00,2011-06-28 10:31:00,2,379.65,156,Давно не покупавшие повторные
13657,2011-05-22 12:35:00,2011-11-29 12:32:00,2,382.14,2,Остальные
13658,2011-05-19 17:15:00,2011-11-30 10:13:00,5,2639.17,1,Активные ценные
13659,2011-01-23 12:08:00,2011-05-18 12:37:00,2,1573.2,197,Давно не покупавшие повторные
13662,2011-03-25 13:23:00,2011-09-15 12:04:00,3,897.76,77,Остальные
13663,2011-06-13 15:44:00,2011-06-13 15:44:00,1,189.47,171,Остальные
13666,2011-02-25 13:05:00,2011-10-10 15:39:00,3,84.65,52,Активные повторные
13667,2011-07-13 15:42:00,2011-07-13 15:42:00,1,305.02,141,Остальные
13668,2010-12-12 12:35:00,2011-11-29 12:50:00,20,6030.57,2,Активные ценные
13669,2011-07-13 11:44:00,2011-10-20 09:32:00,2,218.55,42,Остальные
13670,2011-09-25 15:25:00,2011-09-25 15:25:00,1,349.7,67,Остальные
13672,2011-01-11 13:54:00,2011-02-11 13:53:00,2,186.39000000000001,293,Давно не покупавшие повторные
13673,2011-11-07 15:40:00,2011-11-21 12:11:00,2,396.91999999999996,10,Остальные
13675,2011-02-28 12:14:00,2011-07-11 12:57:00,2,486.82000000000005,143,Давно не покупавшие повторные
13678,2011-07-11 10:14:00,2011-07-11 10:14:00,1,232.6,143,Остальные
13680,2011-01-04 14:12:00,2011-10-31 13:22:00,3,3084.04,31,Активные повторные
13681,2011-07-07 15:21:00,2011-11-22 11:13:00,4,827.83,9,Активные повторные
13682,2011-06-05 14:06:00,2011-06-05 14:06:00,1,59.5,179,Остальные
13684,2011-02-27 10:13:00,2011-02-27 10:13:00,1,67.23,277,Остальные
13685,2011-10-10 12:59:00,2011-10-25 13:14:00,3,1934.45,37,Активные повторные
13686,2011-06-10 09:10:00,2011-06-10 09:10:00,1,72.0,174,Остальные
13689,2011-10-07 13:21:00,2011-10-07 13:21:00,1,910.0,55,Остальные
13690,2011-10-11 15:03:00,2011-10-11 15:03:00,1,172.25,51,Остальные
13692,2011-04-17 12:57:00,2011-11-15 11:17:00,3,1488.3200000000002,16,Активные повторные
13694,2010-12-01 12:12:00,2011-11-14 11:11:00,47,61908.46,17,Активные ценные
13695,2011-03-25 11:31:00,2011-11-08 14:26:00,15,2504.13,23,Активные ценные
13697,2011-11-01 09:14:00,2011-11-01 09:14:00,1,151.29999999999998,30,Недавние однократные
13699,2011-07-07 16:51:00,2011-07-07 16:51:00,1,308.58000000000004,147,Остальные
13700,2011-01-16 13:18:00,2011-11-13 13:00:00,10,2265.12,18,Активные ценные
13703,2011-01-25 13:10:00,2011-01-25 13:10:00,1,99.5,310,Остальные
13704,2011-09-12 14:40:00,2011-11-17 14:30:00,8,2143.38,14,Активные ценные
13705,2010-12-01 10:29:00,2011-07-18 09:15:00,2,522.68,136,Давно не покупавшие повторные
13706,2011-02-10 09:21:00,2011-02-10 09:21:00,1,330.79,294,Остальные
13707,2011-01-28 13:27:00,2011-03-17 18:03:00,2,806.41,259,Давно не покупавшие повторные
13708,2011-03-13 13:46:00,2011-03-13 13:46:00,1,294.88,263,Остальные
13709,2011-01-28 14:57:00,2011-11-03 11:32:00,11,5799.74,28,Активные ценные
13710,2011-11-08 08:16:00,2011-11-08 08:16:00,1,180.48,23,Недавние однократные
13711,2011-05-05 10:29:00,2011-05-05 10:31:00,2,252.06,210,Давно не покупавшие повторные
13712,2011-04-07 12:33:00,2011-04-07 12:33:00,1,228.84,238,Остальные
13715,2010-12-02 08:52:00,2011-03-03 19:21:00,5,1079.34,273,Давно не покупавшие повторные
13716,2011-03-15 13:49:00,2011-03-15 13:49:00,1,138.28,261,Остальные
13717,2011-02-14 13:21:00,2011-11-07 14:13:00,6,1445.01,24,Активные повторные
13718,2011-02-17 11:58:00,2011-04-07 13:24:00,2,306.55,238,Давно не покупавшие повторные
13719,2011-04-19 13:56:00,2011-11-24 15:26:00,5,1041.68,7,Активные повторные
13720,2011-03-30 09:17:00,2011-08-15 12:46:00,4,799.9,108,Давно не покупавшие повторные
13721,2011-11-03 14:05:00,2011-11-03 14:05:00,1,524.14,28,Недавние однократные
13722,2011-03-02 11:43:00,2011-07-31 12:44:00,3,2375.41,123,Давно не покупавшие повторные
13723,2011-05-06 17:04:00,2011-05-06 17:04:00,1,199.85000000000002,209,Остальные
13725,2011-02-04 12:18:00,2011-10-21 10:03:00,8,1980.56,41,Активные повторные
13726,2011-08-31 11:06:00,2011-11-01 10:49:00,2,1079.66,30,Остальные
13727,2011-11-06 12:16:00,2011-11-11 09:46:00,2,333.48,20,Остальные
13728,2011-02-02 12:09:00,2011-11-03 10:49:00,6,1016.14,28,Активные повторные
13730,2011-07-01 12:47:00,2011-07-27 08:35:00,2,752.5999999999999,127,Давно не покупавшие повторные
13731,2011-04-07 10:10:00,2011-05-04 14:33:00,2,610.59,211,Давно не покупавшие повторные
13732,2011-11-11 15:49:00,2011-11-11 15:49:00,1,491.86,20,Недавние однократные
13735,2011-04-19 13:49:00,2011-11-15 11:14:00,4,2885.24,16,Активные ценные
13736,2011-03-24 13:04:00,2011-03-24 13:04:00,1,357.53,252,Остальные
13737,2011-05-23 16:32:00,2011-05-23 16:32:00,1,339.59999999999997,192,Остальные
13739,2011-11-21 13:35:00,2011-11-21 13:35:00,1,216.9,10,Недавние однократные
13740,2011-04-13 10:32:00,2011-04-13 10:32:00,1,350.75,232,Остальные
13741,2011-05-06 13:43:00,2011-09-29 09:19:00,3,668.4300000000001,63,Остальные
13742,2011-01-23 14:59:00,2011-11-23 11:07:00,12,3131.02,8,Активные ценные
13743,2011-03-25 14:46:00,2011-09-12 12:19:00,6,1065.84,80,Остальные
13744,2011-02-20 14:08:00,2011-09-05 15:19:00,2,1156.36,87,Остальные
13745,2011-06-30 16:43:00,2011-06-30 16:43:00,1,300.04,154,Остальные
13747,2010-12-01 10:37:00,2010-12-01 10:37:00,1,79.6,365,Остальные
13748,2010-12-01 09:00:00,2011-09-05 09:45:00,5,948.25,87,Остальные
13750,2011-01-07 11:49:00,2011-10-17 12:16:00,5,1647.26,45,Активные повторные
13751,2011-02-24 15:56:00,2011-02-24 15:56:00,1,296.25,280,Остальные
13752,2011-04-07 12:04:00,2011-08-07 14:16:00,6,1186.2800000000002,116,Давно не покупавшие повторные
13753,2011-02-25 12:48:00,2011-02-25 12:48:00,1,741.26,279,Остальные
13754,2011-01-26 14:58:00,2011-07-11 11:51:00,2,282.6,143,Давно не покупавшие повторные
13755,2011-10-07 15:45:00,2011-11-30 13:29:00,8,2004.45,1,Активные ценные
13756,2010-12-07 11:41:00,2011-11-17 10:02:00,12,4343.12,14,Активные ценные
13758,2010-12-01 12:08:00,2011-11-28 11:11:00,7,3190.55,3,Активные ценные
13759,2011-09-29 15:40:00,2011-11-06 14:47:00,2,659.41,25,Остальные
13760,2011-03-28 12:52:00,2011-10-16 16:13:00,2,286.79,46,Остальные
13761,2011-06-13 08:43:00,2011-10-20 14:01:00,2,1070.65,42,Остальные
13762,2011-05-05 09:15:00,2011-05-05 09:15:00,1,306.71999999999997,210,Остальные
13763,2011-10-07 15:13:00,2011-10-07 15:13:00,1,1714.96,55,Остальные
13764,2011-01-06 14:53:00,2011-09-30 12:03:00,3,1518.76,62,Остальные
13767,2010-12-01 10:47:00,2011-11-14 12:22:00,36,16334.380000000001,17,Активные ценные
13769,2010-12-07 13:28:00,2011-11-02 13:37:00,9,2478.59,29,Активные ценные
13771,2011-04-06 15:47:00,2011-10-06 14:18:00,4,2634.45,56,Активные повторные
13772,2011-04-14 12:31:00,2011-11-06 11:43:00,3,1132.13,25,Активные повторные
13774,2011-09-19 12:06:00,2011-09-19 12:06:00,1,345.0,73,Остальные
13777,2010-12-01 16:01:00,2011-11-15 09:42:00,30,23460.41,16,Активные ценные
13778,2011-08-28 15:25:00,2011-08-28 15:25:00,1,178.7,95,Остальные
13780,2011-06-22 11:43:00,2011-06-22 11:43:00,1,116.28000000000002,162,Остальные
13781,2011-04-03 12:08:00,2011-04-03 12:08:00,1,127.84,242,Остальные
13782,2011-01-16 11:08:00,2011-11-27 11:54:00,6,912.0,4,Активные повторные
13784,2011-01-11 14:38:00,2011-11-30 09:33:00,11,2462.79,1,Активные ценные
13786,2010-12-07 13:53:00,2010-12-07 13:53:00,1,230.39999999999998,359,Остальные
13787,2010-12-10 14:45:00,2011-09-25 12:06:00,2,309.04,67,Остальные
13791,2011-06-24 16:38:00,2011-08-04 11:44:00,2,1516.0,119,Давно не покупавшие повторные
13792,2011-02-25 14:03:00,2011-10-04 14:31:00,2,195.55,58,Остальные
13798,2010-12-02 17:24:00,2011-11-28 12:19:00,54,35316.61,3,Активные ценные
13799,2011-02-18 14:18:00,2011-08-15 12:07:00,2,688.8599999999999,108,Давно не покупавшие повторные
13800,2011-02-03 12:27:00,2011-02-03 12:27:00,1,558.32,301,Остальные
13801,2011-10-04 10:15:00,2011-10-04 10:15:00,1,324.8,58,Остальные
13802,2011-02-01 12:03:00,2011-07-24 10:54:00,3,4599.42,130,Давно не покупавшие повторные
13803,2011-03-29 12:57:00,2011-03-29 12:57:00,1,277.07,247,Остальные
13804,2011-02-23 09:09:00,2011-11-09 12:32:00,7,2635.79,22,Активные ценные
13805,2011-08-02 15:29:00,2011-10-18 14:50:00,2,924.6,44,Остальные
13806,2011-10-07 11:43:00,2011-10-07 11:43:00,1,256.38,55,Остальные
13807,2010-12-07 15:48:00,2010-12-07 15:48:00,1,112.6,359,Остальные
13808,2011-09-04 12:07:00,2011-10-24 12:38:00,4,1518.5,38,Активные повторные
13809,2011-02-07 13:15:00,2011-02-07 13:15:00,1,155.05,297,Остальные
13810,2011-10-14 12:57:00,2011-11-11 08:33:00,2,827.51,20,Остальные
13811,2011-04-14 18:40:00,2011-06-09 09:54:00,2,519.75,175,Давно не покупавшие повторные
13812,2011-08-26 12:54:00,2011-10-28 14:27:00,3,485.0,34,Активные повторные
13813,2011-07-28 10:33:00,2011-10-31 10:38:00,4,1168.8600000000001,31,Активные повторные
13814,2011-07-25 13:54:00,2011-09-08 13:48:00,2,1579.12,84,Остальные
13815,2011-01-25 12:16:00,2011-11-17 14:19:00,4,3667.36,14,Активные ценные
13816,2011-10-06 14:37:00,2011-11-16 08:38:00,2,499.67,15,Остальные
13817,2010-12-23 11:46:00,2011-11-10 17:49:00,2,328.98,21,Остальные
13819,2011-01-24 10:38:00,2011-02-11 10:38:00,3,1140.35,293,Давно не покупавшие повторные
13821,2011-03-23 11:30:00,2011-07-18 09:49:00,2,385.64,136,Давно не покупавшие повторные
13822,2011-10-30 15:55:00,2011-10-30 15:55:00,1,468.38,32,Остальные
13823,2011-09-09 10:42:00,2011-11-21 10:22:00,2,957.66,10,Остальные
13824,2011-02-02 13:07:00,2011-11-07 12:41:00,5,1698.94,24,Активные ценные
13826,2011-06-16 13:48:00,2011-06-16 13:48:00,1,189.5,168,Остальные
13827,2011-07-19 15:38:00,2011-10-13 12:38:00,3,412.05,49,Активные повторные
13828,2011-11-17 16:02:00,2011-11-17 16:02:00,1,209.49,14,Недавние однократные
13831,2010-12-05 12:13:00,2011-11-23 15:41:00,6,2202.99,8,Активные ценные
13832,2011-11-20 15:36:00,2011-11-20 15:36:00,1,52.199999999999996,11,Недавние однократные
13833,2011-07-03 13:27:00,2011-07-03 13:27:00,1,384.8,151,Остальные
13835,2011-05-08 15:22:00,2011-11-14 15:37:00,4,834.5699999999999,17,Активные повторные
13837,2011-01-26 12:15:00,2011-05-12 12:10:00,2,271.24,203,Давно не покупавшие повторные
13838,2010-12-05 10:45:00,2011-08-14 10:52:00,3,479.59000000000003,109,Давно не покупавшие повторные
13841,2011-04-01 12:10:00,2011-04-01 12:10:00,1,85.0,244,Остальные
13842,2010-12-08 10:39:00,2011-10-12 10:51:00,9,3385.62,50,Активные повторные
13844,2011-11-28 13:21:00,2011-11-28 13:21:00,1,361.62,3,Недавние однократные
13845,2011-10-06 08:25:00,2011-10-06 08:25:00,1,312.98,56,Остальные
13846,2010-12-14 16:07:00,2011-11-15 12:07:00,3,865.06,16,Активные повторные
13848,2010-12-08 15:10:00,2011-09-08 12:58:00,3,1255.0,84,Остальные
13849,2011-06-22 10:11:00,2011-10-19 10:59:00,2,1537.9499999999998,43,Остальные
13850,2011-08-02 14:04:00,2011-08-02 14:04:00,1,1595.48,121,Остальные
13851,2011-02-24 17:18:00,2011-09-05 12:36:00,3,2651.46,87,Остальные
13853,2011-10-13 14:18:00,2011-10-13 14:18:00,1,1090.14,49,Остальные
13854,2010-12-09 10:48:00,2011-11-15 16:34:00,24,7807.24,16,Активные ценные
13856,2011-05-20 13:13:00,2011-06-24 10:03:00,3,388.5,160,Давно не покупавшие повторные
13858,2011-10-13 16:17:00,2011-10-13 16:17:00,1,216.17,49,Остальные
13859,2011-01-17 16:14:00,2011-01-17 16:14:00,1,201.16,318,Остальные
13860,2011-09-14 09:27:00,2011-11-25 13:42:00,4,926.45,6,Активные повторные
13862,2011-01-11 15:13:00,2011-11-21 16:24:00,8,2209.36,10,Активные ценные
13863,2011-04-06 10:20:00,2011-04-06 10:20:00,1,305.78,239,Остальные
13865,2011-02-23 12:04:00,2011-10-12 13:31:00,4,501.56,50,Активные повторные
13866,2011-09-26 14:54:00,2011-09-26 14:54:00,1,145.67000000000002,66,Остальные
13867,2011-05-05 17:28:00,2011-11-08 15:48:00,3,1015.29,23,Активные повторные
13868,2011-11-01 12:45:00,2011-11-01 12:45:00,1,507.54,30,Недавние однократные
13869,2010-12-17 15:14:00,2011-08-08 13:53:00,4,3104.95,115,Давно не покупавшие повторные
13870,2011-02-25 09:09:00,2011-10-30 16:11:00,7,2618.19,32,Активные повторные
13871,2011-02-04 09:30:00,2011-11-17 10:49:00,13,6403.25,14,Активные ценные
13873,2011-02-03 09:37:00,2011-08-12 10:08:00,3,389.6,111,Давно не покупавшие повторные
13874,2010-12-16 18:20:00,2010-12-16 18:20:00,1,540.45,350,Остальные
13875,2011-02-11 15:39:00,2011-10-17 09:36:00,5,1786.79,45,Активные повторные
13876,2011-10-07 10:22:00,2011-10-07 10:22:00,1,122.7,55,Остальные
13877,2011-09-14 15:49:00,2011-09-14 15:49:00,1,117.24,78,Остальные
13878,2011-10-16 12:19:00,2011-10-16 12:19:00,1,1281.53,46,Остальные
13880,2010-12-07 14:00:00,2011-11-18 13:44:00,13,3219.77,13,Активные ценные
13881,2011-02-01 10:14:00,2011-11-28 15:10:00,19,16590.4,3,Активные ценные
13882,2011-10-06 15:28:00,2011-11-28 13:08:00,4,998.05,3,Активные повторные
13883,2011-03-31 17:17:00,2011-11-29 10:45:00,5,2674.48,2,Активные ценные
13884,2011-03-01 13:40:00,2011-09-11 13:58:00,4,540.5,81,Остальные
13885,2011-05-23 08:52:00,2011-06-03 15:07:00,2,506.80000000000007,181,Давно не покупавшие повторные
13886,2011-09-29 13:17:00,2011-09-29 13:17:00,1,243.56,63,Остальные
13887,2011-05-19 17:22:00,2011-05-19 17:22:00,1,349.55,196,Остальные
13888,2011-05-05 14:41:00,2011-08-12 10:13:00,2,605.63,111,Давно не покупавшие повторные
13889,2011-09-08 09:13:00,2011-09-08 09:13:00,1,416.90000000000003,84,Остальные
13890,2010-12-16 09:31:00,2011-11-17 14:46:00,7,1367.61,14,Активные повторные
13892,2011-04-07 12:04:00,2011-11-13 11:50:00,4,632.9699999999999,18,Активные повторные
13893,2011-02-15 11:30:00,2011-02-15 11:30:00,1,821.1,289,Остальные
13894,2011-02-02 12:54:00,2011-11-16 09:44:00,3,564.62,15,Активные повторные
13895,2011-06-28 10:17:00,2011-11-11 16:57:00,4,2593.07,20,Активные ценные
13897,2011-10-20 14:30:00,2011-10-20 14:30:00,1,311.16,42,Остальные
13898,2011-01-18 10:28:00,2011-01-18 10:28:00,1,155.93,317,Остальные
13899,2011-03-10 09:30:00,2011-11-23 13:40:00,2,388.52,8,Остальные
13900,2011-03-22 10:13:00,2011-06-09 19:26:00,3,740.95,175,Давно не покупавшие повторные
13901,2011-01-25 09:01:00,2011-09-28 14:48:00,5,2867.2,64,Остальные
13904,2011-02-18 11:18:00,2011-11-02 13:41:00,2,332.64,29,Остальные
13908,2011-03-08 12:04:00,2011-09-21 11:49:00,4,2319.55,71,Остальные
13911,2011-02-04 14:46:00,2011-10-13 15:43:00,9,2580.91,49,Активные повторные
13914,2011-11-03 16:28:00,2011-11-28 10:35:00,2,626.45,3,Остальные
13917,2011-06-01 12:46:00,2011-10-21 09:56:00,2,272.03999999999996,41,Остальные
13918,2011-03-31 18:05:00,2011-10-21 12:25:00,2,1212.84,41,Остальные
13919,2011-08-10 10:15:00,2011-10-11 14:24:00,2,348.81,51,Остальные
13922,2010-12-23 10:38:00,2010-12-23 10:38:00,1,172.25,343,Остальные
13923,2011-10-17 12:33:00,2011-10-17 12:33:00,1,351.13,45,Остальные
13924,2011-09-28 15:07:00,2011-11-22 11:28:00,5,1536.45,9,Активные повторные
13925,2011-07-28 12:09:00,2011-09-08 12:47:00,4,678.25,84,Остальные
13926,2011-11-16 13:16:00,2011-11-16 13:16:00,1,223.85000000000002,15,Недавние однократные
13927,2011-09-26 12:00:00,2011-09-26 12:00:00,1,348.99,66,Остальные
13928,2011-07-29 15:59:00,2011-11-29 10:33:00,4,464.57000000000005,2,Активные повторные
13929,2011-01-17 15:11:00,2011-06-23 15:26:00,2,842.6500000000001,161,Давно не покупавшие повторные
13930,2011-07-26 11:00:00,2011-10-13 09:45:00,2,337.34,49,Остальные
13931,2011-03-04 08:43:00,2011-09-05 10:12:00,2,1237.5300000000002,87,Остальные
13932,2011-02-18 12:02:00,2011-02-18 12:02:00,1,307.4,286,Остальные
13933,2011-07-14 13:35:00,2011-08-22 14:03:00,2,608.79,101,Давно не покупавшие повторные
13934,2011-03-21 08:39:00,2011-03-21 08:39:00,1,922.1,255,Остальные
13936,2011-06-13 08:47:00,2011-06-13 08:47:00,1,376.58,171,Остальные
13937,2011-06-23 16:35:00,2011-06-23 16:35:00,1,158.85,161,Остальные
13938,2011-11-04 14:37:00,2011-11-04 14:37:00,1,71.66,27,Недавние однократные
13939,2011-02-01 11:30:00,2011-11-16 13:33:00,3,568.55,15,Активные повторные
13940,2011-07-18 16:05:00,2011-11-22 15:15:00,4,839.14,9,Активные повторные
13941,2010-12-02 10:17:00,2011-11-18 09:43:00,5,5112.96,13,Активные ценные
13946,2011-03-17 10:02:00,2011-09-21 13:33:00,3,561.57,71,Остальные
13947,2011-10-05 14:42:00,2011-10-05 14:42:00,1,90.6,57,Остальные
13948,2010-12-14 10:18:00,2010-12-14 10:18:00,1,102.0,352,Остальные
13949,2011-09-06 11:55:00,2011-11-15 11:30:00,5,1909.0900000000001,16,Активные ценные
13950,2011-04-07 11:29:00,2011-11-28 14:44:00,4,745.06,3,Активные повторные
13951,2011-02-18 15:21:00,2011-06-16 16:43:00,3,674.45,168,Давно не покупавшие повторные
13952,2011-04-15 09:27:00,2011-05-06 09:00:00,2,3251.071,209,Давно не покупавшие повторные
13953,2010-12-22 10:29:00,2011-10-18 10:55:00,6,3104.36,44,Активные повторные
13954,2011-09-30 10:52:00,2011-09-30 10:52:00,1,227.41,62,Остальные
13955,2011-02-07 12:24:00,2011-07-08 17:19:00,2,322.96,146,Давно не покупавшие повторные
13956,2011-03-13 12:51:00,2011-10-16 15:56:00,4,869.92,46,Активные повторные
13959,2010-12-12 13:56:00,2011-09-21 15:06:00,3,598.2,71,Остальные
13960,2011-09-29 12:39:00,2011-11-18 15:27:00,2,230.22,13,Остальные
13962,2011-04-08 11:21:00,2011-11-18 08:47:00,2,169.55,13,Остальные
13963,2010-12-07 09:21:00,2011-02-04 14:43:00,4,664.54,300,Давно не покупавшие повторные
13967,2011-07-17 12:02:00,2011-07-17 12:02:00,1,80.7,137,Остальные
13969,2010-12-09 19:32:00,2011-11-23 08:43:00,16,7912.04,8,Активные ценные
13971,2011-02-27 12:27:00,2011-11-21 12:06:00,8,2758.26,10,Активные ценные
13972,2011-05-22 11:34:00,2011-09-30 11:54:00,2,190.25,62,Остальные
13973,2011-02-25 15:21:00,2011-02-25 15:21:00,1,264.7,279,Остальные
13974,2011-10-21 14:41:00,2011-10-21 14:41:00,1,413.59000000000003,41,Остальные
13975,2011-03-08 12:19:00,2011-11-08 13:19:00,6,2526.28,23,Активные ценные
13976,2011-05-17 09:13:00,2011-05-17 09:13:00,1,357.98,198,Остальные
13978,2011-10-25 15:04:00,2011-11-25 11:36:00,2,196.79000000000002,6,Остальные
13979,2011-09-27 13:32:00,2011-09-27 13:32:00,1,869.87,65,Остальные
13980,2011-10-10 13:34:00,2011-10-10 13:34:00,1,200.14,52,Остальные
13982,2010-12-09 13:57:00,2011-10-31 16:24:00,4,1871.81,31,Активные повторные
13983,2010-12-08 10:38:00,2011-11-10 11:06:00,12,2603.4300000000003,21,Активные ценные
13984,2010-12-08 15:58:00,2011-11-13 12:38:00,5,920.51,18,Активные повторные
13985,2011-03-20 13:48:00,2011-11-25 10:02:00,14,6912.57,6,Активные ценные
13986,2011-11-22 15:00:00,2011-11-22 15:00:00,1,320.46,9,Недавние однократные
13988,2011-03-30 11:48:00,2011-11-20 10:15:00,6,4147.96,11,Активные ценные
13989,2011-04-14 15:39:00,2011-10-05 09:47:00,2,1266.08,57,Остальные
13990,2011-05-10 15:19:00,2011-05-10 15:19:00,1,311.3,205,Остальные
13991,2011-07-19 12:58:00,2011-11-27 16:18:00,6,854.97,4,Активные повторные
13992,2011-11-09 15:23:00,2011-11-09 15:23:00,1,76.8,22,Недавние однократные
13993,2011-01-13 10:43:00,2011-10-28 09:06:00,9,3466.36,34,Активные повторные
13994,2011-07-14 18:28:00,2011-10-31 11:10:00,5,2197.04,31,Активные повторные
13995,2011-04-08 08:20:00,2011-11-24 14:22:00,5,1393.69,7,Активные повторные
13999,2010-12-13 11:23:00,2011-11-29 13:40:00,12,3901.81,2,Активные ценные
14000,2011-05-12 16:50:00,2011-05-12 16:50:00,1,635.66,203,Остальные
14001,2010-12-01 12:58:00,2011-10-25 10:31:00,3,2043.08,37,Активные повторные
14002,2011-07-06 14:59:00,2011-07-28 15:55:00,2,529.73,126,Давно не покупавшие повторные
14004,2011-02-24 09:28:00,2011-10-27 14:40:00,7,4582.64,35,Активные повторные
14005,2011-05-08 10:33:00,2011-11-30 12:41:00,5,2874.7200000000003,1,Активные ценные
14006,2011-01-31 15:11:00,2011-08-16 09:39:00,3,962.19,107,Давно не покупавшие повторные
14009,2011-05-18 13:00:00,2011-05-25 15:47:00,2,695.61,190,Давно не покупавшие повторные
14012,2011-03-07 12:26:00,2011-03-07 12:26:00,1,328.8,269,Остальные
14013,2011-03-09 08:59:00,2011-08-21 15:01:00,3,473.02,102,Давно не покупавшие повторные
14014,2011-09-23 13:18:00,2011-09-23 13:18:00,1,505.18,69,Остальные
14015,2011-10-18 10:02:00,2011-10-18 10:02:00,1,917.34,44,Остальные
14016,2010-12-17 14:21:00,2011-07-01 11:29:00,4,4291.21,153,Давно не покупавшие повторные
14019,2011-07-24 15:39:00,2011-10-24 10:13:00,3,1421.61,38,Активные повторные
14020,2011-09-12 15:32:00,2011-11-23 09:22:00,2,642.8,8,Остальные
14021,2011-03-28 15:10:00,2011-07-07 15:46:00,3,631.9,147,Давно не покупавшие повторные
14022,2011-04-28 14:39:00,2011-04-28 14:39:00,1,440.0,217,Остальные
14023,2011-04-03 15:50:00,2011-04-03 15:50:00,1,273.14,242,Остальные
14024,2011-08-07 13:31:00,2011-08-10 11:30:00,2,327.7,113,Давно не покупавшие повторные
14027,2011-10-10 09:01:00,2011-10-10 09:01:00,1,104.82,52,Остальные
14029,2011-07-18 16:57:00,2011-10-07 14:46:00,2,467.65999999999997,55,Остальные
14030,2010-12-08 16:11:00,2011-11-21 16:48:00,8,2360.09,10,Активные ценные
14031,2010-12-02 16:34:00,2011-11-18 17:06:00,18,16779.739999999998,13,Активные ценные
14032,2010-12-08 10:53:00,2011-11-23 16:24:00,10,2792.4700000000003,8,Активные ценные
14034,2011-07-05 13:06:00,2011-11-17 14:02:00,3,651.82,14,Активные повторные
14035,2011-02-15 12:48:00,2011-11-11 10:03:00,5,1428.02,20,Активные повторные
14036,2011-02-28 09:26:00,2011-02-28 09:26:00,1,626.65,276,Остальные
14037,2010-12-10 11:39:00,2011-06-16 13:57:00,2,147.2,168,Давно не покупавшие повторные
14038,2011-05-16 14:05:00,2011-09-22 13:37:00,3,1560.38,70,Остальные
14039,2011-11-06 13:48:00,2011-11-06 13:48:00,1,152.2,25,Недавние однократные
14040,2011-01-12 14:57:00,2011-10-30 12:42:00,12,3614.92,32,Активные повторные
14041,2011-03-18 13:25:00,2011-03-18 13:25:00,1,141.41,258,Остальные
14044,2011-02-03 11:39:00,2011-11-13 12:05:00,4,652.82,18,Активные повторные
14045,2010-12-01 11:32:00,2011-08-22 15:27:00,4,1659.75,101,Давно не покупавшие повторные
14046,2011-02-28 14:48:00,2011-02-28 14:48:00,1,151.59,276,Остальные
14047,2010-12-02 10:09:00,2011-09-27 14:08:00,4,957.46,65,Остальные
14048,2011-02-07 14:53:00,2011-02-07 14:53:00,1,409.93,297,Остальные
14049,2011-01-26 11:27:00,2011-11-23 12:20:00,4,5681.719999999999,8,Активные ценные
14050,2011-08-25 13:46:00,2011-11-08 10:00:00,2,746.36,23,Остальные
14051,2010-12-08 12:49:00,2011-11-22 16:31:00,21,13647.19,9,Активные ценные
14052,2011-11-20 12:30:00,2011-11-20 12:30:00,1,225.36,11,Недавние однократные
14053,2011-07-03 12:21:00,2011-08-07 14:27:00,2,260.25,116,Давно не покупавшие повторные
14054,2011-10-05 15:49:00,2011-10-05 15:49:00,1,92.46,57,Остальные
14055,2011-08-25 15:04:00,2011-08-25 15:04:00,1,725.6400000000001,98,Остальные
14056,2011-02-28 15:19:00,2011-11-24 13:25:00,22,7789.63,7,Активные ценные
14057,2010-12-14 12:11:00,2011-11-16 10:32:00,17,6217.96,15,Активные ценные
14059,2011-03-18 10:06:00,2011-03-18 10:06:00,1,183.6,258,Остальные
14060,2010-12-02 12:11:00,2011-11-17 12:59:00,18,5842.9400000000005,14,Активные ценные
14062,2010-12-10 15:56:00,2011-11-30 10:04:00,12,10464.85,1,Активные ценные
14064,2011-03-10 12:59:00,2011-11-10 13:14:00,5,1353.7399999999998,21,Активные повторные
14066,2011-03-18 12:21:00,2011-03-18 12:21:00,1,152.55,258,Остальные
14067,2011-09-04 12:00:00,2011-10-07 10:21:00,2,374.7,55,Остальные
14068,2011-01-23 16:02:00,2011-01-23 16:02:00,1,265.85,312,Остальные
14071,2011-03-20 11:33:00,2011-11-20 14:07:00,6,1269.42,11,Активные повторные
14073,2011-11-07 15:49:00,2011-11-07 15:49:00,1,151.04,24,Недавние однократные
14075,2011-03-23 16:35:00,2011-11-20 12:32:00,2,625.48,11,Остальные
14076,2011-08-02 15:19:00,2011-08-02 15:19:00,1,122.47,121,Остальные
14077,2011-03-10 15:52:00,2011-10-30 12:35:00,5,499.42,32,Активные повторные
14078,2010-12-01 12:54:00,2011-08-30 12:16:00,6,1049.37,93,Давно не покупавшие повторные
14079,2011-08-07 12:10:00,2011-08-07 12:10:00,1,375.09999999999997,116,Остальные
14080,2011-11-07 11:09:00,2011-11-07 11:09:00,1,45.599999999999994,24,Недавние однократные
14081,2010-12-05 15:47:00,2011-02-10 16:17:00,2,934.52,294,Давно не покупавшие повторные
14082,2010-12-10 11:02:00,2010-12-10 11:02:00,1,182.25,356,Остальные
14083,2010-12-03 12:24:00,2011-08-05 14:31:00,7,548.9200000000001,118,Давно не покупавшие повторные
14085,2010-12-06 12:39:00,2011-11-30 16:54:00,15,3817.55,1,Активные ценные
14088,2011-01-21 13:07:00,2011-11-29 16:16:00,13,50491.81,2,Активные ценные
14089,2011-10-14 10:38:00,2011-10-14 10:38:00,1,161.0,48,Остальные
14090,2011-01-19 10:51:00,2011-01-19 10:51:00,1,76.32000000000001,316,Остальные
14092,2010-12-16 15:47:00,2011-11-16 12:08:00,12,3722.45,15,Активные ценные
14093,2011-11-27 16:27:00,2011-11-27 16:27:00,1,442.85,4,Недавние однократные
14096,2011-08-30 10:49:00,2011-11-28 15:54:00,16,45921.71,3,Активные ценные
14098,2011-11-03 10:13:00,2011-11-03 10:13:00,1,147.35,28,Недавние однократные
14099,2010-12-20 11:14:00,2011-11-23 13:53:00,11,3104.17,8,Активные ценные
14100,2011-07-25 11:01:00,2011-07-25 11:01:00,1,194.9,129,Остальные
14101,2011-01-17 13:09:00,2011-09-27 12:28:00,6,5976.79,65,Остальные
14102,2011-10-26 12:46:00,2011-11-28 10:20:00,4,1241.78,3,Активные повторные
14104,2011-06-27 12:49:00,2011-07-08 12:50:00,2,216.21,146,Давно не покупавшие повторные
14105,2011-04-14 17:58:00,2011-04-14 17:58:00,1,1266.23,231,Остальные
14107,2010-12-10 13:29:00,2011-10-19 12:12:00,7,2703.23,43,Активные повторные
14108,2011-08-30 11:32:00,2011-11-09 10:41:00,2,597.91,22,Остальные
14109,2011-09-28 10:18:00,2011-09-28 10:18:00,1,144.2,64,Остальные
14110,2011-03-18 09:59:00,2011-11-18 08:59:00,11,5357.71,13,Активные ценные
14111,2011-04-12 11:36:00,2011-11-25 13:44:00,4,692.85,6,Активные повторные
14112,2011-03-09 11:28:00,2011-11-17 12:30:00,7,2915.15,14,Активные ценные
14113,2010-12-20 12:14:00,2011-11-17 10:59:00,3,1368.52,14,Активные повторные
14114,2011-01-13 11:05:00,2011-03-11 09:42:00,2,386.53,265,Давно не покупавшие повторные
14116,2011-08-10 12:44:00,2011-11-20 10:29:00,5,1382.74,11,Активные повторные
14117,2011-07-19 09:49:00,2011-07-19 09:49:00,1,90.0,135,Остальные
14121,2011-10-11 10:39:00,2011-11-29 13:43:00,3,2008.99,2,Активные ценные
14124,2011-09-16 13:32:00,2011-09-16 13:32:00,1,419.58,76,Остальные
14125,2011-09-22 15:40:00,2011-11-29 12:47:00,3,2740.43,2,Активные ценные
14126,2011-11-29 12:21:00,2011-11-29 12:22:00,2,643.6300000000001,2,Остальные
14127,2011-02-02 12:26:00,2011-08-09 10:49:00,3,709.71,114,Давно не покупавшие повторные
14128,2011-03-29 10:49:00,2011-10-10 12:00:00,2,637.5,52,Остальные
14129,2011-03-24 08:44:00,2011-11-22 12:09:00,4,971.2800000000001,9,Активные повторные
14130,2011-01-24 16:05:00,2011-01-24 16:05:00,1,483.86,311,Остальные
14132,2011-06-09 12:04:00,2011-11-25 10:03:00,10,3270.9,6,Активные ценные
14133,2011-01-28 11:27:00,2011-08-02 11:34:00,3,605.64,121,Давно не покупавшие повторные
14135,2010-12-02 10:27:00,2011-11-07 16:30:00,13,4247.41,24,Активные ценные
14138,2011-10-07 09:38:00,2011-10-07 09:38:00,1,638.21,55,Остальные
14139,2011-10-24 13:34:00,2011-10-24 13:34:00,1,415.82,38,Остальные
14140,2011-11-08 11:20:00,2011-11-08 11:20:00,1,540.99,23,Недавние однократные
14141,2011-08-26 14:40:00,2011-10-11 12:17:00,3,688.7800000000001,51,Активные повторные
14142,2010-12-01 16:33:00,2010-12-01 16:33:00,1,311.81,365,Остальные
14143,2011-07-29 09:48:00,2011-07-29 09:48:00,1,115.8,125,Остальные
14145,2011-05-06 13:01:00,2011-10-24 12:10:00,4,3742.2,38,Активные повторные
14146,2010-12-17 15:52:00,2011-09-19 15:01:00,4,2965.84,73,Остальные
14147,2011-02-27 11:42:00,2011-09-22 18:10:00,2,483.40000000000003,70,Остальные
14148,2011-04-20 12:02:00,2011-04-20 12:02:00,1,157.2,225,Остальные
14149,2011-05-03 09:44:00,2011-05-03 09:44:00,1,446.62,212,Остальные
14150,2010-12-15 10:04:00,2011-11-04 10:05:00,2,658.6400000000001,27,Остальные
14152,2011-04-19 15:46:00,2011-09-25 12:54:00,2,621.29,67,Остальные
14154,2011-04-14 15:58:00,2011-04-14 16:26:00,2,1345.62,231,Давно не покупавшие повторные
14155,2011-03-18 14:13:00,2011-03-18 14:13:00,1,118.75,258,Остальные
14156,2010-12-03 11:48:00,2011-11-30 10:54:00,54,116729.63,1,Активные ценные
14157,2011-02-27 13:04:00,2011-11-20 11:32:00,2,432.88,11,Остальные
14158,2011-10-30 15:08:00,2011-10-30 15:08:00,1,507.66,32,Остальные
14159,2010-12-12 11:17:00,2011-11-20 12:36:00,11,4690.639999999999,11,Активные ценные
14161,2010-12-05 13:18:00,2011-05-08 11:41:00,3,1110.52,207,Давно не покупавшие повторные
14162,2011-02-20 12:32:00,2011-06-19 11:36:00,2,289.36,165,Давно не покупавшие повторные
14163,2011-04-14 17:33:00,2011-09-13 15:18:00,4,2445.91,79,Остальные
14164,2011-09-20 12:18:00,2011-09-30 12:24:00,2,1631.77,62,Остальные
14165,2011-03-09 12:39:00,2011-03-09 12:39:00,1,122.53999999999999,267,Остальные
14167,2011-01-12 15:44:00,2011-10-31 14:29:00,4,574.84,31,Активные повторные
14171,2011-09-02 16:43:00,2011-09-02 16:43:00,1,363.79,90,Остальные
14173,2011-05-04 14:03:00,2011-11-29 11:54:00,4,450.84000000000003,2,Активные повторные
14174,2011-11-06 13:17:00,2011-11-06 13:17:00,1,134.46,25,Недавние однократные
14175,2011-01-14 12:22:00,2011-10-11 11:55:00,3,3222.3,51,Активные повторные
14176,2010-12-07 11:45:00,2011-02-15 13:12:00,4,576.9000000000001,289,Давно не покупавшие повторные
14177,2011-06-13 11:10:00,2011-09-14 15:11:00,4,559.41,78,Остальные
14178,2011-06-10 12:51:00,2011-11-11 12:10:00,6,1190.81,20,Активные повторные
14179,2011-10-18 14:00:00,2011-10-30 12:07:00,2,719.78,32,Остальные
14180,2010-12-02 13:08:00,2011-11-29 10:56:00,25,4748.52,2,Активные ценные
14184,2011-10-04 12:43:00,2011-10-04 12:43:00,1,452.89,58,Остальные
14185,2011-01-12 13:52:00,2011-01-12 13:52:00,1,197.65,323,Остальные
14188,2011-02-02 13:46:00,2011-11-09 12:45:00,6,2054.36,22,Активные ценные
14189,2010-12-06 11:42:00,2011-11-23 16:43:00,14,4352.52,8,Активные ценные
14191,2011-05-03 10:30:00,2011-11-29 17:23:00,12,4258.64,2,Активные ценные
14193,2011-03-15 11:38:00,2011-10-03 09:34:00,2,853.3900000000001,59,Остальные
14194,2011-02-04 14:51:00,2011-11-21 10:35:00,20,10865.42,10,Активные ценные
14195,2011-04-01 16:50:00,2011-05-22 10:29:00,2,1012.0,193,Давно не покупавшие повторные
14196,2011-08-25 10:25:00,2011-08-25 10:25:00,1,335.52,98,Остальные
14198,2011-04-14 14:54:00,2011-11-21 16:35:00,4,701.4000000000001,10,Активные повторные
14199,2011-05-05 13:44:00,2011-05-05 13:44:00,1,185.39999999999998,210,Остальные
14201,2010-12-15 13:25:00,2011-10-10 13:27:00,7,747.44,52,Активные повторные
14205,2011-03-20 15:07:00,2011-11-23 10:55:00,2,466.70000000000005,8,Остальные
14206,2011-04-14 16:38:00,2011-04-14 16:38:00,1,328.15999999999997,231,Остальные
14208,2011-09-06 12:48:00,2011-09-06 12:48:00,1,151.74,86,Остальные
14209,2011-01-11 12:56:00,2011-11-29 10:18:00,6,2073.4300000000003,2,Активные ценные
14210,2010-12-03 12:43:00,2011-08-26 12:36:00,6,1905.8400000000001,97,Давно не покупавшие повторные
14211,2011-02-17 15:50:00,2011-10-17 13:23:00,9,2241.1,45,Активные повторные
14212,2011-09-11 12:45:00,2011-09-11 12:45:00,1,1070.48,81,Остальные
14214,2011-03-07 12:26:00,2011-11-09 10:31:00,5,1004.38,22,Активные повторные
14215,2010-12-06 15:34:00,2011-11-28 12:19:00,6,1789.72,3,Активные ценные
14216,2011-11-02 10:51:00,2011-11-23 13:24:00,2,1252.74,8,Остальные
14217,2010-12-08 13:28:00,2011-11-28 12:08:00,16,1910.5,3,Активные ценные
14218,2011-10-28 10:00:00,2011-10-28 10:00:00,1,169.48000000000002,34,Остальные
14220,2010-12-16 18:18:00,2011-04-06 13:23:00,2,632.4000000000001,239,Давно не покупавшие повторные
14221,2011-01-04 15:33:00,2011-10-28 13:42:00,9,3432.8,34,Активные повторные
14222,2011-06-15 16:42:00,2011-06-15 16:42:00,1,683.17,169,Остальные
14223,2011-03-20 16:02:00,2011-09-08 13:38:00,3,991.13,84,Остальные
14224,2011-01-23 13:58:00,2011-08-21 13:24:00,4,1050.12,102,Давно не покупавшие повторные
14226,2011-03-15 15:36:00,2011-11-11 11:34:00,5,2232.19,20,Активные ценные
14227,2011-02-28 12:27:00,2011-11-13 15:48:00,10,3350.96,18,Активные ценные
14229,2011-01-10 12:03:00,2011-10-19 10:03:00,3,1547.1999999999998,43,Активные повторные
14231,2011-02-24 11:55:00,2011-06-09 11:05:00,3,925.71,175,Давно не покупавшие повторные
14232,2011-03-20 12:44:00,2011-10-28 11:09:00,5,2048.07,34,Активные повторные
14233,2011-01-26 12:43:00,2011-10-21 15:54:00,4,1462.72,41,Активные повторные
14234,2011-10-13 13:58:00,2011-11-17 17:53:00,4,775.4599999999999,14,Активные повторные
14235,2011-03-24 13:23:00,2011-09-25 14:37:00,5,3144.86,67,Остальные
14236,2010-12-02 18:49:00,2011-09-20 09:13:00,2,490.86,72,Остальные
14237,2010-12-01 13:20:00,2010-12-01 13:20:00,1,161.0,365,Остальные
14238,2011-01-17 14:40:00,2011-01-17 14:40:00,1,146.85,318,Остальные
14239,2011-01-27 14:45:00,2011-10-27 14:40:00,11,2380.85,35,Активные повторные
14240,2011-04-28 11:40:00,2011-11-09 13:45:00,2,890.34,22,Остальные
14241,2011-06-09 11:46:00,2011-06-09 11:46:00,1,213.70000000000002,175,Остальные
14242,2011-01-18 08:53:00,2011-04-19 11:46:00,2,280.54999999999995,226,Давно не покупавшие повторные
14243,2010-12-09 08:34:00,2011-11-01 13:20:00,9,2481.35,30,Активные ценные
14245,2011-03-21 10:41:00,2011-05-04 08:40:00,2,1693.45,211,Давно не покупавшие повторные
14246,2011-04-08 08:25:00,2011-08-21 11:50:00,3,1474.06,102,Давно не покупавшие повторные
14247,2011-03-06 15:21:00,2011-03-06 15:21:00,1,136.77,270,Остальные
14248,2011-01-25 14:45:00,2011-01-25 14:45:00,1,302.58,310,Остальные
14250,2011-09-11 13:44:00,2011-09-11 13:44:00,1,1228.83,81,Остальные
14251,2011-10-13 12:46:00,2011-11-29 12:07:00,4,2397.42,2,Активные ценные
14256,2010-12-10 11:44:00,2011-03-24 13:17:00,2,969.06,252,Давно не покупавшие повторные
14257,2011-01-25 10:49:00,2011-10-06 16:54:00,5,3099.7200000000003,56,Активные повторные
14258,2011-01-06 12:18:00,2011-11-30 15:27:00,9,12669.98,1,Активные ценные
14259,2011-07-21 10:44:00,2011-07-21 10:44:00,1,120.0,133,Остальные
14261,2011-09-22 10:47:00,2011-10-20 10:04:00,2,1163.45,42,Остальные
14262,2011-04-13 12:23:00,2011-11-22 10:35:00,7,2313.5299999999997,9,Активные ценные
14264,2011-04-08 12:20:00,2011-07-08 10:20:00,2,333.97,146,Давно не покупавшие повторные
14265,2011-07-14 09:10:00,2011-08-22 13:32:00,2,530.1800000000001,101,Давно не покупавшие повторные
14267,2011-03-24 11:38:00,2011-06-30 10:09:00,3,1516.24,154,Давно не покупавшие повторные
14270,2011-01-12 09:33:00,2011-01-12 09:33:00,1,492.65000000000003,323,Остальные
14271,2011-04-28 12:47:00,2011-04-28 12:47:00,1,112.32000000000001,217,Остальные
14272,2011-03-30 13:57:00,2011-09-27 10:08:00,2,437.96000000000004,65,Остальные
14273,2011-04-11 13:24:00,2011-10-19 13:20:00,4,559.97,43,Активные повторные
14276,2011-02-23 09:38:00,2011-09-02 09:45:00,3,1119.74,90,Остальные
14277,2011-05-11 13:20:00,2011-11-24 15:01:00,3,4180.2,7,Активные ценные
14280,2011-05-27 10:37:00,2011-05-27 10:37:00,1,134.04,188,Остальные
14282,2010-12-07 12:21:00,2011-11-20 15:27:00,13,3371.64,11,Активные ценные
14284,2011-09-14 13:04:00,2011-11-09 08:11:00,2,595.25,22,Остальные
14285,2011-06-16 12:36:00,2011-11-18 14:50:00,4,1910.0100000000002,13,Активные ценные
14286,2011-04-11 08:16:00,2011-11-16 10:34:00,3,4628.75,15,Активные ценные
14287,2011-05-25 11:41:00,2011-05-25 11:44:00,2,83.28,190,Давно не покупавшие повторные
14288,2011-05-10 13:22:00,2011-05-10 13:22:00,1,426.6,205,Остальные
14289,2011-02-23 12:33:00,2011-07-28 10:24:00,5,832.7800000000001,126,Давно не покупавшие повторные
14290,2010-12-13 10:24:00,2011-11-28 14:02:00,5,2314.65,3,Активные ценные
14291,2011-03-09 15:20:00,2011-10-13 09:16:00,9,3325.56,49,Активные повторные
14292,2011-03-02 08:26:00,2011-10-31 09:51:00,7,4458.61,31,Активные повторные
14293,2010-12-06 10:18:00,2011-07-15 15:28:00,3,739.41,139,Давно не покупавшие повторные
14295,2011-10-30 15:50:00,2011-10-30 15:50:00,1,166.20000000000002,32,Остальные
14297,2011-03-10 08:31:00,2011-11-22 09:06:00,4,1305.33,9,Активные повторные
14298,2010-12-14 12:59:00,2011-11-09 10:26:00,43,50889.7,22,Активные ценные
14299,2010-12-09 10:30:00,2011-11-18 12:49:00,8,3676.1,13,Активные ценные
14300,2011-11-21 08:57:00,2011-11-21 08:57:00,1,43.2,10,Недавние однократные
14301,2011-08-14 15:33:00,2011-08-14 15:33:00,1,640.14,109,Остальные
14304,2011-05-01 11:50:00,2011-05-01 11:50:00,1,383.45,214,Остальные
14305,2011-07-27 14:14:00,2011-09-29 15:29:00,3,1858.96,63,Остальные
14306,2011-09-15 10:31:00,2011-10-19 13:23:00,2,2093.32,43,Остальные
14307,2010-12-01 11:41:00,2011-09-12 09:38:00,6,2995.7200000000003,80,Остальные
14309,2010-12-16 13:05:00,2011-11-11 09:46:00,8,1962.66,20,Активные ценные
14311,2011-04-11 10:14:00,2011-04-11 10:14:00,1,310.26,234,Остальные
14312,2011-01-06 16:35:00,2011-10-24 09:46:00,6,1611.5900000000001,38,Активные повторные
14314,2011-08-25 10:39:00,2011-08-25 10:39:00,1,120.0,98,Остальные
14315,2011-03-18 12:59:00,2011-10-26 12:06:00,6,2481.13,36,Активные повторные
14317,2011-10-06 10:44:00,2011-10-06 10:44:00,1,508.58,56,Остальные
14320,2011-01-11 09:12:00,2011-05-17 09:24:00,2,477.78999999999996,198,Давно не покупавшие повторные
14321,2011-01-10 11:35:00,2011-11-29 09:47:00,5,1530.75,2,Активные повторные
14323,2011-04-15 11:44:00,2011-08-17 11:37:00,2,605.06,106,Давно не покупавшие повторные
14326,2011-04-11 15:04:00,2011-04-11 15:04:00,1,183.85,234,Остальные
14327,2011-06-29 13:58:00,2011-06-29 13:58:00,1,311.65000000000003,155,Остальные
14329,2011-01-14 13:42:00,2011-11-22 15:50:00,7,5014.84,9,Активные ценные
14331,2011-07-27 15:14:00,2011-08-07 13:17:00,2,462.66,116,Давно не покупавшие повторные
14332,2011-07-15 10:33:00,2011-11-17 11:54:00,3,866.3100000000001,14,Активные повторные
14333,2011-10-03 10:38:00,2011-10-03 10:38:00,1,415.2,59,Остальные
14334,2010-12-16 17:37:00,2011-11-23 10:01:00,8,2552.21,8,Активные ценные
14335,2011-09-04 13:07:00,2011-11-23 13:41:00,2,468.26,8,Остальные
14336,2011-03-08 16:48:00,2011-11-23 11:40:00,4,1614.91,8,Активные ценные
14338,2011-05-27 13:30:00,2011-07-01 14:08:00,2,588.22,153,Давно не покупавшие повторные
14339,2011-04-11 11:06:00,2011-04-11 11:06:00,1,309.52,234,Остальные
14340,2011-05-05 09:44:00,2011-05-05 09:44:00,1,134.7,210,Остальные
14341,2011-01-25 13:55:00,2011-10-25 15:48:00,8,2182.28,37,Активные повторные
14342,2011-05-13 13:50:00,2011-11-18 13:21:00,4,668.56,13,Активные повторные
14344,2010-12-06 11:58:00,2011-08-04 13:51:00,8,889.9300000000001,119,Давно не покупавшие повторные
14345,2011-11-01 09:51:00,2011-11-01 09:51:00,1,108.97999999999999,30,Недавние однократные
14346,2011-02-15 13:52:00,2011-08-11 09:47:00,2,1021.5799999999999,112,Давно не покупавшие повторные
14348,2011-03-24 16:23:00,2011-03-24 16:23:00,1,409.57,252,Остальные
14349,2011-11-29 15:39:00,2011-11-29 15:39:00,1,133.5,2,Недавние однократные
14350,2011-03-10 14:14:00,2011-03-10 14:14:00,1,282.93,266,Остальные
14351,2011-06-28 11:56:00,2011-06-28 11:56:00,1,51.0,156,Остальные
14352,2011-03-11 14:58:00,2011-07-05 15:41:00,4,1078.96,149,Давно не покупавшие повторные
14353,2011-05-08 16:06:00,2011-05-08 16:06:00,1,90.6,207,Остальные
14354,2011-11-09 15:36:00,2011-11-09 15:36:00,1,87.78,22,Недавние однократные
14355,2010-12-09 12:16:00,2010-12-09 12:16:00,1,174.4,357,Остальные
14356,2011-09-19 14:43:00,2011-09-21 09:18:00,2,701.23,71,Остальные
14357,2011-10-27 16:23:00,2011-10-27 16:23:00,1,225.77,35,Остальные
14359,2011-09-13 09:03:00,2011-11-20 13:17:00,3,912.18,11,Активные повторные
14360,2011-09-06 11:58:00,2011-11-08 09:12:00,4,2128.23,23,Активные ценные
14362,2011-11-17 15:08:00,2011-11-17 15:08:00,1,161.2,14,Недавние однократные
14364,2011-05-12 12:56:00,2011-08-23 11:01:00,8,3717.35,100,Давно не покупавшие повторные
14367,2011-03-08 14:12:00,2011-11-18 12:09:00,15,8627.99,13,Активные ценные
14368,2011-01-24 09:52:00,2011-01-24 09:52:00,1,155.0,311,Остальные
14371,2011-02-17 16:35:00,2011-02-17 16:35:00,1,100.5,287,Остальные
14373,2010-12-16 15:40:00,2010-12-16 15:40:00,1,76.55,350,Остальные
14375,2011-06-07 13:44:00,2011-06-07 13:44:00,1,257.68,177,Остальные
14377,2011-03-22 13:38:00,2011-06-01 13:32:00,2,617.05,183,Давно не покупавшие повторные
14379,2011-02-17 15:03:00,2011-10-26 16:43:00,2,348.1,36,Остальные
14381,2011-10-18 17:10:00,2011-10-18 17:10:00,1,202.68,44,Остальные
14382,2011-11-13 16:18:00,2011-11-13 16:18:00,1,626.0699999999999,18,Недавние однократные
14383,2011-06-29 10:18:00,2011-11-01 15:53:00,3,1247.69,30,Активные повторные
14385,2011-11-16 11:55:00,2011-11-30 15:36:00,3,202.10999999999999,1,Активные повторные
14386,2011-02-16 09:45:00,2011-02-16 09:45:00,1,142.4,288,Остальные
14387,2011-08-22 14:13:00,2011-11-07 12:29:00,3,1770.56,24,Активные ценные
14388,2010-12-02 11:02:00,2011-11-29 13:32:00,8,3212.84,2,Активные ценные
14389,2011-06-02 12:04:00,2011-10-05 15:17:00,2,1043.46,57,Остальные
14390,2010-12-02 11:57:00,2011-11-29 13:49:00,9,4652.82,2,Активные ценные
14393,2011-05-05 18:16:00,2011-05-05 18:16:00,1,67.95,210,Остальные
14395,2010-12-02 18:15:00,2011-10-10 17:26:00,8,2948.7200000000003,52,Активные повторные
14396,2010-12-03 15:19:00,2011-10-05 16:09:00,2,487.99,57,Остальные
14397,2011-05-10 12:25:00,2011-11-28 12:30:00,17,2183.76,3,Активные ценные
14400,2011-07-13 15:50:00,2011-07-13 15:50:00,1,574.7,141,Остальные
14401,2010-12-15 09:07:00,2011-11-01 13:37:00,12,3697.7,30,Активные ценные
14403,2011-04-06 14:23:00,2011-08-01 12:57:00,4,1475.81,122,Давно не покупавшие повторные
14404,2010-12-05 16:00:00,2011-11-06 12:30:00,6,1474.32,25,Активные повторные
14406,2011-08-12 16:54:00,2011-08-12 16:54:00,1,156.75,111,Остальные
14407,2011-03-08 11:59:00,2011-08-24 14:02:00,5,2142.73,99,Давно не покупавшие повторные
14408,2011-03-20 14:41:00,2011-11-29 11:41:00,7,2606.53,2,Активные ценные
14409,2010-12-06 15:03:00,2011-09-29 18:18:00,6,2059.4500000000003,63,Остальные
14410,2011-02-07 09:36:00,2011-09-08 15:08:00,9,1104.07,84,Остальные
14411,2011-02-02 10:56:00,2011-02-02 10:56:00,1,1063.0,302,Остальные
14412,2011-09-28 08:48:00,2011-10-28 10:45:00,2,770.03,34,Остальные
14413,2010-12-12 13:37:00,2010-12-12 13:37:00,1,122.7,354,Остальные
14414,2010-12-16 11:11:00,2011-09-09 12:09:00,7,1496.98,83,Остальные
14415,2010-12-14 13:31:00,2011-11-20 15:52:00,12,4804.33,11,Активные ценные
14416,2011-10-28 15:10:00,2011-11-17 15:22:00,2,490.22,14,Остальные
14418,2011-08-23 17:18:00,2011-11-14 13:55:00,2,1039.9,17,Остальные
14419,2010-12-10 10:56:00,2011-11-29 11:22:00,6,1058.06,2,Активные повторные
14420,2011-09-01 18:07:00,2011-09-01 18:07:00,1,387.52,91,Остальные
14421,2011-05-12 10:49:00,2011-10-13 13:24:00,2,813.11,49,Остальные
14422,2011-03-17 17:26:00,2011-11-22 14:59:00,5,3881.63,9,Активные ценные
14423,2011-05-05 15:12:00,2011-05-05 15:12:00,1,265.2,210,Остальные
14424,2011-11-22 11:48:00,2011-11-22 11:48:00,1,322.08,9,Недавние однократные
14426,2011-01-31 09:51:00,2011-11-16 12:25:00,10,4481.67,15,Активные ценные
14427,2011-10-07 09:10:00,2011-10-20 14:23:00,2,363.34000000000003,42,Остальные
14428,2011-01-18 16:39:00,2011-11-03 16:30:00,4,1042.97,28,Активные повторные
14431,2011-02-10 10:40:00,2011-02-10 10:40:00,1,470.36,294,Остальные
14432,2011-09-11 14:09:00,2011-11-30 08:04:00,6,2255.51,1,Активные ценные
14434,2011-09-28 15:31:00,2011-11-18 08:56:00,6,1372.8,13,Активные повторные
14436,2011-09-02 10:13:00,2011-09-02 10:13:00,1,89.06,90,Остальные
14437,2010-12-09 09:27:00,2010-12-09 09:27:00,1,63.0,357,Остальные
14438,2011-02-06 14:56:00,2011-02-06 14:56:00,1,131.9,298,Остальные
14439,2011-01-24 11:39:00,2011-01-24 11:39:00,1,2661.24,311,Остальные
14440,2010-12-09 12:49:00,2011-10-28 15:54:00,4,1740.43,34,Активные повторные
14441,2011-03-29 12:01:00,2011-10-27 14:27:00,3,1407.19,35,Активные повторные
14442,2011-01-27 09:33:00,2011-05-19 11:36:00,2,1589.8200000000002,196,Давно не покупавшие повторные
14443,2010-12-06 11:03:00,2011-10-17 10:10:00,4,1420.2,45,Активные повторные
14446,2011-04-07 12:10:00,2011-11-11 12:02:00,3,837.69,20,Активные повторные
14447,2011-03-04 10:49:00,2011-11-21 08:28:00,5,1163.23,10,Активные повторные
14448,2010-12-10 17:26:00,2011-11-30 13:50:00,2,375.35,1,Остальные
14449,2010-12-02 14:09:00,2011-11-21 12:06:00,4,907.1,10,Активные повторные
14450,2011-01-23 11:53:00,2011-06-12 10:46:00,3,483.25,172,Давно не покупавшие повторные
14451,2011-05-29 12:35:00,2011-10-10 13:38:00,2,662.59,52,Остальные
14452,2011-09-07 11:32:00,2011-11-29 12:06:00,2,264.44,2,Остальные
14453,2011-06-02 14:15:00,2011-06-02 14:15:00,1,119.93,182,Остальные
14456,2011-07-20 13:06:00,2011-11-17 17:18:00,8,2676.48,14,Активные ценные
14457,2011-02-02 09:39:00,2011-02-02 09:39:00,1,113.64,302,Остальные
14459,2011-07-07 13:35:00,2011-07-07 13:35:00,1,1837.92,147,Остальные
14460,2011-02-02 11:55:00,2011-08-21 14:19:00,3,434.34,102,Давно не покупавшие повторные
14461,2011-03-23 12:15:00,2011-07-14 17:11:00,3,2102.67,140,Давно не покупавшие повторные
14462,2011-01-04 12:45:00,2011-10-04 15:55:00,11,1999.02,58,Активные повторные
14463,2011-05-18 14:42:00,2011-09-02 15:20:00,3,529.62,90,Остальные
14465,2011-02-10 12:13:00,2011-04-07 12:38:00,3,1058.62,238,Давно не покупавшие повторные
14466,2010-12-02 13:36:00,2011-11-10 14:07:00,7,2272.4,21,Активные ценные
14467,2011-01-31 12:35:00,2011-11-22 12:48:00,4,598.76,9,Активные повторные
14470,2011-02-25 11:56:00,2011-11-28 10:31:00,2,461.19,3,Остальные
14472,2010-12-19 14:03:00,2011-08-28 11:01:00,8,1936.84,95,Давно не покупавшие повторные
14473,2011-03-02 13:56:00,2011-09-26 15:10:00,2,234.34,66,Остальные
14474,2011-10-24 13:26:00,2011-10-24 13:26:00,1,547.66,38,Остальные
14475,2011-02-08 10:12:00,2011-09-29 10:46:00,3,925.85,63,Остальные
14476,2011-03-27 15:39:00,2011-03-27 15:39:00,1,215.7,249,Остальные
14477,2011-02-15 15:44:00,2011-11-20 11:11:00,4,1309.6,11,Активные повторные
14479,2010-12-09 12:59:00,2011-03-31 09:07:00,2,316.25,245,Давно не покупавшие повторные
14480,2011-11-28 16:35:00,2011-11-28 16:35:00,1,279.05,3,Недавние однократные
14481,2011-02-25 13:53:00,2011-06-28 10:38:00,2,636.51,156,Давно не покупавшие повторные
14482,2011-04-14 16:41:00,2011-11-21 13:14:00,6,2068.15,10,Активные ценные
14483,2011-03-03 10:26:00,2011-03-03 10:26:00,1,137.1,273,Остальные
14484,2011-10-20 14:11:00,2011-10-20 14:11:00,1,321.92,42,Остальные
14485,2011-11-01 12:25:00,2011-11-01 12:25:00,1,165.75,30,Недавние однократные
14487,2010-12-06 13:22:00,2011-11-13 12:17:00,6,1196.33,18,Активные повторные
14488,2011-10-03 09:30:00,2011-10-03 09:30:00,1,1064.28,59,Остальные
14489,2011-05-16 14:51:00,2011-05-16 14:51:00,1,463.38,199,Остальные
14491,2010-12-02 12:10:00,2011-06-17 15:22:00,2,340.93,167,Давно не покупавшие повторные
14493,2011-07-07 16:59:00,2011-11-23 10:21:00,4,1867.54,8,Активные ценные
14494,2011-11-14 09:21:00,2011-11-14 09:21:00,1,139.56,17,Недавние однократные
14495,2011-08-10 14:13:00,2011-10-20 12:28:00,2,123.8,42,Остальные
14496,2010-12-01 15:35:00,2011-02-01 09:01:00,2,538.8100000000001,303,Давно не покупавшие повторные
14497,2011-02-03 17:01:00,2011-02-03 17:01:00,1,475.37,301,Остальные
14498,2010-12-13 11:29:00,2011-10-28 12:09:00,5,1957.32,34,Активные повторные
14499,2011-03-06 11:55:00,2011-11-13 13:01:00,3,815.32,18,Активные повторные
14500,2011-06-03 10:08:00,2011-09-12 16:45:00,3,356.85,80,Остальные
14501,2011-01-24 10:43:00,2011-06-09 12:02:00,2,251.21,175,Давно не покупавшие повторные
14502,2011-01-30 15:52:00,2011-11-20 11:50:00,11,2467.63,11,Активные ценные
14503,2011-06-14 10:00:00,2011-11-29 12:15:00,4,2772.39,2,Активные ценные
14504,2011-03-06 14:38:00,2011-10-23 16:00:00,4,673.26,39,Активные повторные
14505,2010-12-12 16:14:00,2011-11-22 15:45:00,8,5905.64,9,Активные ценные
14506,2010-12-05 14:25:00,2011-11-22 13:02:00,5,2012.17,9,Активные ценные
14507,2011-03-08 17:23:00,2011-11-16 12:21:00,6,1383.18,15,Активные повторные
14508,2011-09-11 11:29:00,2011-11-17 19:48:00,2,276.41999999999996,14,Остальные
14511,2011-07-29 12:13:00,2011-11-28 17:05:00,5,1314.81,3,Активные повторные
14512,2011-04-21 19:05:00,2011-06-05 12:39:00,2,275.28,179,Давно не покупавшие повторные
14513,2011-02-24 09:36:00,2011-08-31 11:25:00,3,455.59000000000003,92,Давно не покупавшие повторные
14514,2011-01-12 15:22:00,2011-10-09 16:05:00,3,1055.35,53,Активные повторные
14515,2011-05-05 12:13:00,2011-11-22 11:37:00,6,2102.09,9,Активные ценные
14517,2011-07-21 11:42:00,2011-11-06 14:20:00,2,330.45,25,Остальные
14518,2011-10-06 14:43:00,2011-10-06 14:43:00,1,174.37,56,Остальные
14520,2011-02-22 09:15:00,2011-02-22 09:15:00,1,165.0,282,Остальные
14522,2011-05-25 16:01:00,2011-11-15 13:24:00,4,974.54,16,Активные повторные
14523,2011-08-23 13:13:00,2011-08-23 13:13:00,1,241.09,100,Остальные
14524,2010-12-14 11:01:00,2011-11-08 12:29:00,9,1867.68,23,Активные ценные
14525,2010-12-13 17:40:00,2011-11-20 11:37:00,9,4332.2,11,Активные ценные
14527,2010-12-05 13:17:00,2011-11-27 12:01:00,53,7875.87,4,Активные ценные
14528,2011-11-02 17:09:00,2011-11-02 17:09:00,1,364.21999999999997,29,Недавние однократные
14529,2011-08-21 14:10:00,2011-10-10 15:27:00,3,620.04,52,Активные повторные
14530,2011-02-16 10:47:00,2011-11-14 10:38:00,6,2925.91,17,Активные ценные
14532,2010-12-22 13:48:00,2011-04-17 13:05:00,4,932.8500000000001,228,Давно не покупавшие повторные
14533,2010-12-22 11:07:00,2011-11-15 12:05:00,7,1949.72,16,Активные ценные
14534,2011-01-25 12:33:00,2011-11-22 11:24:00,17,4314.58,9,Активные ценные
14535,2011-04-05 12:50:00,2011-10-10 15:39:00,3,2864.19,52,Активные повторные
14536,2011-03-25 12:21:00,2011-03-25 12:21:00,1,171.8,251,Остальные
14537,2011-10-13 10:54:00,2011-10-13 10:54:00,1,355.56,49,Остальные
14538,2011-03-28 14:57:00,2011-10-06 10:31:00,2,388.25,56,Остальные
14539,2011-10-26 12:03:00,2011-11-24 09:50:00,2,537.48,7,Остальные
14540,2011-02-03 15:02:00,2011-11-30 10:15:00,3,996.26,1,Активные повторные
14541,2011-01-24 14:16:00,2011-10-12 10:08:00,8,1461.65,50,Активные повторные
14542,2011-06-07 08:19:00,2011-06-07 08:19:00,1,103.25,177,Остальные
14543,2010-12-10 11:51:00,2011-11-11 12:45:00,16,3590.68,20,Активные ценные
14544,2010-12-13 12:50:00,2011-11-15 15:06:00,2,2024.45,16,Остальные
14546,2011-04-05 12:37:00,2011-10-30 11:47:00,4,2078.1,32,Активные повторные
14547,2011-10-16 14:35:00,2011-11-27 13:49:00,6,3528.04,4,Активные ценные
14548,2011-01-26 08:38:00,2011-07-12 12:19:00,2,652.8,142,Давно не покупавшие повторные
14549,2011-02-01 13:47:00,2011-02-01 13:47:00,1,289.24,303,Остальные
14550,2011-10-26 12:14:00,2011-11-29 12:12:00,2,765.62,2,Остальные
14551,2011-05-19 18:21:00,2011-11-21 13:36:00,2,186.23000000000002,10,Остальные
14552,2011-07-11 12:49:00,2011-07-11 12:49:00,1,165.07,143,Остальные
14553,2011-01-04 15:40:00,2011-11-20 13:20:00,5,859.27,11,Активные повторные
14554,2011-10-18 13:04:00,2011-11-29 16:44:00,4,2381.04,2,Активные ценные
14555,2011-02-10 17:19:00,2011-10-13 16:24:00,2,324.14,49,Остальные
14557,2011-09-15 15:48:00,2011-09-15 15:48:00,1,788.38,77,Остальные
14560,2010-12-17 09:22:00,2011-11-23 09:35:00,21,2196.97,8,Активные ценные
14561,2011-06-08 13:26:00,2011-09-25 12:39:00,3,1080.76,67,Остальные
14562,2011-02-08 14:45:00,2011-11-28 14:39:00,16,4751.45,3,Активные ценные
14565,2010-12-13 13:25:00,2011-09-05 09:07:00,4,2949.12,87,Остальные
14566,2011-08-21 11:05:00,2011-08-21 11:05:00,1,1432.0,102,Остальные
14567,2011-08-01 13:48:00,2011-10-14 10:21:00,2,1530.3600000000001,48,Остальные
14570,2011-03-04 10:39:00,2011-03-04 10:58:00,2,217.21,272,Давно не покупавшие повторные
14572,2011-01-19 17:23:00,2011-10-30 14:04:00,6,2697.79,32,Активные повторные
14573,2010-12-02 19:59:00,2011-06-13 11:15:00,9,1653.42,171,Давно не покупавшие повторные
14576,2010-12-02 17:51:00,2010-12-02 17:51:00,1,35.400000000000006,364,Остальные
14577,2010-12-12 11:26:00,2011-11-27 12:47:00,4,859.71,4,Активные повторные
14581,2011-11-23 12:39:00,2011-11-23 12:39:00,1,138.6,8,Недавние однократные
14582,2011-10-30 11:56:00,2011-10-30 11:56:00,1,114.11000000000001,32,Остальные
14583,2011-05-18 11:28:00,2011-07-18 12:53:00,4,787.64,136,Давно не покупавшие повторные
14584,2011-05-25 17:31:00,2011-06-23 18:33:00,4,1042.26,161,Давно не покупавшие повторные
14585,2011-10-20 14:33:00,2011-10-20 14:33:00,1,157.05,42,Остальные
14586,2011-03-08 10:04:00,2011-03-08 10:04:00,1,237.36,268,Остальные
14587,2011-01-12 13:16:00,2011-11-21 11:34:00,9,1601.1399999999999,10,Активные ценные
14589,2010-12-03 11:42:00,2010-12-03 11:42:00,1,39.75,363,Остальные
14591,2011-05-10 14:09:00,2011-11-24 13:57:00,4,1447.14,7,Активные повторные
14592,2011-10-06 18:08:00,2011-11-04 16:35:00,3,570.46,27,Активные повторные
14593,2011-05-25 11:14:00,2011-11-18 12:48:00,3,617.99,13,Активные повторные
14594,2010-12-01 13:54:00,2010-12-01 13:54:00,1,255.0,365,Остальные
14595,2011-01-30 13:36:00,2011-11-20 12:12:00,6,1740.6,11,Активные ценные
14597,2011-06-01 12:33:00,2011-11-28 13:13:00,2,883.15,3,Остальные
14598,2011-10-26 13:19:00,2011-10-26 13:19:00,1,221.97,36,Остальные
14600,2011-02-07 09:48:00,2011-02-07 09:48:00,1,393.33000000000004,297,Остальные
14601,2011-11-29 09:48:00,2011-11-29 09:48:00,1,213.96,2,Недавние однократные
14603,2011-03-10 10:27:00,2011-03-10 10:27:00,1,660.0,266,Остальные
14606,2010-12-01 16:57:00,2011-11-30 14:00:00,88,11650.94,1,Активные ценные
14607,2011-03-23 15:22:00,2011-11-24 10:35:00,12,15021.5,7,Активные ценные
14608,2010-12-12 14:49:00,2011-11-10 18:37:00,3,1277.6,21,Активные повторные
14609,2011-02-16 12:10:00,2011-09-28 12:54:00,4,601.56,64,Остальные
14616,2011-01-26 12:42:00,2011-04-11 09:54:00,3,406.08000000000004,234,Давно не покупавшие повторные
14618,2011-01-06 11:59:00,2011-11-30 13:45:00,3,553.44,1,Активные повторные
14619,2011-04-08 07:37:00,2011-04-08 07:37:00,1,394.44,237,Остальные
14620,2011-03-01 08:30:00,2011-05-18 11:58:00,2,412.78,197,Давно не покупавшие повторные
14621,2010-12-16 13:00:00,2011-11-09 15:02:00,4,1485.5,22,Активные повторные
14622,2011-06-08 12:42:00,2011-06-08 12:42:00,1,320.58000000000004,176,Остальные
14623,2011-04-18 13:54:00,2011-11-07 13:56:00,5,884.5699999999999,24,Активные повторные
14624,2011-10-11 14:39:00,2011-10-13 13:44:00,2,225.85,49,Остальные
14625,2010-12-13 15:36:00,2011-05-27 15:32:00,2,899.63,188,Давно не покупавшие повторные
14626,2011-04-20 13:18:00,2011-11-16 10:37:00,4,2791.27,15,Активные ценные
14628,2011-04-11 14:43:00,2011-09-09 14:58:00,2,671.96,83,Остальные
14629,2011-10-23 16:13:00,2011-10-23 16:13:00,1,604.83,39,Остальные
14631,2011-02-14 09:31:00,2011-10-20 11:17:00,3,1006.98,42,Активные повторные
14632,2011-03-22 08:49:00,2011-03-22 08:49:00,1,114.56,254,Остальные
14633,2011-03-18 17:07:00,2011-03-18 17:07:00,1,344.90000000000003,258,Остальные
14636,2011-03-16 09:52:00,2011-11-03 16:12:00,2,609.85,28,Остальные
14638,2011-10-20 10:10:00,2011-10-20 10:10:00,1,443.6,42,Остальные
14639,2010-12-13 13:50:00,2011-10-18 15:06:00,6,2984.49,44,Активные повторные
14640,2011-04-26 12:31:00,2011-11-15 13:07:00,6,2125.08,16,Активные ценные
14641,2011-11-18 10:42:00,2011-11-18 10:42:00,1,110.46,13,Недавние однократные
14642,2011-10-12 11:08:00,2011-10-12 11:08:00,1,96.12,50,Остальные
14643,2010-12-16 17:53:00,2011-06-22 14:41:00,2,693.81,162,Давно не покупавшие повторные
14644,2011-02-14 14:14:00,2011-10-03 08:30:00,2,830.76,59,Остальные
14645,2011-03-09 09:52:00,2011-07-06 09:15:00,2,597.09,148,Давно не покупавшие повторные
14646,2010-12-20 10:09:00,2011-11-23 11:06:00,69,267410.0,8,Активные ценные
14647,2011-05-22 13:40:00,2011-05-22 13:40:00,1,243.22,193,Остальные
14649,2011-05-11 14:37:00,2011-09-28 15:42:00,3,903.3,64,Остальные
14651,2011-05-12 16:29:00,2011-10-03 15:52:00,2,654.6,59,Остальные
14652,2011-09-23 14:21:00,2011-09-23 14:21:00,1,114.17999999999999,69,Остальные
14653,2011-01-05 13:40:00,2011-11-30 10:14:00,6,1534.57,1,Активные повторные
14655,2011-05-01 14:59:00,2011-11-17 10:24:00,3,1569.32,14,Активные повторные
14656,2011-03-01 13:19:00,2011-06-23 13:51:00,2,291.05,161,Давно не покупавшие повторные
14657,2011-01-17 15:19:00,2011-11-22 12:47:00,4,848.22,9,Активные повторные
14658,2011-08-14 15:42:00,2011-08-14 15:42:00,1,123.14,109,Остальные
14659,2011-01-28 12:43:00,2011-11-04 10:46:00,8,2380.5299999999997,27,Активные ценные
14660,2011-08-31 10:40:00,2011-09-14 11:34:00,2,285.74,78,Остальные
14661,2011-11-13 11:51:00,2011-11-13 11:51:00,1,107.95,18,Недавние однократные
14662,2011-01-27 17:41:00,2011-11-11 12:13:00,4,771.1700000000001,20,Активные повторные
14664,2011-11-06 14:56:00,2011-11-20 10:59:00,2,637.89,11,Остальные
14665,2011-02-02 09:08:00,2011-10-10 09:14:00,5,1835.6999999999998,52,Активные повторные
14666,2011-11-15 12:57:00,2011-11-15 12:57:00,1,179.95,16,Недавние однократные
14667,2010-12-06 13:13:00,2011-11-29 11:30:00,25,9236.95,2,Активные ценные
14669,2011-01-11 12:30:00,2011-04-12 11:43:00,3,1269.99,233,Давно не покупавшие повторные
14670,2011-03-04 13:58:00,2011-03-04 14:13:00,2,411.53,272,Давно не покупавшие повторные
14672,2011-01-07 15:48:00,2011-04-19 10:19:00,2,765.55,226,Давно не покупавшие повторные
14673,2010-12-07 12:49:00,2011-11-30 12:36:00,4,1369.63,1,Активные повторные
14675,2011-11-23 12:58:00,2011-11-23 12:58:00,1,604.75,8,Недавние однократные
14676,2011-03-01 14:26:00,2011-11-08 13:29:00,6,2548.2400000000002,23,Активные ценные
14680,2010-12-03 12:05:00,2011-11-14 16:59:00,16,28754.11,17,Активные ценные
14681,2011-05-12 10:45:00,2011-09-29 15:52:00,3,498.95,63,Остальные
14682,2011-05-22 12:51:00,2011-06-05 12:12:00,2,52.0,179,Давно не покупавшие повторные
14684,2010-12-12 12:44:00,2011-11-14 11:33:00,5,1236.28,17,Активные повторные
14687,2011-08-25 11:59:00,2011-08-25 11:59:00,1,628.38,98,Остальные
14688,2010-12-01 09:37:00,2011-10-31 08:29:00,19,4971.0,31,Активные повторные
14689,2011-05-15 11:22:00,2011-05-15 11:22:00,1,112.8,200,Остальные
14690,2011-07-11 11:58:00,2011-10-26 15:39:00,2,371.70000000000005,36,Остальные
14691,2011-05-11 09:55:00,2011-11-09 12:30:00,5,2114.33,22,Активные ценные
14692,2011-01-21 13:47:00,2011-07-25 15:08:00,4,591.5500000000001,129,Давно не покупавшие повторные
14693,2011-03-20 12:50:00,2011-03-20 12:50:00,1,172.9,256,Остальные
14696,2010-12-01 15:37:00,2011-09-29 15:04:00,6,1778.41,63,Остальные
14697,2011-05-05 15:29:00,2011-05-05 15:39:00,2,188.60999999999999,210,Давно не покупавшие повторные
14698,2011-10-19 12:54:00,2011-11-24 11:10:00,4,1093.6000000000001,7,Активные повторные
14699,2011-05-09 14:54:00,2011-05-09 14:54:00,1,109.13000000000001,206,Остальные
14700,2011-04-15 13:16:00,2011-11-07 14:40:00,3,2235.2999999999997,24,Активные ценные
14701,2011-01-27 12:40:00,2011-11-29 12:38:00,9,2549.37,2,Активные ценные
14702,2010-12-09 19:23:00,2011-11-21 11:50:00,15,2962.56,10,Активные ценные
14703,2011-11-25 09:23:00,2011-11-25 09:23:00,1,318.17,6,Недавние однократные
14704,2011-06-12 13:59:00,2011-11-20 12:20:00,7,1514.5700000000002,11,Активные повторные
14705,2011-05-25 12:39:00,2011-05-25 12:39:00,1,179.0,190,Остальные
14708,2010-12-06 12:23:00,2011-07-08 16:08:00,2,701.1800000000001,146,Давно не покупавшие повторные
14709,2010-12-16 13:43:00,2011-11-24 15:41:00,13,4921.04,7,Активные ценные
14710,2011-10-11 13:49:00,2011-11-25 14:53:00,4,606.13,6,Активные повторные
14711,2011-03-22 13:32:00,2011-11-29 14:58:00,11,2868.8,2,Активные ценные
14712,2011-08-19 13:33:00,2011-11-10 12:59:00,3,917.07,21,Активные повторные
14713,2010-12-09 18:58:00,2011-11-30 16:26:00,11,2666.36,1,Активные ценные
14714,2011-11-15 13:07:00,2011-11-15 13:07:00,1,160.19,16,Недавние однократные
14715,2011-01-12 13:27:00,2011-11-15 12:10:00,4,867.38,16,Активные повторные
14716,2011-07-14 12:42:00,2011-10-27 17:29:00,2,329.68,35,Остальные
14719,2011-04-04 14:17:00,2011-11-29 12:52:00,4,1195.71,2,Активные повторные
14720,2011-08-05 12:06:00,2011-09-11 13:56:00,2,401.13,81,Остальные
14722,2011-07-15 14:58:00,2011-07-15 14:58:00,1,187.92000000000002,139,Остальные
14723,2010-12-03 14:18:00,2011-11-29 15:23:00,6,1156.6,2,Активные повторные
14725,2011-11-15 12:42:00,2011-11-15 12:42:00,1,718.08,16,Недавние однократные
14727,2011-03-10 14:45:00,2011-03-10 14:45:00,1,268.58,266,Остальные
14729,2010-12-01 12:43:00,2010-12-01 12:43:00,1,313.49,365,Остальные
14730,2011-03-08 12:49:00,2011-10-05 13:47:00,7,1760.13,57,Активные повторные
14731,2011-05-11 13:06:00,2011-10-23 15:54:00,3,380.02,39,Активные повторные
14732,2011-01-04 14:40:00,2011-11-09 10:32:00,7,2238.38,22,Активные ценные
14733,2010-12-07 11:30:00,2011-11-23 15:39:00,12,9585.91,8,Активные ценные
14735,2010-12-16 16:05:00,2011-11-28 12:32:00,30,5493.25,3,Активные ценные
14737,2010-12-21 13:49:00,2011-08-03 10:04:00,2,1081.75,120,Давно не покупавшие повторные
14738,2011-01-27 14:10:00,2011-10-28 08:56:00,7,1314.45,34,Активные повторные
14739,2010-12-07 14:58:00,2011-11-20 10:37:00,6,3367.32,11,Активные ценные
14740,2011-03-01 08:35:00,2011-05-26 18:17:00,3,1448.21,189,Давно не покупавшие повторные
14741,2010-12-02 08:43:00,2011-11-28 08:48:00,6,1400.3400000000001,3,Активные повторные
14744,2010-12-08 10:21:00,2011-11-23 12:51:00,7,1099.98,8,Активные повторные
14745,2011-02-27 15:25:00,2011-08-19 10:05:00,5,1220.26,104,Давно не покупавшие повторные
14747,2011-04-04 14:09:00,2011-04-04 14:09:00,1,328.2,241,Остальные
14748,2010-12-06 10:19:00,2011-11-10 18:33:00,5,1415.75,21,Активные повторные
14752,2011-10-27 11:55:00,2011-10-27 11:55:00,1,389.64,35,Остальные
14753,2011-09-13 14:50:00,2011-09-13 14:50:00,1,563.15,79,Остальные
14754,2011-02-17 12:21:00,2011-10-26 12:01:00,2,638.05,36,Остальные
14755,2011-01-09 14:02:00,2011-11-30 11:24:00,11,5010.28,1,Активные ценные
14756,2011-11-24 18:13:00,2011-11-24 18:13:00,1,738.96,7,Недавние однократные
14757,2011-09-25 14:36:00,2011-09-25 14:36:00,1,420.5,67,Остальные
14758,2011-03-25 12:10:00,2011-07-18 08:21:00,4,1484.06,136,Давно не покупавшие повторные
14759,2011-04-21 10:55:00,2011-08-19 08:57:00,2,870.85,104,Давно не покупавшие повторные
14760,2011-02-15 16:27:00,2011-02-15 16:27:00,1,89.2,289,Остальные
14761,2011-01-09 12:03:00,2011-10-12 12:10:00,2,255.9,50,Остальные
14762,2011-03-21 08:20:00,2011-03-21 08:20:00,1,300.52,255,Остальные
14764,2011-10-24 11:54:00,2011-10-24 11:54:00,1,278.3,38,Остальные
14765,2011-06-16 19:49:00,2011-11-10 19:53:00,3,254.11,21,Активные повторные
14766,2010-12-08 15:33:00,2011-09-20 09:45:00,5,2050.85,72,Остальные
14768,2011-08-04 13:25:00,2011-11-22 12:54:00,2,192.60000000000002,9,Остальные
14769,2010-12-17 11:40:00,2011-09-18 15:32:00,7,10331.130000000001,74,Остальные
14770,2011-01-20 15:00:00,2011-04-21 14:21:00,2,876.42,224,Давно не покупавшие повторные
14772,2011-08-19 15:04:00,2011-08-19 15:04:00,1,139.26,104,Остальные
14775,2010-12-02 16:38:00,2011-10-12 15:27:00,3,1011.9,50,Активные повторные
14776,2011-01-31 13:17:00,2011-10-19 15:34:00,11,2538.3,43,Активные повторные
14778,2011-02-04 11:43:00,2011-08-04 15:23:00,2,730.86,119,Давно не покупавшие повторные
14779,2011-01-20 12:04:00,2011-03-04 12:42:00,3,386.15,272,Давно не покупавшие повторные
14780,2011-09-21 15:15:00,2011-10-16 12:46:00,2,447.68,46,Остальные
14782,2011-01-24 11:12:00,2011-01-24 11:12:00,1,200.10000000000002,311,Остальные
14784,2011-01-20 09:25:00,2011-11-13 13:30:00,2,289.99,18,Остальные
14785,2011-11-24 13:40:00,2011-11-29 13:21:00,2,77.4,2,Остальные
14788,2011-11-13 15:52:00,2011-11-13 15:52:00,1,368.45,18,Недавние однократные
14789,2011-11-11 08:59:00,2011-11-11 08:59:00,1,197.64000000000001,20,Недавние однократные
14790,2011-03-31 11:49:00,2011-11-23 09:28:00,4,745.06,8,Активные повторные
14792,2011-10-07 09:19:00,2011-10-07 09:19:00,1,6.2,55,Остальные
14793,2011-11-18 14:50:00,2011-11-18 14:50:00,1,228.99,13,Недавние однократные
14794,2011-01-09 16:11:00,2011-11-30 09:00:00,6,1115.05,1,Активные повторные
14795,2011-06-26 13:04:00,2011-06-26 13:04:00,1,131.45000000000002,158,Остальные
14796,2010-12-08 10:40:00,2011-11-17 13:30:00,16,7593.7,14,Активные ценные
14798,2011-02-02 15:26:00,2011-10-18 10:58:00,3,173.74,44,Активные повторные
14799,2011-10-19 16:16:00,2011-10-19 16:16:00,1,157.7,43,Остальные
14800,2010-12-05 11:10:00,2011-10-23 12:46:00,12,4339.74,39,Активные повторные
14801,2011-10-09 15:24:00,2011-10-09 15:24:00,1,193.14,53,Остальные
14803,2011-02-20 13:21:00,2011-06-30 13:58:00,3,845.55,154,Давно не покупавшие повторные
14805,2011-01-30 10:43:00,2011-11-24 16:20:00,4,554.6500000000001,7,Активные повторные
14806,2011-09-25 15:32:00,2011-09-25 15:32:00,1,193.39,67,Остальные
14808,2011-06-20 12:53:00,2011-10-31 12:21:00,8,2741.17,31,Активные повторные
14810,2010-12-05 12:08:00,2011-10-30 11:19:00,11,2087.88,32,Активные повторные
14813,2010-12-05 11:54:00,2010-12-05 11:57:00,2,155.43,361,Давно не покупавшие повторные
14815,2011-10-03 11:36:00,2011-11-03 11:36:00,2,778.5,28,Остальные
14816,2011-05-26 13:16:00,2011-05-26 13:16:00,1,271.85,189,Остальные
14817,2011-03-07 13:51:00,2011-05-23 13:35:00,2,1010.3399999999999,192,Давно не покупавшие повторные
14818,2011-03-31 12:28:00,2011-09-27 11:01:00,3,657.8,65,Остальные
14819,2011-05-31 13:50:00,2011-10-06 13:41:00,2,272.07,56,Остальные
14820,2011-06-19 14:56:00,2011-11-18 15:41:00,4,507.29,13,Активные повторные
14821,2010-12-08 08:43:00,2010-12-08 08:43:00,1,48.800000000000004,358,Остальные
14823,2011-05-29 12:48:00,2011-06-12 13:12:00,3,321.43,172,Давно не покупавшие повторные
14824,2011-09-09 14:12:00,2011-11-29 14:20:00,4,1127.71,2,Активные повторные
14825,2010-12-06 12:30:00,2011-11-24 10:07:00,11,2125.82,7,Активные ценные
14828,2011-01-07 09:50:00,2011-05-27 10:16:00,3,2139.76,188,Давно не покупавшие повторные
14829,2010-12-02 16:12:00,2011-11-10 16:16:00,4,697.55,21,Активные повторные
14830,2011-10-17 14:29:00,2011-10-17 14:29:00,1,196.28,45,Остальные
14834,2011-04-13 15:00:00,2011-11-22 10:30:00,6,1720.3,9,Активные ценные
14836,2011-11-09 13:26:00,2011-11-29 16:45:00,3,102.44999999999999,2,Активные повторные
14837,2011-05-22 12:49:00,2011-09-11 10:58:00,4,1649.5,81,Остальные
14840,2011-03-17 12:00:00,2011-03-17 12:00:00,1,62.85,259,Остальные
14841,2010-12-16 10:28:00,2011-10-17 15:03:00,6,3295.76,45,Активные повторные
14842,2011-02-04 15:32:00,2011-10-27 12:37:00,4,2824.69,35,Активные повторные
14844,2011-04-12 13:10:00,2011-10-07 10:41:00,4,3189.81,55,Активные повторные
14847,2011-07-14 10:52:00,2011-07-14 10:52:00,1,309.4,140,Остальные
14849,2010-12-01 12:22:00,2011-11-18 10:58:00,25,7930.54,13,Активные ценные
14850,2011-02-01 11:21:00,2011-02-01 11:21:00,1,325.75,303,Остальные
14851,2011-03-28 14:59:00,2011-11-16 14:20:00,2,511.35,15,Остальные
14852,2011-04-01 13:22:00,2011-10-12 13:20:00,6,2836.69,50,Активные повторные
14853,2011-05-12 15:17:00,2011-11-15 16:56:00,2,475.8,16,Остальные
14854,2011-03-10 12:22:00,2011-09-22 17:00:00,7,2759.83,70,Остальные
14855,2011-07-28 12:06:00,2011-08-12 14:02:00,2,645.6500000000001,111,Давно не покупавшие повторные
14856,2011-10-14 09:35:00,2011-11-03 14:53:00,3,1311.38,28,Активные повторные
14857,2011-07-14 15:03:00,2011-10-11 09:23:00,2,1173.12,51,Остальные
14859,2011-05-19 14:42:00,2011-11-27 11:18:00,4,1353.74,4,Активные повторные
14860,2011-11-20 14:17:00,2011-11-20 14:17:00,1,170.32,11,Недавние однократные
14861,2011-10-18 12:54:00,2011-10-18 12:54:00,1,125.79,44,Остальные
14862,2011-07-14 11:20:00,2011-11-14 10:01:00,2,841.2,17,Остальные
14863,2011-11-10 15:04:00,2011-11-10 15:04:00,1,266.76,21,Недавние однократные
14865,2010-12-02 18:23:00,2010-12-02 18:23:00,1,37.2,364,Остальные
14866,2010-12-08 14:58:00,2011-11-29 11:45:00,11,14353.4,2,Активные ценные
14867,2011-01-07 16:34:00,2011-06-07 11:39:00,3,710.28,177,Давно не покупавшие повторные
14868,2011-04-20 13:36:00,2011-11-18 14:40:00,7,2563.5,13,Активные ценные
14869,2011-08-28 16:09:00,2011-08-28 16:09:00,1,391.31,95,Остальные
14870,2011-03-23 10:51:00,2011-03-23 10:51:00,1,327.25,253,Остальные
14871,2010-12-14 12:18:00,2011-06-14 13:04:00,3,354.75,170,Давно не покупавшие повторные
14873,2011-05-13 13:52:00,2011-05-13 13:52:00,1,519.68,202,Остальные
14875,2011-03-22 11:53:00,2011-08-24 12:20:00,2,1465.32,99,Давно не покупавшие повторные
14878,2010-12-16 12:11:00,2011-11-27 11:15:00,9,1485.54,4,Активные повторные
14880,2011-02-24 12:27:00,2011-09-23 13:42:00,3,706.19,69,Остальные
14881,2011-11-20 11:06:00,2011-11-20 11:06:00,1,255.4,11,Недавние однократные
14882,2011-11-06 10:15:00,2011-11-13 12:47:00,2,589.7,18,Остальные
14883,2011-05-12 09:49:00,2011-11-21 10:23:00,6,761.5899999999999,10,Активные повторные
14885,2011-07-31 12:05:00,2011-07-31 12:05:00,1,765.3199999999999,123,Остальные
14886,2011-04-01 08:56:00,2011-04-01 08:56:00,1,364.8,244,Остальные
14887,2011-09-21 15:32:00,2011-09-21 15:32:00,1,1862.0,71,Остальные
14888,2011-05-16 14:58:00,2011-05-16 14:58:00,1,369.2,199,Остальные
14889,2011-01-07 15:19:00,2011-01-07 15:19:00,1,135.9,328,Остальные
14890,2011-03-31 11:57:00,2011-03-31 11:57:00,1,125.65,245,Остальные
14891,2011-06-05 10:58:00,2011-07-14 18:08:00,2,554.38,140,Давно не покупавшие повторные
14893,2011-11-28 10:49:00,2011-11-30 12:31:00,2,1237.85,1,Остальные
14894,2011-09-15 13:51:00,2011-09-15 13:51:00,1,655.75,77,Остальные
14895,2011-02-22 13:08:00,2011-11-10 10:29:00,17,10213.09,21,Активные ценные
14896,2010-12-09 12:24:00,2011-05-19 10:20:00,2,468.77000000000004,196,Давно не покупавшие повторные
14897,2011-02-16 08:37:00,2011-10-18 09:54:00,3,746.3199999999999,44,Активные повторные
14898,2010-12-03 15:25:00,2011-11-16 14:54:00,6,1303.52,15,Активные повторные
14901,2010-12-02 11:20:00,2011-11-28 17:09:00,9,1421.29,3,Активные повторные
14902,2011-11-14 10:34:00,2011-11-14 10:34:00,1,332.66,17,Недавние однократные
14903,2011-03-06 11:50:00,2011-11-18 16:07:00,5,2810.63,13,Активные ценные
14904,2011-11-14 09:13:00,2011-11-14 09:13:00,1,396.96,17,Недавние однократные
14905,2011-04-20 10:48:00,2011-07-05 12:41:00,2,616.1500000000001,149,Давно не покупавшие повторные
14907,2010-12-07 10:14:00,2011-11-11 13:25:00,6,3024.7400000000002,20,Активные ценные
14908,2011-09-26 12:56:00,2011-09-26 12:56:00,1,277.8,66,Остальные
14910,2011-10-16 11:06:00,2011-11-14 17:10:00,3,323.55,17,Активные повторные
14911,2010-12-01 14:05:00,2011-11-30 15:08:00,189,129446.8,1,Активные ценные
14912,2011-04-07 11:06:00,2011-11-23 09:20:00,2,867.8499999999999,8,Остальные
14913,2010-12-15 14:35:00,2011-11-04 08:29:00,4,1227.43,27,Активные повторные
14915,2011-03-07 09:39:00,2011-09-09 13:34:00,2,307.48,83,Остальные
14916,2011-01-19 15:30:00,2011-09-30 09:20:00,4,1268.98,62,Остальные
14918,2011-07-08 12:50:00,2011-08-16 11:50:00,2,1610.15,107,Давно не покупавшие повторные
14920,2011-05-11 10:31:00,2011-05-11 10:32:00,2,977.77,204,Давно не покупавшие повторные
14921,2011-05-22 12:51:00,2011-11-09 13:17:00,2,1316.07,22,Остальные
14923,2011-10-20 11:51:00,2011-10-20 11:51:00,1,749.1,42,Остальные
14924,2011-04-08 09:25:00,2011-04-08 09:25:00,1,310.05,237,Остальные
14929,2011-11-07 17:21:00,2011-11-07 17:21:00,1,223.88,24,Недавние однократные
14930,2011-03-10 14:42:00,2011-08-23 10:31:00,3,2372.86,100,Давно не покупавшие повторные
14931,2011-04-13 09:32:00,2011-11-17 09:25:00,3,666.28,14,Активные повторные
14932,2010-12-09 11:48:00,2010-12-09 11:48:00,1,313.53,357,Остальные
14934,2011-03-02 11:48:00,2011-09-19 10:10:00,2,1890.94,73,Остальные
14935,2011-02-15 14:44:00,2011-02-15 14:44:00,1,1784.71,289,Остальные
14936,2011-03-09 11:53:00,2011-11-06 10:30:00,8,8137.0199999999995,25,Активные ценные
14937,2011-08-01 14:16:00,2011-10-14 12:29:00,3,1621.8799999999999,48,Активные повторные
14944,2011-02-16 12:47:00,2011-11-10 09:10:00,12,5900.250000000001,21,Активные ценные
14946,2011-11-25 13:33:00,2011-11-25 13:33:00,1,100.9,6,Недавние однократные
14947,2011-08-01 09:31:00,2011-09-28 15:48:00,2,290.82,64,Остальные
14948,2011-05-04 14:52:00,2011-11-16 17:16:00,6,1101.97,15,Активные повторные
14950,2011-11-20 13:48:00,2011-11-20 13:48:00,1,371.2,11,Недавние однократные
14951,2011-09-21 15:15:00,2011-09-21 15:15:00,1,311.69,71,Остальные
14952,2010-12-10 12:48:00,2011-10-11 10:33:00,11,8099.490000000001,51,Активные повторные
14953,2011-11-14 14:59:00,2011-11-14 14:59:00,1,289.82,17,Недавние однократные
14954,2011-11-27 14:30:00,2011-11-27 14:30:00,1,336.17,4,Недавние однократные
14957,2011-03-31 17:59:00,2011-03-31 17:59:00,1,58.49,245,Остальные
14958,2011-04-08 11:28:00,2011-07-15 14:20:00,3,499.68,139,Давно не покупавшие повторные
14959,2011-02-16 13:00:00,2011-10-06 18:23:00,4,695.42,56,Активные повторные
14960,2011-06-21 13:38:00,2011-06-21 13:38:00,1,88.3,163,Остальные
14961,2010-12-14 11:38:00,2011-11-29 09:42:00,9,7044.68,2,Активные ценные
14962,2011-03-14 09:42:00,2011-03-14 09:42:00,1,126.7,262,Остальные
14963,2011-06-09 12:30:00,2011-11-30 12:16:00,5,1487.8,1,Активные повторные
14964,2011-04-06 14:13:00,2011-04-06 14:13:00,1,206.21,239,Остальные
14965,2011-09-04 13:15:00,2011-09-04 13:20:00,2,599.0,88,Остальные
14966,2011-11-25 12:20:00,2011-11-25 12:20:00,1,191.32,6,Недавние однократные
14967,2011-10-21 11:06:00,2011-10-21 11:06:00,1,463.8,41,Остальные
14968,2011-11-09 13:58:00,2011-11-09 13:58:00,1,147.59,22,Недавние однократные
14970,2011-01-27 12:23:00,2011-10-02 13:44:00,4,1592.06,60,Активные повторные
14971,2011-10-27 13:33:00,2011-11-04 17:07:00,3,1116.57,27,Активные повторные
14972,2011-08-03 14:54:00,2011-08-03 14:54:00,1,114.77,120,Остальные
14973,2011-04-28 12:22:00,2011-08-24 15:51:00,3,1314.45,99,Давно не покупавшие повторные
14974,2011-11-02 13:01:00,2011-11-02 13:01:00,1,114.39,29,Недавние однократные
14975,2011-10-13 14:08:00,2011-10-13 14:08:00,1,279.94,49,Остальные
14976,2011-01-17 11:09:00,2011-10-13 16:33:00,6,774.86,49,Активные повторные
14978,2011-01-13 12:03:00,2011-09-28 13:07:00,5,1931.42,64,Остальные
14981,2011-04-07 13:45:00,2011-04-07 13:45:00,1,102.12,238,Остальные
14984,2011-06-12 11:04:00,2011-11-20 14:28:00,2,213.27,11,Остальные
14985,2010-12-16 19:51:00,2011-05-25 14:29:00,2,296.75,190,Давно не покупавшие повторные
14987,2010-12-09 12:13:00,2011-11-24 09:59:00,2,326.4,7,Остальные
14988,2011-05-12 12:05:00,2011-05-12 12:05:00,1,334.54,203,Остальные
14995,2011-03-04 13:14:00,2011-11-01 11:39:00,2,233.23000000000002,30,Остальные
14997,2011-06-14 16:52:00,2011-10-24 13:28:00,3,546.1999999999999,38,Активные повторные
14998,2011-04-12 16:28:00,2011-06-22 17:30:00,2,429.87,162,Давно не покупавшие повторные
15000,2011-10-23 11:42:00,2011-10-23 11:42:00,1,490.52,39,Остальные
15002,2010-12-07 13:16:00,2011-08-16 10:44:00,4,1641.76,107,Давно не покупавшие повторные
15004,2011-07-15 14:05:00,2011-07-15 14:05:00,1,1245.93,139,Остальные
15005,2010-12-08 14:36:00,2011-11-24 12:25:00,28,6314.87,7,Активные ценные
15006,2011-10-19 15:08:00,2011-10-19 15:08:00,1,497.14,43,Остальные
15007,2011-07-03 16:00:00,2011-07-03 16:00:00,1,156.91,151,Остальные
15009,2011-11-14 17:40:00,2011-11-27 13:35:00,3,1261.7800000000002,4,Активные повторные
15010,2011-11-04 12:42:00,2011-11-04 12:42:00,1,308.94,27,Недавние однократные
15012,2010-12-01 12:49:00,2011-10-17 12:22:00,2,423.03999999999996,45,Остальные
15014,2011-06-16 19:40:00,2011-10-27 20:07:00,2,260.17,35,Остальные
15016,2011-06-20 12:06:00,2011-06-20 12:06:00,1,170.04,164,Остальные
15017,2011-11-06 10:33:00,2011-11-06 10:33:00,1,125.58,25,Недавние однократные
15018,2010-12-07 10:47:00,2011-11-01 12:47:00,3,496.21000000000004,30,Активные повторные
15019,2011-03-18 12:35:00,2011-03-18 12:35:00,1,266.0,258,Остальные
15021,2010-12-08 12:17:00,2011-11-13 12:31:00,8,1672.85,18,Активные ценные
15022,2011-10-23 15:47:00,2011-11-28 12:35:00,4,905.04,3,Активные повторные
15023,2010-12-05 13:49:00,2011-10-31 17:13:00,10,6092.22,31,Активные повторные
15024,2010-12-07 13:20:00,2011-11-30 12:06:00,10,1661.3300000000002,1,Активные ценные
15025,2011-11-06 15:20:00,2011-11-06 15:20:00,1,377.01,25,Недавние однократные
15026,2011-03-07 13:45:00,2011-09-20 13:52:00,3,464.2,72,Остальные
15027,2011-04-15 14:14:00,2011-11-09 10:16:00,4,1066.1499999999999,22,Активные повторные
15028,2010-12-06 12:47:00,2011-10-28 11:41:00,3,512.4300000000001,34,Активные повторные
15030,2011-03-16 15:34:00,2011-09-29 10:50:00,2,518.28,63,Остальные
15031,2011-03-02 14:46:00,2011-11-09 17:44:00,3,492.61,22,Активные повторные
15032,2010-12-08 12:57:00,2011-03-28 15:03:00,3,4959.1,248,Давно не покупавшие повторные
15033,2011-01-14 13:28:00,2011-11-14 13:12:00,9,2415.57,17,Активные ценные
15034,2010-12-21 09:47:00,2011-11-24 12:11:00,8,4308.61,7,Активные ценные
15035,2011-09-11 11:08:00,2011-09-11 11:08:00,1,252.73000000000002,81,Остальные
15036,2011-06-13 12:19:00,2011-09-28 15:42:00,3,465.54999999999995,64,Остальные
15038,2010-12-05 10:54:00,2011-10-12 11:33:00,6,705.49,50,Активные повторные
15039,2010-12-06 11:26:00,2011-11-30 11:31:00,47,19914.440000000002,1,Активные ценные
15041,2011-06-22 16:16:00,2011-06-22 16:16:00,1,180.35,162,Остальные
15042,2011-05-24 16:25:00,2011-05-24 16:25:00,1,135.93,191,Остальные
15043,2011-11-08 14:26:00,2011-11-08 14:26:00,1,537.0,23,Недавние однократные
15044,2010-12-12 14:27:00,2011-11-20 13:20:00,17,7700.2300000000005,11,Активные ценные
15045,2011-03-27 11:44:00,2011-07-11 11:33:00,2,735.66,143,Давно не покупавшие повторные
15046,2011-01-05 15:30:00,2011-11-30 15:50:00,15,5194.82,1,Активные ценные
15047,2011-03-15 10:49:00,2011-03-15 10:49:00,1,343.62,261,Остальные
15048,2010-12-06 12:15:00,2011-10-05 14:55:00,4,384.05,57,Активные повторные
15049,2011-03-11 12:13:00,2011-03-11 12:13:00,1,121.17,265,Остальные
15050,2011-09-29 13:22:00,2011-11-14 16:17:00,3,1782.0900000000001,17,Активные ценные
15051,2011-07-12 15:29:00,2011-11-16 15:38:00,3,1391.61,15,Активные повторные
15052,2011-01-24 15:52:00,2011-01-24 15:52:00,1,215.78,311,Остальные
15053,2011-03-03 12:06:00,2011-07-06 13:06:00,2,478.6,148,Давно не покупавшие повторные
15054,2011-10-30 14:33:00,2011-11-27 15:02:00,2,302.1,4,Остальные
15057,2011-01-28 09:09:00,2011-03-09 15:17:00,2,1489.5,267,Давно не покупавшие повторные
15058,2011-01-31 15:35:00,2011-11-14 14:57:00,11,2124.9900000000002,17,Активные ценные
15059,2011-01-09 11:54:00,2011-10-30 11:35:00,9,1337.72,32,Активные повторные
15060,2011-11-30 14:03:00,2011-11-30 14:21:00,3,285.23,1,Активные повторные
15061,2010-12-02 15:19:00,2011-11-29 10:52:00,47,50638.28,2,Активные ценные
15062,2010-12-15 15:37:00,2011-09-29 16:51:00,4,987.86,63,Остальные
15063,2011-05-10 13:25:00,2011-05-10 13:25:00,1,370.79999999999995,205,Остальные
15065,2011-02-21 12:54:00,2011-11-02 09:45:00,4,3158.13,29,Активные ценные
15066,2011-10-17 13:25:00,2011-10-17 13:25:00,1,893.59,45,Остальные
15067,2011-03-02 12:10:00,2011-09-22 13:20:00,3,1744.7599999999998,70,Остальные
15068,2011-03-28 14:27:00,2011-10-24 14:47:00,2,553.36,38,Остальные
15069,2011-06-13 14:16:00,2011-06-13 14:16:00,1,1109.53,171,Остальные
15070,2010-12-02 11:23:00,2010-12-02 11:23:00,1,106.2,364,Остальные
15071,2011-03-09 10:19:00,2011-09-07 11:43:00,2,982.0699999999999,85,Остальные
15073,2011-06-06 09:59:00,2011-11-30 10:44:00,3,1043.41,1,Активные повторные
15074,2011-08-26 14:45:00,2011-08-26 14:45:00,1,748.87,97,Остальные
15075,2011-09-23 12:27:00,2011-09-23 12:27:00,1,773.03,69,Остальные
15076,2011-06-20 08:23:00,2011-06-20 08:23:00,1,880.85,164,Остальные
15078,2010-12-06 12:38:00,2011-11-28 09:40:00,29,8920.03,3,Активные ценные
15079,2010-12-09 09:25:00,2011-05-11 12:45:00,4,895.61,204,Давно не покупавшие повторные
15081,2010-12-07 16:20:00,2011-11-17 17:08:00,5,504.8,14,Активные повторные
15083,2011-03-28 12:18:00,2011-03-28 12:18:00,1,88.2,248,Остальные
15087,2011-03-03 10:34:00,2011-03-03 10:34:00,1,306.94,273,Остальные
15088,2011-10-03 14:05:00,2011-11-18 13:14:00,2,1160.0700000000002,13,Остальные
15089,2011-08-03 14:14:00,2011-11-29 16:31:00,6,2420.84,2,Активные ценные
15090,2011-02-04 14:03:00,2011-02-04 14:03:00,1,381.32,300,Остальные
15091,2011-10-03 12:47:00,2011-10-03 12:47:00,1,480.71,59,Остальные
15092,2011-03-01 12:24:00,2011-05-08 14:10:00,2,457.81000000000006,207,Давно не покупавшие повторные
15093,2010-12-02 18:25:00,2011-11-21 13:09:00,6,4597.02,10,Активные ценные
15095,2011-05-20 14:27:00,2011-08-28 12:01:00,4,1370.6,95,Давно не покупавшие повторные
15096,2011-10-28 10:27:00,2011-10-28 10:27:00,1,219.39000000000001,34,Остальные
15098,2011-06-10 15:22:00,2011-06-10 15:33:00,3,39916.5,174,Давно не покупавшие повторные
15099,2011-09-16 13:13:00,2011-09-16 13:13:00,1,410.48,76,Остальные
15100,2010-12-01 09:09:00,2011-01-10 10:35:00,3,876.0,325,Давно не покупавшие повторные
15101,2010-12-15 12:54:00,2010-12-15 12:54:00,1,102.28,351,Остальные
15103,2011-09-14 13:54:00,2011-11-08 14:53:00,2,703.36,23,Остальные
15104,2011-03-02 14:16:00,2011-05-27 12:29:00,2,1027.44,188,Давно не покупавшие повторные
15105,2011-07-28 10:09:00,2011-11-21 16:54:00,7,2298.93,10,Активные ценные
15106,2011-03-15 12:52:00,2011-11-22 09:16:00,5,1422.52,9,Активные повторные
15107,2010-12-02 13:45:00,2011-02-01 14:46:00,6,319.5,303,Давно не покупавшие повторные
15108,2011-04-26 10:54:00,2011-07-21 10:24:00,3,1159.25,133,Давно не покупавшие повторные
15109,2011-04-08 09:58:00,2011-04-08 09:58:00,1,484.95,237,Остальные
15110,2011-01-25 11:41:00,2011-11-16 11:16:00,4,996.1,15,Активные повторные
15111,2010-12-02 11:45:00,2011-11-10 16:58:00,3,1567.48,21,Активные повторные
15113,2011-10-16 15:27:00,2011-11-30 08:23:00,3,3608.94,1,Активные ценные
15114,2011-02-11 08:45:00,2011-11-09 15:05:00,10,2760.56,22,Активные ценные
15115,2011-11-21 14:59:00,2011-11-21 14:59:00,1,340.11,10,Недавние однократные
15116,2011-05-19 08:50:00,2011-11-22 12:25:00,4,1352.75,9,Активные повторные
15117,2011-05-08 12:38:00,2011-11-25 08:12:00,5,1551.78,6,Активные повторные
15118,2011-07-28 14:54:00,2011-07-28 14:54:00,1,244.8,126,Остальные
15119,2011-04-08 09:08:00,2011-04-08 09:08:00,1,266.40000000000003,237,Остальные
15120,2011-07-29 09:48:00,2011-07-29 09:48:00,1,358.82,125,Остальные
15121,2011-02-24 12:41:00,2011-10-20 14:51:00,2,457.71999999999997,42,Остальные
15122,2011-02-15 09:59:00,2011-08-17 16:48:00,3,1633.78,106,Давно не покупавшие повторные
15123,2011-05-17 14:57:00,2011-05-17 14:57:00,1,1069.47,198,Остальные
15124,2011-06-01 09:06:00,2011-11-17 10:09:00,2,184.19,14,Остальные
15125,2011-03-14 09:59:00,2011-11-14 13:57:00,15,11528.48,17,Активные ценные
15127,2011-10-05 10:30:00,2011-10-05 10:30:00,1,406.53,57,Остальные
15128,2011-05-04 12:32:00,2011-10-10 13:54:00,4,1471.0,52,Активные повторные
15129,2011-02-21 09:09:00,2011-10-20 14:40:00,11,3447.4,42,Активные повторные
15130,2011-06-23 10:15:00,2011-06-23 10:15:00,1,330.11,161,Остальные
15132,2011-03-22 12:02:00,2011-11-21 17:10:00,5,977.9300000000001,10,Активные повторные
15133,2011-02-11 10:38:00,2011-08-04 10:44:00,3,982.42,119,Давно не покупавшие повторные
15134,2011-04-13 11:05:00,2011-11-25 08:55:00,8,1387.99,6,Активные повторные
15135,2011-04-14 19:16:00,2011-04-14 19:16:00,1,139.05,231,Остальные
15136,2011-09-04 16:05:00,2011-11-17 16:35:00,2,1029.8,14,Остальные
15139,2011-01-07 12:44:00,2011-04-14 11:39:00,2,178.96,231,Давно не покупавшие повторные
15140,2011-03-20 14:37:00,2011-10-18 14:07:00,7,2354.25,44,Активные повторные
15142,2011-10-24 12:51:00,2011-10-24 12:51:00,1,498.74,38,Остальные
15143,2011-04-28 12:03:00,2011-04-28 12:03:00,1,259.45,217,Остальные
15144,2011-01-31 13:17:00,2011-11-15 08:32:00,16,6054.54,16,Активные ценные
15145,2011-04-05 15:20:00,2011-10-27 12:33:00,3,1036.37,35,Активные повторные
15146,2011-02-21 13:07:00,2011-06-28 12:09:00,2,1327.16,156,Давно не покупавшие повторные
15147,2011-04-13 15:57:00,2011-04-13 15:57:00,1,623.5,232,Остальные
15148,2011-11-29 08:21:00,2011-11-29 08:21:00,1,301.29,2,Недавние однократные
15149,2011-07-29 10:58:00,2011-07-29 10:58:00,1,520.8000000000001,125,Остальные
15150,2011-03-15 14:21:00,2011-11-22 12:52:00,10,5314.469999999999,9,Активные ценные
15152,2011-06-05 15:36:00,2011-11-30 12:32:00,13,4745.6900000000005,1,Активные ценные
15153,2011-11-08 17:09:00,2011-11-08 17:09:00,1,329.25,23,Недавние однократные
15154,2011-09-25 16:05:00,2011-09-25 16:05:00,1,296.42,67,Остальные
15156,2011-11-06 12:41:00,2011-11-06 12:41:00,1,317.8,25,Недавние однократные
15157,2010-12-16 13:44:00,2011-07-08 13:26:00,2,1505.3700000000001,146,Давно не покупавшие повторные
15158,2011-10-25 13:53:00,2011-10-25 13:53:00,1,401.40000000000003,37,Остальные
15159,2010-12-13 15:44:00,2011-11-21 14:24:00,27,16806.22,10,Активные ценные
15160,2010-12-17 14:15:00,2010-12-17 14:15:00,1,158.16,349,Остальные
15163,2011-05-31 15:22:00,2011-11-21 13:10:00,2,304.47,10,Остальные
15164,2011-01-04 14:21:00,2011-10-02 12:05:00,3,843.05,60,Активные повторные
15165,2010-12-01 14:03:00,2010-12-01 14:03:00,1,487.75,365,Остальные
15167,2011-01-23 12:41:00,2011-01-23 12:41:00,1,163.0,312,Остальные
15168,2011-11-14 11:26:00,2011-11-14 11:26:00,1,106.56,17,Недавние однократные
15171,2011-01-12 15:36:00,2011-01-12 15:36:00,1,1289.5,323,Остальные
15172,2011-04-17 11:56:00,2011-09-30 13:15:00,4,1247.95,62,Остальные
15174,2011-01-21 09:06:00,2011-01-21 09:06:00,1,135.75,314,Остальные
15175,2011-09-29 11:31:00,2011-09-29 11:31:00,1,224.14,63,Остальные
15178,2011-03-24 15:12:00,2011-03-24 15:12:00,1,40.5,252,Остальные
15179,2011-01-24 13:48:00,2011-11-21 12:53:00,5,2206.95,10,Активные ценные
15180,2010-12-07 14:57:00,2010-12-07 14:57:00,1,87.5,359,Остальные
15181,2011-03-15 12:03:00,2011-10-04 13:58:00,3,689.48,58,Активные повторные
15182,2011-03-16 12:42:00,2011-07-08 13:37:00,2,622.85,146,Давно не покупавшие повторные
15184,2011-06-02 12:06:00,2011-11-10 13:41:00,2,406.76,21,Остальные
15185,2011-09-30 14:06:00,2011-09-30 14:06:00,1,310.62,62,Остальные
15186,2011-06-24 14:54:00,2011-11-25 14:58:00,2,411.41,6,Остальные
15187,2011-05-11 13:49:00,2011-11-24 13:28:00,12,3929.7,7,Активные ценные
15189,2011-01-11 12:29:00,2011-11-29 14:57:00,38,15030.73,2,Активные ценные
15192,2010-12-09 14:56:00,2011-08-12 11:41:00,3,1044.32,111,Давно не покупавшие повторные
15193,2011-10-10 08:23:00,2011-10-10 08:23:00,1,499.32,52,Остальные
15194,2010-12-06 15:00:00,2011-11-08 10:26:00,14,6909.89,23,Активные ценные
15197,2010-12-16 18:01:00,2011-11-29 10:00:00,3,1079.6100000000001,2,Активные повторные
15198,2011-08-07 15:16:00,2011-09-08 14:42:00,2,193.64,84,Остальные
15199,2011-02-04 14:04:00,2011-10-11 15:12:00,4,1268.6999999999998,51,Активные повторные
15201,2011-04-06 14:02:00,2011-09-13 14:53:00,5,1236.54,79,Остальные
15203,2011-02-01 12:29:00,2011-11-14 08:16:00,6,1827.8,17,Активные ценные
15204,2010-12-17 13:49:00,2010-12-17 13:49:00,1,316.58,349,Остальные
15205,2011-08-04 16:07:00,2011-09-15 19:36:00,2,653.24,77,Остальные
15206,2011-03-09 08:59:00,2011-11-29 13:41:00,4,420.3,2,Активные повторные
15208,2010-12-21 13:03:00,2011-11-08 14:39:00,4,662.52,23,Активные повторные
15210,2011-04-28 16:11:00,2011-04-28 16:11:00,1,331.18,217,Остальные
15211,2010-12-09 16:08:00,2011-10-10 13:31:00,2,894.4100000000001,52,Остальные
15212,2011-04-12 13:45:00,2011-04-12 13:45:00,1,101.8,233,Остальные
15213,2011-01-14 11:05:00,2011-01-25 12:21:00,2,328.34999999999997,310,Давно не покупавшие повторные
15214,2011-04-11 09:46:00,2011-11-29 14:51:00,7,1532.68,2,Активные повторные
15215,2011-09-04 12:24:00,2011-10-24 11:41:00,3,734.94,38,Активные повторные
15216,2011-09-13 11:41:00,2011-09-13 11:41:00,1,96.6,79,Остальные
15218,2011-01-25 11:20:00,2011-11-29 11:48:00,11,5756.889999999999,2,Активные ценные
15219,2011-06-16 16:57:00,2011-06-16 16:57:00,1,305.75,168,Остальные
15220,2011-03-04 10:24:00,2011-10-19 12:39:00,6,1778.96,43,Активные повторные
15221,2010-12-08 13:08:00,2010-12-08 13:08:00,1,403.25,358,Остальные
15222,2011-01-25 08:03:00,2011-01-25 08:03:00,1,585.0,310,Остальные
15223,2011-04-04 12:17:00,2011-04-28 11:31:00,2,755.75,217,Давно не покупавшие повторные
15224,2010-12-12 12:34:00,2010-12-16 15:02:00,2,322.08000000000004,350,Давно не покупавшие повторные
15225,2011-04-19 14:51:00,2011-04-19 14:51:00,1,409.40000000000003,226,Остальные
15226,2011-02-02 11:41:00,2011-02-02 11:41:00,1,154.41,302,Остальные
15227,2011-01-26 15:31:00,2011-11-03 11:59:00,5,1219.4,28,Активные повторные
15228,2011-02-18 09:04:00,2011-10-04 13:56:00,4,3386.71,58,Активные повторные
15230,2011-04-13 11:04:00,2011-04-14 14:39:00,2,429.6,231,Давно не покупавшие повторные
15232,2011-07-22 12:21:00,2011-08-18 16:27:00,2,612.06,105,Давно не покупавшие повторные
15234,2011-03-08 08:53:00,2011-03-08 08:53:00,1,197.0,268,Остальные
15235,2010-12-01 17:22:00,2011-05-06 09:44:00,12,2247.51,209,Давно не покупавшие повторные
15236,2011-02-14 10:52:00,2011-02-14 10:52:00,1,321.05,290,Остальные
15237,2011-04-26 15:04:00,2011-09-22 15:28:00,3,1328.72,70,Остальные
15238,2011-06-08 16:00:00,2011-11-10 14:28:00,3,1071.99,21,Активные повторные
15239,2011-09-22 09:53:00,2011-11-29 14:14:00,2,780.59,2,Остальные
15240,2011-02-01 08:23:00,2011-10-26 09:50:00,5,1706.57,36,Активные повторные
15241,2011-03-01 11:02:00,2011-10-04 09:05:00,8,1756.44,58,Активные повторные
15243,2011-09-26 14:12:00,2011-09-26 14:12:00,1,316.68,66,Остальные
15244,2011-04-05 15:12:00,2011-10-05 13:19:00,2,631.5699999999999,57,Остальные
15245,2011-03-23 13:42:00,2011-07-28 18:56:00,3,2515.84,126,Давно не покупавшие повторные
15246,2010-12-16 09:46:00,2011-04-15 14:45:00,2,514.1500000000001,230,Давно не покупавшие повторные
15247,2011-08-09 12:52:00,2011-08-09 12:52:00,1,356.0,114,Остальные
15249,2011-03-28 12:49:00,2011-11-08 11:45:00,13,6688.46,23,Активные ценные
15251,2011-04-12 10:38:00,2011-11-30 15:02:00,11,10484.99,1,Активные ценные
15252,2011-06-09 14:15:00,2011-11-03 13:30:00,2,740.78,28,Остальные
15253,2011-06-23 12:19:00,2011-11-23 16:22:00,5,918.2,8,Активные повторные
15254,2011-08-04 15:04:00,2011-08-04 15:04:00,1,300.36,119,Остальные
15255,2011-10-04 12:43:00,2011-10-04 12:43:00,1,890.85,58,Остальные
15256,2011-07-14 11:47:00,2011-07-14 11:47:00,1,98.45,140,Остальные
15257,2011-03-01 12:58:00,2011-03-01 12:58:00,1,317.15,275,Остальные
15258,2011-05-06 14:16:00,2011-06-24 12:30:00,2,623.16,160,Давно не покупавшие повторные
15260,2010-12-02 12:09:00,2011-08-31 13:55:00,7,1810.77,92,Давно не покупавшие повторные
15261,2011-07-27 15:20:00,2011-07-27 15:20:00,1,254.82,127,Остальные
15262,2011-01-20 12:16:00,2011-01-20 12:16:00,1,178.95000000000002,315,Остальные
15263,2011-08-25 10:26:00,2011-08-25 10:26:00,1,156.51,98,Остальные
15264,2011-10-06 13:49:00,2011-10-06 13:49:00,1,393.74,56,Остальные
15265,2011-04-18 12:16:00,2011-07-11 14:46:00,2,1506.12,143,Давно не покупавшие повторные
15266,2011-01-05 13:40:00,2011-01-05 13:40:00,1,119.3,330,Остальные
15267,2011-06-10 10:24:00,2011-11-17 15:59:00,5,1717.36,14,Активные ценные
15269,2011-11-16 09:32:00,2011-11-16 09:32:00,1,408.8,15,Недавние однократные
15270,2011-02-02 13:25:00,2011-11-24 09:24:00,7,2379.49,7,Активные ценные
15271,2010-12-09 13:47:00,2011-11-13 13:26:00,14,2314.99,18,Активные ценные
15272,2011-09-14 16:36:00,2011-10-13 12:59:00,2,721.94,49,Остальные
15274,2011-11-21 14:17:00,2011-11-21 14:17:00,1,383.99,10,Недавние однократные
15275,2011-11-02 11:20:00,2011-11-02 11:20:00,1,615.14,29,Недавние однократные
15276,2011-10-04 16:39:00,2011-10-04 16:39:00,1,135.31,58,Остальные
15277,2011-10-24 10:08:00,2011-10-24 10:08:00,1,255.89999999999998,38,Остальные
15279,2010-12-20 10:48:00,2010-12-20 10:48:00,1,290.51,346,Остальные
15280,2011-06-20 17:14:00,2011-06-20 17:14:00,1,113.12,164,Остальные
15281,2011-01-10 15:51:00,2011-10-12 09:10:00,9,2332.15,50,Активные повторные
15286,2011-10-21 11:08:00,2011-10-21 11:08:00,1,240.55,41,Остальные
15287,2011-09-30 12:30:00,2011-11-17 15:34:00,2,486.69000000000005,14,Остальные
15288,2010-12-09 13:59:00,2011-10-27 16:58:00,5,2306.52,35,Активные повторные
15289,2011-04-04 12:44:00,2011-11-10 13:49:00,3,939.78,21,Активные повторные
15290,2010-12-15 16:03:00,2011-11-08 17:19:00,15,6405.51,23,Активные ценные
15291,2010-12-01 09:32:00,2011-11-14 11:02:00,14,4623.3,17,Активные ценные
15292,2011-05-22 15:00:00,2011-05-22 15:00:00,1,180.94,193,Остальные
15296,2011-01-17 11:57:00,2011-10-20 11:47:00,6,3672.8599999999997,42,Активные повторные
15297,2011-10-07 09:42:00,2011-11-29 16:32:00,3,641.94,2,Активные повторные
15298,2010-12-08 13:55:00,2011-11-29 10:23:00,11,4487.68,2,Активные ценные
15299,2010-12-02 16:48:00,2011-10-03 14:19:00,6,3907.01,59,Активные повторные
15300,2011-10-06 17:08:00,2011-10-06 17:08:00,1,496.44,56,Остальные
15301,2010-12-06 12:21:00,2011-10-20 09:57:00,12,5070.35,42,Активные повторные
15303,2011-02-22 13:59:00,2011-02-22 13:59:00,1,574.02,282,Остальные
15304,2010-12-06 11:42:00,2011-10-10 10:23:00,8,694.4,52,Активные повторные
15306,2011-07-14 15:22:00,2011-10-06 12:56:00,3,1174.35,56,Активные повторные
15307,2011-09-05 11:38:00,2011-09-05 11:38:00,1,205.3,87,Остальные
15308,2011-03-10 13:08:00,2011-03-10 13:08:00,1,310.47,266,Остальные
15311,2010-12-01 09:41:00,2011-11-29 13:12:00,88,59591.83,2,Активные ценные
15312,2010-12-20 12:51:00,2011-09-25 13:10:00,4,924.85,67,Остальные
15313,2011-08-21 16:02:00,2011-08-21 16:02:00,1,52.0,102,Остальные
15314,2011-05-24 14:39:00,2011-05-24 14:39:00,1,327.97,191,Остальные
15315,2011-08-15 15:17:00,2011-10-06 12:51:00,2,570.5,56,Остальные
15316,2011-01-17 11:34:00,2011-01-17 11:34:00,1,165.0,318,Остальные
15319,2011-03-01 12:48:00,2011-03-01 12:48:00,1,204.5,275,Остальные
15320,2011-10-26 13:27:00,2011-10-26 13:27:00,1,267.13,36,Остальные
15321,2011-02-21 11:10:00,2011-09-30 09:40:00,3,2748.31,62,Остальные
15322,2011-09-15 09:34:00,2011-09-15 09:34:00,1,679.68,77,Остальные
15325,2011-08-28 11:55:00,2011-08-28 11:55:00,1,162.29,95,Остальные
15326,2011-01-10 11:38:00,2011-01-10 11:38:00,1,311.71,325,Остальные
15327,2011-10-18 11:55:00,2011-10-18 11:55:00,1,208.75,44,Остальные
15329,2011-06-21 10:37:00,2011-10-31 15:36:00,3,1049.7,31,Активные повторные
15330,2011-10-10 12:30:00,2011-11-07 17:50:00,2,714.96,24,Остальные
15332,2010-12-05 12:00:00,2010-12-08 14:43:00,4,1661.06,358,Давно не покупавшие повторные
15333,2011-05-15 13:27:00,2011-05-15 13:27:00,1,1028.56,200,Остальные
15334,2011-06-19 13:51:00,2011-07-06 11:22:00,3,348.72,148,Давно не покупавшие повторные
15335,2011-10-17 12:50:00,2011-10-17 12:50:00,1,173.97,45,Остальные
15339,2011-01-25 13:15:00,2011-10-04 12:51:00,2,574.0699999999999,58,Остальные
15341,2011-09-20 09:40:00,2011-09-20 09:40:00,1,2020.52,72,Остальные
15342,2011-08-02 10:19:00,2011-08-02 10:19:00,1,406.09,121,Остальные
15343,2011-09-13 13:55:00,2011-09-13 13:55:00,1,364.5,79,Остальные
15344,2011-09-26 14:48:00,2011-11-07 17:08:00,2,460.64,24,Остальные
15345,2011-10-25 11:28:00,2011-10-25 11:28:00,1,393.54,37,Остальные
15346,2011-01-11 11:18:00,2011-01-11 11:18:00,1,252.42000000000002,324,Остальные
15347,2010-12-08 15:25:00,2010-12-08 15:25:00,1,201.60000000000002,358,Остальные
15348,2011-09-28 13:17:00,2011-09-28 13:17:00,1,158.04,64,Остальные
15349,2011-06-05 15:46:00,2011-07-04 16:06:00,2,473.81,150,Давно не покупавшие повторные
15350,2010-12-01 13:33:00,2010-12-01 13:33:00,1,115.65,365,Остальные
15351,2010-12-05 11:49:00,2011-11-27 12:52:00,7,1960.1100000000001,4,Активные ценные
15353,2010-12-07 11:49:00,2011-03-30 12:15:00,2,777.02,246,Давно не покупавшие повторные
15355,2011-10-17 15:22:00,2011-11-10 13:44:00,2,277.05,21,Остальные
15356,2010-12-06 14:05:00,2011-11-08 13:11:00,10,2766.5,23,Активные ценные
15358,2010-12-09 10:04:00,2011-11-04 13:44:00,20,7517.14,27,Активные ценные
15360,2011-10-31 09:35:00,2011-10-31 09:35:00,1,427.93,31,Остальные
15361,2010-12-13 09:52:00,2010-12-13 09:52:00,1,418.92,353,Остальные
15363,2010-12-02 12:28:00,2010-12-02 12:28:00,1,326.0,364,Остальные
15364,2011-03-30 13:39:00,2011-09-05 09:46:00,2,913.19,87,Остальные
15365,2011-01-28 13:08:00,2011-11-14 08:29:00,7,2314.32,17,Активные ценные
15366,2010-12-16 15:59:00,2011-09-25 15:01:00,2,602.51,67,Остальные
15367,2011-03-09 13:53:00,2011-10-13 14:13:00,4,1877.5900000000001,49,Активные повторные
15368,2011-11-18 14:42:00,2011-11-18 14:42:00,1,446.94000000000005,13,Недавние однократные
15370,2011-01-11 11:32:00,2011-10-30 10:58:00,7,2386.05,32,Активные повторные
15372,2011-07-25 16:39:00,2011-07-25 16:39:00,1,2007.3999999999999,129,Остальные
15373,2010-12-03 14:40:00,2011-11-21 09:55:00,11,2070.38,10,Активные ценные
15374,2011-08-03 09:59:00,2011-08-03 09:59:00,1,168.0,120,Остальные
15376,2011-05-01 13:45:00,2011-10-30 15:04:00,3,1233.36,32,Активные повторные
15379,2010-12-16 13:02:00,2011-06-23 13:13:00,7,3703.29,161,Давно не покупавшие повторные
15380,2010-12-09 15:01:00,2011-10-24 10:30:00,4,1304.96,38,Активные повторные
15381,2011-03-16 13:44:00,2011-05-10 11:55:00,2,596.85,205,Давно не покупавшие повторные
15382,2011-02-17 12:01:00,2011-11-25 10:58:00,6,5955.71,6,Активные ценные
15384,2010-12-15 11:34:00,2011-06-23 10:57:00,2,642.41,161,Давно не покупавшие повторные
15385,2011-10-30 15:11:00,2011-10-30 15:11:00,1,316.88,32,Остальные
15386,2011-06-06 13:47:00,2011-06-06 13:47:00,1,394.14,178,Остальные
15388,2011-03-14 13:53:00,2011-03-14 13:53:00,1,140.54,262,Остальные
15389,2011-06-20 16:18:00,2011-06-20 16:18:00,1,500.0,164,Остальные
15392,2010-12-14 15:50:00,2011-11-09 13:37:00,3,1231.12,22,Активные повторные
15393,2011-03-03 16:58:00,2011-11-23 16:48:00,2,231.86,8,Остальные
15394,2010-12-16 12:46:00,2011-11-30 11:49:00,4,2183.54,1,Активные ценные
15395,2011-01-18 12:40:00,2011-01-18 12:40:00,1,107.45,317,Остальные
15396,2011-08-19 10:56:00,2011-08-19 10:56:00,1,288.18,104,Остальные
15397,2011-02-23 09:25:00,2011-02-23 09:25:00,1,94.0,281,Остальные
15398,2011-09-22 14:56:00,2011-11-23 16:47:00,2,1345.5300000000002,8,Остальные
15399,2011-09-21 15:57:00,2011-11-17 15:04:00,2,549.13,14,Остальные
15400,2011-03-06 11:27:00,2011-09-08 13:57:00,5,716.2,84,Остальные
15402,2011-05-27 13:32:00,2011-07-14 12:17:00,2,626.35,140,Давно не покупавшие повторные
15405,2011-06-03 14:44:00,2011-06-03 14:44:00,1,349.1,181,Остальные
15406,2011-02-11 16:19:00,2011-11-08 13:22:00,2,510.71000000000004,23,Остальные
15407,2011-02-07 13:18:00,2011-11-06 11:55:00,4,1056.44,25,Активные повторные
15408,2011-03-20 15:02:00,2011-03-20 15:02:00,1,267.18,256,Остальные
15410,2011-03-23 10:15:00,2011-09-16 14:47:00,8,3450.84,76,Остальные
15411,2011-06-10 12:30:00,2011-11-13 15:19:00,4,1358.88,18,Активные повторные
15412,2011-06-21 15:24:00,2011-06-21 15:24:00,1,190.53,163,Остальные
15414,2011-04-11 13:45:00,2011-11-30 09:50:00,3,774.9000000000001,1,Активные повторные
15415,2011-01-30 14:13:00,2011-01-30 14:13:00,1,572.8100000000001,305,Остальные
15416,2011-03-02 08:41:00,2011-10-06 09:38:00,4,3984.32,56,Активные повторные
15417,2011-09-15 15:26:00,2011-09-15 15:26:00,1,508.8,77,Остальные
15419,2011-11-15 09:23:00,2011-11-15 09:23:00,1,135.85999999999999,16,Недавние однократные
15421,2011-02-02 14:36:00,2011-10-12 09:20:00,4,950.36,50,Активные повторные
15422,2011-01-20 14:17:00,2011-01-20 16:17:00,2,97.7,315,Давно не покупавшие повторные
15423,2011-11-01 14:01:00,2011-11-01 14:01:00,1,43.5,30,Недавние однократные
15424,2011-03-30 13:00:00,2011-03-30 13:02:00,2,383.34000000000003,246,Давно не покупавшие повторные
15426,2010-12-05 13:55:00,2011-11-20 15:36:00,5,1447.39,11,Активные повторные
15427,2011-10-23 14:47:00,2011-11-06 14:29:00,3,1483.1399999999999,25,Активные повторные
15428,2011-11-24 16:54:00,2011-11-24 16:54:00,1,93.78,7,Недавние однократные
15429,2011-09-25 13:42:00,2011-11-13 12:28:00,2,397.35,18,Остальные
15432,2011-11-16 16:30:00,2011-11-16 16:30:00,1,171.19,15,Недавние однократные
15433,2011-03-17 14:12:00,2011-05-10 10:45:00,2,533.3,205,Давно не покупавшие повторные
15434,2011-05-23 14:18:00,2011-11-08 08:18:00,4,890.5799999999999,23,Активные повторные
15435,2011-11-17 16:39:00,2011-11-17 16:39:00,1,149.29,14,Недавние однократные
15436,2011-04-19 16:52:00,2011-11-27 16:05:00,3,1122.53,4,Активные повторные
15437,2011-03-22 13:11:00,2011-03-22 13:11:00,1,200.16,254,Остальные
15438,2011-07-31 14:19:00,2011-07-31 14:19:00,1,156.58,123,Остальные
15440,2011-05-15 11:30:00,2011-10-16 12:16:00,3,383.68,46,Активные повторные
15442,2011-04-05 12:24:00,2011-04-05 12:24:00,1,594.0,240,Остальные
15443,2011-01-23 13:25:00,2011-11-27 12:29:00,6,2857.4,4,Активные ценные
15444,2011-10-30 16:12:00,2011-11-30 17:37:00,2,1418.2599999999998,1,Остальные
15445,2011-03-20 15:06:00,2011-03-20 15:06:00,1,113.5,256,Остальные
15447,2011-01-13 11:26:00,2011-01-13 11:26:00,1,155.17,322,Остальные
15448,2011-01-31 10:42:00,2011-01-31 10:42:00,1,494.64,304,Остальные
15449,2011-03-23 10:43:00,2011-11-13 15:02:00,3,974.52,18,Активные повторные
15450,2011-11-09 17:11:00,2011-11-09 17:11:00,1,429.84,22,Недавние однократные
15452,2011-03-20 15:21:00,2011-11-10 12:13:00,3,538.73,21,Активные повторные
15453,2011-06-05 12:37:00,2011-11-04 12:21:00,6,1253.09,27,Активные повторные
15454,2010-12-12 14:21:00,2010-12-12 14:21:00,1,179.1,354,Остальные
15456,2010-12-15 15:34:00,2011-03-01 13:51:00,3,447.22,275,Давно не покупавшие повторные
15457,2011-03-22 15:31:00,2011-03-22 15:31:00,1,237.07,254,Остальные
15458,2011-11-14 13:08:00,2011-11-14 13:08:00,1,161.64,17,Недавние однократные
15460,2010-12-20 16:08:00,2010-12-20 16:08:00,1,216.76,346,Остальные
15462,2011-06-05 15:36:00,2011-09-06 13:11:00,3,234.6,86,Остальные
15463,2011-11-10 12:57:00,2011-11-10 12:57:00,1,126.14,21,Недавние однократные
15464,2011-01-05 15:56:00,2011-01-05 15:56:00,1,1048.85,330,Остальные
15465,2010-12-05 10:12:00,2011-11-20 10:11:00,18,7354.62,11,Активные ценные
15466,2011-09-15 14:08:00,2011-09-15 14:08:00,1,334.53,77,Остальные
15467,2011-07-10 14:42:00,2011-11-30 14:17:00,3,524.88,1,Активные повторные
15468,2011-10-19 13:38:00,2011-10-19 13:49:00,2,467.51,43,Остальные
15469,2011-08-11 16:54:00,2011-10-20 16:21:00,2,538.55,42,Остальные
15472,2011-08-18 15:17:00,2011-08-18 15:17:00,1,371.56,105,Остальные
15473,2011-10-10 11:12:00,2011-11-25 15:15:00,7,1771.2,6,Активные ценные
15475,2011-09-23 15:20:00,2011-09-23 15:20:00,1,454.11,69,Остальные
15478,2011-10-14 11:09:00,2011-10-30 14:19:00,2,1441.42,32,Остальные
15480,2011-08-15 14:32:00,2011-08-15 14:32:00,1,905.5,108,Остальные
15482,2010-12-16 10:08:00,2011-11-24 10:46:00,11,11014.96,7,Активные ценные
15483,2011-03-18 12:26:00,2011-07-01 13:07:00,4,233.81,153,Давно не покупавшие повторные
15484,2011-09-22 13:31:00,2011-11-21 17:00:00,3,2920.06,10,Активные ценные
15485,2010-12-01 13:23:00,2011-11-09 14:31:00,3,2575.0,22,Активные ценные
15488,2011-09-08 10:11:00,2011-09-08 10:11:00,1,91.32000000000001,84,Остальные
15489,2011-05-12 12:54:00,2011-11-17 08:53:00,3,1134.28,14,Активные повторные
15491,2011-04-18 10:04:00,2011-09-05 15:56:00,6,3100.09,87,Остальные
15492,2011-09-26 14:02:00,2011-11-11 14:53:00,2,659.46,20,Остальные
15493,2011-03-14 11:44:00,2011-11-07 12:04:00,5,2001.8,24,Активные ценные
15494,2011-08-10 15:29:00,2011-11-18 14:51:00,2,1299.23,13,Остальные
15497,2011-01-24 10:01:00,2011-11-22 11:51:00,2,1262.2,9,Остальные
15498,2010-12-08 12:29:00,2011-11-22 13:40:00,26,12451.46,9,Активные ценные
15500,2011-09-19 13:47:00,2011-11-21 08:40:00,3,865.3000000000001,10,Активные повторные
15502,2010-12-05 15:40:00,2011-11-24 12:48:00,10,6923.9800000000005,7,Активные ценные
15503,2010-12-12 10:57:00,2010-12-12 10:57:00,1,147.09,354,Остальные
15504,2011-09-19 13:45:00,2011-09-19 13:45:00,1,52.83,73,Остальные
15505,2011-07-07 13:33:00,2011-10-18 07:56:00,5,3610.96,44,Активные повторные
15506,2011-07-24 11:45:00,2011-11-17 12:11:00,3,979.26,14,Активные повторные
15507,2011-06-21 11:19:00,2011-06-21 11:19:00,1,492.36,163,Остальные
15508,2011-04-18 15:31:00,2011-06-03 15:43:00,6,1000.27,181,Давно не покупавшие повторные
15510,2011-01-13 12:10:00,2011-01-13 12:10:00,1,250.0,322,Остальные
15511,2011-09-15 15:05:00,2011-11-28 09:43:00,5,909.23,3,Активные повторные
15512,2010-12-15 12:01:00,2011-07-07 10:20:00,2,121.0,147,Давно не покупавшие повторные
15513,2010-12-01 11:22:00,2011-11-06 14:36:00,19,14758.220000000001,25,Активные ценные
15514,2010-12-10 13:50:00,2011-11-27 14:40:00,11,4139.46,4,Активные ценные
15516,2011-10-24 11:33:00,2011-10-26 10:51:00,3,62.43,36,Активные повторные
15517,2011-04-20 14:02:00,2011-04-20 14:02:00,1,267.03,225,Остальные
15518,2011-01-11 12:55:00,2011-10-06 13:05:00,8,1942.45,56,Активные повторные
15521,2011-03-30 09:15:00,2011-10-30 13:42:00,8,3000.2,32,Активные повторные
15522,2011-09-13 12:26:00,2011-11-07 11:26:00,2,398.84,24,Остальные
15523,2011-09-16 16:29:00,2011-09-16 16:29:00,1,412.01000000000005,76,Остальные
15524,2011-11-15 12:09:00,2011-11-15 12:09:00,1,440.0,16,Недавние однократные
15525,2010-12-01 13:17:00,2011-11-22 12:07:00,2,508.73,9,Остальные
15526,2011-11-06 15:01:00,2011-11-06 15:04:00,2,148.44,25,Остальные
15527,2010-12-20 14:15:00,2011-11-21 12:17:00,8,2429.78,10,Активные ценные
15528,2011-03-30 16:14:00,2011-03-30 16:14:00,1,229.33,246,Остальные
15529,2010-12-08 12:24:00,2011-11-17 11:29:00,11,3992.6800000000003,14,Активные ценные
15530,2011-04-07 11:16:00,2011-11-18 12:25:00,4,1502.35,13,Активные повторные
15531,2011-11-09 17:47:00,2011-11-09 17:47:00,1,1522.31,22,Недавние однократные
15532,2010-12-16 16:45:00,2011-11-14 14:51:00,4,1571.03,17,Активные повторные
15533,2011-09-11 15:41:00,2011-11-20 15:35:00,3,807.5699999999999,11,Активные повторные
15535,2011-01-16 12:35:00,2011-06-19 16:02:00,4,536.4,165,Давно не покупавшие повторные
15537,2011-06-29 13:10:00,2011-06-29 13:10:00,1,110.92,155,Остальные
15540,2011-11-28 13:51:00,2011-11-28 13:51:00,1,213.3,3,Недавние однократные
15541,2011-08-17 14:58:00,2011-08-17 14:58:00,1,85.13000000000001,106,Остальные
15543,2011-02-24 15:26:00,2011-02-24 15:26:00,1,127.86,280,Остальные
15544,2010-12-02 12:47:00,2011-11-30 16:43:00,9,3546.71,1,Активные ценные
15545,2010-12-03 17:28:00,2011-10-16 13:24:00,2,292.72,46,Остальные
15547,2010-12-12 13:26:00,2011-10-30 15:19:00,13,4432.43,32,Активные повторные
15549,2011-01-27 15:38:00,2011-09-23 16:22:00,3,1689.51,69,Остальные
15550,2011-02-11 12:49:00,2011-08-25 15:18:00,3,433.28,98,Давно не покупавшие повторные
15551,2011-11-03 12:37:00,2011-11-03 12:37:00,1,436.06,28,Недавние однократные
15552,2011-05-06 14:47:00,2011-05-06 14:47:00,1,90.12,209,Остальные
15553,2011-10-10 14:02:00,2011-10-10 14:02:00,1,437.23,52,Остальные
15554,2011-03-07 09:00:00,2011-03-07 09:00:00,1,217.2,269,Остальные
15555,2010-12-05 14:45:00,2011-11-27 16:19:00,16,4802.18,4,Активные ценные
15556,2011-11-15 16:08:00,2011-11-15 16:08:00,1,279.77,16,Недавние однократные
15557,2011-11-11 12:46:00,2011-11-11 12:46:00,1,473.65000000000003,20,Недавние однократные
15561,2011-05-08 11:38:00,2011-11-28 11:07:00,4,800.59,3,Активные повторные
15562,2010-12-23 09:55:00,2010-12-23 09:55:00,1,134.55,343,Остальные
15563,2010-12-16 11:27:00,2011-11-17 12:59:00,3,1361.44,14,Активные повторные
15565,2011-09-30 10:44:00,2011-10-20 14:33:00,2,173.16000000000003,42,Остальные
15567,2011-11-21 10:48:00,2011-11-21 10:48:00,1,186.01,10,Недавние однократные
15568,2011-09-27 14:37:00,2011-10-26 11:51:00,2,422.52,36,Остальные
15569,2011-01-11 13:26:00,2011-08-28 10:15:00,5,1375.71,95,Давно не покупавшие повторные
15570,2010-12-05 12:57:00,2011-11-29 15:24:00,11,4130.12,2,Активные ценные
15571,2011-09-22 13:15:00,2011-11-28 10:02:00,4,650.4300000000001,3,Активные повторные
15572,2011-03-06 14:44:00,2011-11-14 12:14:00,6,2357.88,17,Активные ценные
15573,2011-09-15 12:16:00,2011-11-08 11:38:00,2,599.5,23,Остальные
15574,2010-12-02 15:46:00,2011-06-15 12:01:00,4,702.25,169,Давно не покупавшие повторные
15576,2011-11-02 12:03:00,2011-11-02 12:03:00,1,940.6700000000001,29,Недавние однократные
15577,2011-02-07 13:32:00,2011-07-11 17:03:00,3,258.88,143,Давно не покупавшие повторные
15578,2011-06-30 13:03:00,2011-06-30 13:03:00,1,127.10000000000001,154,Остальные
15579,2011-01-30 12:09:00,2011-10-02 12:45:00,2,348.6,60,Остальные
15581,2010-12-08 14:38:00,2011-07-06 14:04:00,10,721.6300000000001,148,Давно не покупавшие повторные
15582,2011-05-03 13:36:00,2011-11-15 09:55:00,3,682.9100000000001,16,Активные повторные
15584,2011-06-30 16:39:00,2011-11-16 10:55:00,4,725.11,15,Активные повторные
15585,2011-06-16 08:38:00,2011-06-16 08:38:00,1,455.3,168,Остальные
15587,2010-12-23 09:59:00,2011-10-20 13:37:00,4,913.68,42,Активные повторные
15589,2011-02-02 10:46:00,2011-03-29 09:54:00,3,478.53,247,Давно не покупавшие повторные
15592,2011-10-24 08:59:00,2011-10-24 08:59:00,1,388.58,38,Остальные
15593,2011-09-30 11:46:00,2011-09-30 11:46:00,1,199.8,62,Остальные
15594,2011-04-19 10:08:00,2011-11-24 08:53:00,5,1771.78,7,Активные ценные
15596,2010-12-09 16:10:00,2011-08-31 10:55:00,5,1406.59,92,Давно не покупавшие повторные
15597,2011-11-04 13:26:00,2011-11-04 13:26:00,1,324.57,27,Недавние однократные
15598,2011-10-17 16:04:00,2011-10-17 16:04:00,1,240.68,45,Остальные
15599,2011-05-19 13:05:00,2011-11-13 11:44:00,2,761.74,18,Остальные
15601,2010-12-02 10:39:00,2011-11-28 15:15:00,14,6776.56,3,Активные ценные
15602,2010-12-06 15:35:00,2011-11-17 19:52:00,8,1117.03,14,Активные повторные
15603,2011-09-22 10:04:00,2011-09-22 10:04:00,1,48.480000000000004,70,Остальные
15604,2011-10-18 14:47:00,2011-10-18 14:47:00,1,216.39,44,Остальные
15605,2010-12-01 13:38:00,2011-11-03 14:17:00,5,1198.23,28,Активные повторные
15606,2011-01-19 12:07:00,2011-10-09 15:47:00,9,2920.16,53,Активные повторные
15607,2011-01-07 12:44:00,2011-01-07 12:44:00,1,104.76,328,Остальные
15608,2011-08-11 09:56:00,2011-11-11 13:20:00,4,1093.68,20,Активные повторные
15609,2011-06-08 13:00:00,2011-06-08 13:00:00,1,298.48,176,Остальные
15610,2011-10-19 10:36:00,2011-10-19 10:36:00,1,112.46000000000001,43,Остальные
15611,2011-01-09 11:32:00,2011-11-30 12:36:00,11,1570.45,1,Активные повторные
15612,2011-10-09 12:49:00,2011-11-03 14:52:00,2,195.15,28,Остальные
15615,2010-12-15 16:21:00,2011-11-29 14:42:00,23,10399.74,2,Активные ценные
15618,2011-07-26 10:13:00,2011-11-07 08:34:00,4,776.851,24,Активные повторные
15619,2011-11-29 08:14:00,2011-11-29 08:14:00,1,336.40000000000003,2,Недавние однократные
15620,2010-12-16 14:34:00,2011-10-14 12:41:00,3,1553.1799999999998,48,Активные повторные
15621,2011-11-18 11:49:00,2011-11-28 15:16:00,2,1044.96,3,Остальные
15622,2011-03-02 13:42:00,2011-10-27 16:44:00,9,3709.56,35,Активные повторные
15623,2011-07-21 17:26:00,2011-07-21 17:26:00,1,301.03,133,Остальные
15624,2011-03-28 13:32:00,2011-08-15 11:38:00,4,588.13,108,Давно не покупавшие повторные
15625,2011-04-18 14:01:00,2011-08-28 10:21:00,4,1534.2599999999998,95,Давно не покупавшие повторные
15626,2011-01-14 10:10:00,2011-09-26 10:03:00,2,675.8,66,Остальные
15628,2010-12-08 09:51:00,2011-11-15 09:15:00,8,2667.29,16,Активные ценные
15630,2011-05-19 10:16:00,2011-10-25 15:36:00,2,1186.35,37,Остальные
15632,2011-03-10 08:29:00,2011-11-24 09:51:00,8,3285.31,7,Активные ценные
15634,2011-11-22 16:28:00,2011-11-22 16:28:00,1,243.55,9,Недавние однократные
15636,2011-03-02 14:50:00,2011-09-11 11:17:00,2,724.76,81,Остальные
15637,2011-10-18 08:28:00,2011-10-18 08:28:00,1,223.36,44,Остальные
15639,2011-07-28 14:30:00,2011-07-28 14:30:00,1,425.32,126,Остальные
15640,2010-12-02 15:40:00,2011-11-23 14:36:00,14,11329.18,8,Активные ценные
15641,2010-12-15 14:45:00,2011-08-26 14:04:00,4,1887.2000000000003,97,Давно не покупавшие повторные
15643,2011-03-02 14:34:00,2011-06-01 07:38:00,3,664.0,183,Давно не покупавшие повторные
15644,2011-03-23 15:37:00,2011-06-26 14:54:00,4,813.0,158,Давно не покупавшие повторные
15645,2011-11-21 11:55:00,2011-11-21 11:55:00,1,611.59,10,Недавние однократные
15646,2010-12-02 16:59:00,2011-07-05 09:53:00,3,447.64000000000004,149,Давно не покупавшие повторные
15648,2011-03-17 18:59:00,2011-05-19 15:53:00,2,657.35,196,Давно не покупавшие повторные
15649,2010-12-07 10:06:00,2011-01-07 13:34:00,2,816.0,328,Давно не покупавшие повторные
15651,2011-03-24 08:56:00,2011-11-03 08:41:00,3,646.3000000000001,28,Активные повторные
15652,2011-09-09 14:22:00,2011-09-09 14:22:00,1,337.74,83,Остальные
15653,2011-08-16 09:50:00,2011-09-08 10:49:00,2,877.4399999999999,84,Остальные
15654,2011-11-13 15:15:00,2011-11-30 13:08:00,2,922.53,1,Остальные
15655,2011-04-10 15:25:00,2011-04-10 15:25:00,1,560.6700000000001,235,Остальные
15656,2011-02-28 15:32:00,2011-10-25 14:56:00,4,748.5,37,Активные повторные
15657,2011-11-17 12:19:00,2011-11-17 12:19:00,1,30.0,14,Недавние однократные
15658,2010-12-02 10:53:00,2011-06-02 15:22:00,5,1024.1,182,Давно не покупавшие повторные
15659,2011-10-27 09:23:00,2011-10-27 09:23:00,1,306.45,35,Остальные
15660,2010-12-09 09:49:00,2011-11-14 16:58:00,9,1600.8600000000001,17,Активные ценные
15661,2011-01-05 12:32:00,2011-01-26 13:56:00,2,309.8,309,Давно не покупавшие повторные
15663,2011-08-25 15:50:00,2011-08-25 15:50:00,1,138.14,98,Остальные
15664,2011-10-20 10:57:00,2011-10-20 10:57:00,1,386.43,42,Остальные
15665,2011-04-10 15:09:00,2011-06-24 14:57:00,2,2242.01,160,Давно не покупавшие повторные
15667,2011-10-31 10:56:00,2011-10-31 10:56:00,1,301.32,31,Остальные
15668,2011-05-06 10:39:00,2011-05-06 10:39:00,1,76.32000000000001,209,Остальные
15669,2011-03-21 09:13:00,2011-10-30 16:03:00,4,684.34,32,Активные повторные
15670,2011-02-16 10:50:00,2011-02-16 10:50:00,1,173.05,288,Остальные
15671,2011-03-14 09:37:00,2011-11-21 12:43:00,7,2657.13,10,Активные ценные
15673,2011-01-16 16:25:00,2011-09-12 16:12:00,4,2881.02,80,Остальные
15674,2011-03-30 09:19:00,2011-09-27 15:17:00,4,2111.8900000000003,65,Остальные
15675,2011-03-04 14:21:00,2011-09-19 13:48:00,3,323.69,73,Остальные
15676,2011-03-01 10:19:00,2011-11-21 12:40:00,3,3435.76,10,Активные ценные
15677,2011-10-21 15:36:00,2011-10-21 15:36:00,1,657.23,41,Остальные
15678,2011-10-18 09:25:00,2011-10-18 09:25:00,1,352.7,44,Остальные
15679,2011-06-10 08:24:00,2011-11-15 16:19:00,4,781.28,16,Активные повторные
15680,2010-12-08 14:43:00,2011-11-30 13:46:00,3,1333.68,1,Активные повторные
15681,2011-03-04 13:46:00,2011-11-14 16:30:00,5,1426.16,17,Активные повторные
15683,2011-08-14 12:56:00,2011-08-14 12:56:00,1,193.75,109,Остальные
15687,2011-01-13 15:13:00,2011-11-16 10:57:00,8,2741.51,15,Активные ценные
15689,2010-12-13 09:57:00,2011-08-12 09:37:00,2,254.1,111,Давно не покупавшие повторные
15690,2011-08-31 11:40:00,2011-08-31 11:40:00,1,111.0,92,Остальные
15691,2011-04-01 15:13:00,2011-04-01 15:13:00,1,136.8,244,Остальные
15692,2011-11-11 14:12:00,2011-11-11 14:12:00,1,191.04,20,Недавние однократные
15694,2010-12-02 07:49:00,2011-11-14 13:33:00,11,5592.72,17,Активные ценные
15695,2011-03-18 08:31:00,2011-03-18 08:32:00,2,409.98,258,Давно не покупавшие повторные
15696,2011-01-17 11:24:00,2011-11-06 14:02:00,8,2736.46,25,Активные ценные
15699,2011-11-22 08:26:00,2011-11-22 08:26:00,1,309.65,9,Недавние однократные
15700,2011-06-19 15:36:00,2011-06-20 16:53:00,2,696.68,164,Давно не покупавшие повторные
15701,2011-08-21 12:36:00,2011-10-02 14:00:00,3,1223.2,60,Активные повторные
15703,2011-03-20 10:51:00,2011-03-20 10:51:00,1,211.5,256,Остальные
15704,2011-05-08 12:42:00,2011-07-22 13:35:00,4,2293.62,132,Давно не покупавшие повторные
15705,2011-05-22 15:37:00,2011-05-22 15:37:00,1,143.1,193,Остальные
15706,2011-08-15 14:32:00,2011-10-07 10:09:00,4,1060.56,55,Активные повторные
15707,2011-09-14 14:19:00,2011-11-04 14:35:00,4,945.5799999999999,27,Активные повторные
15708,2010-12-05 11:12:00,2011-10-30 10:54:00,7,3364.2400000000002,32,Активные повторные
15709,2011-03-01 10:38:00,2011-03-01 10:38:00,1,133.25,275,Остальные
15712,2011-02-25 11:32:00,2011-11-30 14:09:00,5,1072.3600000000001,1,Активные повторные
15713,2010-12-08 15:16:00,2011-07-19 13:34:00,2,356.70000000000005,135,Давно не покупавшие повторные
15714,2011-09-23 11:25:00,2011-11-28 11:26:00,2,330.88,3,Остальные
15716,2010-12-05 12:26:00,2011-07-17 11:59:00,4,1118.81,137,Давно не покупавшие повторные
15717,2011-04-19 13:21:00,2011-04-19 13:21:00,1,150.3,226,Остальные
15719,2011-01-06 12:31:00,2011-11-07 12:29:00,13,5043.96,24,Активные ценные
15720,2011-11-15 14:48:00,2011-11-15 14:48:00,1,598.73,16,Недавние однократные
15721,2011-11-28 12:14:00,2011-11-28 12:14:00,1,507.08,3,Недавние однократные
15722,2011-02-22 12:24:00,2011-11-04 11:43:00,5,2222.56,27,Активные ценные
15723,2010-12-10 11:12:00,2010-12-10 11:12:00,1,203.1,356,Остальные
15724,2011-02-28 10:40:00,2011-05-22 14:40:00,2,218.25,193,Давно не покупавшие повторные
15725,2011-11-24 14:51:00,2011-11-24 14:51:00,1,415.25,7,Недавние однократные
15727,2010-12-15 15:47:00,2011-11-23 12:36:00,7,5178.96,8,Активные ценные
15729,2011-05-11 12:36:00,2011-05-11 12:36:00,1,85.0,204,Остальные
15730,2011-05-17 12:43:00,2011-10-05 12:31:00,3,1120.88,57,Активные повторные
15732,2010-12-02 15:00:00,2011-05-11 14:24:00,2,294.12,204,Давно не покупавшие повторные
15733,2011-03-02 09:05:00,2011-03-02 09:05:00,1,162.3,274,Остальные
15734,2011-05-23 14:59:00,2011-08-17 10:50:00,2,1339.4500000000003,106,Давно не покупавшие повторные
15737,2011-04-11 10:01:00,2011-11-25 11:21:00,8,1205.12,6,Активные повторные
15738,2010-12-02 12:50:00,2011-11-21 08:26:00,16,4812.42,10,Активные ценные
15739,2011-10-04 13:42:00,2011-10-04 13:42:00,1,449.12,58,Остальные
15740,2011-10-21 14:29:00,2011-10-21 14:29:00,1,154.88,41,Остальные
15743,2011-06-08 10:14:00,2011-11-23 17:19:00,4,784.46,8,Активные повторные
15744,2011-09-23 09:52:00,2011-09-23 09:52:00,1,34.8,69,Остальные
15745,2011-04-17 13:04:00,2011-11-20 13:45:00,4,1094.5900000000001,11,Активные повторные
15746,2011-07-28 15:21:00,2011-07-28 15:21:00,1,196.88,126,Остальные
15747,2011-06-20 11:30:00,2011-11-27 12:26:00,3,974.04,4,Активные повторные
15748,2011-10-30 12:51:00,2011-10-30 12:51:00,1,149.31,32,Остальные
15749,2011-01-11 12:55:00,2011-04-18 13:20:00,3,44534.3,227,Давно не покупавшие повторные
15750,2010-12-08 10:36:00,2011-11-24 19:30:00,7,2125.09,7,Активные ценные
15752,2010-12-02 09:43:00,2011-10-31 11:37:00,7,2637.38,31,Активные повторные
15753,2011-02-08 12:41:00,2011-02-08 12:41:00,1,79.2,296,Остальные
15754,2011-04-07 12:24:00,2011-10-19 14:40:00,3,458.57000000000005,43,Активные повторные
15755,2011-02-18 11:53:00,2011-11-29 14:57:00,6,2364.25,2,Активные ценные
15756,2011-04-04 14:00:00,2011-10-09 13:30:00,4,532.96,53,Активные повторные
15757,2011-05-06 11:40:00,2011-10-05 12:14:00,2,714.4200000000001,57,Остальные
15758,2011-11-15 10:48:00,2011-11-15 10:48:00,1,205.25,16,Недавние однократные
15759,2010-12-16 15:29:00,2011-05-05 15:13:00,3,253.04000000000002,210,Давно не покупавшие повторные
15762,2011-09-23 15:17:00,2011-10-05 16:15:00,2,583.75,57,Остальные
15763,2011-09-23 12:10:00,2011-11-08 09:44:00,2,1086.92,23,Остальные
15764,2011-03-08 09:23:00,2011-09-12 17:58:00,6,3279.9700000000003,80,Остальные
15766,2011-10-06 17:03:00,2011-10-06 17:03:00,1,315.06,56,Остальные
15768,2011-04-28 09:20:00,2011-08-16 10:48:00,3,621.83,107,Давно не покупавшие повторные
15769,2010-12-03 15:16:00,2011-11-09 11:55:00,25,52848.72,22,Активные ценные
15774,2011-10-02 12:04:00,2011-10-02 12:04:00,1,270.8,60,Остальные
15775,2011-04-08 12:56:00,2011-04-08 12:56:00,1,104.9,237,Остальные
15776,2011-07-29 13:46:00,2011-07-29 13:46:00,1,241.62,125,Остальные
15777,2010-12-13 16:38:00,2011-04-12 16:43:00,4,1047.11,233,Давно не покупавшие повторные
15780,2010-12-17 11:43:00,2011-06-09 12:01:00,3,475.28000000000003,175,Давно не покупавшие повторные
15781,2011-02-07 09:15:00,2011-11-14 14:57:00,3,345.46000000000004,17,Активные повторные
15782,2011-09-11 14:29:00,2011-11-30 10:49:00,3,2614.7400000000002,1,Активные ценные
15783,2011-11-29 09:50:00,2011-11-29 09:50:00,1,246.3,2,Недавние однократные
15785,2011-02-17 14:17:00,2011-11-07 11:33:00,5,2328.9700000000003,24,Активные ценные
15786,2011-08-17 13:33:00,2011-10-24 14:13:00,3,4932.2,38,Активные повторные
15787,2011-10-09 13:11:00,2011-11-13 14:55:00,3,948.0500000000001,18,Активные повторные
15789,2010-12-16 14:35:00,2010-12-16 14:35:00,1,351.3,350,Остальные
15790,2011-11-29 14:53:00,2011-11-29 14:53:00,1,220.85,2,Недавние однократные
15791,2011-05-19 15:15:00,2011-10-27 10:14:00,2,1612.69,35,Остальные
15793,2011-03-16 10:45:00,2011-11-25 09:31:00,3,965.61,6,Активные повторные
15795,2011-07-13 10:43:00,2011-07-13 10:43:00,1,610.01,141,Остальные
15796,2011-02-10 15:40:00,2011-11-22 13:41:00,7,2262.91,9,Активные ценные
15797,2011-02-08 10:17:00,2011-08-18 17:04:00,3,2192.4,105,Давно не покупавшие повторные
15799,2011-01-09 15:13:00,2011-09-25 12:46:00,3,884.14,67,Остальные
15800,2011-04-07 12:39:00,2011-08-24 14:23:00,2,699.0799999999999,99,Давно не покупавшие повторные
15801,2011-08-22 09:53:00,2011-10-24 13:52:00,3,1063.95,38,Активные повторные
15803,2011-10-19 14:56:00,2011-10-19 14:56:00,1,415.82,43,Остальные
15804,2011-05-25 10:12:00,2011-11-28 15:50:00,12,3877.34,3,Активные ценные
15805,2010-12-10 09:33:00,2011-11-16 16:32:00,17,5528.48,15,Активные ценные
15806,2011-03-08 09:24:00,2011-10-24 14:35:00,3,784.58,38,Активные повторные
15807,2011-09-23 14:43:00,2011-10-20 14:10:00,3,903.9000000000001,42,Активные повторные
15808,2010-12-05 13:05:00,2011-02-06 14:33:00,4,3734.9700000000003,298,Давно не покупавшие повторные
15809,2011-02-10 11:16:00,2011-11-03 16:40:00,5,515.77,28,Активные повторные
15810,2011-02-16 09:11:00,2011-09-22 09:38:00,4,1391.98,70,Остальные
15811,2010-12-09 15:29:00,2011-11-17 15:31:00,6,2218.62,14,Активные ценные
15812,2011-01-26 12:12:00,2011-08-24 14:19:00,5,1801.14,99,Давно не покупавшие повторные
15813,2011-04-14 09:09:00,2011-05-16 08:13:00,2,1303.9099999999999,199,Давно не покупавшие повторные
15814,2011-10-20 09:04:00,2011-11-23 08:17:00,4,1945.33,8,Активные ценные
15815,2011-03-25 08:43:00,2011-10-07 12:42:00,5,2100.6,55,Активные повторные
15819,2011-03-08 09:45:00,2011-10-21 14:50:00,4,1905.45,41,Активные повторные
15820,2011-01-24 12:00:00,2011-01-24 12:00:00,1,206.98,311,Остальные
15821,2011-10-09 13:28:00,2011-10-26 15:48:00,2,570.96,36,Остальные
15822,2010-12-15 13:38:00,2010-12-15 13:38:00,1,440.2,351,Остальные
15825,2011-06-20 13:27:00,2011-06-20 13:27:00,1,532.94,164,Остальные
15826,2011-05-13 10:44:00,2011-10-14 16:05:00,3,1654.31,48,Активные повторные
15827,2010-12-02 13:06:00,2011-09-27 15:35:00,14,1836.0900000000001,65,Остальные
15829,2011-07-22 10:23:00,2011-09-01 16:45:00,2,636.14,91,Давно не покупавшие повторные
15830,2011-11-02 10:40:00,2011-11-02 10:40:00,1,576.0,29,Недавние однократные
15831,2011-01-19 14:52:00,2011-10-12 13:14:00,3,801.76,50,Активные повторные
15832,2011-03-30 15:29:00,2011-03-30 15:29:00,1,836.79,246,Остальные
15834,2011-03-07 17:52:00,2011-09-30 14:41:00,4,2231.25,62,Остальные
15835,2011-01-13 10:35:00,2011-10-26 15:47:00,4,954.09,36,Активные повторные
15836,2011-10-20 17:13:00,2011-10-20 17:13:00,1,137.37,42,Остальные
15837,2011-10-06 09:01:00,2011-10-06 09:01:00,1,391.98,56,Остальные
15838,2010-12-07 11:26:00,2011-11-28 14:00:00,19,33643.08,3,Активные ценные
15839,2011-07-14 16:35:00,2011-11-06 13:54:00,3,1048.49,25,Активные повторные
15840,2011-06-20 11:42:00,2011-10-12 09:08:00,2,355.56,50,Остальные
15841,2011-01-05 11:25:00,2011-09-28 12:15:00,4,1224.06,64,Остальные
15843,2011-02-09 10:19:00,2011-02-09 10:19:00,1,118.95000000000002,295,Остальные
15844,2011-10-24 15:19:00,2011-10-24 15:19:00,1,130.73999999999998,38,Остальные
15845,2011-01-06 17:19:00,2011-11-22 09:42:00,8,3711.77,9,Активные ценные
15847,2011-02-24 16:46:00,2011-11-01 14:41:00,2,389.27,30,Остальные
15850,2011-06-24 14:16:00,2011-11-20 14:14:00,2,238.85,11,Остальные
15852,2011-05-26 13:26:00,2011-06-06 11:22:00,2,160.71,178,Давно не покупавшие повторные
15853,2011-10-19 10:38:00,2011-10-19 10:38:00,1,110.8,43,Остальные
15854,2010-12-13 11:47:00,2011-09-14 12:25:00,10,2839.94,78,Остальные
15855,2011-03-21 12:32:00,2011-07-26 10:20:00,5,712.24,128,Давно не покупавшие повторные
15856,2010-12-09 13:34:00,2011-10-25 17:29:00,21,13275.61,37,Активные повторные
15857,2011-11-21 12:18:00,2011-11-21 12:18:00,1,297.0,10,Недавние однократные
15858,2010-12-07 14:31:00,2011-11-24 12:48:00,5,1438.8500000000001,7,Активные повторные
15860,2010-12-06 11:38:00,2011-10-30 11:25:00,8,977.21,32,Активные повторные
15861,2011-03-17 20:12:00,2011-11-27 15:59:00,8,3165.36,4,Активные ценные
15862,2010-12-01 11:21:00,2011-08-19 16:34:00,3,659.73,104,Давно не покупавшие повторные
15863,2011-05-31 11:36:00,2011-11-14 12:49:00,2,68.84,17,Остальные
15864,2011-01-27 16:43:00,2011-11-17 13:32:00,6,1936.32,14,Активные ценные
15865,2011-05-10 11:44:00,2011-10-30 12:43:00,3,895.1300000000001,32,Активные повторные
15866,2011-08-30 14:09:00,2011-08-30 14:09:00,1,230.53,93,Остальные
15867,2010-12-05 14:17:00,2011-11-17 16:39:00,14,3520.52,14,Активные ценные
15869,2011-03-07 17:19:00,2011-03-07 17:23:00,2,149.64,269,Давно не покупавшие повторные
15870,2011-11-07 10:58:00,2011-11-07 10:58:00,1,354.09000000000003,24,Недавние однократные
15872,2011-11-25 11:54:00,2011-11-25 11:55:00,2,360.93,6,Остальные
15874,2011-02-28 13:28:00,2011-10-07 12:31:00,7,4405.88,55,Активные повторные
15877,2011-11-22 11:18:00,2011-11-22 11:18:00,1,242.26,9,Недавние однократные
15880,2010-12-05 13:00:00,2010-12-05 13:00:00,1,343.28,361,Остальные
15881,2010-12-10 13:32:00,2011-01-31 16:59:00,5,501.39000000000004,304,Давно не покупавшие повторные
15882,2010-12-06 13:01:00,2011-05-25 11:35:00,4,514.08,190,Давно не покупавшие повторные
15883,2011-11-06 14:50:00,2011-11-06 14:50:00,1,143.76,25,Недавние однократные
15885,2011-09-07 14:56:00,2011-09-07 14:56:00,1,349.35,85,Остальные
15886,2011-10-10 14:25:00,2011-10-10 14:25:00,1,181.09,52,Остальные
15888,2011-09-20 12:30:00,2011-09-20 12:30:00,1,162.64,72,Остальные
15889,2010-12-05 15:12:00,2011-07-06 11:10:00,2,427.57,148,Давно не покупавшие повторные
15891,2011-04-27 12:35:00,2011-04-27 12:35:00,1,521.97,218,Остальные
15894,2010-12-05 14:06:00,2011-03-31 13:50:00,2,262.9,245,Давно не покупавшие повторные
15895,2011-07-13 10:27:00,2011-07-13 10:27:00,1,179.17,141,Остальные
15897,2011-05-29 13:32:00,2011-05-29 13:50:00,2,222.05,186,Давно не покупавшие повторные
15898,2010-12-06 11:01:00,2011-04-27 10:03:00,4,1002.99,218,Давно не покупавшие повторные
15899,2010-12-06 10:36:00,2010-12-06 10:36:00,1,56.25,360,Остальные
15900,2011-11-16 12:19:00,2011-11-16 12:19:00,1,351.11,15,Недавние однократные
15901,2011-07-08 12:18:00,2011-11-23 12:43:00,3,361.9,8,Активные повторные
15903,2011-02-17 14:04:00,2011-11-30 08:08:00,7,5126.76,1,Активные ценные
15906,2011-03-29 13:28:00,2011-11-20 12:24:00,7,1567.6899999999998,11,Активные повторные
15907,2011-05-13 13:01:00,2011-06-16 12:45:00,2,529.52,168,Давно не покупавшие повторные
15909,2011-06-19 10:38:00,2011-06-19 10:38:00,1,191.93999999999997,165,Остальные
15910,2011-01-27 11:55:00,2011-11-24 16:59:00,7,1098.83,7,Активные повторные
15912,2011-04-20 17:10:00,2011-06-14 14:29:00,2,264.62,170,Давно не покупавшие повторные
15916,2010-12-08 13:07:00,2011-11-23 13:46:00,8,1528.0900000000001,8,Активные повторные
15917,2011-04-06 10:40:00,2011-04-06 10:40:00,1,123.1,239,Остальные
15918,2011-03-13 15:55:00,2011-06-02 11:42:00,2,334.23,182,Давно не покупавшие повторные
15919,2010-12-06 11:26:00,2011-11-20 11:28:00,2,639.89,11,Остальные
15920,2011-07-08 15:16:00,2011-07-08 15:25:00,3,163.55,146,Давно не покупавшие повторные
15921,2011-06-20 11:03:00,2011-06-20 11:03:00,1,336.03000000000003,164,Остальные
15922,2010-12-01 13:51:00,2010-12-01 13:51:00,1,369.5,365,Остальные
15923,2010-12-02 12:16:00,2010-12-02 12:16:00,1,127.08,364,Остальные
15925,2011-05-29 15:35:00,2011-05-29 15:35:00,1,207.15,186,Остальные
15930,2011-10-03 14:52:00,2011-10-03 14:52:00,1,426.63,59,Остальные
15932,2011-02-23 14:50:00,2011-09-12 14:24:00,7,2195.65,80,Остальные
15933,2011-09-14 12:05:00,2011-11-18 13:14:00,3,1107.46,13,Активные повторные
15935,2011-04-14 13:27:00,2011-04-14 13:27:00,1,108.04,231,Остальные
15937,2011-10-06 15:48:00,2011-10-06 15:48:00,1,145.35,56,Остальные
15938,2011-01-20 10:11:00,2011-08-19 12:56:00,5,404.58000000000004,104,Давно не покупавшие повторные
15939,2011-01-12 12:43:00,2011-09-11 11:30:00,14,6100.01,81,Остальные
15940,2011-02-01 16:18:00,2011-02-01 16:18:00,1,35.8,303,Остальные
15942,2011-07-29 09:01:00,2011-07-29 09:01:00,1,337.44,125,Остальные
15944,2011-03-08 10:33:00,2011-03-08 10:33:00,1,325.1,268,Остальные
15945,2010-12-09 13:14:00,2010-12-09 13:14:00,1,181.0,357,Остальные
15947,2011-09-18 10:46:00,2011-09-18 10:46:00,1,1708.24,74,Остальные
15948,2011-10-27 08:35:00,2011-10-27 08:35:00,1,644.24,35,Остальные
15949,2011-09-29 17:34:00,2011-11-23 09:09:00,2,364.72,8,Остальные
15950,2010-12-15 11:56:00,2011-11-08 11:09:00,4,1765.51,23,Активные ценные
15951,2011-02-27 11:57:00,2011-02-27 11:57:00,1,375.17,277,Остальные
15952,2011-04-28 12:55:00,2011-11-06 11:18:00,4,806.57,25,Активные повторные
15953,2010-12-05 15:15:00,2011-11-24 15:32:00,8,1659.3799999999999,7,Активные ценные
15955,2010-12-02 11:22:00,2011-11-15 14:15:00,14,4416.26,16,Активные ценные
15957,2011-11-08 12:14:00,2011-11-08 12:14:00,1,428.89,23,Недавние однократные
15958,2011-09-26 13:41:00,2011-09-26 13:41:00,1,104.35000000000001,66,Остальные
15963,2011-10-25 13:05:00,2011-11-20 11:33:00,2,470.76,11,Остальные
15965,2010-12-07 13:18:00,2011-11-22 16:44:00,4,845.6400000000001,9,Активные повторные
15967,2011-01-25 11:57:00,2011-11-16 15:41:00,2,418.83000000000004,15,Остальные
15969,2011-06-07 12:19:00,2011-10-21 08:24:00,2,531.1,41,Остальные
15970,2011-02-09 12:08:00,2011-02-09 12:08:00,1,314.1,295,Остальные
15971,2011-02-01 16:47:00,2011-11-22 12:50:00,12,4194.9,9,Активные ценные
15973,2010-12-08 11:42:00,2010-12-08 11:42:00,1,307.82,358,Остальные
15974,2011-02-24 10:10:00,2011-10-31 13:13:00,7,3442.15,31,Активные повторные
15975,2011-09-16 13:33:00,2011-09-16 13:33:00,1,371.01,76,Остальные
15976,2011-05-03 17:12:00,2011-06-27 13:00:00,2,430.94,157,Давно не покупавшие повторные
15977,2011-10-31 16:24:00,2011-11-22 13:29:00,2,1054.73,9,Остальные
15978,2011-09-23 15:21:00,2011-09-23 15:21:00,1,1098.78,69,Остальные
15980,2011-03-30 15:05:00,2011-09-12 09:41:00,3,2398.8599999999997,80,Остальные
15981,2011-02-01 13:50:00,2011-11-15 08:00:00,8,3408.48,16,Активные ценные
15983,2010-12-01 12:15:00,2011-11-17 17:34:00,4,1475.02,14,Активные повторные
15984,2010-12-06 13:21:00,2011-09-29 19:30:00,8,2091.96,63,Остальные
15985,2011-04-17 11:04:00,2011-08-08 16:31:00,2,1142.42,115,Давно не покупавшие повторные
15986,2011-11-09 15:17:00,2011-11-09 15:17:00,1,168.12,22,Недавние однократные
15987,2010-12-06 08:34:00,2011-11-27 15:38:00,7,1451.2800000000002,4,Активные повторные
15988,2011-11-20 13:23:00,2011-11-20 13:23:00,1,158.03,11,Недавние однократные
15990,2011-02-25 15:35:00,2011-10-26 15:58:00,2,792.11,36,Остальные
15993,2011-10-26 16:21:00,2011-11-23 12:45:00,5,2553.43,8,Активные ценные
15994,2011-10-16 12:28:00,2011-10-16 12:28:00,1,427.07,46,Остальные
15996,2010-12-08 15:59:00,2011-09-12 15:14:00,6,1060.68,80,Остальные
15998,2010-12-12 13:32:00,2011-11-03 12:45:00,5,3089.9700000000003,28,Активные ценные
16003,2010-12-15 12:09:00,2011-11-10 09:57:00,5,2735.37,21,Активные ценные
16005,2011-03-14 11:46:00,2011-11-27 13:47:00,4,615.39,4,Активные повторные
16006,2011-05-12 13:12:00,2011-05-12 13:12:00,1,101.4,203,Остальные
16007,2011-05-08 13:32:00,2011-10-23 11:05:00,4,1701.94,39,Активные повторные
16008,2011-05-19 10:54:00,2011-11-16 10:32:00,3,478.78,15,Активные повторные
16009,2011-07-03 11:26:00,2011-11-17 16:51:00,4,992.71,14,Активные повторные
16010,2010-12-12 12:18:00,2011-04-08 10:14:00,3,407.5,237,Давно не покупавшие повторные
16011,2010-12-08 16:34:00,2011-11-10 12:32:00,15,2968.79,21,Активные ценные
16012,2011-07-07 18:02:00,2011-11-04 13:25:00,3,1415.29,27,Активные повторные
16013,2010-12-03 13:09:00,2011-11-21 12:21:00,45,34486.88,10,Активные ценные
16014,2011-02-21 17:42:00,2011-11-02 12:04:00,3,662.38,29,Активные повторные
16015,2011-10-21 12:56:00,2011-11-13 11:55:00,2,502.0,18,Остальные
16016,2010-12-08 12:36:00,2011-11-24 19:07:00,7,1368.1599999999999,7,Активные повторные
16017,2011-10-23 12:56:00,2011-10-23 12:56:00,1,211.88,39,Остальные
16018,2011-06-12 13:52:00,2011-10-31 14:13:00,2,408.9,31,Остальные
16019,2010-12-10 12:29:00,2011-10-24 11:51:00,9,3786.2400000000002,38,Активные повторные
16020,2011-10-05 13:54:00,2011-11-23 11:18:00,3,851.01,8,Активные повторные
16022,2011-03-24 13:16:00,2011-03-24 13:16:00,1,628.28,252,Остальные
16023,2011-03-18 13:32:00,2011-10-24 16:34:00,3,719.8100000000001,38,Активные повторные
16024,2011-11-27 13:26:00,2011-11-27 13:26:00,1,245.96,4,Недавние однократные
16025,2011-11-10 11:45:00,2011-11-10 11:45:00,1,439.65999999999997,21,Недавние однократные
16026,2011-10-27 13:53:00,2011-10-27 13:53:00,1,236.09,35,Остальные
16027,2011-02-10 12:19:00,2011-09-09 10:47:00,6,934.62,83,Остальные
16029,2010-12-01 09:57:00,2011-11-01 10:27:00,62,72882.09,30,Активные ценные
16030,2011-02-03 11:28:00,2011-02-03 11:28:00,1,331.24,301,Остальные
16031,2011-04-06 14:23:00,2011-09-08 13:07:00,2,548.94,84,Остальные
16033,2010-12-05 10:36:00,2011-11-06 13:53:00,19,8394.53,25,Активные ценные
16034,2011-01-11 11:54:00,2011-05-27 16:17:00,3,437.7,188,Давно не покупавшие повторные
16036,2011-03-21 13:01:00,2011-09-13 14:53:00,2,758.9200000000001,79,Остальные
16037,2010-12-16 10:18:00,2011-03-15 09:13:00,3,855.02,261,Давно не покупавшие повторные
16038,2011-05-22 11:29:00,2011-06-15 13:50:00,2,393.33,169,Давно не покупавшие повторные
16040,2011-03-16 09:58:00,2011-10-05 13:47:00,3,1313.55,57,Активные повторные
16041,2011-07-21 16:27:00,2011-11-09 12:25:00,3,3166.4,22,Активные ценные
16042,2011-01-11 13:25:00,2011-11-17 17:50:00,5,1197.27,14,Активные повторные
16043,2011-01-26 11:14:00,2011-11-02 12:50:00,4,773.99,29,Активные повторные
16045,2011-02-22 14:55:00,2011-08-12 12:41:00,4,1340.7,111,Давно не покупавшие повторные
16048,2010-12-01 15:27:00,2010-12-01 15:28:00,2,256.44000000000005,365,Давно не покупавшие повторные
16049,2011-09-25 14:33:00,2011-10-30 13:19:00,3,1111.79,32,Активные повторные
16050,2011-06-19 11:44:00,2011-06-19 11:44:00,1,137.9,165,Остальные
16052,2011-10-16 15:13:00,2011-10-16 15:13:00,1,362.06,46,Остальные
16053,2011-08-09 14:57:00,2011-11-07 11:21:00,2,1511.95,24,Остальные
16054,2011-07-17 13:08:00,2011-07-17 13:08:00,1,783.9,137,Остальные
16055,2011-05-03 09:26:00,2011-05-03 09:26:00,1,134.8,212,Остальные
16056,2011-10-25 15:19:00,2011-10-25 15:19:00,1,664.85,37,Остальные
16057,2011-02-28 10:35:00,2011-11-23 15:23:00,7,2263.12,8,Активные ценные
16059,2010-12-07 10:36:00,2011-10-05 09:56:00,6,1459.8600000000001,57,Активные повторные
16062,2010-12-10 12:00:00,2011-11-30 12:15:00,4,1153.62,1,Активные повторные
16063,2011-03-24 14:55:00,2011-03-24 14:55:00,1,335.32,252,Остальные
16065,2010-12-09 13:03:00,2010-12-09 13:03:00,1,372.09,357,Остальные
16066,2011-08-07 14:33:00,2011-11-23 11:54:00,5,1521.87,8,Активные повторные
16070,2011-11-07 16:36:00,2011-11-17 15:50:00,2,852.1500000000001,14,Остальные
16071,2011-10-26 11:14:00,2011-10-26 11:14:00,1,326.24,36,Остальные
16072,2011-02-24 14:32:00,2011-02-24 14:32:00,1,584.32,280,Остальные
16073,2011-02-15 15:41:00,2011-02-15 15:41:00,1,122.39999999999999,289,Остальные
16076,2011-05-15 12:31:00,2011-11-17 17:16:00,9,2073.75,14,Активные ценные
16078,2011-03-01 09:47:00,2011-03-01 09:47:00,1,79.2,275,Остальные
16079,2011-10-30 13:06:00,2011-11-23 12:48:00,3,1352.0,8,Активные повторные
16080,2011-03-10 14:44:00,2011-09-19 10:42:00,2,217.16,73,Остальные
16081,2010-12-08 11:16:00,2011-10-14 13:06:00,5,2806.8999999999996,48,Активные повторные
16083,2010-12-14 11:51:00,2011-08-31 10:47:00,2,1317.62,92,Давно не покупавшие повторные
16084,2011-02-13 16:05:00,2011-02-13 16:05:00,1,436.18,291,Остальные
16085,2011-01-23 12:07:00,2011-11-16 13:24:00,5,981.51,15,Активные повторные
16086,2010-12-07 13:45:00,2011-10-11 13:09:00,5,1121.3899999999999,51,Активные повторные
16091,2011-05-25 09:18:00,2011-07-08 08:45:00,2,315.06,146,Давно не покупавшие повторные
16092,2011-03-30 15:38:00,2011-08-17 10:46:00,3,817.86,106,Давно не покупавшие повторные
16093,2011-08-25 11:09:00,2011-08-25 11:09:00,1,17.0,98,Остальные
16094,2011-05-04 13:57:00,2011-11-28 12:45:00,4,1078.23,3,Активные повторные
16096,2011-03-20 13:38:00,2011-03-20 13:38:00,1,320.62,256,Остальные
16097,2011-04-13 13:47:00,2011-04-13 13:47:00,1,185.04999999999998,232,Остальные
16098,2010-12-01 09:45:00,2011-09-13 09:59:00,7,2005.63,79,Остальные
16099,2011-04-28 08:34:00,2011-10-20 13:13:00,3,731.9000000000001,42,Активные повторные
16101,2011-09-30 10:18:00,2011-09-30 10:18:00,1,1290.7,62,Остальные
16102,2011-08-03 12:50:00,2011-10-28 13:19:00,3,1842.14,34,Активные повторные
16103,2011-04-20 12:28:00,2011-09-21 11:55:00,5,1413.14,71,Остальные
16104,2011-10-09 10:23:00,2011-10-09 10:23:00,1,302.36,53,Остальные
16105,2011-04-05 10:13:00,2011-04-05 10:13:00,1,336.96,240,Остальные
16106,2011-10-05 10:37:00,2011-10-05 10:37:00,1,108.38,57,Остальные
16107,2011-06-09 18:42:00,2011-11-22 09:40:00,7,3204.1600000000003,9,Активные ценные
16108,2011-09-16 11:48:00,2011-09-16 11:48:00,1,842.5,76,Остальные
16109,2011-02-04 12:37:00,2011-05-05 09:17:00,2,611.8799999999999,210,Давно не покупавшие повторные
16110,2011-02-01 14:01:00,2011-10-25 14:35:00,3,1337.48,37,Активные повторные
16112,2011-01-05 11:47:00,2011-07-19 14:28:00,4,195.74,135,Давно не покупавшие повторные
16113,2011-06-09 16:16:00,2011-06-09 16:16:00,1,161.38,175,Остальные
16114,2011-06-22 10:13:00,2011-06-22 10:13:00,1,135.75000000000003,162,Остальные
16115,2011-02-20 12:14:00,2011-11-30 11:32:00,8,1667.97,1,Активные ценные
16116,2011-05-12 12:01:00,2011-05-12 12:01:00,1,612.78,203,Остальные
16117,2011-06-03 11:42:00,2011-06-03 11:42:00,1,232.21,181,Остальные
16119,2011-09-28 10:15:00,2011-09-28 10:15:00,1,309.48,64,Остальные
16120,2011-10-11 14:10:00,2011-10-11 14:22:00,4,1309.14,51,Активные повторные
16121,2011-05-08 11:52:00,2011-10-13 12:59:00,2,867.11,49,Остальные
16122,2010-12-08 11:41:00,2011-09-27 15:34:00,4,684.4200000000001,65,Остальные
16123,2011-10-19 09:18:00,2011-10-19 09:18:00,1,307.78,43,Остальные
16124,2011-01-26 14:45:00,2011-01-26 14:45:00,1,249.0,309,Остальные
16125,2010-12-07 15:48:00,2010-12-07 15:48:00,1,289.35,359,Остальные
16126,2011-02-16 11:18:00,2011-11-10 16:03:00,4,6287.77,21,Активные ценные
16127,2011-10-31 13:58:00,2011-10-31 13:58:00,1,656.25,31,Остальные
16128,2011-03-02 12:21:00,2011-11-22 11:14:00,5,1880.22,9,Активные ценные
16131,2011-04-14 08:32:00,2011-10-19 11:53:00,6,3506.54,43,Активные повторные
16133,2011-01-25 15:55:00,2011-11-23 09:02:00,30,13651.92,8,Активные ценные
16134,2010-12-15 14:00:00,2011-11-18 10:05:00,2,618.09,13,Остальные
16135,2011-03-22 12:30:00,2011-03-22 12:30:00,1,517.55,254,Остальные
16136,2011-03-07 09:52:00,2011-10-11 09:10:00,3,709.38,51,Активные повторные
16139,2011-05-17 10:23:00,2011-11-21 08:37:00,3,635.41,10,Активные повторные
16140,2010-12-03 14:40:00,2011-10-05 12:15:00,2,725.18,57,Остальные
16141,2011-09-12 13:11:00,2011-09-12 13:11:00,1,620.4,80,Остальные
16142,2011-04-04 10:16:00,2011-04-04 10:16:00,1,535.34,241,Остальные
16143,2010-12-05 15:18:00,2011-08-23 16:01:00,5,1949.3600000000001,100,Давно не покупавшие повторные
16144,2011-04-07 10:09:00,2011-04-07 10:09:00,1,175.2,238,Остальные
16145,2010-12-15 09:09:00,2011-10-30 13:17:00,10,3432.1,32,Активные повторные
16146,2011-04-21 15:25:00,2011-07-05 14:20:00,3,734.13,149,Давно не покупавшие повторные
16147,2011-07-29 09:57:00,2011-07-29 09:57:00,1,375.0,125,Остальные
16148,2011-02-16 14:01:00,2011-02-16 14:01:00,1,76.32000000000001,288,Остальные
16149,2011-07-20 14:54:00,2011-07-20 14:54:00,1,163.68,134,Остальные
16150,2010-12-02 18:27:00,2011-10-28 12:39:00,5,2053.02,34,Активные повторные
16152,2011-03-16 09:47:00,2011-03-16 09:47:00,1,1829.04,260,Остальные
16153,2010-12-20 09:22:00,2011-10-21 10:50:00,5,1824.23,41,Активные повторные
16156,2011-02-02 12:02:00,2011-11-15 17:14:00,8,2806.4300000000003,16,Активные ценные
16157,2011-09-28 11:48:00,2011-11-24 11:41:00,3,656.69,7,Активные повторные
16159,2011-03-03 12:27:00,2011-03-03 12:27:00,1,348.2,273,Остальные
16160,2011-09-15 10:53:00,2011-10-05 14:19:00,2,1025.44,57,Остальные
16161,2010-12-06 10:03:00,2011-11-25 12:17:00,18,5257.05,6,Активные ценные
16162,2011-04-01 15:03:00,2011-04-01 15:03:00,1,37.4,244,Остальные
16163,2010-12-09 16:28:00,2011-04-21 15:15:00,2,856.6000000000001,224,Давно не покупавшие повторные
16164,2011-10-28 09:12:00,2011-11-22 15:04:00,3,822.48,9,Активные повторные
16168,2010-12-05 11:38:00,2011-11-29 12:45:00,27,3787.6,2,Активные ценные
16169,2011-09-25 11:33:00,2011-11-10 15:23:00,3,1483.95,21,Активные повторные
16170,2011-04-05 13:42:00,2011-10-20 08:21:00,6,1885.05,42,Активные повторные
16171,2011-10-11 14:51:00,2011-10-11 14:51:00,1,73.2,51,Остальные
16172,2011-04-12 12:02:00,2011-09-05 13:22:00,5,1140.21,87,Остальные
16173,2011-09-02 15:23:00,2011-11-24 10:53:00,6,1418.3200000000002,7,Активные повторные
16174,2011-07-11 09:23:00,2011-08-05 13:26:00,3,1009.55,118,Давно не покупавшие повторные
16175,2011-04-13 14:38:00,2011-09-06 14:32:00,4,1037.59,86,Остальные
16177,2011-10-20 12:57:00,2011-10-20 12:57:00,1,331.95,42,Остальные
16178,2011-07-24 16:05:00,2011-07-24 16:05:00,1,197.9,130,Остальные
16179,2011-10-10 09:41:00,2011-10-10 09:41:00,1,215.83,52,Остальные
16180,2011-04-01 10:23:00,2011-08-31 16:28:00,8,10254.18,92,Давно не покупавшие повторные
16181,2011-09-27 13:38:00,2011-09-27 13:38:00,1,305.54,65,Остальные
16182,2011-02-18 10:11:00,2011-09-28 13:23:00,4,6617.65,64,Остальные
16183,2011-10-03 14:59:00,2011-10-03 14:59:00,1,338.71000000000004,59,Остальные
16184,2011-05-12 13:33:00,2011-10-06 17:43:00,6,1158.79,56,Активные повторные
16185,2011-04-21 11:59:00,2011-11-23 09:41:00,2,529.41,8,Остальные
16186,2010-12-02 14:40:00,2011-11-17 12:43:00,12,4006.94,14,Активные ценные
16187,2011-02-28 13:34:00,2011-11-08 09:50:00,15,6911.4400000000005,23,Активные ценные
16188,2011-04-11 09:44:00,2011-10-26 12:19:00,4,981.86,36,Активные повторные
16189,2011-09-15 15:21:00,2011-11-24 11:47:00,2,215.48,7,Остальные
16190,2011-10-30 15:59:00,2011-10-30 15:59:00,1,215.08,32,Остальные
16191,2010-12-14 12:38:00,2011-11-28 09:08:00,12,4935.86,3,Активные ценные
16193,2011-04-17 11:45:00,2011-04-17 11:45:00,1,314.45,228,Остальные
16198,2011-09-25 14:58:00,2011-09-25 14:58:00,1,400.68100000000004,67,Остальные
16200,2011-06-28 15:47:00,2011-06-28 15:47:00,1,550.57,156,Остальные
16201,2011-08-22 10:47:00,2011-11-18 17:20:00,3,1354.07,13,Активные повторные
16202,2010-12-14 10:43:00,2010-12-14 10:43:00,1,365.27,352,Остальные
16203,2010-12-02 15:39:00,2011-10-12 12:31:00,4,592.9,50,Активные повторные
16204,2011-11-16 13:40:00,2011-11-16 13:40:00,1,405.71,15,Недавние однократные
16205,2011-06-13 11:33:00,2011-11-09 09:32:00,4,754.78,22,Активные повторные
16206,2011-01-16 11:07:00,2011-10-16 10:41:00,4,537.06,46,Активные повторные
16207,2011-11-14 13:51:00,2011-11-14 13:51:00,1,394.38,17,Недавние однократные
16208,2011-02-23 13:37:00,2011-10-26 11:36:00,2,664.26,36,Остальные
16209,2011-04-07 12:23:00,2011-09-12 11:58:00,5,2262.62,80,Остальные
16210,2010-12-01 12:27:00,2011-11-30 10:54:00,16,17476.9,1,Активные ценные
16211,2011-09-12 12:11:00,2011-09-12 12:11:00,1,547.02,80,Остальные
16212,2011-03-01 12:51:00,2011-11-20 13:00:00,2,690.34,11,Остальные
16213,2011-09-22 10:03:00,2011-09-22 10:03:00,1,159.0,70,Остальные
16214,2011-03-15 13:23:00,2011-06-22 11:30:00,3,1062.75,162,Давно не покупавшие повторные
16215,2011-09-20 10:18:00,2011-09-20 10:18:00,1,242.35,72,Остальные
16216,2011-03-17 15:34:00,2011-03-17 15:34:00,1,914.9300000000001,259,Остальные
16217,2011-03-02 15:28:00,2011-04-18 13:31:00,2,304.25,227,Давно не покупавшие повторные
16218,2010-12-01 11:29:00,2011-11-10 09:59:00,7,3084.68,21,Активные ценные
16221,2010-12-07 13:13:00,2011-11-03 11:43:00,3,864.86,28,Активные повторные
16222,2011-01-25 13:38:00,2011-01-25 13:38:00,1,846.72,310,Остальные
16224,2011-04-04 12:00:00,2011-10-13 17:51:00,4,1295.3000000000002,49,Активные повторные
16225,2011-03-07 12:17:00,2011-10-26 08:30:00,5,1096.3200000000002,36,Активные повторные
16226,2011-04-18 12:58:00,2011-05-20 14:41:00,3,255.12,195,Давно не покупавшие повторные
16227,2011-04-28 13:33:00,2011-04-28 13:33:00,1,314.22,217,Остальные
16229,2011-05-11 10:18:00,2011-09-13 17:16:00,2,1010.5999999999999,79,Остальные
16230,2011-05-03 15:12:00,2011-06-03 10:06:00,2,542.03,181,Давно не покупавшие повторные
16232,2011-05-08 14:05:00,2011-10-27 12:16:00,4,990.8799999999999,35,Активные повторные
16233,2010-12-08 12:51:00,2011-09-29 17:27:00,3,536.6800000000001,63,Остальные
16235,2011-01-11 15:42:00,2011-10-30 10:56:00,4,857.3100000000001,32,Активные повторные
16236,2011-09-22 14:10:00,2011-09-22 14:10:00,1,432.2,70,Остальные
16239,2011-06-03 09:30:00,2011-10-14 08:29:00,2,414.2,48,Остальные
16240,2011-09-23 13:44:00,2011-11-15 14:30:00,2,3718.8,16,Остальные
16241,2010-12-05 11:04:00,2011-11-30 11:08:00,13,2607.87,1,Активные ценные
16242,2011-03-07 17:04:00,2011-11-21 14:26:00,6,3054.3,10,Активные ценные
16243,2011-10-16 12:09:00,2011-11-06 12:32:00,2,409.1,25,Остальные
16244,2010-12-02 11:41:00,2011-05-12 10:18:00,2,1522.75,203,Давно не покупавшие повторные
16245,2011-03-28 09:30:00,2011-11-16 10:14:00,3,1413.66,15,Активные повторные
16247,2011-06-22 14:23:00,2011-06-22 14:23:00,1,114.56,162,Остальные
16248,2011-10-09 11:32:00,2011-10-09 11:32:00,1,152.94,53,Остальные
16249,2011-04-14 13:50:00,2011-10-18 10:07:00,5,1800.0700000000002,44,Активные повторные
16250,2010-12-01 09:59:00,2011-03-23 15:07:00,2,389.44,253,Давно не покупавшие повторные
16253,2011-03-29 13:33:00,2011-10-04 09:09:00,2,3683.86,58,Остальные
16255,2010-12-09 14:25:00,2011-11-23 12:40:00,8,2619.91,8,Активные ценные
16256,2011-03-18 12:18:00,2011-03-18 12:18:00,1,752.4300000000001,258,Остальные
16257,2011-06-16 10:11:00,2011-06-16 10:11:00,1,21.95,168,Остальные
16258,2011-05-04 14:33:00,2011-10-25 13:30:00,5,5203.51,37,Активные повторные
16260,2011-10-20 09:40:00,2011-10-20 09:40:00,1,1035.45,42,Остальные
16261,2011-04-07 19:05:00,2011-11-22 17:23:00,4,746.83,9,Активные повторные
16265,2010-12-10 10:21:00,2011-11-30 16:41:00,9,5347.0,1,Активные ценные
16266,2011-05-17 14:50:00,2011-09-27 12:08:00,7,861.89,65,Остальные
16268,2011-09-29 18:30:00,2011-09-29 18:30:00,2,617.65,63,Остальные
16270,2010-12-21 14:26:00,2010-12-21 14:26:00,1,1141.24,345,Остальные
16271,2010-12-16 16:36:00,2011-11-24 12:12:00,4,1414.24,7,Активные повторные
16272,2011-08-15 10:53:00,2011-08-15 10:53:00,1,411.7,108,Остальные
16274,2010-12-01 15:35:00,2010-12-01 15:35:00,1,337.75,365,Остальные
16275,2011-05-27 12:41:00,2011-05-27 12:41:00,1,559.87,188,Остальные
16276,2011-06-16 09:34:00,2011-06-16 09:34:00,1,810.6000000000001,168,Остальные
16278,2011-08-31 17:12:00,2011-08-31 17:12:00,1,566.38,92,Остальные
16279,2011-06-16 11:50:00,2011-11-18 15:00:00,3,1509.58,13,Активные повторные
16281,2011-09-28 14:57:00,2011-09-28 14:57:00,1,2062.06,64,Остальные
16282,2011-01-04 11:42:00,2011-01-04 11:42:00,1,168.3,331,Остальные
16283,2011-05-15 13:37:00,2011-10-02 13:49:00,4,1328.44,60,Активные повторные
16284,2011-10-20 13:54:00,2011-11-08 16:12:00,2,823.97,23,Остальные
16287,2011-06-23 09:08:00,2011-06-23 09:08:00,1,142.5,161,Остальные
16292,2011-08-10 12:24:00,2011-08-10 12:24:00,1,302.25,113,Остальные
16293,2010-12-07 15:02:00,2011-11-18 09:58:00,10,2248.9900000000002,13,Активные ценные
16295,2011-10-06 10:45:00,2011-11-30 08:17:00,4,1328.55,1,Активные повторные
16297,2011-03-16 08:29:00,2011-03-16 08:29:00,1,301.9,260,Остальные
16298,2011-06-06 10:06:00,2011-11-17 11:59:00,3,598.2,14,Активные повторные
16302,2011-08-05 09:44:00,2011-08-05 09:44:00,1,233.22,118,Остальные
16303,2011-01-10 14:16:00,2011-11-14 10:49:00,3,5360.63,17,Активные ценные
16305,2011-07-24 12:18:00,2011-07-24 12:18:00,1,361.21999999999997,130,Остальные
16306,2010-12-07 15:18:00,2011-05-10 12:12:00,6,632.27,205,Давно не покупавшие повторные
16308,2011-03-23 14:46:00,2011-11-02 11:24:00,4,2560.0,29,Активные ценные
16309,2011-04-13 11:46:00,2011-08-25 15:35:00,2,706.5699999999999,98,Давно не покупавшие повторные
16311,2011-10-21 13:13:00,2011-11-22 08:54:00,2,616.26,9,Остальные
16313,2011-10-21 09:04:00,2011-10-21 09:04:00,1,167.62,41,Остальные
16315,2011-01-13 11:57:00,2011-01-13 11:57:00,1,226.37,322,Остальные
16316,2010-12-16 14:26:00,2011-10-06 13:48:00,8,2938.91,56,Активные повторные
16317,2011-02-15 14:30:00,2011-08-12 12:46:00,3,1341.65,111,Давно не покупавшие повторные
16318,2011-11-04 13:05:00,2011-11-04 13:05:00,1,328.15,27,Недавние однократные
16319,2011-05-06 11:27:00,2011-05-06 11:27:00,1,404.40000000000003,209,Остальные
16320,2011-05-10 15:31:00,2011-06-20 15:25:00,2,1038.46,164,Давно не покупавшие повторные
16321,2011-01-20 12:11:00,2011-09-28 14:55:00,5,373.65,64,Остальные
16322,2011-11-03 14:33:00,2011-11-03 14:33:00,1,213.07999999999998,28,Недавние однократные
16323,2011-05-27 14:48:00,2011-05-27 14:48:00,1,207.50000000000003,188,Остальные
16324,2011-06-15 14:26:00,2011-08-03 12:58:00,3,428.68,120,Давно не покупавшие повторные
16325,2011-04-08 09:20:00,2011-10-24 08:48:00,3,594.24,38,Активные повторные
16326,2011-01-09 12:01:00,2011-11-24 11:57:00,13,2827.42,7,Активные ценные
16327,2010-12-05 12:43:00,2011-11-25 13:23:00,6,3813.62,6,Активные ценные
16330,2011-08-19 17:08:00,2011-11-22 12:24:00,3,251.91,9,Активные повторные
16332,2011-02-07 14:16:00,2011-11-11 14:22:00,7,1593.2,20,Активные ценные
16333,2011-02-03 10:50:00,2011-11-03 15:47:00,20,25079.6,28,Активные ценные
16337,2011-11-03 10:03:00,2011-11-03 10:03:00,1,151.05,28,Недавние однократные
16338,2011-07-05 13:56:00,2011-07-05 13:56:00,1,214.8,149,Остальные
16339,2011-02-28 13:41:00,2011-02-28 13:41:00,1,109.95,276,Остальные
16340,2011-08-24 14:53:00,2011-08-24 14:53:00,1,549.07,99,Остальные
16341,2011-05-22 13:20:00,2011-11-15 09:12:00,4,1971.87,16,Активные ценные
16342,2011-06-13 10:10:00,2011-09-25 14:36:00,4,322.40999999999997,67,Остальные
16343,2011-11-23 17:43:00,2011-11-23 17:45:00,2,370.48,8,Остальные
16344,2011-07-04 15:50:00,2011-07-04 15:50:00,1,101.10000000000001,150,Остальные
16345,2011-10-26 16:03:00,2011-10-26 16:03:00,1,575.41,36,Остальные
16347,2011-11-03 13:01:00,2011-11-28 13:14:00,2,887.6500000000001,3,Остальные
16348,2011-04-13 15:49:00,2011-11-07 15:44:00,7,1467.11,24,Активные повторные
16349,2011-02-22 12:40:00,2011-02-22 12:40:00,1,53.5,282,Остальные
16350,2011-01-10 09:44:00,2011-11-18 15:53:00,4,1116.47,13,Активные повторные
16351,2011-01-11 10:26:00,2011-01-11 10:26:00,1,153.9,324,Остальные
16352,2011-11-02 08:44:00,2011-11-22 10:32:00,2,494.44,9,Остальные
16353,2010-12-05 12:09:00,2011-11-22 10:39:00,21,6081.71,9,Активные ценные
16354,2011-09-27 16:28:00,2011-10-07 14:28:00,2,395.8,55,Остальные
16356,2011-03-07 12:31:00,2011-05-26 11:51:00,3,211.76999999999998,189,Давно не покупавшие повторные
16357,2011-05-10 10:35:00,2011-11-06 16:04:00,3,658.88,25,Активные повторные
16358,2011-06-08 15:05:00,2011-10-07 10:50:00,3,1594.3400000000001,55,Активные повторные
16359,2011-01-12 10:49:00,2011-10-05 13:00:00,8,1640.19,57,Активные повторные
16360,2011-09-12 13:50:00,2011-11-20 11:56:00,5,2748.19,11,Активные ценные
16361,2011-09-29 13:13:00,2011-11-30 12:32:00,4,896.66,1,Активные повторные
16362,2011-09-09 14:47:00,2011-11-07 13:01:00,5,734.77,24,Активные повторные
16363,2011-10-17 14:14:00,2011-10-17 14:14:00,1,109.36,45,Остальные
16364,2011-07-25 14:35:00,2011-11-28 11:27:00,2,707.04,3,Остальные
16365,2010-12-07 17:19:00,2011-11-22 11:24:00,9,1540.42,9,Активные повторные
16366,2011-11-21 08:19:00,2011-11-21 08:19:00,1,327.3,10,Недавние однократные
16367,2010-12-12 12:01:00,2011-11-02 13:13:00,2,804.49,29,Остальные
16368,2011-11-11 15:08:00,2011-11-11 15:08:00,1,302.48,20,Недавние однократные
16369,2011-05-27 09:39:00,2011-11-21 16:25:00,3,1551.58,10,Активные повторные
16370,2011-04-28 16:40:00,2011-09-18 15:55:00,4,1320.56,74,Остальные
16372,2011-11-06 12:50:00,2011-11-06 13:08:00,2,367.93,25,Остальные
16374,2011-03-22 13:46:00,2011-10-04 15:21:00,2,465.08000000000004,58,Остальные
16376,2011-11-22 16:47:00,2011-11-22 16:47:00,1,874.25,9,Недавние однократные
16377,2011-03-17 15:41:00,2011-03-17 15:41:00,1,676.2,259,Остальные
16378,2011-02-02 12:42:00,2011-04-06 15:07:00,3,362.95,239,Давно не покупавшие повторные
16379,2011-09-22 09:33:00,2011-11-21 15:27:00,3,1755.76,10,Активные ценные
16380,2011-10-09 15:40:00,2011-10-09 15:40:00,1,1780.59,53,Остальные
16383,2011-03-16 13:00:00,2011-09-26 12:45:00,2,668.36,66,Остальные
16384,2011-03-21 10:13:00,2011-09-11 11:19:00,2,584.5,81,Остальные
16385,2010-12-08 12:56:00,2011-10-10 13:12:00,3,555.8900000000001,52,Активные повторные
16386,2011-03-31 12:19:00,2011-11-11 12:28:00,2,317.20000000000005,20,Остальные
16387,2011-01-21 11:34:00,2011-01-21 11:34:00,1,94.36,314,Остальные
16389,2011-03-01 15:47:00,2011-10-17 14:41:00,4,1382.07,45,Активные повторные
16392,2011-03-15 12:11:00,2011-03-15 12:11:00,1,221.19,261,Остальные
16393,2010-12-05 13:10:00,2011-11-28 13:58:00,12,2739.51,3,Активные ценные
16394,2011-02-23 10:58:00,2011-10-14 09:48:00,5,1555.3400000000001,48,Активные повторные
16395,2011-01-13 12:10:00,2011-10-10 12:50:00,5,1486.9,52,Активные повторные
16398,2011-03-31 09:38:00,2011-07-08 15:16:00,2,1705.8000000000002,146,Давно не покупавшие повторные
16399,2011-04-18 13:46:00,2011-11-20 16:12:00,2,406.77,11,Остальные
16400,2011-09-06 12:27:00,2011-09-06 12:27:00,1,303.93,86,Остальные
16401,2011-01-16 10:56:00,2011-11-25 12:57:00,11,3785.58,6,Активные ценные
16402,2010-12-05 13:42:00,2011-03-20 12:25:00,2,299.6,256,Давно не покупавшие повторные
16403,2011-01-31 13:39:00,2011-01-31 13:39:00,1,177.5,304,Остальные
16404,2011-09-30 14:55:00,2011-09-30 14:55:00,1,443.05,62,Остальные
16405,2011-02-02 17:08:00,2011-02-10 15:24:00,2,167.25,294,Давно не покупавшие повторные
16406,2011-11-21 11:57:00,2011-11-21 11:57:00,1,163.07,10,Недавние однократные
16407,2011-01-31 14:02:00,2011-11-27 11:05:00,10,2126.93,4,Активные ценные
16409,2011-01-26 14:51:00,2011-11-03 16:45:00,5,2028.88,28,Активные ценные
16411,2010-12-05 13:26:00,2011-11-20 13:23:00,2,214.65,11,Остальные
16412,2011-10-17 12:35:00,2011-10-17 12:35:00,1,151.83,45,Остальные
16413,2011-10-14 12:08:00,2011-10-14 12:08:00,1,262.2,48,Остальные
16414,2011-03-04 13:27:00,2011-11-18 09:42:00,2,126.25,13,Остальные
16415,2011-10-26 13:35:00,2011-10-26 13:35:00,1,210.35,36,Остальные
16416,2011-10-14 13:35:00,2011-11-13 12:50:00,3,1051.4,18,Активные повторные
16418,2011-04-27 16:54:00,2011-10-26 12:39:00,3,675.27,36,Активные повторные
16419,2011-02-01 12:25:00,2011-08-19 12:33:00,6,972.2299999999999,104,Давно не покупавшие повторные
16422,2010-12-05 15:35:00,2011-11-22 14:00:00,51,34684.4,9,Активные ценные
16423,2011-11-15 09:21:00,2011-11-15 09:21:00,1,346.12,16,Недавние однократные
16424,2011-06-01 13:40:00,2011-06-01 13:40:00,1,133.56,183,Остальные
16425,2011-02-10 14:30:00,2011-02-10 14:30:00,1,302.7,294,Остальные
16426,2011-03-08 15:45:00,2011-11-18 13:33:00,7,1353.65,13,Активные повторные
16427,2011-02-28 15:18:00,2011-03-21 17:10:00,2,241.06,255,Давно не покупавшие повторные
16429,2011-08-25 13:54:00,2011-08-25 13:54:00,1,284.55,98,Остальные
16430,2011-10-13 14:47:00,2011-10-13 14:47:00,1,300.85,49,Остальные
16431,2011-02-15 14:02:00,2011-05-10 14:09:00,3,642.81,205,Давно не покупавшие повторные
16432,2011-10-06 13:59:00,2011-10-06 13:59:00,1,287.4,56,Остальные
16433,2011-11-11 14:09:00,2011-11-11 14:09:00,1,184.26,20,Недавние однократные
16434,2011-02-13 12:17:00,2011-11-10 14:28:00,7,1522.25,21,Активные повторные
16438,2011-09-18 13:31:00,2011-11-13 11:39:00,4,648.54,18,Активные повторные
16440,2011-05-09 12:25:00,2011-11-10 14:16:00,4,2665.24,21,Активные ценные
16441,2011-02-21 17:35:00,2011-10-03 17:48:00,2,381.2,59,Остальные
16442,2010-12-14 10:46:00,2011-04-26 11:51:00,2,437.03,219,Давно не покупавшие повторные
16444,2011-03-20 12:14:00,2011-10-24 13:50:00,4,654.67,38,Активные повторные
16445,2011-11-06 12:32:00,2011-11-06 12:32:00,1,230.51,25,Недавние однократные
16446,2011-05-18 09:52:00,2011-05-18 09:52:00,1,2.9,197,Остальные
16447,2011-07-27 12:45:00,2011-07-27 12:45:00,1,259.01,127,Остальные
16448,2011-05-25 16:28:00,2011-05-25 16:28:00,1,188.89000000000001,190,Остальные
16449,2011-03-04 12:15:00,2011-05-26 10:25:00,2,707.69,189,Давно не покупавшие повторные
16450,2011-07-13 11:47:00,2011-07-13 11:47:00,1,311.92,141,Остальные
16451,2011-09-13 09:17:00,2011-09-13 09:17:00,1,266.97,79,Остальные
16454,2011-10-06 16:57:00,2011-10-06 16:57:00,1,5.9,56,Остальные
16455,2010-12-03 16:44:00,2011-10-07 12:17:00,7,1841.1799999999998,55,Активные повторные
16456,2010-12-01 14:11:00,2011-09-01 13:50:00,5,2158.37,91,Давно не покупавшие повторные
16457,2011-05-05 13:19:00,2011-05-05 13:19:00,1,208.36,210,Остальные
16458,2010-12-14 11:51:00,2011-11-25 08:23:00,17,3307.2400000000002,6,Активные ценные
16460,2011-09-19 10:15:00,2011-11-11 13:46:00,3,814.72,20,Активные повторные
16461,2011-06-15 12:07:00,2011-06-15 12:07:00,1,151.42,169,Остальные
16462,2011-03-01 08:58:00,2011-09-27 10:24:00,3,136.0,65,Остальные
16463,2011-05-19 14:45:00,2011-11-18 14:01:00,4,1422.4,13,Активные повторные
16464,2011-07-20 13:53:00,2011-11-20 12:11:00,3,1314.68,11,Активные повторные
16466,2011-02-20 11:39:00,2011-11-06 11:35:00,7,1603.46,25,Активные ценные
16468,2011-09-26 14:13:00,2011-09-26 14:13:00,1,74.9,66,Остальные
16469,2011-04-07 13:11:00,2011-11-16 12:25:00,4,650.4300000000001,15,Активные повторные
16470,2010-12-16 11:53:00,2011-10-19 12:11:00,4,762.39,43,Активные повторные
16471,2011-03-10 09:41:00,2011-03-10 09:41:00,1,223.95000000000002,266,Остальные
16473,2011-01-07 10:55:00,2011-06-28 09:10:00,3,316.11,156,Давно не покупавшие повторные
16474,2011-07-17 14:51:00,2011-11-22 14:04:00,6,1750.23,9,Активные ценные
16475,2011-03-11 09:39:00,2011-09-12 14:37:00,4,544.3,80,Остальные
16477,2010-12-03 12:48:00,2011-10-07 09:44:00,7,2494.46,55,Активные повторные
16478,2011-10-05 12:02:00,2011-11-14 15:51:00,3,331.0,17,Активные повторные
16479,2011-11-29 13:04:00,2011-11-29 13:40:00,2,300.83000000000004,2,Остальные
16480,2011-09-25 11:40:00,2011-09-25 11:40:00,1,769.29,67,Остальные
16482,2011-11-24 12:33:00,2011-11-24 12:33:00,1,220.62,7,Недавние однократные
16483,2011-05-31 13:08:00,2011-05-31 13:08:00,1,139.35,184,Остальные
16484,2011-06-02 10:39:00,2011-06-19 12:06:00,2,404.3,165,Давно не покупавшие повторные
16485,2011-09-23 15:50:00,2011-09-23 15:50:00,1,363.65,69,Остальные
16488,2011-07-14 11:46:00,2011-11-06 13:42:00,3,498.8,25,Активные повторные
16491,2011-10-24 10:18:00,2011-10-24 10:18:00,1,731.5,38,Остальные
16493,2011-01-14 08:16:00,2011-09-21 11:10:00,4,1351.63,71,Остальные
16494,2011-02-16 12:49:00,2011-02-16 12:49:00,1,826.53,288,Остальные
16495,2011-03-08 16:38:00,2011-03-08 16:39:00,2,246.51,268,Давно не покупавшие повторные
16496,2011-01-27 09:42:00,2011-05-16 10:48:00,2,1185.04,199,Давно не покупавшие повторные
16497,2011-01-10 13:20:00,2011-10-21 10:55:00,6,2965.69,41,Активные повторные
16498,2011-06-30 19:52:00,2011-07-01 15:07:00,2,100.97,153,Давно не покупавшие повторные
16499,2010-12-10 10:27:00,2010-12-14 13:31:00,2,365.45000000000005,352,Давно не покупавшие повторные
16500,2011-01-13 10:28:00,2011-11-23 14:18:00,5,348.12,8,Активные повторные
16503,2010-12-14 13:50:00,2011-08-25 11:46:00,4,1431.93,98,Давно не покупавшие повторные
16504,2011-11-14 15:18:00,2011-11-14 15:18:00,1,484.38,17,Недавние однократные
16505,2011-11-08 12:14:00,2011-11-08 12:14:00,1,777.6,23,Недавние однократные
16506,2011-10-30 15:50:00,2011-11-20 12:17:00,2,90.30000000000001,11,Остальные
16509,2011-02-16 09:25:00,2011-02-16 09:25:00,1,363.7,288,Остальные
16510,2010-12-02 13:39:00,2010-12-02 13:39:00,1,248.1,364,Остальные
16511,2011-03-18 11:24:00,2011-11-18 10:41:00,3,948.26,13,Активные повторные
16513,2011-10-27 14:56:00,2011-11-20 13:39:00,2,662.7900000000001,11,Остальные
16515,2011-02-01 13:09:00,2011-10-18 13:10:00,5,1627.13,44,Активные повторные
16516,2011-11-09 14:59:00,2011-11-09 14:59:00,1,101.7,22,Недавние однократные
16517,2011-03-07 13:50:00,2011-03-07 13:50:00,1,162.7,269,Остальные
16518,2011-02-28 16:36:00,2011-10-09 15:04:00,2,484.32,53,Остальные
16519,2010-12-09 14:08:00,2011-11-14 15:41:00,2,212.98000000000002,17,Остальные
16520,2010-12-09 13:08:00,2011-06-06 13:24:00,3,1046.57,178,Давно не покупавшие повторные
16523,2011-01-28 12:06:00,2011-11-24 13:53:00,19,8562.85,7,Активные ценные
16525,2010-12-08 11:31:00,2011-11-23 11:49:00,25,12705.73,8,Активные ценные
16526,2011-06-21 12:02:00,2011-06-21 12:02:00,1,290.36,163,Остальные
16527,2011-09-19 16:21:00,2011-09-19 16:21:00,1,228.06000000000003,73,Остальные
16529,2011-06-02 17:23:00,2011-06-02 17:23:00,1,455.25,182,Остальные
16531,2010-12-14 13:19:00,2011-11-17 16:29:00,7,1244.59,14,Активные повторные
16532,2011-01-05 12:37:00,2011-11-22 11:08:00,3,6748.8,9,Активные ценные
16533,2011-10-02 15:07:00,2011-11-20 13:08:00,3,1095.56,11,Активные повторные
16536,2011-08-21 15:54:00,2011-08-21 15:54:00,1,548.97,102,Остальные
16539,2010-12-01 15:40:00,2011-05-04 09:52:00,3,1053.61,211,Давно не покупавшие повторные
16542,2011-10-17 10:47:00,2011-10-17 10:47:00,1,119.62,45,Остальные
16545,2011-06-28 10:37:00,2011-06-28 10:37:00,1,339.3,156,Остальные
16546,2010-12-02 12:07:00,2011-02-22 11:20:00,2,787.1500000000001,282,Давно не покупавшие повторные
16549,2011-01-09 14:03:00,2011-11-29 15:06:00,10,4154.639999999999,2,Активные ценные
16550,2010-12-06 13:53:00,2011-08-23 11:12:00,5,2298.9700000000003,100,Давно не покупавшие повторные
16551,2011-01-07 10:24:00,2011-09-05 09:38:00,3,922.12,87,Остальные
16552,2010-12-01 12:36:00,2011-04-11 10:04:00,2,379.73,234,Давно не покупавшие повторные
16553,2010-12-14 13:58:00,2011-06-29 15:42:00,12,5719.82,155,Давно не покупавшие повторные
16554,2011-01-12 12:41:00,2011-10-28 14:51:00,3,837.1,34,Активные повторные
16555,2011-08-22 12:32:00,2011-11-04 14:31:00,2,285.89,27,Остальные
16556,2010-12-14 13:32:00,2011-10-04 11:36:00,7,3313.79,58,Активные повторные
16557,2011-07-25 13:28:00,2011-11-15 14:04:00,2,281.85,16,Остальные
16558,2010-12-08 12:01:00,2011-11-17 17:30:00,19,7739.52,14,Активные ценные
16560,2010-12-16 14:36:00,2011-11-13 10:35:00,2,841.4100000000001,18,Остальные
16561,2011-10-11 09:53:00,2011-10-11 09:53:00,1,264.96,51,Остальные
16563,2011-10-17 11:51:00,2011-10-17 11:51:00,1,1077.74,45,Остальные
16565,2010-12-10 15:21:00,2010-12-10 15:21:00,1,173.7,356,Остальные
16566,2011-02-20 10:29:00,2011-11-24 16:34:00,5,614.66,7,Активные повторные
16567,2011-01-07 09:31:00,2011-05-29 13:57:00,2,865.5999999999999,186,Давно не покупавшие повторные
16570,2011-02-01 10:37:00,2011-11-24 17:02:00,10,3738.4,7,Активные ценные
16571,2011-03-03 09:41:00,2011-11-13 11:46:00,3,1421.69,18,Активные повторные
16572,2011-03-09 12:04:00,2011-08-04 16:34:00,3,1009.5999999999999,119,Давно не покупавшие повторные
16573,2011-02-22 15:14:00,2011-09-16 09:13:00,2,663.61,76,Остальные
16574,2011-09-29 13:39:00,2011-09-29 13:39:00,1,451.44,63,Остальные
16581,2011-06-10 10:05:00,2011-06-10 10:05:00,1,105.84,174,Остальные
16582,2011-08-18 17:02:00,2011-08-18 17:02:00,1,313.62,105,Остальные
16583,2010-12-01 12:03:00,2010-12-01 12:03:00,1,233.45000000000002,365,Остальные
16584,2011-03-30 13:14:00,2011-09-20 13:45:00,2,936.08,72,Остальные
16586,2011-04-05 09:32:00,2011-04-05 09:32:00,1,463.95,240,Остальные
16587,2011-04-21 15:51:00,2011-04-21 15:51:00,1,225.15,224,Остальные
16589,2011-07-01 13:31:00,2011-09-29 14:50:00,3,459.24,63,Остальные
16591,2011-10-02 10:43:00,2011-10-02 10:43:00,1,213.5,60,Остальные
16592,2011-02-25 10:19:00,2011-11-27 13:07:00,15,3195.52,4,Активные ценные
16593,2011-01-16 12:11:00,2011-10-20 12:41:00,3,330.03,42,Активные повторные
16594,2011-09-25 14:08:00,2011-09-25 14:08:00,1,181.09,67,Остальные
16595,2011-10-09 13:15:00,2011-10-09 13:15:00,1,360.16,53,Остальные
16596,2010-12-08 16:18:00,2011-11-24 10:02:00,2,250.15,7,Остальные
16598,2011-02-27 11:42:00,2011-02-27 11:42:00,1,145.04999999999998,277,Остальные
16600,2011-01-05 12:13:00,2011-11-23 09:44:00,5,573.2,8,Активные повторные
16601,2011-10-30 11:09:00,2011-10-30 11:09:00,1,243.63,32,Остальные
16602,2011-11-03 15:54:00,2011-11-03 15:54:00,1,528.08,28,Недавние однократные
16603,2011-09-09 13:02:00,2011-09-26 10:06:00,2,482.47,66,Остальные
16607,2010-12-16 08:41:00,2011-11-22 10:24:00,14,3347.71,9,Активные ценные
16609,2011-04-01 10:11:00,2011-11-24 13:32:00,7,5493.46,7,Активные ценные
16610,2011-05-04 13:13:00,2011-05-04 13:13:00,1,75.66,211,Остальные
16611,2011-06-06 15:46:00,2011-06-06 15:46:00,1,129.49,178,Остальные
16612,2011-02-01 10:38:00,2011-11-07 07:38:00,4,1187.66,24,Активные повторные
16613,2011-09-30 15:52:00,2011-09-30 15:52:00,1,618.59,62,Остальные
16614,2011-06-10 11:36:00,2011-06-10 11:36:00,1,506.19,174,Остальные
16616,2011-07-05 13:38:00,2011-11-24 16:31:00,2,500.41999999999996,7,Остальные
16617,2011-04-18 10:35:00,2011-04-18 10:35:00,1,151.85,227,Остальные
16618,2011-01-21 11:55:00,2011-11-08 13:52:00,5,2647.59,23,Активные ценные
16619,2011-03-21 08:18:00,2011-03-21 08:18:00,1,226.21,255,Остальные
16620,2011-03-24 10:37:00,2011-03-24 10:37:00,1,95.76,252,Остальные
16621,2011-03-07 11:32:00,2011-10-19 11:38:00,4,813.48,43,Активные повторные
16623,2011-04-08 10:09:00,2011-04-08 10:09:00,1,129.45000000000002,237,Остальные
16624,2011-05-26 14:20:00,2011-09-20 12:39:00,2,810.5699999999999,72,Остальные
16625,2011-03-10 12:50:00,2011-03-10 12:50:00,1,333.08,266,Остальные
16626,2011-03-18 12:27:00,2011-11-17 15:41:00,15,3888.8900000000003,14,Активные ценные
16627,2011-09-21 14:38:00,2011-09-21 14:38:00,1,322.8,71,Остальные
16628,2011-04-19 08:55:00,2011-11-10 12:45:00,5,2188.05,21,Активные ценные
16629,2011-09-04 16:12:00,2011-09-27 10:34:00,2,417.73,65,Остальные
16633,2011-04-19 14:36:00,2011-11-22 13:41:00,6,2883.1,9,Активные ценные
16634,2010-12-02 17:41:00,2011-05-01 12:09:00,2,217.9,214,Давно не покупавшие повторные
16637,2011-04-28 10:20:00,2011-11-07 13:17:00,4,1154.47,24,Активные повторные
16638,2010-12-06 10:19:00,2011-11-17 11:09:00,10,1680.72,14,Активные ценные
16639,2011-04-18 09:31:00,2011-11-08 13:20:00,3,1257.5100000000002,23,Активные повторные
16641,2011-08-26 12:49:00,2011-08-26 12:49:00,1,231.1,97,Остальные
16642,2011-05-16 12:35:00,2011-05-16 12:35:00,1,307.73,199,Остальные
16643,2011-04-08 08:24:00,2011-04-08 08:24:00,1,487.51,237,Остальные
16644,2011-05-11 12:53:00,2011-06-15 12:39:00,2,833.78,169,Давно не покупавшие повторные
16647,2011-05-19 09:31:00,2011-06-23 11:47:00,2,214.06,161,Давно не покупавшие повторные
16648,2011-10-28 08:58:00,2011-10-28 08:58:00,1,290.65999999999997,34,Остальные
16650,2011-09-29 09:51:00,2011-09-29 09:51:00,1,518.42,63,Остальные
16652,2011-03-11 13:13:00,2011-10-12 09:38:00,7,6773.97,50,Активные повторные
16653,2011-09-29 13:38:00,2011-11-23 14:51:00,2,1212.6599999999999,8,Остальные
16654,2010-12-06 15:09:00,2011-07-21 15:23:00,4,601.27,133,Давно не покупавшие повторные
16655,2011-01-12 10:16:00,2011-11-22 11:25:00,6,3794.52,9,Активные ценные
16656,2010-12-10 11:23:00,2011-11-17 14:43:00,15,8625.8,14,Активные ценные
16657,2011-03-30 12:02:00,2011-11-30 11:48:00,4,933.62,1,Активные повторные
16658,2010-12-06 13:47:00,2010-12-06 13:47:00,1,123.24,360,Остальные
16659,2011-06-03 15:03:00,2011-06-03 15:03:00,1,39.12,181,Остальные
16660,2011-01-24 12:44:00,2011-11-23 14:53:00,4,1267.6499999999999,8,Активные повторные
16665,2010-12-12 14:03:00,2010-12-12 14:03:00,1,135.4,354,Остальные
16666,2011-11-20 14:01:00,2011-11-20 14:01:00,1,118.98,11,Недавние однократные
16667,2011-02-28 12:57:00,2011-10-02 15:26:00,2,570.13,60,Остальные
16668,2011-02-28 12:46:00,2011-11-24 17:43:00,6,306.71999999999997,7,Активные повторные
16669,2011-09-22 14:13:00,2011-11-16 12:26:00,2,1370.47,15,Остальные
16670,2010-12-16 10:30:00,2011-11-23 09:34:00,11,4095.9,8,Активные ценные
16671,2011-06-28 11:20:00,2011-11-11 13:40:00,3,1692.2700000000002,20,Активные ценные
16672,2011-03-18 10:15:00,2011-11-04 09:44:00,19,7864.9400000000005,27,Активные ценные
16674,2011-09-02 13:59:00,2011-10-16 11:31:00,2,319.61,46,Остальные
16676,2011-01-06 13:00:00,2011-11-06 12:01:00,4,1592.12,25,Активные ценные
16678,2011-03-02 09:24:00,2011-11-29 13:17:00,11,2786.05,2,Активные ценные
16679,2010-12-08 13:51:00,2010-12-08 13:51:00,1,129.75,358,Остальные
16680,2011-10-27 17:35:00,2011-10-27 17:35:00,1,183.7,35,Остальные
16681,2011-03-31 13:46:00,2011-09-28 11:11:00,6,1770.34,64,Остальные
16682,2011-06-05 11:02:00,2011-10-13 15:47:00,4,917.14,49,Активные повторные
16684,2010-12-16 17:34:00,2011-11-28 15:35:00,27,61251.58,3,Активные ценные
16685,2011-10-09 13:44:00,2011-10-09 13:58:00,2,324.24,53,Остальные
16686,2010-12-19 14:41:00,2011-10-23 13:49:00,7,3062.83,39,Активные повторные
16688,2011-10-10 12:23:00,2011-11-29 17:12:00,3,1115.1599999999999,2,Активные повторные
16689,2011-09-18 13:29:00,2011-09-25 11:39:00,2,422.6,67,Остальные
16690,2011-05-22 10:53:00,2011-09-28 15:02:00,2,225.57999999999998,64,Остальные
16692,2011-02-23 15:41:00,2011-03-28 14:46:00,2,1126.0,248,Давно не покупавшие повторные
16693,2011-03-13 11:06:00,2011-10-02 11:10:00,2,482.01,60,Остальные
16696,2011-04-05 15:20:00,2011-07-27 14:23:00,4,657.9000000000001,127,Давно не покупавшие повторные
16697,2011-04-12 17:12:00,2011-04-12 17:12:00,1,112.75,233,Остальные
16698,2011-03-31 13:33:00,2011-04-27 10:52:00,2,1998.0,218,Давно не покупавшие повторные
16700,2010-12-08 16:34:00,2011-11-10 10:10:00,12,4792.74,21,Активные ценные
16701,2010-12-13 11:51:00,2011-10-26 12:31:00,12,4899.86,36,Активные повторные
16705,2010-12-16 10:51:00,2011-11-28 11:45:00,19,13784.470000000001,3,Активные ценные
16706,2011-08-17 15:53:00,2011-11-02 13:50:00,3,531.3499999999999,29,Активные повторные
16708,2011-10-25 12:20:00,2011-10-25 12:20:00,1,656.63,37,Остальные
16709,2011-03-03 10:55:00,2011-09-16 10:56:00,5,3029.87,76,Остальные
16710,2010-12-06 13:13:00,2011-11-20 14:50:00,10,2483.04,11,Активные ценные
16711,2010-12-17 12:43:00,2011-11-13 11:51:00,4,1355.43,18,Активные повторные
16712,2011-03-08 15:07:00,2011-11-30 13:48:00,11,3637.7799999999997,1,Активные ценные
16713,2010-12-08 13:01:00,2011-11-21 12:36:00,15,6923.13,10,Активные ценные
16714,2011-01-26 13:40:00,2011-01-26 13:46:00,2,1146.53,309,Давно не покупавшие повторные
16715,2011-09-22 18:15:00,2011-09-22 18:15:00,1,301.71999999999997,70,Остальные
16716,2011-02-01 15:35:00,2011-03-18 10:03:00,2,901.2,258,Давно не покупавшие повторные
16717,2010-12-08 16:48:00,2011-11-16 12:16:00,6,3858.38,15,Активные ценные
16718,2010-12-05 13:03:00,2010-12-05 13:03:00,1,623.75,361,Остальные
16719,2010-12-06 12:06:00,2011-11-25 09:27:00,7,1790.42,6,Активные ценные
16720,2011-11-13 16:22:00,2011-11-13 16:22:00,1,155.23999999999998,18,Недавние однократные
16721,2011-03-22 16:08:00,2011-03-22 16:08:00,1,292.47,254,Остальные
16722,2010-12-06 12:59:00,2011-11-22 13:28:00,13,4730.8099999999995,9,Активные ценные
16723,2011-08-24 11:31:00,2011-09-09 13:01:00,2,589.15,83,Остальные
16725,2010-12-03 16:02:00,2011-02-10 16:52:00,6,779.57,294,Давно не покупавшие повторные
16726,2010-12-13 13:28:00,2011-11-13 14:53:00,5,1382.02,18,Активные повторные
16727,2010-12-10 13:48:00,2010-12-10 13:48:00,1,272.82,356,Остальные
16728,2011-03-20 13:28:00,2011-10-24 14:36:00,4,1054.67,38,Активные повторные
16729,2011-04-12 14:22:00,2011-11-01 14:29:00,21,7236.6,30,Активные ценные
16730,2011-01-24 14:01:00,2011-10-18 14:11:00,3,743.11,44,Активные повторные
16732,2011-11-08 09:54:00,2011-11-08 09:54:00,1,603.75,23,Недавние однократные
16734,2011-08-17 15:00:00,2011-10-18 13:44:00,3,650.51,44,Активные повторные
16735,2011-01-09 12:53:00,2011-09-22 11:49:00,5,2300.56,70,Остальные
16737,2011-10-17 13:03:00,2011-10-17 13:03:00,1,417.59999999999997,45,Остальные
16738,2011-02-15 09:46:00,2011-02-15 09:46:00,1,3.75,289,Остальные
16739,2011-06-16 09:17:00,2011-06-16 09:17:00,1,323.0,168,Остальные
16743,2010-12-16 12:15:00,2011-11-10 13:13:00,7,2238.09,21,Активные ценные
16744,2011-06-19 15:13:00,2011-11-28 13:06:00,7,1304.76,3,Активные повторные
16745,2011-02-01 11:31:00,2011-09-14 11:58:00,17,7194.3,78,Остальные
16746,2010-12-16 11:43:00,2011-11-28 15:17:00,17,6247.74,3,Активные ценные
16747,2011-10-03 10:18:00,2011-11-02 11:37:00,2,836.06,29,Остальные
16748,2011-01-09 13:50:00,2011-11-22 10:17:00,5,1515.9,9,Активные повторные
16750,2011-04-21 16:53:00,2011-10-26 12:48:00,5,623.93,36,Активные повторные
16751,2011-11-09 10:48:00,2011-11-09 10:48:00,1,1764.72,22,Недавние однократные
16752,2010-12-02 12:18:00,2010-12-02 12:18:00,1,207.5,364,Остальные
16753,2011-10-12 13:14:00,2011-10-12 13:14:00,1,223.92000000000002,50,Остальные
16754,2010-12-02 17:38:00,2010-12-02 17:38:00,1,2002.4,364,Остальные
16755,2011-01-28 10:47:00,2011-08-17 13:21:00,3,1496.83,106,Давно не покупавшие повторные
16756,2011-05-09 09:33:00,2011-05-09 09:33:00,1,239.4,206,Остальные
16757,2011-01-25 11:59:00,2011-01-25 11:59:00,1,106.83000000000001,310,Остальные
16758,2011-10-05 14:47:00,2011-10-05 14:47:00,1,369.34,57,Остальные
16759,2011-11-09 09:06:00,2011-11-09 09:07:00,2,418.84999999999997,22,Остальные
16761,2011-09-04 11:15:00,2011-09-04 11:15:00,1,316.62,88,Остальные
16762,2011-07-18 12:52:00,2011-11-20 11:43:00,3,1501.38,11,Активные повторные
16763,2011-05-25 11:52:00,2011-05-25 11:52:00,1,611.85,190,Остальные
16764,2011-07-19 17:17:00,2011-11-30 11:30:00,12,2596.38,1,Активные ценные
16765,2011-02-18 15:41:00,2011-02-18 15:41:00,1,34.0,286,Остальные
16766,2011-03-11 13:34:00,2011-03-11 15:22:00,2,1145.6,265,Давно не покупавшие повторные
16767,2011-01-27 13:38:00,2011-11-09 09:42:00,11,5580.6,22,Активные ценные
16768,2011-03-13 10:25:00,2011-10-23 10:38:00,3,478.09000000000003,39,Активные повторные
16769,2011-03-24 13:41:00,2011-03-24 13:41:00,1,380.39,252,Остальные
16770,2010-12-02 15:49:00,2011-10-13 12:21:00,5,770.1,49,Активные повторные
16771,2011-01-05 13:57:00,2011-11-06 13:28:00,5,2234.8100000000004,25,Активные ценные
16773,2011-10-13 14:37:00,2011-10-13 14:37:00,1,171.59,49,Остальные
16774,2011-06-14 12:45:00,2011-10-03 12:41:00,4,661.52,59,Активные повторные
16775,2010-12-07 15:15:00,2011-11-29 15:22:00,11,1695.66,2,Активные ценные
16776,2011-10-10 13:04:00,2011-10-10 13:04:00,1,388.28,52,Остальные
16777,2011-03-27 14:34:00,2011-09-20 13:41:00,2,226.35,72,Остальные
16778,2011-03-10 15:21:00,2011-09-26 13:48:00,2,245.94,66,Остальные
16779,2010-12-08 09:56:00,2011-11-25 09:07:00,20,9672.66,6,Активные ценные
16780,2011-03-25 17:34:00,2011-08-31 16:09:00,2,425.19,92,Давно не покупавшие повторные
16781,2010-12-02 14:26:00,2010-12-02 14:26:00,1,311.25,364,Остальные
16782,2010-12-09 11:28:00,2011-11-29 13:20:00,13,2279.9,2,Активные ценные
16784,2011-11-20 12:20:00,2011-11-20 12:20:00,1,107.6,11,Недавние однократные
16788,2011-03-30 13:05:00,2011-08-08 14:53:00,2,595.8299999999999,115,Давно не покупавшие повторные
16790,2011-11-02 11:23:00,2011-11-23 14:37:00,5,1366.1200000000001,8,Активные повторные
16791,2011-01-11 15:42:00,2011-11-10 19:12:00,7,1709.03,21,Активные ценные
16792,2011-03-02 14:39:00,2011-03-02 14:41:00,2,110.38000000000001,274,Давно не покупавшие повторные
16793,2011-10-13 15:08:00,2011-10-13 15:08:00,1,243.84,49,Остальные
16794,2011-06-12 14:15:00,2011-11-29 12:46:00,9,1120.03,2,Активные повторные
16795,2010-12-09 14:08:00,2010-12-09 14:08:00,1,414.88,357,Остальные
16796,2011-09-11 14:01:00,2011-09-11 14:01:00,1,305.62,81,Остальные
16800,2011-11-28 14:06:00,2011-11-28 14:06:00,1,1201.49,3,Недавние однократные
16801,2011-03-11 13:56:00,2011-06-29 15:33:00,4,1619.73,155,Давно не покупавшие повторные
16803,2011-10-05 14:28:00,2011-10-05 14:28:00,1,332.3,57,Остальные
16804,2011-03-14 15:48:00,2011-11-16 16:43:00,3,536.99,15,Активные повторные
16805,2010-12-14 13:35:00,2011-06-19 11:23:00,2,460.59000000000003,165,Давно не покупавшие повторные
16806,2011-04-14 19:59:00,2011-08-28 15:27:00,4,775.54,95,Давно не покупавшие повторные
16807,2011-03-14 09:46:00,2011-07-20 12:00:00,3,1121.5900000000001,134,Давно не покупавшие повторные
16808,2011-03-10 19:05:00,2011-09-01 19:34:00,2,288.42,91,Давно не покупавшие повторные
16809,2011-03-22 15:20:00,2011-11-16 15:45:00,5,914.69,15,Активные повторные
16810,2011-05-31 15:32:00,2011-05-31 15:32:00,1,309.54,184,Остальные
16811,2011-11-22 17:19:00,2011-11-22 17:19:00,1,314.77,9,Недавние однократные
16812,2010-12-14 12:35:00,2010-12-14 12:35:00,1,479.35,352,Остальные
16813,2011-05-19 13:28:00,2011-10-20 15:20:00,9,1544.44,42,Активные повторные
16814,2010-12-05 11:45:00,2011-11-25 13:27:00,21,6499.2,6,Активные ценные
16816,2010-12-16 17:01:00,2011-08-28 14:16:00,4,417.06,95,Давно не покупавшие повторные
16817,2010-12-06 14:19:00,2011-11-07 12:39:00,8,1387.42,24,Активные повторные
16818,2011-05-18 11:42:00,2011-11-29 10:41:00,11,3349.57,2,Активные ценные
16820,2011-09-05 12:06:00,2011-09-05 12:06:00,1,497.61,87,Остальные
16823,2011-04-26 15:00:00,2011-04-26 15:00:00,1,358.38,219,Остальные
16824,2011-06-28 13:36:00,2011-11-24 12:38:00,2,460.64,7,Остальные
16825,2011-06-07 09:44:00,2011-11-01 11:51:00,2,775.1800000000001,30,Остальные
16826,2011-10-19 14:05:00,2011-10-19 14:05:00,1,341.7,43,Остальные
16828,2011-08-19 13:24:00,2011-08-19 13:24:00,1,113.5,104,Остальные
16829,2011-07-06 10:48:00,2011-07-06 10:48:00,1,197.22,148,Остальные
16830,2011-11-01 11:35:00,2011-11-01 11:35:00,1,325.91,30,Недавние однократные
16832,2011-05-06 14:12:00,2011-06-08 15:36:00,3,199.15,176,Давно не покупавшие повторные
16833,2011-01-09 13:02:00,2011-03-25 08:53:00,3,671.2900000000001,251,Давно не покупавшие повторные
16834,2011-04-26 09:37:00,2011-04-26 09:37:00,1,413.46,219,Остальные
16835,2010-12-01 17:15:00,2011-08-03 13:50:00,2,180.85000000000002,120,Давно не покупавшие повторные
16836,2011-08-15 12:38:00,2011-10-31 10:05:00,2,251.87,31,Остальные
16837,2011-04-08 08:48:00,2011-11-08 14:27:00,11,3170.98,23,Активные ценные
16838,2011-02-24 15:01:00,2011-05-26 13:13:00,2,588.85,189,Давно не покупавшие повторные
16839,2010-12-05 11:15:00,2011-11-17 16:43:00,32,15753.87,14,Активные ценные
16841,2011-02-25 12:40:00,2011-11-03 11:51:00,6,1869.82,28,Активные ценные
16842,2011-02-10 14:51:00,2011-08-31 10:42:00,3,1264.19,92,Давно не покупавшие повторные
16843,2011-01-16 16:10:00,2011-10-28 09:06:00,16,10196.57,34,Активные повторные
16846,2011-10-20 13:55:00,2011-10-20 13:55:00,1,214.32,42,Остальные
16847,2011-10-27 13:29:00,2011-10-27 13:29:00,1,193.44,35,Остальные
16848,2011-10-18 08:42:00,2011-10-18 08:42:00,1,281.42,44,Остальные
16849,2011-06-06 09:16:00,2011-06-06 09:16:00,1,124.57,178,Остальные
16850,2011-01-10 11:09:00,2011-01-10 11:09:00,1,332.41,325,Остальные
16851,2011-10-19 09:48:00,2011-10-28 12:33:00,2,239.45999999999998,34,Остальные
16852,2011-06-16 15:49:00,2011-11-29 13:22:00,2,144.91,2,Остальные
16855,2011-10-27 16:31:00,2011-11-16 12:03:00,2,328.4,15,Остальные
16856,2011-11-25 08:59:00,2011-11-25 08:59:00,1,35.400000000000006,6,Недавние однократные
16858,2010-12-06 09:52:00,2010-12-06 09:52:00,1,375.69,360,Остальные
16859,2011-03-23 13:39:00,2011-07-18 12:19:00,2,747.81,136,Давно не покупавшие повторные
16861,2011-07-04 15:38:00,2011-10-11 09:05:00,2,173.76,51,Остальные
16863,2010-12-08 08:58:00,2011-11-08 15:26:00,2,502.8,23,Остальные
16866,2011-07-01 12:34:00,2011-07-22 10:06:00,3,207.73999999999998,132,Давно не покупавшие повторные
16869,2011-06-17 13:01:00,2011-11-17 12:02:00,4,825.4200000000001,14,Активные повторные
16871,2011-03-14 10:31:00,2011-11-17 19:27:00,6,2812.34,14,Активные ценные
16872,2011-06-08 14:32:00,2011-09-23 16:05:00,3,680.02,69,Остальные
16873,2010-12-10 15:45:00,2011-10-09 12:20:00,5,5268.79,53,Активные повторные
16875,2011-01-04 10:37:00,2011-10-03 13:39:00,5,2095.53,59,Активные повторные
16877,2011-05-15 16:13:00,2011-11-27 13:47:00,6,853.72,4,Активные повторные
16878,2011-09-16 17:39:00,2011-09-16 17:39:00,1,13.3,76,Остальные
16880,2011-06-03 16:45:00,2011-11-09 11:33:00,7,1519.08,22,Активные повторные
16881,2011-10-04 10:33:00,2011-10-04 10:33:00,1,432.0,58,Остальные
16882,2011-01-26 17:43:00,2011-10-04 10:42:00,3,705.12,58,Активные повторные
16883,2010-12-03 10:33:00,2011-06-05 12:51:00,2,276.73,179,Давно не покупавшие повторные
16884,2011-11-02 10:16:00,2011-11-02 11:52:00,2,429.84000000000003,29,Остальные
16885,2010-12-17 17:23:00,2011-11-24 13:40:00,3,471.51,7,Активные повторные
16887,2011-11-04 14:07:00,2011-11-04 14:07:00,1,194.88,27,Недавние однократные
16889,2011-01-07 10:47:00,2011-05-29 11:05:00,3,1578.6699999999998,186,Давно не покупавшие повторные
16891,2010-12-03 11:35:00,2011-11-03 13:50:00,4,693.75,28,Активные повторные
16892,2011-06-09 11:35:00,2011-11-24 13:06:00,3,390.62,7,Активные повторные
16893,2010-12-08 12:06:00,2010-12-08 12:06:00,1,145.93,358,Остальные
16895,2011-10-06 12:15:00,2011-10-06 12:15:00,1,219.14000000000001,56,Остальные
16897,2011-01-30 11:52:00,2011-02-13 15:02:00,2,289.78,291,Давно не покупавшие повторные
16898,2010-12-06 12:23:00,2011-11-13 15:44:00,3,508.80999999999995,18,Активные повторные
16899,2010-12-14 13:11:00,2011-11-20 14:31:00,5,969.98,11,Активные повторные
16900,2011-10-07 13:17:00,2011-11-23 10:32:00,3,882.1600000000001,8,Активные повторные
16902,2011-08-15 14:17:00,2011-08-15 14:17:00,1,1706.88,108,Остальные
16903,2011-11-10 15:32:00,2011-11-10 15:32:00,1,373.24,21,Недавние однократные
16904,2010-12-07 13:29:00,2011-11-10 13:46:00,14,3386.45,21,Активные ценные
16905,2010-12-03 10:43:00,2011-11-20 13:37:00,6,2767.73,11,Активные ценные
16906,2011-04-05 12:30:00,2011-09-19 11:49:00,4,579.77,73,Остальные
16907,2010-12-09 16:52:00,2011-11-10 18:04:00,5,981.65,21,Активные повторные
16909,2011-09-28 16:45:00,2011-09-28 16:45:00,1,379.14,64,Остальные
16910,2011-09-09 14:14:00,2011-11-30 14:33:00,7,1323.26,1,Активные повторные
16912,2011-01-20 15:42:00,2011-11-11 12:18:00,11,2575.38,20,Активные ценные
16913,2011-02-22 12:56:00,2011-02-22 12:56:00,1,113.44,282,Остальные
16914,2011-11-03 15:27:00,2011-11-03 15:27:00,1,208.46,28,Недавние однократные
16915,2011-03-01 09:52:00,2011-11-30 16:39:00,6,621.6800000000001,1,Активные повторные
16916,2010-12-02 13:14:00,2011-11-16 12:08:00,2,576.26,15,Остальные
16917,2011-03-08 11:55:00,2011-03-08 11:55:00,1,391.52,268,Остальные
16918,2011-01-26 17:37:00,2011-10-21 12:50:00,6,1068.8200000000002,41,Активные повторные
16919,2010-12-06 12:52:00,2011-07-06 13:35:00,11,2596.4500000000003,148,Давно не покупавшие повторные
16921,2011-10-09 16:22:00,2011-10-09 16:22:00,1,169.79,53,Остальные
16923,2010-12-12 11:06:00,2011-11-27 13:00:00,19,7247.61,4,Активные ценные
16924,2011-09-16 12:54:00,2011-11-18 12:53:00,3,846.75,13,Активные повторные
16926,2010-12-03 13:42:00,2010-12-03 13:42:00,1,230.25,363,Остальные
16927,2010-12-13 11:57:00,2011-08-16 11:10:00,3,543.05,107,Давно не покупавшие повторные
16928,2010-12-01 15:21:00,2011-09-20 15:10:00,17,2839.65,72,Остальные
16929,2011-07-07 12:39:00,2011-11-22 15:36:00,6,1089.45,9,Активные повторные
16930,2011-10-02 14:25:00,2011-11-13 16:13:00,3,380.55,18,Активные повторные
16931,2010-12-05 11:40:00,2011-11-20 14:43:00,20,4192.78,11,Активные ценные
16932,2011-10-17 14:12:00,2011-10-17 14:12:00,1,161.94,45,Остальные
16933,2011-04-14 13:33:00,2011-04-14 13:33:00,1,224.73,231,Остальные
16934,2011-10-16 12:25:00,2011-10-16 12:40:00,2,950.9300000000001,46,Остальные
16936,2011-11-14 11:04:00,2011-11-14 11:04:00,1,262.68,17,Недавние однократные
16938,2011-02-04 09:34:00,2011-06-13 11:24:00,3,2410.75,171,Давно не покупавшие повторные
16940,2011-02-23 12:27:00,2011-10-18 13:15:00,3,3049.88,44,Активные повторные
16942,2011-04-26 11:59:00,2011-11-27 12:40:00,9,1920.5900000000001,4,Активные ценные
16943,2011-01-25 14:00:00,2011-05-12 11:57:00,3,816.73,203,Давно не покупавшие повторные
16945,2010-12-16 17:49:00,2011-11-18 11:39:00,19,4345.5,13,Активные ценные
16947,2011-04-18 09:38:00,2011-04-18 09:38:00,1,406.48,227,Остальные
16948,2011-01-18 10:58:00,2011-07-24 12:46:00,3,435.02,130,Давно не покупавшие повторные
16949,2011-01-27 12:11:00,2011-10-30 11:55:00,5,1204.23,32,Активные повторные
16950,2010-12-07 15:20:00,2011-10-14 09:06:00,3,1178.56,48,Активные повторные
16951,2011-02-08 14:58:00,2011-07-28 12:05:00,3,1277.75,126,Давно не покупавшие повторные
16952,2011-08-22 12:58:00,2011-08-22 13:03:00,2,167.60999999999999,101,Давно не покупавшие повторные
16953,2011-11-09 15:54:00,2011-11-09 15:54:00,1,20.8,22,Недавние однократные
16954,2010-12-15 10:41:00,2011-11-23 11:42:00,7,1703.96,8,Активные ценные
16955,2010-12-01 13:31:00,2011-06-08 10:36:00,4,518.67,176,Давно не покупавшие повторные
16956,2011-11-22 08:56:00,2011-11-22 08:56:00,1,308.74,9,Недавние однократные
16957,2011-03-03 09:25:00,2011-04-14 13:56:00,2,416.64,231,Давно не покупавшие повторные
16959,2011-09-13 15:03:00,2011-09-13 15:03:00,1,117.35000000000001,79,Остальные
16960,2011-04-01 11:54:00,2011-11-01 11:35:00,3,505.1,30,Активные повторные
16961,2011-08-15 13:46:00,2011-08-15 13:46:00,1,234.17,108,Остальные
16963,2011-06-05 13:48:00,2011-06-05 13:48:00,1,110.55000000000001,179,Остальные
16965,2011-04-27 12:08:00,2011-04-27 12:08:00,1,192.07,218,Остальные
16966,2011-04-13 14:17:00,2011-11-24 09:13:00,6,1769.17,7,Активные ценные
16967,2011-06-03 14:24:00,2011-06-03 14:24:00,1,319.02,181,Остальные
16968,2011-08-24 10:51:00,2011-08-24 10:51:00,1,253.31,99,Остальные
16969,2011-06-01 12:10:00,2011-10-31 13:12:00,3,650.41,31,Активные повторные
16971,2011-11-01 15:06:00,2011-11-01 15:06:00,1,357.21,30,Недавние однократные
16976,2011-03-17 16:33:00,2011-03-17 16:33:00,1,251.51999999999998,259,Остальные
16978,2011-09-23 12:50:00,2011-09-23 12:50:00,1,344.33,69,Остальные
16979,2011-02-15 09:20:00,2011-11-22 13:20:00,5,1620.26,9,Активные ценные
16980,2011-02-21 12:58:00,2011-03-29 16:36:00,2,1078.96,247,Давно не покупавшие повторные
16982,2011-10-10 12:28:00,2011-10-10 12:28:00,1,384.06,52,Остальные
16983,2010-12-05 12:34:00,2011-11-27 12:10:00,7,1931.25,4,Активные ценные
16984,2011-08-01 17:37:00,2011-09-12 13:43:00,2,4481.35,80,Остальные
16985,2010-12-16 10:38:00,2011-11-22 13:33:00,10,5464.12,9,Активные ценные
16986,2011-11-09 15:52:00,2011-11-10 11:55:00,2,1873.2,21,Остальные
16987,2011-05-18 15:55:00,2011-10-28 17:26:00,6,1393.1200000000001,34,Активные повторные
16989,2011-07-12 09:11:00,2011-11-24 17:32:00,5,1093.65,7,Активные повторные
16990,2011-05-05 08:30:00,2011-05-05 08:30:00,1,179.0,210,Остальные
16992,2011-02-28 10:37:00,2011-11-29 11:50:00,5,1614.31,2,Активные ценные
16996,2010-12-21 13:22:00,2011-11-09 16:43:00,6,1456.96,22,Активные повторные
16997,2011-01-18 11:51:00,2011-02-24 17:28:00,3,702.0,280,Давно не покупавшие повторные
16998,2011-02-08 15:42:00,2011-07-13 09:44:00,4,295.0,141,Давно не покупавшие повторные
16999,2011-09-26 15:43:00,2011-11-16 13:53:00,2,484.82000000000005,15,Остальные
17001,2010-12-16 09:35:00,2011-11-17 15:24:00,10,3581.89,14,Активные ценные
17002,2011-02-22 11:46:00,2011-09-15 12:40:00,3,1493.73,77,Остальные
17004,2011-09-08 12:16:00,2011-10-24 14:25:00,2,1412.94,38,Остальные
17006,2011-09-25 12:15:00,2011-11-21 13:44:00,3,534.72,10,Активные повторные
17007,2010-12-17 13:57:00,2011-10-20 10:47:00,6,889.9300000000001,42,Активные повторные
17010,2011-11-21 14:49:00,2011-11-21 14:49:00,1,195.36,10,Недавние однократные
17011,2011-11-09 13:30:00,2011-11-09 13:30:00,1,270.9,22,Недавние однократные
17014,2011-10-04 11:36:00,2011-11-07 14:51:00,2,355.06,24,Остальные
17015,2011-06-07 13:19:00,2011-11-11 10:45:00,3,1842.56,20,Активные ценные
17017,2010-12-02 10:17:00,2011-11-30 09:18:00,19,8063.66,1,Активные ценные
17018,2011-01-18 08:46:00,2011-10-30 11:42:00,2,920.1,32,Остальные
17019,2010-12-06 12:55:00,2011-11-28 13:06:00,4,1272.61,3,Активные повторные
17022,2011-11-08 17:09:00,2011-11-08 17:09:00,1,71.0,23,Недавние однократные
17024,2011-07-05 09:31:00,2011-10-25 13:47:00,3,95.85,37,Активные повторные
17025,2010-12-01 15:45:00,2011-10-10 09:06:00,3,357.77,52,Активные повторные
17026,2010-12-05 12:47:00,2011-06-07 14:28:00,2,154.82999999999998,177,Давно не покупавшие повторные
17027,2011-01-26 14:19:00,2011-09-22 12:24:00,6,890.29,70,Остальные
17029,2011-04-17 10:57:00,2011-08-21 11:06:00,2,716.0,102,Давно не покупавшие повторные
17030,2011-10-07 08:49:00,2011-10-07 08:49:00,1,146.87,55,Остальные
17031,2011-07-08 09:38:00,2011-11-28 10:23:00,2,380.35,3,Остальные
17033,2010-12-15 13:21:00,2011-09-14 14:34:00,3,1030.1399999999999,78,Остальные
17034,2011-02-25 10:10:00,2011-11-23 15:14:00,3,745.52,8,Активные повторные
17035,2011-02-01 12:27:00,2011-04-08 11:23:00,2,433.53,237,Давно не покупавшие повторные
17037,2011-09-13 12:49:00,2011-09-13 12:49:00,1,1267.32,79,Остальные
17038,2011-11-09 13:50:00,2011-11-09 13:50:00,1,112.4,22,Недавние однократные
17040,2011-07-25 10:19:00,2011-07-25 10:19:00,1,449.73,129,Остальные
17041,2010-12-14 11:43:00,2011-11-13 11:21:00,3,1081.57,18,Активные повторные
17042,2011-04-06 14:53:00,2011-08-10 13:19:00,4,922.8199999999999,113,Давно не покупавшие повторные
17043,2011-03-18 14:53:00,2011-11-07 15:33:00,4,1735.18,24,Активные ценные
17044,2011-11-14 14:28:00,2011-11-14 14:28:00,1,948.48,17,Недавние однократные
17045,2011-04-06 12:08:00,2011-08-18 17:09:00,3,339.44,105,Давно не покупавшие повторные
17046,2011-07-05 14:24:00,2011-07-05 14:24:00,1,642.02,149,Остальные
17047,2011-05-18 16:50:00,2011-09-15 13:27:00,3,1100.9,77,Остальные
17048,2011-01-12 16:51:00,2011-08-14 11:49:00,3,925.35,109,Давно не покупавшие повторные
17049,2011-03-09 08:33:00,2011-11-18 13:18:00,8,5263.9800000000005,13,Активные ценные
17050,2011-02-13 12:41:00,2011-09-04 13:48:00,6,3228.84,88,Остальные
17051,2011-05-29 14:13:00,2011-05-29 14:13:00,1,247.14,186,Остальные
17052,2011-11-11 14:50:00,2011-11-11 14:50:00,1,413.75,20,Недавние однократные
17053,2011-08-01 10:23:00,2011-08-01 10:23:00,1,498.48,122,Остальные
17054,2011-04-08 13:14:00,2011-11-11 12:56:00,5,1356.33,20,Активные повторные
17058,2011-04-14 09:18:00,2011-09-19 10:13:00,3,1179.89,73,Остальные
17059,2010-12-05 12:35:00,2011-11-10 12:27:00,5,3095.04,21,Активные ценные
17060,2011-03-18 13:27:00,2011-03-18 13:27:00,1,234.24,258,Остальные
17061,2011-04-21 13:29:00,2011-09-27 11:24:00,11,5232.2300000000005,65,Остальные
17062,2010-12-05 11:59:00,2011-01-30 11:01:00,4,533.33,305,Давно не покупавшие повторные
17063,2011-02-23 13:44:00,2011-11-18 16:19:00,7,1461.1399999999999,13,Активные повторные
17064,2011-01-16 16:10:00,2011-10-12 10:18:00,3,859.3500000000001,50,Активные повторные
17068,2010-12-06 13:58:00,2011-11-27 13:14:00,21,4545.89,4,Активные ценные
17069,2010-12-01 16:49:00,2011-11-11 17:13:00,9,2709.7,20,Активные ценные
17070,2011-08-17 17:01:00,2011-08-17 17:01:00,1,312.14,106,Остальные
17071,2011-02-03 08:18:00,2011-11-11 16:31:00,9,2429.03,20,Активные ценные
17073,2011-08-22 14:37:00,2011-11-22 11:47:00,4,1444.8400000000001,9,Активные повторные
17075,2011-01-26 13:20:00,2011-11-22 11:58:00,4,834.12,9,Активные повторные
17076,2010-12-10 10:08:00,2011-11-03 17:53:00,3,841.0799999999999,28,Активные повторные
17078,2011-11-03 18:49:00,2011-11-03 19:17:00,2,375.86,28,Остальные
17079,2011-09-22 15:34:00,2011-09-22 15:34:00,1,118.80000000000001,70,Остальные
17080,2011-03-15 12:05:00,2011-11-17 12:59:00,2,287.62,14,Остальные
17081,2011-10-24 13:08:00,2011-11-14 12:56:00,2,290.15999999999997,17,Остальные
17082,2011-01-25 14:36:00,2011-11-06 15:17:00,2,2003.8500000000001,25,Остальные
17083,2011-02-09 11:38:00,2011-08-22 15:43:00,3,1405.78,101,Давно не покупавшие повторные
17084,2011-11-04 14:49:00,2011-11-04 14:54:00,2,2949.75,27,Остальные
17085,2010-12-12 12:24:00,2011-08-08 14:15:00,5,1566.65,115,Давно не покупавшие повторные
17086,2011-10-07 11:22:00,2011-11-15 13:07:00,5,1590.22,16,Активные ценные
17088,2011-03-31 09:48:00,2011-11-11 14:23:00,4,1991.01,20,Активные ценные
17090,2010-12-20 13:52:00,2011-10-18 12:59:00,6,1819.91,44,Активные повторные
17091,2010-12-07 09:55:00,2011-11-08 10:17:00,8,3376.96,23,Активные ценные
17092,2011-03-07 14:51:00,2011-10-20 19:51:00,4,1777.78,42,Активные повторные
17094,2011-01-21 13:09:00,2011-01-21 13:09:00,1,302.0,314,Остальные
17095,2011-01-09 11:05:00,2011-11-17 12:21:00,3,1324.16,14,Активные повторные
17096,2011-03-23 12:05:00,2011-11-24 15:01:00,4,1022.13,7,Активные повторные
17097,2010-12-09 14:55:00,2011-11-29 16:23:00,7,810.27,2,Активные повторные
17100,2011-11-21 16:36:00,2011-11-21 16:36:00,2,971.74,10,Остальные
17101,2011-06-14 14:49:00,2011-11-29 13:57:00,4,1621.73,2,Активные ценные
17102,2011-03-23 10:08:00,2011-03-23 10:08:00,1,25.5,253,Остальные
17105,2011-02-06 14:46:00,2011-07-03 15:53:00,2,665.78,151,Давно не покупавшие повторные
17107,2011-03-06 15:17:00,2011-11-06 14:14:00,6,10815.43,25,Активные ценные
17109,2011-04-21 15:46:00,2011-11-10 16:59:00,6,885.04,21,Активные повторные
17110,2011-06-27 12:58:00,2011-06-27 12:58:00,1,163.29999999999998,157,Остальные
17111,2011-10-23 15:59:00,2011-10-23 15:59:00,1,248.61,39,Остальные
17114,2011-01-09 11:39:00,2011-11-06 13:37:00,7,717.73,25,Активные повторные
17115,2011-04-20 14:46:00,2011-06-10 08:54:00,2,612.8199999999999,174,Давно не покупавшие повторные
17117,2011-02-24 13:54:00,2011-02-24 13:54:00,1,116.19999999999999,280,Остальные
17118,2011-01-26 12:19:00,2011-01-26 12:19:00,1,157.02,309,Остальные
17119,2011-10-11 11:03:00,2011-10-11 11:03:00,1,547.25,51,Остальные
17120,2011-04-20 15:21:00,2011-04-20 15:21:00,1,307.46,225,Остальные
17122,2011-08-12 14:33:00,2011-08-12 14:33:00,1,138.32,111,Остальные
17123,2011-07-01 10:47:00,2011-07-01 10:47:00,1,345.3,153,Остальные
17124,2011-06-07 14:02:00,2011-06-07 14:02:00,1,298.89,177,Остальные
17125,2011-10-20 14:41:00,2011-10-20 14:41:00,1,259.35,42,Остальные
17126,2010-12-12 11:26:00,2011-07-10 13:52:00,5,1004.75,144,Давно не покупавшие повторные
17128,2011-01-09 12:02:00,2011-01-09 12:02:00,1,157.09,326,Остальные
17131,2011-09-25 12:42:00,2011-11-06 15:43:00,4,1395.84,25,Активные повторные
17133,2011-03-18 13:47:00,2011-11-24 12:27:00,7,4892.240000000001,7,Активные ценные
17134,2011-03-20 11:56:00,2011-08-25 09:53:00,2,425.0,98,Давно не покупавшие повторные
17135,2010-12-03 09:31:00,2011-11-23 16:48:00,7,1139.73,8,Активные повторные
17138,2011-03-09 11:54:00,2011-03-09 11:54:00,1,380.5,267,Остальные
17139,2011-02-24 09:32:00,2011-11-24 10:12:00,12,10668.47,7,Активные ценные
17140,2011-04-06 13:33:00,2011-04-06 13:33:00,1,465.32,239,Остальные
17142,2011-04-14 18:22:00,2011-04-14 18:22:00,1,579.0,231,Остальные
17144,2011-09-16 12:50:00,2011-09-16 12:50:00,1,595.89,76,Остальные
17146,2010-12-16 12:20:00,2011-08-26 12:44:00,3,749.78,97,Давно не покупавшие повторные
17147,2011-02-01 09:36:00,2011-11-17 12:32:00,4,1714.5900000000001,14,Активные ценные
17148,2011-10-19 09:59:00,2011-10-19 09:59:00,1,124.88,43,Остальные
17152,2011-03-21 16:20:00,2011-05-29 12:19:00,3,1689.5,186,Давно не покупавшие повторные
17153,2011-11-15 13:42:00,2011-11-15 13:42:00,1,213.78,16,Недавние однократные
17154,2011-09-25 13:42:00,2011-09-25 13:42:00,1,329.34,67,Остальные
17155,2011-06-15 10:22:00,2011-11-22 12:38:00,2,251.7,9,Остальные
17157,2011-06-16 15:08:00,2011-06-16 15:08:00,1,161.46,168,Остальные
17158,2010-12-14 13:03:00,2011-11-07 15:15:00,3,1266.97,24,Активные повторные
17159,2011-06-21 09:49:00,2011-11-18 10:52:00,3,1538.88,13,Активные повторные
17160,2011-04-12 12:00:00,2011-11-08 14:05:00,6,3518.03,23,Активные ценные
17162,2011-02-07 12:27:00,2011-11-11 11:34:00,10,1715.46,20,Активные ценные
17163,2011-09-22 15:54:00,2011-11-18 08:57:00,2,293.1,13,Остальные
17164,2011-03-11 14:26:00,2011-11-07 09:14:00,7,2467.35,24,Активные ценные
17165,2011-02-28 16:39:00,2011-02-28 16:39:00,1,158.68,276,Остальные
17166,2011-05-20 08:18:00,2011-11-01 09:46:00,2,206.34,30,Остальные
17169,2011-06-09 13:16:00,2011-10-13 10:25:00,2,835.78,49,Остальные
17171,2011-02-23 16:37:00,2011-02-23 16:37:00,1,224.91,281,Остальные
17172,2011-09-22 09:36:00,2011-09-22 09:36:00,1,317.76,70,Остальные
17173,2011-07-31 15:26:00,2011-11-29 14:38:00,7,3209.4,2,Активные ценные
17174,2011-05-06 11:47:00,2011-05-06 11:47:00,1,59.9,209,Остальные
17175,2011-02-16 14:56:00,2011-10-26 15:31:00,4,1443.69,36,Активные повторные
17176,2011-05-22 12:41:00,2011-05-22 12:41:00,1,306.13,193,Остальные
17179,2010-12-13 14:24:00,2011-06-14 16:48:00,3,711.79,170,Давно не покупавшие повторные
17180,2011-01-27 18:05:00,2011-10-14 15:46:00,4,796.03,48,Активные повторные
17181,2010-12-01 12:38:00,2011-10-13 14:48:00,2,239.92000000000002,49,Остальные
17183,2011-08-26 15:25:00,2011-11-17 14:41:00,5,2633.53,14,Активные ценные
17186,2011-10-10 12:52:00,2011-10-24 10:20:00,2,144.0,38,Остальные
17187,2011-04-27 12:39:00,2011-04-27 12:39:00,1,203.95,218,Остальные
17188,2010-12-12 12:56:00,2011-11-28 13:53:00,7,2474.23,3,Активные ценные
17189,2010-12-15 17:28:00,2011-08-25 19:39:00,2,384.4,98,Давно не покупавшие повторные
17190,2011-05-16 15:29:00,2011-10-12 11:33:00,2,444.74,50,Остальные
17191,2010-12-06 14:36:00,2011-11-11 16:58:00,7,2095.13,20,Активные ценные
17193,2011-06-16 10:04:00,2011-11-04 12:47:00,7,1699.3,27,Активные ценные
17194,2010-12-14 12:06:00,2010-12-14 12:06:00,1,226.78,352,Остальные
17197,2011-11-10 10:32:00,2011-11-10 10:32:00,1,1013.01,21,Недавние однократные
17198,2010-12-03 14:54:00,2011-11-16 10:39:00,3,692.22,15,Активные повторные
17201,2011-10-17 11:55:00,2011-10-17 11:55:00,1,342.63,45,Остальные
17203,2011-10-10 14:37:00,2011-11-04 12:27:00,6,3563.85,27,Активные ценные
17204,2011-03-21 12:42:00,2011-06-17 14:46:00,4,1564.5600000000002,167,Давно не покупавшие повторные
17205,2011-10-17 12:46:00,2011-10-17 12:46:00,1,384.08,45,Остальные
17206,2011-10-17 13:25:00,2011-10-17 13:25:00,1,204.24,45,Остальные
17211,2010-12-05 12:44:00,2011-11-13 12:03:00,8,2317.2200000000003,18,Активные ценные
17212,2011-03-31 19:42:00,2011-03-31 19:42:00,1,226.85,245,Остальные
17213,2010-12-08 13:03:00,2011-10-30 14:53:00,7,2781.23,32,Активные повторные
17214,2010-12-15 15:14:00,2011-10-10 13:17:00,6,1069.12,52,Активные повторные
17217,2011-04-19 17:19:00,2011-04-19 17:19:00,1,113.5,226,Остальные
17218,2010-12-06 15:25:00,2011-11-28 13:27:00,9,1852.03,3,Активные ценные
17219,2011-11-08 11:25:00,2011-11-08 11:25:00,1,114.23,23,Недавние однократные
17220,2010-12-10 14:54:00,2011-11-15 13:47:00,14,3198.25,16,Активные ценные
17221,2011-11-03 17:39:00,2011-11-03 17:39:00,1,132.28,28,Недавние однократные
17222,2011-10-05 13:58:00,2011-10-05 13:58:00,1,354.15,57,Остальные
17223,2010-12-06 14:08:00,2011-02-02 15:57:00,2,391.78999999999996,302,Давно не покупавшие повторные
17226,2011-02-04 11:52:00,2011-02-04 11:52:00,1,393.49,300,Остальные
17227,2010-12-06 11:16:00,2011-11-21 10:51:00,6,939.3199999999999,10,Активные повторные
17228,2010-12-02 16:00:00,2011-11-24 10:24:00,8,1906.09,7,Активные ценные
17229,2011-07-20 12:38:00,2011-09-04 13:56:00,2,318.76,88,Остальные
17230,2010-12-15 11:22:00,2011-03-20 16:12:00,8,3638.41,256,Давно не покупавшие повторные
17231,2010-12-13 14:16:00,2011-11-27 15:18:00,10,3174.3199999999997,4,Активные ценные
17232,2011-11-25 12:24:00,2011-11-25 12:24:00,1,208.04,6,Недавние однократные
17233,2011-11-04 14:06:00,2011-11-04 14:06:00,1,190.88,27,Недавние однократные
17234,2011-06-10 11:20:00,2011-06-10 11:20:00,1,149.89,174,Остальные
17235,2010-12-02 13:38:00,2011-11-14 15:51:00,2,550.06,17,Остальные
17236,2010-12-12 11:49:00,2011-11-27 12:00:00,6,916.13,4,Активные повторные
17237,2011-11-17 12:55:00,2011-11-28 15:02:00,2,314.69,3,Остальные
17238,2010-12-03 15:05:00,2011-11-22 12:09:00,15,3104.1800000000003,9,Активные ценные
17239,2011-01-31 09:41:00,2011-01-31 09:41:00,1,382.5,304,Остальные
17242,2011-06-12 13:04:00,2011-08-23 14:55:00,2,1135.04,100,Давно не покупавшие повторные
17243,2010-12-05 10:03:00,2011-11-25 12:29:00,24,7732.87,6,Активные ценные
17244,2011-10-17 15:19:00,2011-10-17 15:19:00,1,954.9,45,Остальные
17245,2011-05-19 10:43:00,2011-05-19 10:43:00,1,171.45,196,Остальные
17247,2011-11-24 15:21:00,2011-11-24 15:21:00,1,282.19,7,Недавние однократные
17248,2011-08-11 13:34:00,2011-08-11 13:34:00,1,318.65,112,Остальные
17250,2011-03-23 16:45:00,2011-03-23 16:45:00,1,162.65,253,Остальные
17251,2010-12-12 11:06:00,2010-12-12 11:06:00,1,283.28000000000003,354,Остальные
17252,2011-06-06 16:41:00,2011-08-15 09:45:00,2,353.85999999999996,108,Давно не покупавшие повторные
17253,2011-11-21 12:59:00,2011-11-21 12:59:00,1,178.26,10,Недавние однократные
17254,2011-11-24 14:09:00,2011-11-24 14:09:00,1,170.31,7,Недавние однократные
17255,2011-02-13 15:18:00,2011-10-30 12:18:00,2,298.40999999999997,32,Остальные
17256,2011-01-31 14:53:00,2011-08-24 13:30:00,2,240.0,99,Давно не покупавшие повторные
17259,2010-12-06 12:55:00,2011-07-14 15:01:00,2,603.37,140,Давно не покупавшие повторные
17262,2010-12-08 13:30:00,2011-10-18 12:56:00,5,1253.3600000000001,44,Активные повторные
17263,2011-05-15 14:32:00,2011-05-15 14:32:00,1,63.44,200,Остальные
17265,2011-06-12 12:00:00,2011-07-24 10:49:00,2,562.9000000000001,130,Давно не покупавшие повторные
17266,2011-07-15 11:57:00,2011-07-15 11:57:00,1,113.06,139,Остальные
17267,2011-08-04 17:19:00,2011-08-04 17:22:00,2,317.62,119,Давно не покупавшие повторные
17268,2011-04-08 13:20:00,2011-08-24 10:06:00,4,763.64,99,Давно не покупавшие повторные
17272,2011-03-22 12:05:00,2011-10-28 16:37:00,4,2148.63,34,Активные повторные
17274,2011-11-04 13:16:00,2011-11-04 13:16:00,1,111.98,27,Недавние однократные
17277,2011-01-21 12:37:00,2011-04-26 12:47:00,2,1065.35,219,Давно не покупавшие повторные
17278,2011-04-12 13:10:00,2011-04-12 13:10:00,1,246.04,233,Остальные
17279,2011-10-13 11:58:00,2011-10-13 11:58:00,1,187.83,49,Остальные
17282,2011-02-13 11:36:00,2011-08-01 14:29:00,3,1703.41,122,Давно не покупавшие повторные
17284,2011-01-07 14:31:00,2011-10-10 14:38:00,6,1652.58,52,Активные повторные
17286,2011-11-18 12:47:00,2011-11-18 12:47:00,1,153.92,13,Недавние однократные
17287,2010-12-02 12:22:00,2011-11-13 13:27:00,7,1064.11,18,Активные повторные
17288,2010-12-16 13:33:00,2011-11-30 16:09:00,7,1419.73,1,Активные повторные
17289,2011-06-12 13:51:00,2011-11-08 12:01:00,3,944.4100000000001,23,Активные повторные
17290,2011-11-23 15:53:00,2011-11-23 15:53:00,1,353.03,8,Недавние однократные
17291,2011-02-04 13:04:00,2011-02-04 13:04:00,1,550.8000000000001,300,Остальные
17293,2010-12-13 14:55:00,2011-11-09 13:46:00,8,1680.98,22,Активные ценные
17295,2011-10-06 12:22:00,2011-11-11 10:49:00,3,556.95,20,Активные повторные
17297,2011-11-22 14:43:00,2011-11-22 14:43:00,1,131.78,9,Недавние однократные
17298,2011-08-07 12:21:00,2011-08-30 16:43:00,2,498.42,93,Давно не покупавшие повторные
17299,2011-06-19 16:04:00,2011-11-28 12:01:00,4,669.11,3,Активные повторные
17301,2011-11-18 13:43:00,2011-11-18 13:43:00,1,197.63,13,Недавние однократные
17302,2011-02-07 10:14:00,2011-11-25 09:36:00,5,1135.63,6,Активные повторные
17303,2010-12-13 13:32:00,2010-12-13 13:32:00,1,250.04,353,Остальные
17306,2010-12-21 13:34:00,2011-11-29 12:14:00,19,8631.31,2,Активные ценные
17309,2011-09-05 15:20:00,2011-09-05 15:20:00,1,82.75,87,Остальные
17311,2011-01-27 10:56:00,2011-09-22 14:11:00,2,1384.85,70,Остальные
17312,2011-07-03 13:12:00,2011-07-24 11:52:00,3,644.3,130,Давно не покупавшие повторные
17313,2011-11-08 15:45:00,2011-11-08 15:45:00,1,2328.84,23,Недавние однократные
17314,2011-01-31 11:25:00,2011-11-15 09:41:00,8,2527.92,16,Активные ценные
17315,2010-12-17 12:24:00,2011-11-22 10:20:00,35,6062.0,9,Активные ценные
17317,2011-09-11 12:45:00,2011-10-24 17:19:00,3,2600.34,38,Активные повторные
17320,2010-12-06 15:38:00,2011-08-31 13:31:00,3,1200.62,92,Давно не покупавшие повторные
17321,2011-10-03 11:34:00,2011-10-03 11:34:00,1,659.61,59,Остальные
17323,2011-02-20 14:38:00,2011-11-24 17:29:00,7,917.67,7,Активные повторные
17324,2010-12-08 12:45:00,2011-11-22 10:34:00,4,990.2299999999999,9,Активные повторные
17325,2011-03-04 13:09:00,2011-03-04 13:09:00,1,96.8,272,Остальные
17329,2011-01-28 15:29:00,2011-11-25 14:24:00,2,523.11,6,Остальные
17330,2011-10-03 11:26:00,2011-11-17 08:56:00,2,363.9,14,Остальные
17331,2011-08-08 11:55:00,2011-08-08 11:55:00,1,175.2,115,Остальные
17333,2011-09-15 10:11:00,2011-09-15 10:11:00,1,494.25,77,Остальные
17334,2011-02-04 09:03:00,2011-02-10 14:59:00,2,307.02,294,Давно не покупавшие повторные
17337,2011-02-02 17:06:00,2011-07-11 14:55:00,4,2026.42,143,Давно не покупавшие повторные
17338,2010-12-13 12:57:00,2011-11-22 14:23:00,8,6635.14,9,Активные ценные
17339,2010-12-09 14:44:00,2011-09-06 13:29:00,2,243.36,86,Остальные
17340,2010-12-08 15:56:00,2011-11-10 10:45:00,11,12353.29,21,Активные ценные
17341,2010-12-08 12:46:00,2011-07-06 12:33:00,3,781.36,148,Давно не покупавшие повторные
17343,2010-12-19 15:07:00,2010-12-19 15:07:00,1,193.64,347,Остальные
17344,2011-10-24 12:56:00,2011-10-24 12:56:00,1,160.57,38,Остальные
17345,2011-05-27 12:26:00,2011-11-24 15:02:00,4,537.74,7,Активные повторные
17346,2010-12-01 14:34:00,2011-11-28 11:54:00,14,2539.4700000000003,3,Активные ценные
17347,2011-09-14 13:12:00,2011-09-14 13:12:00,1,228.96,78,Остальные
17348,2011-02-15 10:49:00,2011-11-25 11:25:00,5,1159.52,6,Активные повторные
17349,2011-06-13 14:29:00,2011-06-13 14:29:00,1,110.75,171,Остальные
17350,2011-10-19 16:05:00,2011-10-25 12:06:00,2,891.09,37,Остальные
17351,2011-03-11 16:05:00,2011-11-03 18:45:00,3,587.15,28,Активные повторные
17353,2011-07-08 16:17:00,2011-08-02 17:19:00,2,1740.0,121,Давно не покупавшие повторные
17354,2011-10-20 10:34:00,2011-10-20 10:34:00,1,1393.06,42,Остальные
17356,2011-02-01 11:07:00,2011-02-01 11:07:00,1,178.22,303,Остальные
17357,2011-11-15 16:29:00,2011-11-15 16:30:00,2,388.14,16,Остальные
17358,2010-12-19 14:16:00,2011-02-09 16:57:00,2,365.85,295,Давно не покупавшие повторные
17359,2011-11-28 14:37:00,2011-11-28 14:37:00,1,127.86,3,Недавние однократные
17360,2011-06-08 17:09:00,2011-11-22 13:11:00,3,585.79,9,Активные повторные
17361,2011-02-21 09:55:00,2011-10-21 15:43:00,3,488.2,41,Активные повторные
17362,2011-02-03 10:26:00,2011-04-14 14:43:00,2,312.23,231,Давно не покупавшие повторные
17364,2011-01-12 16:57:00,2011-11-24 14:40:00,8,3788.67,7,Активные ценные
17365,2011-01-11 12:11:00,2011-11-27 12:13:00,8,4796.52,4,Активные ценные
17367,2011-04-15 14:21:00,2011-04-15 14:21:00,1,168.4,230,Остальные
17368,2011-01-06 11:57:00,2011-11-16 15:26:00,8,1912.6699999999998,15,Активные ценные
17370,2011-06-23 11:50:00,2011-09-28 10:14:00,4,446.18,64,Остальные
17371,2010-12-13 15:20:00,2011-11-22 13:30:00,3,423.89,9,Активные повторные
17372,2010-12-12 12:00:00,2011-10-30 11:37:00,8,1342.68,32,Активные повторные
17373,2011-01-31 11:46:00,2011-10-30 15:28:00,4,646.9200000000001,32,Активные повторные
17374,2011-03-03 12:53:00,2011-05-05 09:05:00,2,495.77,210,Давно не покупавшие повторные
17375,2010-12-13 15:16:00,2011-05-24 15:45:00,3,400.1,191,Давно не покупавшие повторные
17376,2011-02-01 14:12:00,2011-09-30 12:36:00,2,203.2,62,Остальные
17377,2010-12-01 12:35:00,2011-11-16 11:17:00,20,4100.92,15,Активные ценные
17379,2011-11-28 13:56:00,2011-11-28 13:56:00,1,404.66,3,Недавние однократные
17381,2010-12-02 12:58:00,2011-11-15 15:49:00,28,19967.45,16,Активные ценные
17382,2011-10-05 13:05:00,2011-10-05 13:05:00,1,65.4,57,Остальные
17384,2011-05-04 16:07:00,2011-11-20 15:48:00,2,336.4,11,Остальные
17385,2011-11-25 11:02:00,2011-11-25 11:02:00,1,261.11,6,Недавние однократные
17386,2011-06-27 12:11:00,2011-09-01 13:47:00,5,1697.3400000000001,91,Давно не покупавшие повторные
17387,2011-11-06 11:25:00,2011-11-20 11:00:00,2,784.11,11,Остальные
17388,2011-02-25 12:28:00,2011-09-23 10:31:00,4,1259.56,69,Остальные
17389,2011-01-12 15:48:00,2011-11-25 13:59:00,31,25956.9,6,Активные ценные
17391,2011-06-28 12:21:00,2011-06-29 09:58:00,2,508.8,155,Давно не покупавшие повторные
17392,2010-12-16 19:04:00,2011-02-06 12:48:00,2,451.91,298,Давно не покупавшие повторные
17394,2011-05-04 13:22:00,2011-05-04 13:22:00,1,203.86999999999998,211,Остальные
17396,2010-12-03 09:45:00,2011-10-31 14:12:00,7,7312.799999999999,31,Активные повторные
17397,2011-11-17 13:58:00,2011-11-17 14:08:00,2,696.41,14,Остальные
17398,2011-03-29 13:04:00,2011-08-17 09:48:00,3,653.38,106,Давно не покупавшие повторные
17400,2010-12-21 17:16:00,2011-08-05 15:38:00,5,2129.96,118,Давно не покупавшие повторные
17402,2010-12-05 13:53:00,2011-11-09 13:12:00,11,2312.0499999999997,22,Активные ценные
17403,2011-11-03 15:18:00,2011-11-03 15:18:00,1,281.62,28,Недавние однократные
17404,2010-12-14 13:28:00,2011-11-14 08:22:00,12,31543.82,17,Активные ценные
17405,2011-07-12 14:17:00,2011-09-28 10:27:00,2,883.01,64,Остальные
17406,2010-12-08 10:35:00,2011-01-10 15:07:00,3,2200.42,325,Давно не покупавшие повторные
17408,2011-06-29 12:53:00,2011-06-29 12:53:00,1,32.65,155,Остальные
17409,2011-04-05 16:42:00,2011-06-08 10:36:00,2,771.85,176,Давно не покупавшие повторные
17410,2011-05-08 15:21:00,2011-11-23 15:46:00,5,1214.72,8,Активные повторные
17411,2011-03-23 13:44:00,2011-11-27 14:25:00,3,778.94,4,Активные повторные
17412,2010-12-02 16:29:00,2011-11-16 12:21:00,6,1071.66,15,Активные повторные
17414,2011-06-08 11:43:00,2011-10-27 12:13:00,2,778.0,35,Остальные
17415,2011-09-21 12:50:00,2011-09-21 12:50:00,1,507.84,71,Остальные
17416,2011-03-03 13:45:00,2011-11-10 12:47:00,7,6893.42,21,Активные ценные
17418,2011-01-20 11:39:00,2011-10-28 13:00:00,2,463.46,34,Остальные
17419,2010-12-07 15:03:00,2011-11-28 13:47:00,12,4226.57,3,Активные ценные
17420,2010-12-01 09:56:00,2011-10-20 14:52:00,3,598.83,42,Активные повторные
17422,2011-02-16 14:44:00,2011-11-23 13:27:00,6,1979.37,8,Активные ценные
17423,2011-05-06 09:14:00,2011-10-24 13:36:00,2,698.4100000000001,38,Остальные
17425,2011-10-10 11:37:00,2011-11-20 15:30:00,2,759.1700000000001,11,Остальные
17426,2011-03-02 16:34:00,2011-09-09 15:51:00,4,4280.59,83,Остальные
17427,2011-09-29 11:29:00,2011-09-29 11:29:00,1,100.8,63,Остальные
17428,2010-12-06 09:37:00,2011-11-17 13:46:00,27,16841.25,14,Активные ценные
17429,2011-05-05 09:53:00,2011-08-03 13:22:00,3,524.9200000000001,120,Давно не покупавшие повторные
17430,2010-12-09 13:05:00,2011-11-07 09:24:00,2,265.76,24,Остальные
17431,2011-01-30 14:36:00,2011-01-30 14:36:00,1,403.3,305,Остальные
17432,2011-11-02 17:30:00,2011-11-21 17:33:00,2,365.76,10,Остальные
17433,2011-09-12 14:24:00,2011-09-12 14:24:00,1,303.16,80,Остальные
17434,2011-09-15 13:54:00,2011-11-30 15:58:00,6,2052.48,1,Активные ценные
17436,2011-04-27 11:33:00,2011-04-27 11:33:00,1,122.39999999999999,218,Остальные
17438,2011-03-31 10:26:00,2011-03-31 10:26:00,1,388.45000000000005,245,Остальные
17440,2011-04-06 12:05:00,2011-07-06 11:54:00,3,186.42,148,Давно не покупавшие повторные
17442,2011-02-22 13:02:00,2011-11-03 09:17:00,6,2248.56,28,Активные ценные
17443,2011-05-04 10:47:00,2011-05-04 10:47:00,1,534.24,211,Остальные
17444,2011-06-20 09:04:00,2011-07-11 10:33:00,2,2389.1,143,Давно не покупавшие повторные
17446,2011-02-02 14:40:00,2011-06-16 10:42:00,2,120.9,168,Давно не покупавшие повторные
17447,2011-09-29 10:10:00,2011-10-30 14:18:00,2,541.53,32,Остальные
17449,2010-12-15 10:57:00,2011-10-25 17:22:00,6,2092.17,37,Активные повторные
17450,2010-12-07 09:23:00,2011-11-29 09:56:00,45,192988.38999999998,2,Активные ценные
17451,2011-08-26 11:54:00,2011-11-24 11:19:00,6,1427.22,7,Активные повторные
17453,2011-10-06 17:02:00,2011-11-22 09:42:00,2,486.7199999999999,9,Остальные
17454,2010-12-15 10:54:00,2011-05-31 13:58:00,4,517.53,184,Давно не покупавшие повторные
17455,2011-05-20 12:31:00,2011-05-20 12:31:00,1,131.7,195,Остальные
17456,2010-12-09 15:23:00,2010-12-09 15:23:00,1,249.85999999999999,357,Остальные
17457,2011-01-04 14:33:00,2011-08-05 12:48:00,5,1737.6999999999998,118,Давно не покупавшие повторные
17458,2011-11-24 13:01:00,2011-11-24 13:01:00,1,316.5,7,Недавние однократные
17459,2011-10-10 17:00:00,2011-10-27 13:25:00,2,657.3,35,Остальные
17460,2010-12-01 16:24:00,2011-09-06 15:04:00,6,622.4300000000001,86,Остальные
17461,2011-11-10 12:01:00,2011-11-17 10:21:00,3,757.46,14,Активные повторные
17462,2011-02-28 17:01:00,2011-10-10 13:56:00,2,675.69,52,Остальные
17463,2011-01-30 15:48:00,2011-11-23 13:40:00,5,1896.4099999999999,8,Активные ценные
17464,2011-07-04 13:19:00,2011-07-04 13:19:00,1,289.96,150,Остальные
17466,2011-09-22 09:16:00,2011-11-29 13:15:00,2,763.28,2,Остальные
17468,2011-11-25 12:52:00,2011-11-29 15:33:00,2,137.0,2,Остальные
17469,2011-05-19 08:55:00,2011-11-23 13:15:00,5,1870.97,8,Активные ценные
17470,2010-12-07 09:57:00,2011-10-26 12:42:00,5,1125.07,36,Активные повторные
17472,2011-02-13 14:40:00,2011-06-01 14:57:00,3,710.29,183,Давно не покупавшие повторные
17475,2011-09-21 14:55:00,2011-09-21 14:55:00,1,194.37,71,Остальные
17480,2011-09-23 11:39:00,2011-09-23 11:39:00,1,511.82,69,Остальные
17481,2011-09-07 09:57:00,2011-11-24 09:06:00,3,1083.19,7,Активные повторные
17483,2011-06-09 19:40:00,2011-10-05 13:10:00,3,414.04,57,Активные повторные
17486,2011-03-23 14:00:00,2011-03-23 14:00:00,1,396.87,253,Остальные
17489,2011-05-11 11:34:00,2011-10-12 08:56:00,2,376.64,50,Остальные
17490,2011-06-16 09:15:00,2011-10-06 17:52:00,4,1321.22,56,Активные повторные
17491,2010-12-07 12:18:00,2011-11-25 13:10:00,9,3115.97,6,Активные ценные
17492,2011-04-05 15:21:00,2011-04-05 15:21:00,1,374.57,240,Остальные
17495,2011-11-01 12:06:00,2011-11-01 12:06:00,1,342.59000000000003,30,Недавние однократные
17496,2010-12-16 08:39:00,2010-12-16 08:39:00,1,271.05,350,Остальные
17498,2011-09-25 12:25:00,2011-09-25 12:25:00,1,272.22,67,Остальные
17499,2011-02-23 09:14:00,2011-02-23 09:14:00,1,622.88,281,Остальные
17500,2011-11-10 09:08:00,2011-11-22 14:25:00,3,1138.0,9,Активные повторные
17501,2011-05-03 09:46:00,2011-05-03 09:47:00,2,288.6,212,Давно не покупавшие повторные
17502,2011-11-10 16:39:00,2011-11-30 13:13:00,4,689.1,1,Активные повторные
17503,2011-11-01 11:12:00,2011-11-01 11:12:00,1,340.43,30,Недавние однократные
17504,2011-01-21 11:09:00,2011-05-17 12:59:00,9,2997.03,198,Давно не покупавшие повторные
17505,2011-05-18 09:01:00,2011-07-01 12:50:00,2,1145.8400000000001,153,Давно не покупавшие повторные
17506,2011-09-25 11:39:00,2011-09-25 11:39:00,1,302.2,67,Остальные
17507,2011-02-03 18:08:00,2011-03-23 11:48:00,2,605.5799999999999,253,Давно не покупавшие повторные
17508,2011-03-04 08:10:00,2011-03-04 08:10:00,1,387.31,272,Остальные
17509,2011-10-07 13:14:00,2011-10-13 10:26:00,8,6115.14,49,Активные повторные
17510,2011-11-15 10:00:00,2011-11-15 10:00:00,1,308.48,16,Недавние однократные
17511,2010-12-01 10:19:00,2011-11-23 10:31:00,29,83683.06,8,Активные ценные
17512,2011-02-11 12:22:00,2011-11-11 12:11:00,10,2924.99,20,Активные ценные
17513,2011-09-28 16:42:00,2011-09-28 16:42:00,1,513.2,64,Остальные
17514,2011-08-03 15:45:00,2011-08-03 15:45:00,1,208.65,120,Остальные
17515,2011-01-25 14:33:00,2011-11-08 14:04:00,4,639.02,23,Активные повторные
17516,2011-02-27 12:41:00,2011-11-24 16:51:00,5,768.0799999999999,7,Активные повторные
17517,2011-02-04 11:48:00,2011-02-04 11:48:00,1,153.94,300,Остальные
17519,2010-12-06 15:18:00,2011-11-22 16:43:00,6,1844.02,9,Активные ценные
17520,2011-10-17 12:04:00,2011-10-17 12:04:00,1,546.81,45,Остальные
17521,2011-05-24 15:14:00,2011-11-10 11:22:00,3,723.21,21,Активные повторные
17522,2011-05-05 16:31:00,2011-07-24 12:29:00,4,907.6899999999999,130,Давно не покупавшие повторные
17523,2011-11-20 13:40:00,2011-11-28 13:20:00,4,652.74,3,Активные повторные
17524,2010-12-13 14:32:00,2010-12-13 14:32:00,1,145.0,353,Остальные
17525,2010-12-15 12:05:00,2010-12-15 12:05:00,1,422.70000000000005,351,Остальные
17526,2010-12-09 12:20:00,2011-02-22 09:10:00,3,872.8,282,Давно не покупавшие повторные
17527,2011-05-05 13:43:00,2011-10-17 12:32:00,4,939.37,45,Активные повторные
17528,2011-09-29 13:04:00,2011-11-22 10:21:00,7,3428.0,9,Активные ценные
17530,2010-12-09 20:01:00,2011-11-23 17:32:00,9,2164.6,8,Активные ценные
17531,2011-06-02 19:17:00,2011-06-02 19:17:00,1,296.7,182,Остальные
17534,2011-10-17 12:47:00,2011-10-17 12:47:00,1,223.36,45,Остальные
17535,2011-03-04 15:20:00,2011-03-04 15:20:00,1,164.4,272,Остальные
17536,2011-06-15 13:23:00,2011-06-15 13:23:00,1,76.5,169,Остальные
17537,2011-02-09 13:37:00,2011-11-10 10:56:00,2,897.6200000000001,21,Остальные
17538,2011-11-14 12:12:00,2011-11-14 12:12:00,1,98.42,17,Недавние однократные
17540,2011-01-27 14:35:00,2011-11-15 11:56:00,2,578.9000000000001,16,Остальные
17542,2011-03-15 11:45:00,2011-03-15 11:45:00,1,170.75,261,Остальные
17545,2011-10-27 13:48:00,2011-10-27 14:04:00,3,645.96,35,Активные повторные
17548,2011-04-20 12:01:00,2011-04-20 12:01:00,1,103.3,225,Остальные
17549,2011-10-19 10:05:00,2011-11-16 09:59:00,2,148.86,15,Остальные
17550,2011-04-10 15:19:00,2011-05-26 14:09:00,3,267.15999999999997,189,Давно не покупавшие повторные
17551,2010-12-15 14:12:00,2010-12-15 14:12:00,1,306.84,351,Остальные
17552,2010-12-02 18:45:00,2011-10-10 17:00:00,4,930.41,52,Активные повторные
17553,2011-08-02 10:00:00,2011-08-02 10:00:00,1,1487.6,121,Остальные
17554,2011-07-14 20:01:00,2011-11-23 08:42:00,4,1714.15,8,Активные ценные
17555,2011-01-09 12:31:00,2011-11-20 12:22:00,2,483.26,11,Остальные
17556,2011-05-18 10:48:00,2011-05-18 10:48:00,1,157.9,197,Остальные
17557,2011-09-19 14:23:00,2011-11-25 12:57:00,3,541.46,6,Активные повторные
17560,2011-02-02 11:14:00,2011-09-06 09:18:00,4,854.95,86,Остальные
17561,2011-11-20 12:53:00,2011-11-20 12:53:00,1,167.62,11,Недавние однократные
17562,2011-06-19 13:06:00,2011-11-25 14:21:00,7,1122.38,6,Активные повторные
17564,2011-09-20 14:00:00,2011-11-15 13:27:00,3,454.01,16,Активные повторные
17566,2011-11-14 13:42:00,2011-11-14 13:42:00,1,414.26,17,Недавние однократные
17567,2010-12-02 15:18:00,2011-10-13 12:52:00,7,3913.48,49,Активные повторные
17569,2011-01-11 14:15:00,2011-01-11 14:15:00,1,344.14,324,Остальные
17571,2011-02-14 15:15:00,2011-10-20 15:57:00,4,1497.2600000000002,42,Активные повторные
17572,2010-12-01 12:51:00,2011-09-29 17:53:00,4,226.75,63,Остальные
17573,2011-09-07 10:36:00,2011-11-10 13:01:00,3,380.6,21,Активные повторные
17574,2011-04-11 09:47:00,2011-04-11 09:47:00,1,185.65,234,Остальные
17576,2010-12-09 16:57:00,2011-11-01 17:20:00,18,3227.68,30,Активные ценные
17578,2011-05-05 18:38:00,2011-05-05 18:38:00,1,143.46,210,Остальные
17579,2011-06-13 14:12:00,2011-07-25 09:50:00,2,270.86,129,Давно не покупавшие повторные
17580,2010-12-16 15:27:00,2011-04-01 12:41:00,3,212.76999999999998,244,Давно не покупавшие повторные
17581,2010-12-02 14:47:00,2011-11-06 13:02:00,22,10060.36,25,Активные ценные
17582,2011-04-17 13:18:00,2011-04-17 13:18:00,1,175.27,228,Остальные
17584,2011-08-04 14:12:00,2011-08-04 14:12:00,1,749.45,119,Остальные
17585,2011-01-05 15:09:00,2011-08-22 13:30:00,4,1133.07,101,Давно не покупавшие повторные
17588,2011-04-21 10:31:00,2011-08-31 13:37:00,3,1240.2,92,Давно не покупавшие повторные
17589,2011-04-13 13:47:00,2011-10-10 16:58:00,4,2402.92,52,Активные повторные
17590,2011-10-30 14:05:00,2011-11-22 16:06:00,2,1157.04,9,Остальные
17591,2010-12-07 15:39:00,2011-09-27 13:42:00,7,2225.9700000000003,65,Остальные
17593,2010-12-22 10:29:00,2011-09-09 09:52:00,4,3249.14,83,Остальные
17594,2011-03-30 10:32:00,2011-09-15 16:34:00,2,993.18,77,Остальные
17595,2011-11-02 16:19:00,2011-11-27 16:08:00,2,388.79,4,Остальные
17596,2010-12-06 12:34:00,2011-11-16 14:11:00,7,2827.9300000000003,15,Активные ценные
17597,2011-05-10 11:54:00,2011-05-10 11:54:00,1,2044.3700000000001,205,Остальные
17600,2011-11-22 09:43:00,2011-11-22 09:43:00,1,161.67000000000002,9,Недавние однократные
17601,2011-04-14 18:02:00,2011-04-14 18:02:00,1,116.00999999999999,231,Остальные
17602,2011-01-19 16:18:00,2011-11-16 15:58:00,5,4014.28,15,Активные ценные
17603,2011-09-22 14:18:00,2011-09-22 14:18:00,1,394.72,70,Остальные
17604,2011-01-31 15:09:00,2011-05-06 13:43:00,2,309.36,209,Давно не покупавшие повторные
17608,2011-11-06 13:00:00,2011-11-06 13:06:00,2,193.42000000000002,25,Остальные
17609,2011-01-16 16:23:00,2011-10-30 12:28:00,5,1104.72,32,Активные повторные
17611,2010-12-13 13:52:00,2011-11-09 09:01:00,13,3678.17,22,Активные ценные
17612,2011-02-15 10:40:00,2011-10-17 14:59:00,6,2048.45,45,Активные повторные
17613,2011-02-07 11:20:00,2011-11-17 10:51:00,14,4559.150000000001,14,Активные ценные
17614,2011-10-13 16:01:00,2011-10-13 16:01:00,1,390.07,49,Остальные
17615,2011-05-01 15:33:00,2011-08-01 14:06:00,3,329.6,122,Давно не покупавшие повторные
17616,2010-12-07 10:04:00,2011-06-19 10:11:00,3,571.1999999999999,165,Давно не покупавшие повторные
17618,2010-12-12 16:05:00,2011-04-05 13:07:00,2,666.78,240,Давно не покупавшие повторные
17619,2011-01-31 14:18:00,2011-01-31 14:18:00,1,218.52,304,Остальные
17620,2011-10-11 12:08:00,2011-10-11 12:08:00,1,81.44,51,Остальные
17621,2010-12-20 13:31:00,2011-11-18 17:11:00,3,1379.9,13,Активные повторные
17623,2011-11-07 11:32:00,2011-11-07 11:32:00,1,527.0500000000001,24,Недавние однократные
17624,2011-05-05 17:59:00,2011-11-25 10:52:00,2,843.48,6,Остальные
17625,2011-03-27 12:21:00,2011-11-21 13:36:00,4,2047.0,10,Активные ценные
17628,2011-09-19 15:21:00,2011-09-19 15:21:00,1,75.75,73,Остальные
17629,2010-12-15 09:58:00,2011-11-21 17:04:00,7,1474.67,10,Активные повторные
17630,2011-04-21 14:03:00,2011-06-23 11:58:00,2,503.6,161,Давно не покупавшие повторные
17631,2011-04-21 13:22:00,2011-07-25 13:37:00,2,416.5,129,Давно не покупавшие повторные
17633,2011-08-11 15:43:00,2011-11-08 13:25:00,4,1324.8400000000001,23,Активные повторные
17634,2011-01-06 12:45:00,2011-11-03 13:09:00,9,2361.97,28,Активные ценные
17636,2011-11-20 14:40:00,2011-11-20 14:40:00,1,285.56,11,Недавние однократные
17637,2011-08-16 13:25:00,2011-11-08 12:51:00,2,547.06,23,Остальные
17639,2011-03-08 15:22:00,2011-03-08 15:22:00,1,108.5,268,Остальные
17640,2011-09-14 09:13:00,2011-09-14 09:13:00,1,621.66,78,Остальные
17642,2011-06-16 12:55:00,2011-08-12 09:11:00,2,712.29,111,Давно не покупавшие повторные
17643,2010-12-01 14:38:00,2010-12-01 14:38:00,1,101.55,365,Остальные
17644,2011-03-24 09:44:00,2011-11-03 15:02:00,10,2562.88,28,Активные ценные
17646,2010-12-09 14:28:00,2011-05-04 13:17:00,3,1008.3900000000001,211,Давно не покупавшие повторные
17647,2011-10-05 15:38:00,2011-10-05 15:38:00,1,133.06,57,Остальные
17648,2011-04-04 10:29:00,2011-10-10 09:41:00,4,1797.5,52,Активные повторные
17649,2011-07-24 15:53:00,2011-07-24 15:53:00,1,868.49,130,Остальные
17650,2011-11-18 14:52:00,2011-11-18 14:52:00,1,166.08,13,Недавние однократные
17651,2011-06-15 15:57:00,2011-11-28 10:29:00,10,3945.0,3,Активные ценные
17652,2011-03-03 14:05:00,2011-11-14 12:55:00,12,4867.72,17,Активные ценные
17653,2011-08-11 15:24:00,2011-11-03 12:46:00,4,1207.5600000000002,28,Активные повторные
17654,2011-03-07 13:17:00,2011-03-07 13:17:00,1,117.55,269,Остальные
17655,2010-12-08 16:45:00,2011-11-29 11:34:00,7,2638.94,2,Активные ценные
17656,2011-08-03 10:45:00,2011-09-27 13:04:00,5,1674.69,65,Остальные
17658,2011-05-12 15:23:00,2011-11-14 12:07:00,2,595.4200000000001,17,Остальные
17659,2010-12-02 16:46:00,2011-11-22 13:29:00,12,2999.46,9,Активные ценные
17660,2011-07-21 13:37:00,2011-07-21 13:37:00,1,196.0,133,Остальные
17663,2011-02-25 14:11:00,2011-11-14 08:56:00,7,1802.91,17,Активные ценные
17664,2011-05-11 14:17:00,2011-11-21 11:29:00,2,604.64,10,Остальные
17666,2011-10-05 11:06:00,2011-10-05 11:06:00,1,409.08,57,Остальные
17667,2011-02-14 09:24:00,2011-10-04 14:32:00,5,2055.51,58,Активные повторные
17668,2011-11-01 14:45:00,2011-11-01 14:45:00,1,161.85,30,Недавние однократные
17669,2011-04-04 10:11:00,2011-10-28 08:53:00,7,3406.7200000000003,34,Активные повторные
17670,2011-04-26 09:12:00,2011-04-26 09:12:00,1,205.7,219,Остальные
17671,2010-12-09 14:27:00,2011-11-24 12:21:00,4,1572.71,7,Активные повторные
17672,2011-02-03 13:29:00,2011-10-20 14:18:00,2,3178.17,42,Остальные
17673,2011-01-23 15:16:00,2011-10-04 12:25:00,5,1516.65,58,Активные повторные
17674,2010-12-06 10:20:00,2011-09-26 13:35:00,2,551.04,66,Остальные
17675,2010-12-07 13:22:00,2011-11-21 08:31:00,29,19124.7,10,Активные ценные
17676,2010-12-08 13:49:00,2011-10-12 14:21:00,5,1040.08,50,Активные повторные
17677,2010-12-06 08:42:00,2011-11-11 12:53:00,28,15659.07,20,Активные ценные
17678,2011-03-21 11:52:00,2011-03-21 11:52:00,1,298.11,255,Остальные
17679,2011-09-15 10:35:00,2011-10-18 07:43:00,2,1992.1100000000001,44,Остальные
17680,2011-11-16 12:42:00,2011-11-16 12:42:00,1,184.4,15,Недавние однократные
17682,2010-12-06 13:35:00,2011-11-29 15:59:00,6,2474.33,2,Активные ценные
17684,2011-10-27 11:10:00,2011-10-27 11:10:00,1,239.41,35,Остальные
17685,2010-12-02 14:42:00,2011-11-23 11:36:00,7,3191.53,8,Активные ценные
17686,2011-02-10 10:18:00,2011-09-20 11:39:00,6,5110.09,72,Остальные
17690,2010-12-01 16:15:00,2011-11-09 15:17:00,15,4757.95,22,Активные ценные
17691,2010-12-06 11:10:00,2010-12-16 17:20:00,2,290.4,350,Давно не покупавшие повторные
17692,2010-12-15 13:37:00,2011-08-04 14:01:00,4,725.5799999999999,119,Давно не покупавшие повторные
17693,2011-07-25 15:48:00,2011-07-25 15:48:00,1,200.47,129,Остальные
17694,2011-07-21 12:00:00,2011-07-21 12:00:00,1,283.12,133,Остальные
17695,2011-06-21 12:35:00,2011-07-31 10:40:00,2,765.34,123,Давно не покупавшие повторные
17696,2010-12-10 09:51:00,2011-11-01 13:43:00,8,2285.71,30,Активные ценные
17697,2011-04-17 15:40:00,2011-04-17 15:40:00,1,338.95,228,Остальные
17698,2011-03-24 11:34:00,2011-03-24 11:34:00,1,154.95,252,Остальные
17700,2011-03-03 16:34:00,2011-11-23 11:51:00,4,2534.6400000000003,8,Активные ценные
17701,2011-04-01 12:25:00,2011-04-01 12:25:00,1,417.95,244,Остальные
17702,2011-05-17 16:23:00,2011-11-09 16:03:00,4,1824.37,22,Активные ценные
17703,2011-07-24 13:30:00,2011-11-04 15:51:00,3,798.74,27,Активные повторные
17704,2011-04-14 09:28:00,2011-06-24 09:40:00,2,885.19,160,Давно не покупавшие повторные
17705,2011-02-11 10:57:00,2011-11-09 15:50:00,8,1605.52,22,Активные ценные
17706,2010-12-08 11:02:00,2011-10-26 13:31:00,16,9728.65,36,Активные повторные
17707,2011-01-07 13:30:00,2011-06-07 15:03:00,2,152.4,177,Давно не покупавшие повторные
17708,2011-01-19 10:09:00,2011-06-05 10:12:00,2,267.08,179,Давно не покупавшие повторные
17709,2011-06-23 11:55:00,2011-06-23 11:55:00,1,137.45000000000002,161,Остальные
17711,2011-02-23 11:32:00,2011-11-29 11:40:00,2,385.1,2,Остальные
17712,2011-10-26 12:28:00,2011-10-26 12:28:00,1,522.91,36,Остальные
17714,2011-01-23 10:32:00,2011-01-23 10:32:00,1,153.0,312,Остальные
17715,2011-05-23 12:32:00,2011-05-23 12:32:00,1,326.4,192,Остальные
17716,2011-03-17 10:38:00,2011-11-17 12:00:00,11,5655.99,14,Активные ценные
17718,2011-04-21 13:39:00,2011-04-21 13:39:00,1,139.35,224,Остальные
17719,2011-03-29 11:29:00,2011-11-02 10:36:00,15,5396.04,29,Активные ценные
17720,2010-12-07 10:43:00,2011-11-13 15:04:00,4,1195.94,18,Активные повторные
17722,2010-12-08 12:41:00,2011-09-04 15:22:00,4,2424.04,88,Остальные
17723,2011-05-09 14:44:00,2011-08-04 18:37:00,6,3276.4000000000005,119,Давно не покупавшие повторные
17724,2011-07-24 13:26:00,2011-09-29 15:26:00,3,1033.0,63,Остальные
17725,2011-03-17 19:47:00,2011-11-23 16:34:00,11,3439.08,8,Активные ценные
17727,2011-11-24 17:06:00,2011-11-24 17:06:00,1,1060.25,7,Недавние однократные
17728,2011-09-14 11:39:00,2011-10-05 08:17:00,2,2288.16,57,Остальные
17730,2011-01-17 14:49:00,2011-11-11 11:02:00,12,4635.78,20,Активные ценные
17731,2011-06-09 14:18:00,2011-09-21 15:02:00,4,1240.1100000000001,71,Остальные
17732,2010-12-02 09:29:00,2010-12-02 09:29:00,1,303.97,364,Остальные
17733,2011-03-23 09:54:00,2011-11-01 08:16:00,2,692.19,30,Остальные
17734,2011-04-20 10:04:00,2011-10-17 12:33:00,3,700.63,45,Активные повторные
17735,2010-12-07 10:32:00,2011-11-02 14:52:00,18,12216.42,29,Активные ценные
17736,2011-08-18 14:33:00,2011-11-30 15:36:00,3,377.44,1,Активные повторные
17737,2011-10-12 14:42:00,2011-11-30 15:16:00,2,168.24,1,Остальные
17738,2011-03-02 16:26:00,2011-11-20 15:05:00,4,1879.05,11,Активные ценные
17739,2010-12-14 14:26:00,2011-11-28 09:12:00,7,2791.35,3,Активные ценные
17742,2011-01-11 10:04:00,2011-08-18 15:28:00,2,355.11,105,Давно не покупавшие повторные
17744,2010-12-16 14:17:00,2011-11-14 09:05:00,5,1592.02,17,Активные ценные
17746,2011-04-13 14:31:00,2011-04-13 14:31:00,1,110.25,232,Остальные
17747,2011-08-19 08:13:00,2011-08-19 08:13:00,1,71.4,104,Остальные
17749,2011-03-28 13:39:00,2011-06-14 15:45:00,2,674.52,170,Давно не покупавшие повторные
17750,2011-06-28 15:44:00,2011-11-03 15:16:00,8,1667.96,28,Активные ценные
17752,2010-12-15 16:19:00,2010-12-15 16:19:00,1,80.64,351,Остальные
17754,2011-03-24 13:54:00,2011-11-02 12:37:00,4,1571.27,29,Активные повторные
17757,2010-12-02 17:17:00,2011-11-25 17:27:00,28,5184.79,6,Активные ценные
17758,2011-04-03 15:22:00,2011-11-20 14:45:00,8,3456.7,11,Активные ценные
17759,2011-06-23 13:35:00,2011-11-22 16:02:00,3,833.74,9,Активные повторные
17760,2010-12-01 15:08:00,2011-11-18 10:56:00,2,287.59,13,Остальные
17761,2011-11-07 10:23:00,2011-11-07 10:23:00,1,712.78,24,Недавние однократные
17763,2011-03-21 14:25:00,2011-03-21 14:25:00,1,15.0,255,Остальные
17764,2011-05-12 16:11:00,2011-10-20 11:03:00,2,818.82,42,Остальные
17765,2011-03-28 11:58:00,2011-07-04 12:41:00,3,371.88,150,Давно не покупавшие повторные
17767,2011-11-24 14:42:00,2011-11-24 14:42:00,1,271.2,7,Недавние однократные
17768,2011-06-26 13:46:00,2011-11-06 14:14:00,2,1411.33,25,Остальные
17769,2011-01-23 11:15:00,2011-11-27 11:18:00,10,3997.98,4,Активные ценные
17770,2011-03-02 13:35:00,2011-05-25 12:34:00,5,1143.27,190,Давно не покупавшие повторные
17771,2011-01-20 14:13:00,2011-10-14 11:43:00,2,245.32999999999998,48,Остальные
17772,2011-11-29 10:57:00,2011-11-29 11:05:00,2,182.77,2,Остальные
17774,2011-02-07 13:13:00,2011-09-04 12:49:00,4,1225.41,88,Остальные
17775,2011-03-30 10:50:00,2011-03-30 10:50:00,1,56.4,246,Остальные
17777,2011-08-31 14:35:00,2011-11-15 12:02:00,3,665.86,16,Активные повторные
17779,2011-07-19 12:19:00,2011-11-18 14:15:00,3,658.5699999999999,13,Активные повторные
17781,2011-03-31 19:54:00,2011-07-03 16:00:00,2,188.01999999999998,151,Давно не покупавшие повторные
17783,2011-04-06 10:07:00,2011-09-28 16:07:00,2,283.47,64,Остальные
17785,2011-10-17 13:43:00,2011-10-17 13:43:00,1,131.94,45,Остальные
17786,2011-01-26 14:35:00,2011-09-15 12:51:00,2,278.74,77,Остальные
17787,2010-12-03 13:43:00,2011-07-10 11:24:00,4,1865.19,144,Давно не покупавшие повторные
17788,2011-08-02 10:38:00,2011-09-27 10:09:00,2,1112.95,65,Остальные
17789,2011-03-03 13:14:00,2011-03-03 13:14:00,1,225.9,273,Остальные
17790,2010-12-10 10:47:00,2011-11-13 11:30:00,14,1965.5500000000002,18,Активные ценные
17791,2011-11-10 12:09:00,2011-11-10 12:09:00,1,106.1,21,Недавние однократные
17793,2011-11-14 14:24:00,2011-11-14 14:24:00,1,323.04,17,Недавние однократные
17795,2011-03-20 12:02:00,2011-06-13 12:36:00,2,350.39,171,Давно не покупавшие повторные
17796,2010-12-05 12:23:00,2011-10-30 15:38:00,4,697.9,32,Активные повторные
17797,2011-06-10 11:29:00,2011-11-17 13:21:00,3,780.4300000000001,14,Активные повторные
17799,2010-12-13 13:10:00,2011-11-17 15:16:00,10,3055.93,14,Активные ценные
17800,2011-01-09 13:50:00,2011-11-02 12:57:00,9,1198.01,29,Активные повторные
17802,2010-12-02 13:44:00,2011-09-18 14:56:00,3,1285.04,74,Остальные
17805,2011-09-27 11:49:00,2011-09-27 11:49:00,1,512.31,65,Остальные
17806,2011-11-28 14:12:00,2011-11-28 14:12:00,1,546.04,3,Недавние однократные
17809,2010-12-01 09:41:00,2011-11-23 12:59:00,12,5411.91,8,Активные ценные
17811,2011-01-10 10:58:00,2011-11-28 14:26:00,37,7506.45,3,Активные ценные
17812,2010-12-06 15:27:00,2011-11-27 11:47:00,4,732.16,4,Активные повторные
17813,2011-09-29 15:57:00,2011-11-25 16:13:00,5,1770.88,6,Активные ценные
17816,2010-12-09 14:10:00,2011-11-03 11:34:00,4,36.56,28,Активные повторные
17817,2011-03-07 17:30:00,2011-03-07 17:42:00,2,269.7,269,Давно не покупавшие повторные
17819,2010-12-03 14:26:00,2011-09-29 10:52:00,7,3704.87,63,Остальные
17824,2011-10-19 14:14:00,2011-10-19 14:14:00,1,298.4,43,Остальные
17827,2010-12-10 10:18:00,2011-04-11 16:56:00,4,1583.81,234,Давно не покупавшие повторные
17828,2011-06-08 08:31:00,2011-11-17 08:41:00,4,1165.09,14,Активные повторные
17829,2011-02-14 12:46:00,2011-02-14 12:46:00,1,889.24,290,Остальные
17830,2011-02-24 10:15:00,2011-03-23 11:44:00,2,287.65,253,Давно не покупавшие повторные
17831,2011-11-06 15:09:00,2011-11-06 15:09:00,1,35.400000000000006,25,Недавние однократные
17832,2011-10-21 11:43:00,2011-10-21 11:43:00,1,155.37,41,Остальные
17835,2011-11-16 16:30:00,2011-11-30 11:17:00,2,236.5,1,Остальные
17836,2011-10-23 16:13:00,2011-10-23 16:13:00,1,109.83,39,Остальные
17837,2011-06-29 16:44:00,2011-10-28 16:13:00,8,1587.48,34,Активные повторные
17838,2010-12-02 15:55:00,2011-11-13 11:20:00,5,2779.3,18,Активные ценные
17839,2011-10-28 17:27:00,2011-10-28 17:27:00,1,338.8,34,Остальные
17841,2010-12-01 14:41:00,2011-11-29 17:52:00,120,38416.41,2,Активные ценные
17843,2011-02-09 15:33:00,2011-02-09 15:33:00,1,197.73,295,Остальные
17844,2011-08-25 11:27:00,2011-08-25 11:27:00,1,51.56,98,Остальные
17848,2010-12-16 18:38:00,2011-09-19 16:49:00,9,901.1999999999999,73,Остальные
17849,2011-01-10 11:59:00,2011-05-05 13:46:00,4,605.8,210,Давно не покупавшие повторные
17850,2010-12-01 08:26:00,2010-12-02 15:27:00,34,5391.21,364,Давно не покупавшие повторные
17852,2011-11-28 12:31:00,2011-11-28 12:36:00,2,114.34,3,Остальные
17854,2011-04-26 16:53:00,2011-06-07 16:21:00,2,311.26,177,Давно не покупавшие повторные
17855,2010-12-02 09:44:00,2010-12-02 09:44:00,1,208.97,364,Остальные
17856,2011-03-03 11:40:00,2011-04-20 13:13:00,3,1142.63,225,Давно не покупавшие повторные
17857,2010-12-09 11:35:00,2011-11-22 15:22:00,20,22741.44,9,Активные ценные
17858,2010-12-05 13:08:00,2011-10-17 12:33:00,11,4391.94,45,Активные повторные
17859,2011-02-08 10:32:00,2011-02-08 10:32:00,1,148.21,296,Остальные
17860,2010-12-06 12:41:00,2010-12-06 12:41:00,1,252.8,360,Остальные
17861,2011-01-24 11:34:00,2011-11-15 13:01:00,7,1662.22,16,Активные ценные
17862,2011-01-20 12:23:00,2011-01-20 12:23:00,1,330.9,315,Остальные
17863,2010-12-05 13:21:00,2011-10-11 13:45:00,6,3160.0,51,Активные повторные
17864,2011-03-09 11:44:00,2011-11-27 11:15:00,3,597.5,4,Активные повторные
17865,2010-12-10 14:53:00,2011-11-09 12:08:00,20,10524.220000000001,22,Активные ценные
17866,2011-07-20 11:07:00,2011-07-20 11:07:00,1,329.65,134,Остальные
17867,2011-02-24 12:25:00,2011-11-09 14:15:00,6,1197.1000000000001,22,Активные повторные
17869,2010-12-06 17:16:00,2011-08-24 16:16:00,5,428.18,99,Давно не покупавшие повторные
17870,2010-12-08 08:12:00,2011-11-25 11:20:00,11,1629.44,6,Активные ценные
17871,2011-05-19 11:32:00,2011-05-19 11:32:00,1,155.9,196,Остальные
17873,2010-12-01 14:54:00,2011-09-20 16:41:00,5,1729.7800000000002,72,Остальные
17874,2011-03-29 11:25:00,2011-06-07 12:54:00,6,683.46,177,Давно не покупавшие повторные
17877,2011-06-22 13:00:00,2011-06-22 13:00:00,1,237.60999999999999,162,Остальные
17878,2011-10-27 11:24:00,2011-10-27 11:24:00,1,379.45,35,Остальные
17879,2011-06-19 12:36:00,2011-06-19 12:36:00,1,178.51999999999998,165,Остальные
17880,2010-12-10 10:21:00,2010-12-10 10:21:00,1,458.92,356,Остальные
17881,2011-02-08 17:16:00,2011-02-08 17:16:00,1,133.35,296,Остальные
17883,2011-04-07 19:16:00,2011-11-25 14:02:00,3,486.90000000000003,6,Активные повторные
17884,2010-12-03 12:11:00,2011-02-01 11:08:00,3,602.8399999999999,303,Давно не покупавшие повторные
17885,2011-11-27 14:40:00,2011-11-27 14:40:00,1,190.19,4,Недавние однократные
17886,2011-04-04 12:34:00,2011-11-08 10:09:00,3,899.61,23,Активные повторные
17887,2011-08-02 17:29:00,2011-08-02 17:29:00,1,111.35,121,Остальные
17888,2010-12-17 13:56:00,2011-11-18 13:45:00,8,726.05,13,Активные повторные
17889,2011-01-21 17:14:00,2011-05-11 16:26:00,2,203.87,204,Давно не покупавшие повторные
17890,2010-12-13 15:12:00,2011-01-21 11:19:00,2,602.0899999999999,314,Давно не покупавшие повторные
17891,2011-06-30 20:08:00,2011-06-30 20:08:00,1,203.85999999999999,154,Остальные
17892,2011-07-07 12:56:00,2011-10-14 16:49:00,3,244.1,48,Активные повторные
17893,2011-04-28 13:50:00,2011-04-28 13:50:00,1,112.25,217,Остальные
17894,2010-12-08 14:50:00,2011-09-29 09:23:00,8,1119.39,63,Остальные
17895,2011-10-26 17:00:00,2011-10-26 17:00:00,1,98.0,36,Остальные
17896,2011-11-16 13:59:00,2011-11-16 13:59:00,1,256.32,15,Недавние однократные
17897,2010-12-01 12:31:00,2011-06-20 11:23:00,3,566.6,164,Давно не покупавшие повторные
17898,2011-05-16 17:13:00,2011-09-15 14:56:00,2,152.06,77,Остальные
17899,2011-07-03 14:58:00,2011-07-03 14:58:00,1,155.79999999999998,151,Остальные
17900,2011-06-02 14:28:00,2011-06-02 14:38:00,2,112.19999999999999,182,Давно не покупавшие повторные
17901,2011-11-10 17:29:00,2011-11-10 17:29:00,1,110.38,21,Недавние однократные
17904,2011-11-18 12:57:00,2011-11-18 12:57:00,1,191.67,13,Недавние однократные
17905,2010-12-01 13:21:00,2011-09-29 17:33:00,4,800.24,63,Остальные
17906,2011-04-06 17:25:00,2011-04-06 17:25:00,1,72.9,239,Остальные
17908,2010-12-01 11:45:00,2010-12-01 11:45:00,1,243.28,365,Остальные
17911,2011-11-30 14:52:00,2011-11-30 14:52:00,1,366.23,1,Недавние однократные
17912,2010-12-10 11:11:00,2011-02-02 14:25:00,5,311.01,302,Давно не покупавшие повторные
17913,2010-12-19 11:35:00,2011-10-12 10:45:00,2,411.6,50,Остальные
17917,2010-12-12 12:08:00,2011-10-25 13:20:00,3,341.28,37,Активные повторные
17919,2011-09-12 13:41:00,2011-09-12 13:41:00,1,1304.04,80,Остальные
17920,2010-12-01 11:49:00,2011-11-28 10:46:00,15,3701.13,3,Активные ценные
17921,2011-03-18 13:19:00,2011-10-06 18:56:00,4,826.52,56,Активные повторные
17923,2011-03-02 15:15:00,2011-03-02 15:15:00,1,207.50000000000003,274,Остальные
17924,2010-12-01 10:51:00,2011-11-28 09:11:00,7,2962.5,3,Активные ценные
17925,2010-12-02 10:10:00,2010-12-02 10:10:00,1,244.08,364,Остальные
17926,2011-05-20 09:24:00,2011-07-29 14:39:00,2,397.29,125,Давно не покупавшие повторные
17928,2011-04-07 18:03:00,2011-10-25 13:52:00,2,184.46,37,Остальные
17929,2011-02-04 11:40:00,2011-11-28 16:01:00,4,843.0,3,Активные повторные
17930,2011-04-14 15:46:00,2011-11-04 10:23:00,5,1740.48,27,Активные ценные
17931,2011-03-29 12:31:00,2011-07-28 18:33:00,2,408.36,126,Давно не покупавшие повторные
17932,2011-05-12 13:58:00,2011-11-10 19:49:00,3,1331.57,21,Активные повторные
17934,2011-10-12 10:50:00,2011-10-19 11:16:00,2,704.25,43,Остальные
17935,2011-07-21 11:23:00,2011-07-24 13:18:00,2,142.89,130,Давно не покупавшие повторные
17937,2010-12-12 14:43:00,2011-11-08 15:45:00,6,3940.92,23,Активные ценные
17939,2011-07-03 12:27:00,2011-07-03 12:27:00,1,99.14,151,Остальные
17940,2011-02-10 09:29:00,2011-10-21 13:27:00,9,2238.58,41,Активные повторные
17941,2011-08-01 08:30:00,2011-08-01 08:30:00,1,304.56,122,Остальные
17946,2011-03-25 14:34:00,2011-04-20 17:00:00,2,149.57999999999998,225,Давно не покупавшие повторные
17947,2011-11-02 13:05:00,2011-11-02 13:05:00,1,176.68,29,Недавние однократные
17948,2011-07-15 12:58:00,2011-07-15 12:58:00,1,358.56000000000006,139,Остальные
17949,2010-12-03 13:12:00,2011-11-22 08:44:00,39,55155.76,9,Активные ценные
17950,2010-12-09 15:16:00,2011-09-28 15:18:00,3,482.2,64,Остальные
17951,2010-12-01 12:40:00,2011-10-31 12:30:00,3,1008.5400000000001,31,Активные повторные
17954,2010-12-03 14:18:00,2011-10-02 15:52:00,11,2039.76,60,Активные повторные
17955,2011-05-04 12:29:00,2011-05-25 12:00:00,4,557.3,190,Давно не покупавшие повторные
17956,2011-04-04 13:47:00,2011-04-04 13:47:00,1,12.75,241,Остальные
17957,2011-10-04 14:58:00,2011-10-04 14:58:00,1,110.72,58,Остальные
17958,2011-08-15 12:19:00,2011-08-15 12:19:00,1,508.46,108,Остальные
17960,2011-06-21 14:15:00,2011-06-21 14:15:00,1,73.78,163,Остальные
17961,2010-12-02 19:18:00,2011-11-18 16:55:00,39,1296.44,13,Активные повторные
17962,2011-07-20 14:16:00,2011-07-20 14:16:00,1,102.83,134,Остальные
17964,2010-12-02 13:32:00,2011-11-08 10:44:00,2,471.7,23,Остальные
17965,2010-12-05 15:54:00,2011-11-02 09:31:00,14,2622.57,29,Активные ценные
17966,2011-03-23 17:25:00,2011-11-02 10:26:00,5,1098.4299999999998,29,Активные повторные
17967,2010-12-03 11:19:00,2010-12-03 11:19:00,1,123.07,363,Остальные
17968,2010-12-01 12:23:00,2010-12-01 12:23:00,1,277.35,365,Остальные
17969,2010-12-13 15:34:00,2011-06-26 13:00:00,2,228.2,158,Давно не покупавшие повторные
17970,2011-05-12 20:03:00,2011-05-12 20:03:00,1,582.59,203,Остальные
17972,2011-04-12 12:16:00,2011-04-12 12:16:00,1,136.04,233,Остальные
17973,2011-10-19 10:34:00,2011-10-19 10:34:00,1,337.04,43,Остальные
17974,2011-05-04 11:50:00,2011-11-15 11:37:00,3,740.7900000000001,16,Активные повторные
17975,2010-12-08 11:38:00,2011-11-24 13:27:00,13,4485.51,7,Активные ценные
17976,2010-12-02 13:49:00,2010-12-02 13:49:00,1,353.19,364,Остальные
17977,2011-11-10 13:28:00,2011-11-10 13:28:00,1,288.14,21,Недавние однократные
17978,2010-12-09 14:05:00,2010-12-09 14:05:00,1,300.92,357,Остальные
17979,2011-03-25 11:34:00,2011-11-04 12:05:00,4,754.31,27,Активные повторные
17980,2010-12-15 15:50:00,2011-06-27 12:01:00,3,811.45,157,Давно не покупавшие повторные
17984,2011-07-17 15:59:00,2011-07-17 15:59:00,1,152.68,137,Остальные
17985,2011-11-17 14:24:00,2011-11-17 14:24:00,1,634.95,14,Недавние однократные
17986,2011-10-14 14:22:00,2011-10-14 14:22:00,1,20.8,48,Остальные
17987,2011-06-07 14:22:00,2011-06-07 14:22:00,1,198.57,177,Остальные
17988,2011-01-17 11:59:00,2011-11-28 11:00:00,7,201.12,3,Активные повторные
17990,2010-12-13 12:10:00,2011-04-17 11:44:00,3,630.84,228,Давно не покупавшие повторные
17991,2011-04-27 16:39:00,2011-04-28 15:58:00,2,93.35000000000001,217,Давно не покупавшие повторные
17994,2011-02-22 11:02:00,2011-08-10 11:41:00,4,678.49,113,Давно не покупавшие повторные
17995,2011-03-03 12:30:00,2011-03-03 12:30:00,1,76.1,273,Остальные
17997,2011-06-28 17:28:00,2011-09-26 16:13:00,8,1970.6699999999998,66,Остальные
17999,2010-12-08 15:17:00,2011-11-02 15:56:00,2,382.06,29,Остальные
18001,2011-09-14 11:21:00,2011-11-27 16:02:00,2,417.23,4,Остальные
18004,2010-12-12 13:47:00,2010-12-12 13:47:00,1,169.47,354,Остальные
18005,2011-10-23 14:40:00,2011-10-23 14:40:00,1,139.97,39,Остальные
18006,2011-11-16 16:52:00,2011-11-16 16:52:00,1,444.68,15,Недавние однократные
18008,2011-01-25 12:26:00,2011-09-30 15:17:00,9,2116.19,62,Остальные
18009,2011-04-18 13:36:00,2011-04-18 13:36:00,1,257.34,227,Остальные
18010,2011-03-28 12:27:00,2011-03-28 12:27:00,1,174.8,248,Остальные
18011,2010-12-01 17:35:00,2010-12-01 17:35:00,1,102.78999999999999,365,Остальные
18013,2011-07-07 14:08:00,2011-07-07 14:11:00,2,187.29000000000002,147,Давно не покупавшие повторные
18014,2011-11-11 15:28:00,2011-11-11 15:28:00,1,158.47,20,Недавние однократные
18016,2010-12-10 17:14:00,2011-11-07 13:25:00,5,1483.56,24,Активные повторные
18017,2011-02-02 13:57:00,2011-09-19 16:15:00,3,523.0,73,Остальные
18018,2011-05-24 13:22:00,2011-08-23 17:37:00,2,122.14,100,Давно не покупавшие повторные
18019,2011-10-19 12:10:00,2011-10-19 12:10:00,1,38.45,43,Остальные
18022,2011-11-04 12:45:00,2011-11-04 12:45:00,1,668.11,27,Недавние однократные
18024,2011-07-10 12:28:00,2011-07-10 12:40:00,2,389.78,144,Давно не покупавшие повторные
18027,2011-09-02 10:38:00,2011-09-02 10:38:00,1,115.31,90,Остальные
18030,2011-10-28 13:55:00,2011-10-28 13:55:00,1,121.1,34,Остальные
18032,2011-01-09 15:32:00,2011-01-09 15:32:00,1,73.5,326,Остальные
18033,2011-10-05 17:28:00,2011-10-05 17:28:00,1,97.97,57,Остальные
18034,2011-11-18 12:08:00,2011-11-18 12:22:00,2,422.88,13,Остальные
18035,2011-10-27 17:48:00,2011-11-04 12:39:00,3,730.4,27,Активные повторные
18036,2011-04-08 11:26:00,2011-11-07 14:40:00,3,405.62,24,Активные повторные
18037,2010-12-12 16:20:00,2011-07-08 13:39:00,6,70.02,146,Давно не покупавшие повторные
18040,2011-04-08 08:27:00,2011-11-20 14:20:00,2,357.2,11,Остальные
18041,2010-12-02 11:21:00,2011-11-28 11:39:00,21,4183.39,3,Активные ценные
18042,2011-10-17 11:49:00,2011-10-17 11:49:00,1,165.04999999999998,45,Остальные
18043,2010-12-08 12:35:00,2011-11-15 12:48:00,3,559.51,16,Активные повторные
18044,2010-12-14 12:25:00,2011-11-03 08:56:00,9,1877.7,28,Активные ценные
18045,2011-10-25 13:07:00,2011-10-25 13:07:00,1,189.4,37,Остальные
18048,2011-05-20 14:54:00,2011-05-20 14:58:00,2,172.29000000000002,195,Давно не покупавшие повторные
18050,2010-12-15 14:25:00,2010-12-15 14:25:00,1,74.4,351,Остальные
18053,2011-09-30 09:05:00,2011-09-30 09:05:00,1,300.02,62,Остальные
18055,2010-12-05 10:52:00,2011-10-31 12:02:00,9,5920.42,31,Активные повторные
18056,2011-02-24 14:27:00,2011-02-24 14:27:00,1,363.65,280,Остальные
18058,2011-11-30 08:38:00,2011-11-30 08:38:00,1,170.16,1,Недавние однократные
18059,2011-10-03 09:30:00,2011-11-16 16:49:00,3,306.46,15,Активные повторные
18061,2010-12-08 13:03:00,2011-11-18 11:20:00,10,2119.41,13,Активные ценные
18062,2011-01-06 10:03:00,2011-06-19 14:47:00,3,720.52,165,Давно не покупавшие повторные
18064,2011-04-18 15:08:00,2011-07-29 16:39:00,2,814.0,125,Давно не покупавшие повторные
18065,2010-12-10 12:44:00,2011-09-14 11:36:00,11,1949.19,78,Остальные
18066,2011-09-25 15:30:00,2011-09-25 15:30:00,1,318.0,67,Остальные
18067,2011-10-30 15:58:00,2011-10-30 15:58:00,1,396.33,32,Остальные
18068,2011-02-23 14:50:00,2011-02-23 14:50:00,1,101.69999999999999,281,Остальные
18069,2011-01-16 15:50:00,2011-11-13 16:03:00,5,2036.67,18,Активные ценные
18071,2010-12-09 10:33:00,2011-03-27 11:59:00,2,453.0,249,Давно не покупавшие повторные
18072,2011-06-07 10:44:00,2011-06-07 10:44:00,1,247.44,177,Остальные
18073,2011-05-26 19:38:00,2011-08-17 14:02:00,12,3877.5200000000004,106,Давно не покупавшие повторные
18074,2010-12-01 09:53:00,2010-12-01 09:53:00,1,489.6,365,Остальные
18075,2010-12-14 10:48:00,2011-11-16 15:21:00,10,2611.75,15,Активные ценные
18077,2010-12-08 10:21:00,2011-11-06 10:44:00,10,2377.67,25,Активные ценные
18078,2011-03-25 15:08:00,2011-05-06 14:32:00,2,336.13,209,Давно не покупавшие повторные
18079,2011-04-15 12:14:00,2011-10-25 15:27:00,4,3651.97,37,Активные повторные
18080,2011-04-11 10:10:00,2011-11-21 08:02:00,2,1231.5,10,Остальные
18081,2011-07-29 11:56:00,2011-11-03 16:30:00,3,343.45000000000005,28,Активные повторные
18082,2011-11-14 12:45:00,2011-11-14 12:45:00,1,703.37,17,Недавние однократные
18084,2011-11-23 13:57:00,2011-11-23 13:57:00,1,90.47999999999999,8,Недавние однократные
18085,2010-12-01 12:08:00,2011-01-13 15:17:00,2,689.95,322,Давно не покупавшие повторные
18086,2011-03-10 13:34:00,2011-03-10 13:34:00,1,101.34,266,Остальные
18087,2011-02-22 10:43:00,2011-02-22 10:43:00,1,3202.9199999999996,282,Остальные
18088,2011-10-09 13:41:00,2011-10-09 13:41:00,1,167.67000000000002,53,Остальные
18092,2010-12-09 10:00:00,2011-11-01 10:56:00,10,8506.42,30,Активные ценные
18093,2011-02-10 12:15:00,2011-09-07 15:43:00,4,2106.52,85,Остальные
18094,2011-02-21 08:50:00,2011-09-19 09:28:00,7,3017.3,73,Остальные
18095,2011-01-11 12:37:00,2011-01-31 12:50:00,2,580.05,304,Давно не покупавшие повторные
18096,2011-10-07 11:55:00,2011-11-28 12:44:00,3,911.15,3,Активные повторные
18097,2010-12-20 14:49:00,2011-08-05 10:32:00,5,2011.4,118,Давно не покупавшие повторные
18099,2011-08-04 15:52:00,2011-08-04 15:52:00,1,168.31,119,Остальные
18101,2011-07-19 13:05:00,2011-11-28 13:37:00,2,223.65,3,Остальные
18102,2010-12-07 16:42:00,2011-11-28 12:55:00,57,248171.76,3,Активные ценные
18104,2011-11-02 14:07:00,2011-11-02 14:07:00,1,754.64,29,Недавние однократные
18105,2011-11-02 12:04:00,2011-11-02 12:04:00,1,113.48,29,Недавние однократные
18106,2011-01-14 12:23:00,2011-01-14 12:23:00,1,430.7,321,Остальные
18108,2011-03-30 13:56:00,2011-03-30 13:56:00,1,271.0,246,Остальные
18109,2010-12-05 10:58:00,2011-11-25 15:32:00,23,6684.46,6,Активные ценные
18110,2011-11-20 12:34:00,2011-11-20 12:34:00,1,236.3,11,Недавние однократные
18112,2011-06-26 13:56:00,2011-11-27 14:43:00,2,352.69,4,Остальные
18113,2010-12-06 12:31:00,2010-12-06 12:31:00,1,76.32000000000001,360,Остальные
18114,2011-02-22 13:20:00,2011-02-22 13:20:00,1,220.1,282,Остальные
18116,2010-12-10 12:14:00,2011-10-03 11:00:00,8,1414.43,59,Активные повторные
18117,2011-11-14 12:47:00,2011-11-14 12:47:00,1,319.47,17,Недавние однократные
18118,2010-12-05 12:13:00,2011-11-29 11:32:00,26,5651.42,2,Активные ценные
18119,2010-12-07 11:59:00,2010-12-07 11:59:00,1,181.12,359,Остальные
18120,2011-05-09 13:45:00,2011-05-09 13:45:00,1,111.15,206,Остальные
18121,2011-07-08 12:14:00,2011-07-13 12:53:00,2,673.1,141,Давно не покупавшие повторные
18122,2011-07-12 11:37:00,2011-11-17 14:29:00,5,1383.87,14,Активные повторные
18123,2011-11-08 13:31:00,2011-11-15 14:23:00,2,589.4399999999999,16,Остальные
18125,2011-01-27 15:02:00,2011-11-10 12:29:00,4,1142.99,21,Активные повторные
18126,2011-10-10 12:19:00,2011-10-10 12:19:00,1,204.49,52,Остальные
18127,2011-07-29 10:06:00,2011-11-20 14:05:00,3,348.73,11,Активные повторные
18129,2011-04-10 14:16:00,2011-04-10 14:16:00,1,112.55,235,Остальные
18130,2011-10-13 15:58:00,2011-11-24 14:40:00,3,1059.3899999999999,7,Активные повторные
18133,2011-05-11 14:14:00,2011-05-11 14:14:00,1,931.4999999999999,204,Остальные
18135,2011-06-02 14:04:00,2011-11-10 19:32:00,5,681.9100000000001,21,Активные повторные
18136,2011-01-24 12:08:00,2011-10-07 15:40:00,3,784.33,55,Активные повторные
18138,2011-02-17 14:51:00,2011-02-17 14:51:00,1,152.65,287,Остальные
18139,2011-11-21 14:06:00,2011-11-22 10:44:00,6,8438.34,9,Активные ценные
18142,2011-05-08 12:31:00,2011-07-05 13:19:00,2,1019.52,149,Давно не покупавшие повторные
18143,2011-07-21 10:44:00,2011-08-15 12:07:00,2,1000.1600000000001,108,Давно не покупавшие повторные
18144,2010-12-01 13:45:00,2011-11-09 09:22:00,11,2656.75,22,Активные ценные
18145,2011-01-31 12:10:00,2011-11-27 11:22:00,4,2861.55,4,Активные ценные
18146,2011-05-03 16:35:00,2011-07-22 12:08:00,2,160.35000000000002,132,Давно не покупавшие повторные
18147,2011-08-23 12:22:00,2011-10-25 11:46:00,2,179.33999999999997,37,Остальные
18149,2011-03-11 12:44:00,2011-10-20 12:04:00,3,612.0799999999999,42,Активные повторные
18150,2011-05-22 10:47:00,2011-11-07 16:49:00,3,566.58,24,Активные повторные
18151,2011-02-23 08:29:00,2011-07-28 11:35:00,2,653.35,126,Давно не покупавшие повторные
18154,2011-10-27 10:40:00,2011-10-27 10:40:00,1,220.48999999999998,35,Остальные
18155,2011-02-21 10:36:00,2011-09-25 13:32:00,3,371.62,67,Остальные
18156,2010-12-05 12:29:00,2011-11-27 12:24:00,2,734.94,4,Остальные
18158,2011-09-12 09:03:00,2011-11-30 16:19:00,2,453.4,1,Остальные
18159,2011-02-11 14:26:00,2011-02-11 14:26:00,1,530.15,293,Остальные
18160,2011-05-23 13:41:00,2011-10-13 15:50:00,2,638.06,49,Остальные
18161,2011-01-24 11:56:00,2011-11-24 16:40:00,5,1618.69,7,Активные ценные
18164,2011-11-02 12:56:00,2011-11-02 12:56:00,1,399.65000000000003,29,Недавние однократные
18165,2011-06-15 13:23:00,2011-06-15 13:23:00,1,302.46000000000004,169,Остальные
18167,2011-08-26 11:40:00,2011-11-16 15:56:00,3,1384.8600000000001,15,Активные повторные
18168,2010-12-02 18:08:00,2011-06-16 19:21:00,6,1169.94,168,Давно не покупавшие повторные
18169,2011-10-10 12:18:00,2011-10-10 12:18:00,1,202.65,52,Остальные
18170,2011-05-06 15:13:00,2011-11-06 14:35:00,3,980.31,25,Активные повторные
18171,2011-01-10 09:55:00,2011-10-12 09:13:00,5,1231.31,50,Активные повторные
18172,2011-02-23 10:44:00,2011-11-25 11:12:00,20,7561.68,6,Активные ценные
18173,2011-03-10 11:56:00,2011-09-14 11:26:00,4,2106.84,78,Остальные
18176,2010-12-16 15:45:00,2010-12-16 15:45:00,1,476.35,350,Остальные
18177,2011-03-29 08:46:00,2011-11-08 14:44:00,6,1341.42,23,Активные повторные
18178,2010-12-10 12:42:00,2011-08-03 09:30:00,4,1590.81,120,Давно не покупавшие повторные
18179,2011-01-07 14:22:00,2011-11-30 16:23:00,6,1793.17,1,Активные ценные
18180,2011-07-20 08:59:00,2011-10-11 11:38:00,5,1533.02,51,Активные повторные
18181,2011-11-15 15:08:00,2011-11-15 15:08:00,1,382.8,16,Недавние однократные
18183,2011-03-10 10:08:00,2011-04-26 15:26:00,2,632.07,219,Давно не покупавшие повторные
18184,2011-11-24 15:28:00,2011-11-24 15:28:00,1,49.8,7,Недавние однократные
18185,2011-04-04 13:42:00,2011-04-04 13:42:00,1,304.25,241,Остальные
18188,2011-02-22 14:43:00,2011-11-24 16:46:00,3,2001.04,7,Активные ценные
18189,2011-03-17 09:49:00,2011-09-23 12:40:00,2,1090.24,69,Остальные
18190,2011-01-13 10:35:00,2011-05-31 14:48:00,2,284.46000000000004,184,Давно не покупавшие повторные
18191,2011-03-23 12:08:00,2011-03-23 12:08:00,1,207.79999999999998,253,Остальные
18192,2011-09-29 09:53:00,2011-09-29 09:53:00,1,957.97,63,Остальные
18193,2011-06-27 13:58:00,2011-06-27 13:58:00,1,243.76,157,Остальные
18194,2011-09-18 13:29:00,2011-09-18 13:29:00,1,973.8399999999999,74,Остальные
18196,2011-02-22 16:13:00,2011-09-05 16:22:00,2,689.13,87,Остальные
18198,2011-01-07 13:39:00,2011-11-08 15:35:00,16,5107.110000000001,23,Активные ценные
18200,2011-08-25 18:45:00,2011-08-25 18:45:00,1,163.8,98,Остальные
18202,2011-02-01 13:36:00,2011-05-24 12:12:00,3,1396.99,191,Давно не покупавшие повторные
18203,2011-07-05 13:07:00,2011-07-05 13:07:00,1,160.42,149,Остальные
18204,2011-05-31 15:26:00,2011-09-29 16:44:00,3,1993.6999999999998,63,Остальные
18205,2011-09-26 12:02:00,2011-11-03 13:22:00,2,517.36,28,Остальные
18209,2011-11-11 12:07:00,2011-11-11 12:07:00,1,139.10000000000002,20,Недавние однократные
18210,2011-03-17 16:58:00,2011-11-30 08:43:00,5,2443.4800000000005,1,Активные ценные
18211,2011-03-06 12:09:00,2011-11-14 08:10:00,5,600.07,17,Активные повторные
18212,2011-01-17 16:14:00,2011-01-17 16:14:00,1,248.42,318,Остальные
18213,2011-04-17 10:21:00,2011-04-17 10:21:00,1,232.48000000000002,228,Остальные
18215,2011-09-11 16:05:00,2011-09-11 16:05:00,1,299.34000000000003,81,Остальные
18216,2011-11-08 16:55:00,2011-11-08 16:55:00,1,481.75,23,Недавние однократные
18217,2011-09-30 10:44:00,2011-11-10 13:18:00,2,621.75,21,Остальные
18218,2011-03-03 12:24:00,2011-05-12 12:53:00,2,662.0799999999999,203,Давно не покупавшие повторные
18219,2010-12-06 10:05:00,2011-10-27 18:02:00,9,1827.4,35,Активные повторные
18220,2011-04-27 09:03:00,2011-04-27 09:03:00,1,305.28000000000003,218,Остальные
18221,2011-05-12 14:13:00,2011-11-17 14:40:00,5,1041.6100000000001,14,Активные повторные
18222,2011-09-08 10:45:00,2011-09-08 10:45:00,1,443.0,84,Остальные
18223,2010-12-16 16:42:00,2011-10-31 09:48:00,13,5905.82,31,Активные повторные
18224,2011-03-21 10:30:00,2011-03-21 10:30:00,1,158.95000000000002,255,Остальные
18225,2010-12-09 15:46:00,2011-11-18 13:16:00,11,5178.84,13,Активные ценные
18226,2011-01-06 09:00:00,2011-10-26 13:36:00,11,5228.05,36,Активные повторные
18227,2011-05-06 12:23:00,2011-05-06 12:23:00,1,93.75,209,Остальные
18228,2011-09-21 10:48:00,2011-10-14 09:21:00,2,779.9,48,Остальные
18229,2010-12-01 16:25:00,2011-11-28 09:48:00,20,7276.9,3,Активные ценные
18230,2011-02-10 13:06:00,2011-11-30 13:22:00,7,2810.2000000000003,1,Активные ценные
18231,2011-02-24 09:08:00,2011-05-31 14:18:00,5,2083.27,184,Давно не покупавшие повторные
18232,2011-05-26 16:30:00,2011-09-19 11:49:00,4,592.97,73,Остальные
18233,2011-01-18 08:44:00,2011-01-18 08:44:00,1,440.0,317,Остальные
18235,2011-05-06 13:35:00,2011-09-29 08:27:00,3,1796.48,63,Остальные
18236,2011-04-13 09:52:00,2011-11-10 08:06:00,6,882.24,21,Активные повторные
18237,2011-07-28 13:05:00,2011-10-05 13:33:00,4,861.3499999999999,57,Активные повторные
18239,2010-12-02 17:48:00,2011-05-05 12:38:00,5,1561.6100000000001,210,Давно не покупавшие повторные
18240,2011-10-24 13:06:00,2011-10-24 13:06:00,1,422.58,38,Остальные
18241,2011-05-06 09:22:00,2011-11-30 12:10:00,17,2073.09,1,Активные ценные
18242,2011-05-10 11:20:00,2011-09-28 13:43:00,4,2232.49,64,Остальные
18245,2010-12-19 14:58:00,2011-07-13 14:29:00,6,1672.81,141,Давно не покупавшие повторные
18246,2011-04-20 13:55:00,2011-11-16 11:49:00,2,596.1,15,Остальные
18248,2011-06-06 13:18:00,2011-08-09 10:19:00,2,804.02,114,Давно не покупавшие повторные
18249,2011-11-22 15:07:00,2011-11-22 15:07:00,1,95.34,9,Недавние однократные
18250,2011-02-02 13:16:00,2011-02-02 13:16:00,1,349.27,302,Остальные
18251,2011-09-13 15:03:00,2011-09-13 15:03:00,1,4314.72,79,Остальные
18252,2011-06-21 11:47:00,2011-10-20 12:43:00,2,526.67,42,Остальные
18255,2011-09-11 13:16:00,2011-09-11 13:16:00,1,103.3,81,Остальные
18257,2011-02-16 15:13:00,2011-10-31 14:48:00,8,2337.6299999999997,31,Активные повторные
18259,2010-12-08 13:38:00,2011-11-15 12:34:00,3,2338.6000000000004,16,Активные ценные
18260,2010-12-16 18:23:00,2011-06-20 12:37:00,6,2643.2000000000003,164,Давно не покупавшие повторные
18261,2011-09-05 09:34:00,2011-10-27 15:36:00,2,324.24,35,Остальные
18262,2011-07-22 16:04:00,2011-07-22 16:04:00,1,149.48,132,Остальные
18263,2011-04-01 11:48:00,2011-11-14 09:00:00,3,1213.1599999999999,17,Активные повторные
18265,2011-07-04 15:26:00,2011-09-28 14:10:00,2,801.51,64,Остальные
18268,2011-07-28 19:13:00,2011-07-28 19:13:00,1,25.5,126,Остальные
18269,2010-12-08 13:53:00,2010-12-08 13:53:00,1,168.6,358,Остальные
18270,2011-03-18 12:41:00,2011-11-01 13:57:00,2,283.15000000000003,30,Остальные
18272,2011-04-07 09:35:00,2011-10-25 11:52:00,5,2710.7,37,Активные повторные
18273,2011-03-27 11:22:00,2011-09-05 11:27:00,2,153.0,87,Остальные
18274,2011-11-09 17:03:00,2011-11-09 17:03:00,1,175.92,22,Недавние однократные
18276,2011-10-27 10:54:00,2011-10-27 10:54:00,1,335.86,35,Остальные
18277,2011-10-12 15:22:00,2011-10-12 15:22:00,1,110.38,50,Остальные
18278,2011-09-27 11:58:00,2011-09-27 11:58:00,1,173.9,65,Остальные
18280,2011-03-07 09:52:00,2011-03-07 09:52:00,1,180.60000000000002,269,Остальные
18281,2011-06-12 10:53:00,2011-06-12 10:53:00,1,80.82,172,Остальные
18282,2011-08-05 13:35:00,2011-08-05 13:35:00,1,100.21,118,Остальные
18283,2011-01-06 14:14:00,2011-11-30 12:59:00,15,1880.93,1,Активные ценные
18287,2011-05-22 10:39:00,2011-10-28 09:29:00,3,1837.28,34,Активные повторные
