customer_id,recency_days_base,frequency_base,monetary_gbp_base,segment_base,recency_days_dedup,frequency_dedup,monetary_gbp_dedup,segment_dedup
12346,317,1,77183.6,Остальные,317,1,77183.6,Остальные
12347,31,6,4085.18,Активные повторные,31,6,4085.18,Активные повторные
12348,67,4,1437.24,Остальные,67,4,1437.24,Остальные
12349,10,1,1457.55,Недавние однократные,10,1,1457.55,Недавние однократные
12350,302,1,294.4,Остальные,302,1,294.4,Остальные
12352,28,7,1385.74,Активные повторные,28,7,1385.74,Активные повторные
12353,196,1,89.0,Остальные,196,1,89.0,Остальные
12354,224,1,1079.4,Остальные,224,1,1079.4,Остальные
12355,206,1,459.4,Остальные,206,1,459.4,Остальные
12356,14,3,2487.43,Активные ценные,14,3,2487.43,Активные ценные
12357,25,1,6207.67,Недавние однократные,25,1,6207.67,Недавние однократные
12358,142,1,404.86,Остальные,142,1,404.86,Остальные
12359,49,4,6372.58,Активные повторные,49,4,6310.03,Активные повторные
12360,44,3,2302.06,Активные повторные,44,3,2302.06,Активные повторные
12361,279,1,174.9,Остальные,279,1,174.9,Остальные
12362,27,9,4262.19,Активные ценные,27,9,4262.19,Активные ценные
12363,101,2,552.0,Давно не покупавшие повторные,101,2,552.0,Давно не покупавшие повторные
12364,32,3,912.78,Активные повторные,32,3,912.78,Активные повторные
12365,283,1,320.69,Остальные,283,1,320.69,Остальные
12370,43,4,3425.69,Активные повторные,43,4,3421.9399999999996,Активные повторные
12371,51,1,1527.96,Остальные,51,1,1527.96,Остальные
12372,63,3,1196.04,Остальные,63,3,1196.04,Остальные
12373,303,1,324.6,Остальные,303,1,324.6,Остальные
12374,17,1,622.9300000000001,Недавние однократные,17,1,622.93,Недавние однократные
12375,2,2,377.5,Остальные,2,2,377.5,Остальные
12377,307,2,1548.12,Давно не покупавшие повторные,307,2,1548.12,Давно не покупавшие повторные
12378,121,1,4008.62,Остальные,121,1,4008.62,Остальные
12379,73,2,777.24,Остальные,73,2,777.24,Остальные
12380,13,4,2427.81,Активные ценные,13,4,2427.81,Активные ценные
12381,25,2,1367.8,Остальные,25,2,1367.8,Остальные
12383,176,5,1628.56,Давно не покупавшие повторные,176,5,1628.56,Давно не покупавшие повторные
12384,20,2,425.27,Остальные,20,2,425.27,Остальные
12386,329,2,401.9,Давно не покупавшие повторные,329,2,401.9,Давно не покупавшие повторные
12388,7,6,2780.6600000000003,Активные ценные,7,6,2780.66,Активные ценные
12390,71,1,504.84000000000003,Остальные,71,1,504.84000000000003,Остальные
12391,13,1,460.89,Недавние однократные,13,1,439.66,Недавние однократные
12393,64,4,1582.6,Остальные,64,4,1582.6,Остальные
12394,55,2,1080.48,Остальные,55,2,1080.48,Остальные
12395,11,12,2682.63,Активные ценные,11,12,2682.63,Активные ценные
12397,27,2,2214.8999999999996,Остальные,27,2,2214.8999999999996,Остальные
12398,37,1,1435.66,Остальные,37,1,1435.66,Остальные
12399,111,4,1033.65,Давно не покупавшие повторные,111,4,1033.65,Давно не покупавшие повторные
12401,295,1,69.3,Остальные,295,1,69.3,Остальные
12402,315,1,195.6,Остальные,315,1,195.6,Остальные
12403,41,1,391.7,Остальные,41,1,391.7,Остальные
12405,140,1,1390.39,Остальные,140,1,1390.39,Остальные
12406,14,2,3415.3,Остальные,14,2,3415.3,Остальные
12407,41,5,1507.12,Активные повторные,41,5,1507.12,Активные повторные
12408,24,5,2618.55,Активные ценные,24,5,2618.55,Активные ценные
12409,70,3,11072.67,Остальные,70,3,11072.67,Остальные
12410,300,2,533.3299999999999,Давно не покупавшие повторные,300,2,533.3299999999999,Давно не покупавшие повторные
12412,66,3,1142.88,Остальные,66,3,1142.88,Остальные
12413,58,3,686.1,Активные повторные,58,3,686.1,Активные повторные
12414,209,3,442.40999999999997,Давно не покупавшие повторные,209,3,442.40999999999997,Давно не покупавшие повторные
12415,16,20,124564.53,Активные ценные,16,20,124564.53,Активные ценные
12417,31,8,2901.37,Активные повторные,31,8,2901.37,Активные повторные
12418,104,1,668.58,Остальные,104,1,668.58,Остальные
12420,55,1,600.39,Остальные,55,1,600.39,Остальные
12421,7,4,639.04,Активные повторные,7,4,639.04,Активные повторные
12422,87,3,683.56,Остальные,87,3,683.56,Остальные
12423,92,7,1440.67,Давно не покупавшие повторные,92,7,1440.67,Давно не покупавшие повторные
12424,154,2,1760.96,Давно не покупавшие повторные,154,2,1760.9600000000003,Давно не покупавшие повторные
12425,70,1,777.2,Остальные,70,1,777.2,Остальные
12426,186,1,510.73,Остальные,186,1,510.73,Остальные
12427,13,3,699.8,Активные повторные,13,3,699.8,Активные повторные
12428,17,8,6405.26,Активные ценные,17,8,6405.26,Активные ценные
12429,1,4,3388.4,Активные ценные,1,4,3388.4,Активные ценные
12430,35,1,216.4,Остальные,35,1,216.4,Остальные
12431,27,15,6382.45,Активные ценные,27,15,6314.95,Активные ценные
12432,34,4,4359.32,Активные повторные,34,4,4359.32,Активные повторные
12433,1,5,10737.18,Активные ценные,1,5,10737.18,Активные ценные
12434,76,2,806.14,Остальные,76,2,806.14,Остальные
12435,71,2,7829.89,Остальные,71,2,7829.89,Остальные
12436,91,1,429.01000000000005,Остальные,91,1,429.01000000000005,Остальные
12437,1,17,4335.51,Активные ценные,1,17,4335.51,Активные ценные
12438,6,2,2466.85,Остальные,6,2,2466.85,Остальные
12441,358,1,155.55,Остальные,358,1,155.55,Остальные
12444,13,5,4085.46,Активные ценные,13,5,4085.46,Активные ценные
12445,14,1,77.4,Недавние однократные,14,1,77.4,Недавние однократные
12446,49,1,1002.3100000000001,Остальные,49,1,1002.3100000000001,Остальные
12447,235,1,431.49,Остальные,235,1,431.49,Остальные
12448,36,1,365.45,Остальные,36,1,365.45,Остальные
12449,14,4,3596.29,Активные ценные,14,4,3596.29,Активные ценные
12450,148,2,197.88,Давно не покупавшие повторные,148,2,197.88,Давно не покупавшие повторные
12451,2,5,8995.52,Активные ценные,2,5,8995.52,Активные ценные
12452,8,1,348.57,Недавние однократные,8,1,348.57,Недавние однократные
12453,126,1,707.09,Остальные,126,1,707.09,Остальные
12454,48,1,3528.34,Остальные,48,1,3528.34,Остальные
12455,65,5,2339.86,Остальные,65,5,2339.86,Остальные
12456,36,3,2581.04,Активные повторные,36,3,2581.04,Активные повторные
12457,58,6,2043.23,Активные повторные,58,6,2043.23,Активные повторные
12458,63,2,787.4000000000001,Остальные,63,2,787.4000000000001,Остальные
12461,146,1,626.88,Остальные,146,1,626.88,Остальные
12462,10,2,937.5899999999999,Остальные,10,2,937.5899999999999,Остальные
12463,45,4,1200.78,Активные повторные,45,4,1200.78,Активные повторные
12464,2,8,957.05,Активные повторные,2,8,957.05,Активные повторные
12465,9,2,682.19,Остальные,9,2,682.19,Остальные
12468,179,2,657.5400000000001,Давно не покупавшие повторные,179,2,657.5400000000001,Давно не покупавшие повторные
12471,2,26,15425.539999999999,Активные ценные,2,26,15390.14,Активные ценные
12472,24,7,6068.110000000001,Активные ценные,24,7,6068.110000000001,Активные ценные
12473,45,3,2596.23,Активные повторные,45,3,2585.73,Активные повторные
12474,9,18,6745.79,Активные ценные,9,18,6694.09,Активные ценные
12475,45,1,669.38,Остальные,45,1,669.38,Остальные
12476,7,11,5898.42,Активные ценные,7,11,5898.42,Активные ценные
12477,14,6,13219.739999999998,Активные ценные,14,6,13219.74,Активные ценные
12479,3,1,473.2,Недавние однократные,3,1,473.2,Недавние однократные
12480,20,4,2885.63,Активные ценные,20,4,2885.63,Активные ценные
12481,14,10,5020.32,Активные ценные,14,10,5003.820000000001,Активные ценные
12483,9,8,1910.98,Активные ценные,9,8,1910.98,Активные ценные
12484,27,4,3953.7200000000003,Активные ценные,27,4,3939.32,Активные ценные
12488,1,3,1244.66,Активные повторные,1,3,1244.66,Активные повторные
12489,328,1,298.93,Остальные,328,1,298.93,Остальные
12490,9,9,4451.63,Активные ценные,9,9,4451.63,Активные ценные
12491,30,1,424.40000000000003,Недавние однократные,30,1,424.40000000000003,Недавние однократные
12492,55,2,227.21,Остальные,55,2,227.21000000000004,Остальные
12493,157,2,379.74,Давно не покупавшие повторные,157,2,379.74,Давно не покупавшие повторные
12494,7,7,1084.1000000000001,Активные повторные,7,7,1084.1000000000001,Активные повторные
12497,73,1,953.1,Остальные,73,1,953.1,Остальные
12498,13,3,349.70000000000005,Активные повторные,13,3,349.70000000000005,Активные повторные
12500,15,11,4059.82,Активные ценные,15,11,4059.82,Активные ценные
12501,328,1,2025.39,Остальные,328,1,2025.39,Остальные
12502,87,5,2995.87,Остальные,87,5,2995.87,Остальные
12504,10,2,428.04999999999995,Остальные,10,2,428.04999999999995,Остальные
12506,224,1,73.5,Остальные,224,1,73.5,Остальные
12507,126,3,1052.81,Давно не покупавшие повторные,126,3,1052.81,Давно не покупавшие повторные
12508,18,2,398.27,Остальные,18,2,397.88,Остальные
12509,276,1,158.5,Остальные,276,1,158.5,Остальные
12510,134,2,814.5699999999999,Давно не покупавшие повторные,134,2,814.5699999999999,Давно не покупавшие повторные
12512,58,2,138.03,Остальные,58,2,132.18,Остальные
12513,104,1,558.29,Остальные,104,1,558.29,Остальные
12514,259,1,1017.68,Остальные,259,1,1017.68,Остальные
12515,345,1,278.7,Остальные,345,1,278.7,Остальные
12516,69,2,1186.06,Остальные,69,2,1186.06,Остальные
12517,20,4,2322.84,Активные ценные,20,4,2301.6,Активные ценные
12518,20,4,1537.75,Активные повторные,20,4,1537.75,Активные повторные
12519,55,1,286.84,Остальные,55,1,276.84,Остальные
12520,71,5,2346.26,Остальные,71,5,2346.26,Остальные
12521,134,1,545.68,Остальные,134,1,545.68,Остальные
12522,31,2,156.72,Остальные,31,2,156.72,Остальные
12523,11,11,1699.77,Активные ценные,11,11,1699.77,Активные ценные
12524,1,8,3945.72,Активные ценные,1,8,3945.72,Активные ценные
12526,45,2,931.58,Остальные,45,2,931.58,Остальные
12527,73,3,330.71000000000004,Остальные,73,3,330.71000000000004,Остальные
12528,1,6,1645.48,Активные ценные,1,6,1645.48,Активные ценные
12530,51,4,1500.28,Активные повторные,51,4,1500.2800000000002,Активные повторные
12531,6,1,125.22,Недавние однократные,6,1,125.22,Недавние однократные
12532,22,1,313.83000000000004,Недавние однократные,22,1,313.83000000000004,Недавние однократные
12534,122,1,981.18,Остальные,122,1,981.18,Остальные
12535,83,2,716.3499999999999,Остальные,83,2,716.3499999999999,Остальные
12536,51,1,4279.71,Остальные,51,1,4279.71,Остальные
12538,21,1,363.95,Недавние однократные,21,1,363.95,Недавние однократные
12539,14,4,5568.35,Активные ценные,14,4,5568.35,Активные ценные
12540,11,17,11580.24,Активные ценные,11,17,11580.24,Активные ценные
12541,21,3,841.1800000000001,Активные повторные,21,3,841.1800000000001,Активные повторные
12544,28,1,316.7,Недавние однократные,28,1,316.7,Недавние однократные
12545,67,2,832.39,Остальные,67,2,832.39,Остальные
12546,38,2,1021.5,Остальные,38,2,1021.5,Остальные
12547,189,2,151.8,Давно не покупавшие повторные,189,2,151.8,Давно не покупавшие повторные
12548,158,1,67.19999999999999,Остальные,158,1,67.19999999999999,Остальные
12550,71,1,824.83,Остальные,71,1,824.83,Остальные
12551,349,1,168.0,Остальные,349,1,168.0,Остальные
12552,31,1,317.82,Остальные,31,1,317.82,Остальные
12553,17,9,3019.26,Активные ценные,17,9,3019.26,Активные ценные
12556,42,2,603.71,Остальные,42,2,599.56,Остальные
12557,8,5,11990.960000000001,Активные ценные,8,5,11990.960000000001,Активные ценные
12559,302,2,525.71,Давно не покупавшие повторные,302,2,525.71,Давно не покупавшие повторные
12560,135,1,1292.31,Остальные,135,1,1292.31,Остальные
12561,294,1,238.85,Остальные,294,1,238.85,Остальные
12562,14,6,2785.37,Активные ценные,14,6,2785.37,Активные ценные
12564,253,1,402.9,Остальные,253,1,402.9,Остальные
12565,280,1,145.92,Остальные,280,1,145.92,Остальные
12566,78,1,297.65,Остальные,78,1,297.65,Остальные
12567,14,10,8609.28,Активные ценные,14,10,8609.28,Активные ценные
12569,8,26,2673.67,Активные ценные,8,26,2673.67,Активные ценные
12571,31,2,519.61,Остальные,31,2,519.61,Остальные
12572,43,1,478.74,Остальные,43,1,478.74,Остальные
12573,219,1,160.54,Остальные,219,1,160.54000000000002,Остальные
12574,307,1,182.45000000000002,Остальные,307,1,182.45000000000002,Остальные
12576,27,5,1315.83,Активные повторные,27,5,1315.83,Активные повторные
12577,27,3,653.8499999999999,Активные повторные,27,3,622.65,Активные повторные
12578,13,2,2402.51,Остальные,13,2,2402.51,Остальные
12579,70,1,386.42,Остальные,70,1,386.42,Остальные
12580,238,1,379.7,Остальные,238,1,379.7,Остальные
12581,31,1,179.71,Остальные,31,1,179.71,Остальные
12582,230,2,351.36,Давно не покупавшие повторные,230,2,351.36,Давно не покупавшие повторные
12583,10,14,6064.61,Активные ценные,10,14,6064.61,Активные ценные
12584,9,8,2053.7,Активные ценные,9,8,2053.7,Активные ценные
12585,226,2,1824.1,Давно не покупавшие повторные,226,2,1824.1,Давно не покупавшие повторные
12586,9,1,196.94000000000003,Недавние однократные,9,1,196.94000000000003,Недавние однократные
12588,31,1,174.89999999999998,Остальные,31,1,174.89999999999998,Остальные
12589,20,2,574.6800000000001,Остальные,20,2,574.6800000000001,Остальные
12590,203,1,9341.26,Остальные,203,1,9341.26,Остальные
12591,309,1,368.85,Остальные,309,1,368.85,Остальные
12592,84,2,401.6,Остальные,84,2,401.6,Остальные
12593,100,3,382.1,Давно не покупавшие повторные,100,3,382.1,Давно не покупавшие повторные
12594,29,9,3208.2200000000003,Активные ценные,29,9,3208.2200000000003,Активные ценные
12596,43,2,450.27,Остальные,43,2,450.27,Остальные
12597,11,4,3195.2200000000003,Активные ценные,11,4,3195.2200000000003,Активные ценные
12598,1,7,2807.08,Активные ценные,1,7,2807.08,Активные ценные
12599,21,7,888.58,Активные повторные,21,7,888.58,Активные повторные
12600,20,10,2311.04,Активные ценные,20,10,2311.04,Активные ценные
12601,181,5,487.06,Давно не покупавшие повторные,181,5,487.06,Давно не покупавшие повторные
12602,50,1,153.12,Остальные,50,1,153.12,Остальные
12603,13,1,613.1999999999999,Недавние однократные,13,1,613.1999999999999,Недавние однократные
12604,71,2,236.18,Остальные,71,2,236.18,Остальные
12607,52,1,1579.51,Остальные,52,1,1579.51,Остальные
12609,70,3,964.85,Остальные,70,3,964.85,Остальные
12610,14,4,1747.54,Активные ценные,14,4,1747.54,Активные ценные
12611,44,1,1193.32,Остальные,44,1,1193.32,Остальные
12612,66,1,668.0400000000001,Остальные,66,1,668.0400000000001,Остальные
12613,49,4,3092.38,Активные повторные,49,4,3092.38,Активные повторные
12614,269,1,315.6,Остальные,269,1,315.6,Остальные
12615,28,3,1706.3400000000001,Активные ценные,28,3,1706.3400000000001,Активные ценные
12616,87,2,641.3,Остальные,87,2,641.3,Остальные
12617,21,1,355.53,Недавние однократные,21,1,352.98,Недавние однократные
12618,13,1,137.31,Недавние однократные,13,1,137.31,Недавние однократные
12619,8,8,2945.56,Активные ценные,8,8,2945.56,Активные ценные
12620,6,3,1303.4099999999999,Активные повторные,6,3,1303.4099999999999,Активные повторные
12621,15,19,11313.47,Активные ценные,15,19,11313.47,Активные ценные
12622,224,1,162.1,Остальные,224,1,162.1,Остальные
12623,268,1,269.1,Остальные,268,1,269.1,Остальные
12624,98,2,569.13,Давно не покупавшие повторные,98,2,569.13,Давно не покупавшие повторные
12625,203,2,2413.8199999999997,Давно не покупавшие повторные,203,2,2413.8199999999997,Давно не покупавшие повторные
12626,15,9,5954.48,Активные ценные,15,9,5954.48,Активные ценные
12627,2,6,4082.5299999999997,Активные ценные,2,6,4082.5299999999997,Активные ценные
12628,25,2,535.21,Остальные,25,2,535.21,Остальные
12630,1,2,1030.88,Остальные,1,2,1030.88,Остальные
12631,49,1,480.5,Остальные,49,1,480.5,Остальные
12633,50,4,1929.98,Активные повторные,50,4,1929.98,Активные повторные
12635,81,2,1509.1799999999998,Остальные,81,2,1509.1799999999998,Остальные
12637,59,8,5823.900000000001,Активные повторные,59,8,5804.9,Активные повторные
12638,25,1,511.69,Недавние однократные,25,1,511.69,Недавние однократные
12639,230,1,366.1,Остальные,230,1,366.1,Остальные
12640,15,3,994.58,Активные повторные,15,3,994.58,Активные повторные
12641,107,1,145.9,Остальные,107,1,145.9,Остальные
12642,17,3,905.26,Активные повторные,17,3,905.26,Активные повторные
12643,120,6,3041.6400000000003,Давно не покупавшие повторные,120,6,3041.6400000000003,Давно не покупавшие повторные
12644,121,1,477.91,Остальные,121,1,477.91,Остальные
12645,25,4,1631.18,Активные ценные,25,4,1631.18,Активные ценные
12646,41,1,731.6899999999999,Остальные,41,1,731.6899999999999,Остальные
12647,14,12,3146.82,Активные ценные,14,12,3146.82,Активные ценные
12648,146,1,300.05,Остальные,146,1,300.05,Остальные
12649,99,3,569.51,Давно не покупавшие повторные,99,3,569.51,Давно не покупавшие повторные
12651,326,1,114.0,Остальные,326,1,114.0,Остальные
12652,323,1,793.98,Остальные,323,1,793.98,Остальные
12653,140,2,2209.85,Давно не покупавшие повторные,140,2,2209.85,Давно не покупавшие повторные
12654,2,5,529.98,Активные повторные,2,5,529.98,Активные повторные
12656,9,5,3619.17,Активные ценные,9,5,3619.17,Активные ценные
12657,3,4,1427.18,Активные повторные,3,4,1427.18,Активные повторные
12658,10,1,632.05,Недавние однократные,10,1,632.05,Недавние однократные
12659,21,1,73.68,Недавние однократные,21,1,73.68,Недавние однократные
12660,3,1,227.1,Недавние однократные,3,1,227.1,Недавние однократные
12662,15,10,3336.83,Активные ценные,15,10,3336.83,Активные ценные
12664,8,8,3581.88,Активные ценные,8,8,3581.88,Активные ценные
12665,316,1,45.0,Остальные,316,1,45.0,Остальные
12667,50,1,460.13,Остальные,50,1,460.13,Остальные
12668,3,4,3177.1499999999996,Активные ценные,3,4,3177.1499999999996,Активные ценные
12669,142,2,1427.73,Давно не покупавшие повторные,142,2,1427.73,Давно не покупавшие повторные
12670,2,5,2744.05,Активные ценные,2,5,2744.0499999999997,Активные ценные
12672,321,1,225.9,Остальные,321,1,225.89999999999998,Остальные
12673,318,1,220.9,Остальные,318,1,220.9,Остальные
12674,30,4,1844.6,Активные ценные,30,4,1844.6,Активные ценные
12676,16,6,1091.39,Активные повторные,16,6,1091.39,Активные повторные
12678,34,9,16331.460000000001,Активные повторные,34,9,16331.460000000001,Активные повторные
12679,50,4,951.02,Активные повторные,50,4,951.02,Активные повторные
12680,65,3,541.3599999999999,Остальные,65,3,541.3599999999999,Остальные
12681,6,22,12365.54,Активные ценные,6,22,12365.54,Активные ценные
12682,1,30,10445.59,Активные ценные,1,30,10437.19,Активные ценные
12683,42,13,6905.09,Активные повторные,42,13,6905.09,Активные повторные
12684,16,5,1912.23,Активные ценные,16,5,1912.23,Активные ценные
12685,20,6,2575.08,Активные ценные,20,6,2575.08,Активные ценные
12686,363,1,71.14,Остальные,363,1,71.14,Остальные
12688,105,1,4873.81,Остальные,105,1,4873.8099999999995,Остальные
12689,17,2,1139.6100000000001,Остальные,17,2,1139.61,Остальные
12690,197,1,335.01,Остальные,197,1,335.01,Остальные
12691,20,5,927.8,Активные повторные,20,5,927.8,Активные повторные
12693,119,4,711.9100000000001,Давно не покупавшие повторные,119,4,711.9100000000001,Давно не покупавшие повторные
12694,62,2,761.6700000000001,Остальные,62,2,761.6700000000001,Остальные
12695,58,3,497.0,Активные повторные,58,3,497.0,Активные повторные
12697,20,3,757.5899999999999,Активные повторные,20,3,757.5899999999999,Активные повторные
12700,57,3,3337.24,Активные повторные,57,3,3337.24,Активные повторные
12701,71,2,725.71,Остальные,71,2,725.71,Остальные
12702,11,1,201.0,Недавние однократные,11,1,201.0,Недавние однократные
12703,63,1,265.55,Остальные,63,1,265.55,Остальные
12704,14,7,1582.08,Активные ценные,14,7,1582.08,Активные ценные
12705,7,8,6382.29,Активные ценные,7,8,6382.29,Активные ценные
12707,283,1,603.42,Остальные,283,1,603.42,Остальные
12708,21,10,2442.91,Активные ценные,21,10,2442.91,Активные ценные
12709,7,15,9430.52,Активные ценные,7,15,9400.52,Активные ценные
12710,88,3,1023.0200000000001,Остальные,88,3,1023.0200000000001,Остальные
12712,20,13,3928.13,Активные ценные,20,13,3928.13,Активные ценные
12714,1,5,4294.860000000001,Активные ценные,1,5,4294.860000000001,Активные ценные
12715,98,1,273.86,Остальные,98,1,263.36,Остальные
12716,125,1,623.9,Остальные,125,1,623.9,Остальные
12717,143,2,830.98,Давно не покупавшие повторные,143,2,830.98,Давно не покупавшие повторные
12718,63,1,202.25,Остальные,63,1,202.25,Остальные
12719,57,1,247.60000000000002,Остальные,57,1,247.60000000000002,Остальные
12720,7,24,4823.26,Активные ценные,7,24,4823.26,Активные ценные
12721,23,6,2386.13,Активные ценные,23,6,2386.13,Активные ценные
12722,77,4,979.63,Остальные,77,4,979.63,Остальные
12723,8,4,647.79,Активные повторные,8,4,647.79,Активные повторные
12724,73,3,733.1700000000001,Остальные,73,3,733.1700000000001,Остальные
12725,363,1,371.8,Остальные,363,1,371.8,Остальные
12726,20,7,2411.1,Активные ценные,20,7,2411.1,Активные ценные
12727,2,7,3440.7,Активные ценные,2,7,3440.7,Активные ценные
12728,63,4,728.33,Остальные,63,4,728.3299999999999,Остальные
12729,105,1,417.01,Остальные,105,1,417.01,Остальные
12731,15,12,18751.91,Активные ценные,15,12,18751.91,Активные ценные
12732,171,1,218.26000000000002,Остальные,171,1,218.26000000000002,Остальные
12733,226,1,383.95,Остальные,226,1,383.95,Остальные
12734,344,1,110.39999999999999,Остальные,344,1,110.39999999999999,Остальные
12735,307,2,689.5699999999999,Давно не покупавшие повторные,307,2,689.5699999999999,Давно не покупавшие повторные
12736,324,1,144.0,Остальные,324,1,144.0,Остальные
12738,364,1,137.35,Остальные,364,1,137.35,Остальные
12739,91,1,975.54,Остальные,91,1,975.54,Остальные
12740,55,1,427.6,Остальные,55,1,427.6,Остальные
12743,126,2,546.4300000000001,Давно не покупавшие повторные,126,2,540.13,Давно не покупавшие повторные
12744,48,4,9120.39,Активные повторные,48,4,9120.39,Активные повторные
12747,14,10,3757.5099999999998,Активные ценные,14,10,3757.5099999999998,Активные ценные
12748,2,197,31247.9,Активные ценные,2,197,30652.63,Активные ценные
12749,14,4,3277.82,Активные ценные,14,4,3277.82,Активные ценные
12750,120,1,275.88,Остальные,120,1,275.88,Остальные
12752,73,1,4366.78,Остальные,73,1,4366.78,Остальные
12753,14,6,21429.39,Активные ценные,14,6,21429.39,Активные ценные
12754,227,3,3010.74,Давно не покупавшие повторные,227,3,3010.74,Давно не покупавшие повторные
12755,272,2,3811.95,Давно не покупавшие повторные,272,2,3811.95,Давно не покупавшие повторные
12756,78,1,112.08,Остальные,78,1,112.07999999999998,Остальные
12757,7,9,4199.2,Активные ценные,7,9,4176.75,Активные ценные
12758,108,2,2791.59,Давно не покупавшие повторные,108,2,2791.59,Давно не покупавшие повторные
12759,44,3,1411.44,Активные повторные,44,3,1411.44,Активные повторные
12762,17,1,405.59,Недавние однократные,17,1,405.59,Недавние однократные
12763,130,2,494.08,Давно не покупавшие повторные,130,2,494.08,Давно не покупавшие повторные
12764,308,1,1693.88,Остальные,308,1,1693.88,Остальные
12766,49,6,5851.2,Активные повторные,49,6,5851.2,Активные повторные
12769,230,1,1143.6,Остальные,230,1,1143.6,Остальные
12770,202,1,1351.45,Остальные,202,1,1351.45,Остальные
12772,51,1,752.47,Остальные,51,1,752.47,Остальные
12775,9,5,1281.04,Активные повторные,9,5,1281.04,Активные повторные
12778,11,6,693.23,Активные повторные,11,6,693.23,Активные повторные
12779,29,8,3981.36,Активные ценные,29,8,3981.3599999999997,Активные ценные
12781,55,2,786.74,Остальные,55,2,786.74,Остальные
12782,141,4,1714.67,Давно не покупавшие повторные,141,4,1714.67,Давно не покупавшие повторные
12783,24,3,1007.29,Активные повторные,24,3,1007.29,Активные повторные
12784,7,1,518.42,Недавние однократные,7,1,476.82,Недавние однократные
12785,356,1,255.95,Остальные,356,1,255.95,Остальные
12787,1,3,418.65999999999997,Активные повторные,1,3,418.65999999999997,Активные повторные
12789,57,1,76.85,Остальные,57,1,76.85,Остальные
12790,184,1,294.92,Остальные,184,1,294.92,Остальные
12791,365,1,177.60000000000002,Остальные,365,1,177.60000000000002,Остальные
12792,248,1,344.53999999999996,Остальные,248,1,344.53999999999996,Остальные
12793,326,2,461.48,Давно не покупавшие повторные,326,2,461.48,Давно не покупавшие повторные
12794,45,2,860.41,Остальные,45,2,860.41,Остальные
12795,10,1,318.48,Недавние однократные,10,1,318.48,Недавние однократные
12797,357,1,226.03,Остальные,357,1,226.03,Остальные
12798,2,3,6977.04,Активные ценные,2,3,6977.04,Активные ценные
12802,178,1,397.58,Остальные,178,1,397.58,Остальные
12808,28,3,455.65000000000003,Активные повторные,28,3,455.65000000000003,Активные повторные
12809,169,1,405.31,Остальные,169,1,405.31,Остальные
12811,253,2,458.85,Давно не покупавшие повторные,253,2,458.85,Давно не покупавшие повторные
12812,36,1,229.64000000000001,Остальные,36,1,229.64000000000001,Остальные
12814,93,1,85.92,Остальные,93,1,85.92,Остальные
12815,139,2,863.46,Давно не покупавшие повторные,139,2,863.46,Давно не покупавшие повторные
12816,87,2,452.20000000000005,Остальные,87,2,452.20000000000005,Остальные
12817,273,1,126.03999999999999,Остальные,273,1,126.03999999999999,Остальные
12818,253,1,1182.0800000000002,Остальные,253,1,1182.0800000000002,Остальные
12820,36,3,731.99,Активные повторные,36,3,731.99,Активные повторные
12821,206,1,92.72,Остальные,206,1,92.72,Остальные
12822,62,2,948.88,Остальные,62,2,948.88,Остальные
12823,66,5,1759.5,Остальные,66,5,1759.5,Остальные
12824,51,1,397.12,Остальные,51,1,397.12,Остальные
12826,21,6,1332.12,Активные повторные,21,6,1332.12,Активные повторные
12827,24,2,318.7,Остальные,24,2,318.7,Остальные
12828,57,4,661.31,Активные повторные,57,4,661.31,Активные повторные
12829,328,2,293.0,Давно не покупавшие повторные,328,2,293.0,Давно не покупавшие повторные
12830,29,6,6814.64,Активные ценные,29,6,6814.64,Активные ценные
12831,254,1,215.04999999999998,Остальные,254,1,215.05,Остальные
12832,24,2,383.03000000000003,Остальные,24,2,383.03000000000003,Остальные
12833,137,1,417.38,Остальные,137,1,417.38,Остальные
12834,274,1,312.38,Остальные,274,1,312.38,Остальные
12836,51,4,2612.86,Активные повторные,51,4,2610.36,Активные повторные
12837,165,1,134.1,Остальные,165,1,134.1,Остальные
12838,25,2,683.1300000000001,Остальные,25,2,671.95,Остальные
12839,3,13,4839.03,Активные ценные,3,13,4839.03,Активные ценные
12840,135,4,2726.77,Давно не покупавшие повторные,135,4,2726.77,Давно не покупавшие повторные
12841,6,23,3871.34,Активные ценные,6,23,3840.57,Активные ценные
12842,62,2,1118.99,Остальные,62,2,1118.99,Остальные
12843,57,8,1702.26,Активные повторные,57,8,1702.26,Активные повторные
12844,21,2,325.96000000000004,Остальные,21,2,325.96000000000004,Остальные
12845,259,4,354.09,Давно не покупавшие повторные,259,4,354.09,Давно не покупавшие повторные
12847,14,1,871.54,Недавние однократные,14,1,843.64,Недавние однократные
12849,23,2,1033.25,Остальные,23,2,992.6499999999999,Остальные
12851,88,1,135.18,Остальные,88,1,131.81,Остальные
12852,286,1,311.55,Остальные,286,1,311.55,Остальные
12853,126,6,1957.1000000000001,Давно не покупавшие повторные,126,6,1957.1,Давно не покупавшие повторные
12854,70,3,1324.5,Остальные,70,3,1316.25,Остальные
12855,364,1,38.1,Остальные,364,1,38.1,Остальные
12856,10,5,1966.83,Активные ценные,10,5,1957.68,Активные ценные
12857,202,2,1106.4,Давно не покупавшие повторные,202,2,1106.4,Давно не покупавшие повторные
12863,44,1,521.2,Остальные,44,1,521.2,Остальные
12864,130,1,147.12,Остальные,130,1,147.12,Остальные
12865,18,2,1568.23,Остальные,18,2,1568.23,Остальные
12866,275,1,499.12,Остальные,275,1,499.12,Остальные
12867,18,7,4036.82,Активные ценные,18,7,4009.34,Активные ценные
12868,177,6,1607.0600000000002,Давно не покупавшие повторные,177,6,1607.0600000000002,Давно не покупавшие повторные
12871,76,2,380.64,Остальные,76,2,380.64,Остальные
12872,318,2,599.97,Давно не покупавшие повторные,318,2,599.97,Давно не покупавшие повторные
12873,274,1,374.0,Остальные,274,1,374.0,Остальные
12875,135,2,343.2300000000001,Давно не покупавшие повторные,135,2,343.2300000000001,Давно не покупавшие повторные
12876,49,2,2053.02,Остальные,49,2,2053.02,Остальные
12877,16,11,1436.1100000000001,Активные повторные,16,11,1436.1100000000001,Активные повторные
12878,228,2,854.99,Давно не покупавшие повторные,228,2,854.99,Давно не покупавшие повторные
12879,36,3,573.22,Активные повторные,36,3,573.22,Активные повторные
12881,267,1,298.0,Остальные,267,1,298.0,Остальные
12882,1,2,1463.04,Остальные,1,2,1463.04,Остальные
12883,16,4,703.47,Активные повторные,16,4,703.47,Активные повторные
12884,80,1,309.05,Остальные,80,1,309.05,Остальные
12885,55,3,1175.22,Активные повторные,55,3,1175.22,Активные повторные
12886,59,2,1378.4,Остальные,59,2,1378.4,Остальные
12888,206,2,354.12,Давно не покупавшие повторные,206,2,354.12,Давно не покупавшие повторные
12890,16,1,380.46999999999997,Недавние однократные,16,1,376.71999999999997,Недавние однократные
12891,177,3,331.0,Давно не покупавшие повторные,177,3,331.0,Давно не покупавшие повторные
12893,22,1,188.14,Недавние однократные,22,1,176.55,Недавние однократные
12895,34,2,372.8,Остальные,34,2,372.8,Остальные
12897,196,2,216.5,Давно не покупавшие повторные,196,2,216.5,Давно не покупавшие повторные
12901,2,27,16874.54,Активные ценные,2,27,16874.54,Активные ценные
12902,256,1,138.68,Остальные,256,1,138.68,Остальные
12904,10,2,509.58,Остальные,10,2,496.06,Остальные
12906,3,5,2919.81,Активные ценные,3,5,2919.81,Активные ценные
12908,168,2,750.0,Давно не покупавшие повторные,168,2,750.0,Давно не покупавшие повторные
12909,31,5,2178.67,Активные повторные,31,5,2178.67,Активные повторные
12910,15,8,3075.04,Активные ценные,15,8,3075.04,Активные ценные
12912,6,3,858.0600000000001,Активные повторные,6,3,858.0600000000001,Активные повторные
12913,7,4,1948.5300000000002,Активные ценные,7,4,1948.5300000000002,Активные ценные
12915,140,2,363.65,Давно не покупавшие повторные,140,2,363.65,Давно не покупавшие повторные
12916,130,4,3006.15,Давно не покупавшие повторные,130,4,2944.95,Давно не покупавшие повторные
12917,120,1,594.0,Остальные,120,1,594.0,Остальные
12919,8,5,1047.29,Активные повторные,8,5,1047.29,Активные повторные
12920,9,1,164.23,Недавние однократные,9,1,162.78,Недавние однократные
12921,1,37,16587.09,Активные ценные,1,37,16587.09,Активные ценные
12922,153,1,405.38,Остальные,153,1,405.38,Остальные
12923,56,1,175.72,Остальные,56,1,171.57,Остальные
12924,80,4,925.75,Остальные,80,4,925.75,Остальные
12925,66,1,368.31,Остальные,66,1,368.31,Остальные
12928,27,5,2062.7,Активные ценные,27,5,2062.7,Активные ценные
12929,303,1,117.85,Остальные,303,1,117.85,Остальные
12930,70,2,415.8,Остальные,70,2,415.8,Остальные
12931,13,15,42055.96,Активные ценные,13,15,42055.96,Активные ценные
12933,16,3,607.53,Активные повторные,16,3,607.53,Активные повторные
12935,18,5,1816.92,Активные ценные,18,5,1816.92,Активные ценные
12936,9,4,1063.9,Активные повторные,9,4,1063.9,Активные повторные
12937,7,4,1504.27,Активные повторные,7,4,1504.27,Активные повторные
12938,17,1,114.14,Недавние однократные,17,1,114.14,Недавние однократные
12939,56,8,11581.8,Активные повторные,56,8,11581.8,Активные повторные
12940,46,2,913.54,Остальные,46,2,899.6899999999999,Остальные
12942,123,3,683.9,Давно не покупавшие повторные,123,3,675.6,Давно не покупавшие повторные
12944,27,2,604.51,Остальные,27,2,604.51,Остальные
12945,280,1,462.95,Остальные,280,1,462.95,Остальные
12947,135,6,1603.99,Давно не покупавшие повторные,135,6,1603.99,Давно не покупавшие повторные
12948,8,7,2064.95,Активные ценные,8,7,2064.95,Активные ценные
12949,22,8,4167.22,Активные ценные,22,8,4167.22,Активные ценные
12950,16,1,311.6,Недавние однократные,16,1,311.6,Недавние однократные
12951,165,5,751.78,Давно не покупавшие повторные,165,5,751.7800000000001,Давно не покупавшие повторные
12952,35,3,1090.06,Активные повторные,35,3,1090.06,Активные повторные
12953,1,1,329.85,Недавние однократные,1,1,329.85,Недавние однократные
12955,8,9,3949.9399999999996,Активные ценные,8,9,3949.9399999999996,Активные ценные
12956,298,1,108.07,Остальные,298,1,108.07,Остальные
12957,1,8,4017.54,Активные ценные,1,8,4017.54,Активные ценные
12962,105,1,170.54,Остальные,105,1,170.54000000000002,Остальные
12963,2,7,1591.98,Активные ценные,2,7,1591.98,Активные ценные
12965,81,1,771.91,Остальные,81,1,769.8100000000001,Остальные
12966,1,1,160.18,Недавние однократные,1,1,160.18,Недавние однократные
12967,350,2,1660.9,Давно не покупавшие повторные,350,2,1660.9,Давно не покупавшие повторные
12968,104,1,135.95,Остальные,104,1,135.95,Остальные
12970,314,2,23.799999999999997,Давно не покупавшие повторные,314,2,23.799999999999997,Давно не покупавшие повторные
12971,2,84,11028.01,Активные ценные,2,84,11028.01,Активные ценные
12974,189,1,144.8,Остальные,189,1,144.8,Остальные
12976,203,1,738.6,Остальные,203,1,738.6,Остальные
12977,148,1,39.24,Остальные,148,1,39.239999999999995,Остальные
12980,149,9,7374.900000000001,Давно не покупавшие повторные,149,9,7374.900000000001,Давно не покупавшие повторные
12981,21,2,372.22,Остальные,21,2,372.22,Остальные
12982,234,1,390.54,Остальные,234,1,390.54,Остальные
12984,10,1,97.5,Недавние однократные,10,1,97.5,Недавние однократные
12985,20,1,754.38,Недавние однократные,20,1,754.38,Недавние однократные
12987,65,2,558.7,Остальные,65,2,558.7,Остальные
12988,284,1,535.32,Остальные,284,1,505.82,Остальные
12989,13,13,6794.9800000000005,Активные ценные,13,13,6794.9800000000005,Активные ценные
12990,23,3,409.5,Активные повторные,23,3,409.5,Активные повторные
12991,15,2,503.76,Остальные,15,2,503.76,Остальные
12993,15,4,414.76,Активные повторные,15,4,414.76,Активные повторные
12994,112,2,645.47,Давно не покупавшие повторные,112,2,645.47,Давно не покупавшие повторные
12995,77,1,211.32,Остальные,77,1,211.32,Остальные
12997,14,4,1226.89,Активные повторные,14,4,1226.89,Активные повторные
12999,188,3,455.88,Давно не покупавшие повторные,188,3,455.88,Давно не покупавшие повторные
13000,98,3,534.85,Давно не покупавшие повторные,98,3,534.85,Давно не покупавшие повторные
13001,14,12,9227.810000000001,Активные ценные,14,12,9194.960000000001,Активные ценные
13002,310,1,120.94999999999999,Остальные,310,1,120.94999999999999,Остальные
13003,97,3,149.05,Давно не покупавшие повторные,97,3,149.05,Давно не покупавшие повторные
13004,3,18,5655.91,Активные ценные,3,18,5655.91,Активные ценные
13005,165,2,513.7,Давно не покупавшие повторные,165,2,513.7,Давно не покупавшие повторные
13006,48,1,81.57,Остальные,48,1,81.57,Остальные
13008,315,1,229.46999999999997,Остальные,315,1,229.46999999999997,Остальные
13011,364,1,50.550000000000004,Остальные,364,1,50.550000000000004,Остальные
13012,1,8,1661.8400000000001,Активные ценные,1,8,1646.8400000000001,Активные ценные
13013,13,12,4515.84,Активные ценные,13,12,4515.84,Активные ценные
13014,2,10,3466.2799999999997,Активные ценные,2,10,3466.2799999999997,Активные ценные
13015,45,5,3346.2799999999997,Активные повторные,45,5,3339.64,Активные повторные
13016,65,3,789.89,Остальные,65,3,789.89,Остальные
13018,8,28,7277.7,Активные ценные,8,28,7277.7,Активные ценные
13021,17,8,2310.9500000000003,Активные ценные,17,8,2310.9500000000003,Активные ценные
13023,56,2,599.9000000000001,Остальные,56,2,599.9000000000001,Остальные
13026,23,4,774.8399999999999,Активные повторные,23,4,774.8399999999999,Активные повторные
13027,105,6,6912.0,Давно не покупавшие повторные,105,6,6912.0,Давно не покупавшие повторные
13028,14,2,661.3199999999999,Остальные,14,2,661.3199999999999,Остальные
13029,22,3,1247.5,Активные повторные,22,3,1247.5,Активные повторные
13030,3,2,799.48,Остальные,3,2,752.44,Остальные
13032,44,2,1010.1800000000001,Остальные,44,2,1010.1800000000001,Остальные
13033,349,1,190.55,Остальные,349,1,190.55,Остальные
13034,46,2,642.77,Остальные,46,2,642.77,Остальные
13035,65,2,921.88,Остальные,65,2,921.88,Остальные
13037,130,3,881.07,Давно не покупавшие повторные,130,3,881.0699999999999,Давно не покупавшие повторные
13038,72,3,908.46,Остальные,72,3,908.46,Остальные
13040,25,1,303.25,Недавние однократные,25,1,303.25,Недавние однократные
13043,265,1,516.42,Остальные,265,1,516.42,Остальные
13044,283,1,560.47,Остальные,283,1,560.47,Остальные
13045,91,1,305.28000000000003,Остальные,91,1,305.28000000000003,Остальные
13046,22,2,629.3100000000001,Остальные,22,2,629.31,Остальные
13047,48,9,3232.59,Активные повторные,48,9,3232.59,Активные повторные
13048,6,4,1835.91,Активные ценные,6,4,1819.41,Активные ценные
13049,56,2,656.68,Остальные,56,2,656.6800000000001,Остальные
13050,6,17,5833.11,Активные ценные,6,17,5833.11,Активные ценные
13052,204,1,348.15000000000003,Остальные,204,1,348.15000000000003,Остальные
13055,70,3,1214.41,Остальные,70,3,1214.41,Остальные
13058,16,3,271.4,Активные повторные,16,3,271.4,Активные повторные
13059,241,1,183.4,Остальные,241,1,183.4,Остальные
13060,245,1,307.53,Остальные,245,1,307.53,Остальные
13061,64,1,248.61,Остальные,64,1,248.61,Остальные
13062,183,1,346.98,Остальные,183,1,346.98,Остальные
13064,4,4,1119.49,Активные повторные,4,4,1105.5900000000001,Активные повторные
13065,365,1,205.86,Остальные,365,1,205.86,Остальные
13066,16,2,470.8,Остальные,16,2,470.8,Остальные
13067,74,1,115.46000000000001,Остальные,74,1,115.46000000000001,Остальные
13068,2,2,344.0,Остальные,2,2,344.0,Остальные
13069,6,23,4155.88,Активные ценные,6,23,4151.2,Активные ценные
13070,184,1,228.8,Остальные,184,1,228.8,Остальные
13072,258,1,177.15,Остальные,258,1,177.15,Остальные
13075,121,1,919.61,Остальные,121,1,919.61,Остальные
13077,282,3,577.44,Давно не покупавшие повторные,282,3,576.19,Давно не покупавшие повторные
13078,2,25,11788.86,Активные ценные,2,25,11788.86,Активные ценные
13079,13,4,190.10000000000002,Активные повторные,13,4,190.10000000000002,Активные повторные
13080,171,1,58.08,Остальные,171,1,58.08,Остальные
13081,3,11,28337.38,Активные ценные,3,11,28337.38,Активные ценные
13082,118,9,3613.63,Давно не покупавшие повторные,118,9,3613.63,Давно не покупавшие повторные
13083,67,1,192.39,Остальные,67,1,192.39,Остальные
13085,149,2,416.08000000000004,Давно не покупавшие повторные,149,2,416.08000000000004,Давно не покупавшие повторные
13089,3,93,54144.21,Активные ценные,3,93,54080.46,Активные ценные
13090,11,12,8540.44,Активные ценные,11,12,8540.44,Активные ценные
13091,20,1,345.82,Недавние однократные,20,1,345.82,Недавние однократные
13092,62,5,477.83,Остальные,62,5,477.83,Остальные
13093,267,8,7832.47,Давно не покупавшие повторные,267,8,7832.47,Давно не покупавшие повторные
13094,13,12,1927.3200000000002,Активные ценные,13,12,1927.3200000000002,Активные ценные
13095,62,1,74.39999999999999,Остальные,62,1,74.39999999999999,Остальные
13097,24,10,6010.42,Активные ценные,24,10,6003.22,Активные ценные
13098,1,25,26516.68,Активные ценные,1,25,26516.68,Активные ценные
13099,91,1,207.35999999999999,Остальные,91,1,207.35999999999999,Остальные
13101,226,1,101.19,Остальные,226,1,101.19,Остальные
13102,15,22,5921.96,Активные ценные,15,22,5921.96,Активные ценные
13103,31,1,243.94,Остальные,31,1,243.94,Остальные
13104,38,5,759.0,Активные повторные,38,5,759.0,Активные повторные
13106,125,1,76.5,Остальные,125,1,76.5,Остальные
13107,36,4,1531.6200000000001,Активные повторные,36,4,1531.6200000000001,Активные повторные
13108,364,1,350.06,Остальные,364,1,350.06,Остальные
13109,51,2,786.54,Остальные,51,2,786.54,Остальные
13110,23,7,1488.67,Активные повторные,23,7,1488.67,Активные повторные
13113,6,23,11906.76,Активные ценные,6,23,11906.76,Активные ценные
13115,3,4,2294.78,Активные ценные,3,4,2294.78,Активные ценные
13116,130,1,501.14,Остальные,130,1,501.14,Остальные
13117,13,8,984.9100000000001,Активные повторные,13,8,984.91,Активные повторные
13118,11,5,1197.81,Активные повторные,11,5,1197.81,Активные повторные
13120,230,1,30.599999999999998,Остальные,230,1,30.599999999999998,Остальные
13121,261,1,283.73,Остальные,261,1,283.73,Остальные
13122,86,2,922.39,Остальные,86,2,922.39,Остальные
13124,81,3,3866.33,Остальные,81,3,3756.33,Остальные
13126,36,7,1730.2,Активные повторные,36,7,1730.2,Активные повторные
13127,69,1,259.17,Остальные,69,1,259.17,Остальные
13130,86,1,64.0,Остальные,86,1,64.0,Остальные
13131,15,3,1073.3,Активные повторные,15,3,1073.3,Активные повторные
13132,253,1,77.3,Остальные,253,1,77.3,Остальные
13133,265,2,109.80000000000001,Давно не покупавшие повторные,265,2,109.80000000000001,Давно не покупавшие повторные
13134,77,4,1793.58,Остальные,77,4,1793.58,Остальные
13135,188,1,3096.0,Остальные,188,1,3096.0,Остальные
13136,48,5,2607.6099999999997,Активные повторные,48,5,2607.6099999999997,Активные повторные
13137,2,8,3650.41,Активные ценные,2,8,3603.29,Активные ценные
13138,14,6,962.39,Активные повторные,14,6,962.39,Активные повторные
13139,8,7,5064.94,Активные ценные,8,7,5064.94,Активные ценные
13140,100,3,423.72,Давно не покупавшие повторные,100,3,422.47,Давно не покупавшие повторные
13141,76,5,2388.75,Остальные,76,5,2388.75,Остальные
13142,11,1,307.09,Недавние однократные,11,1,307.09,Недавние однократные
13144,324,1,110.95,Остальные,324,1,110.95,Остальные
13145,31,4,618.52,Активные повторные,31,4,618.52,Активные повторные
13146,18,1,228.91,Недавние однократные,18,1,228.91,Недавние однократные
13147,2,4,712.8000000000001,Активные повторные,2,4,712.8000000000001,Активные повторные
13148,21,12,3707.12,Активные ценные,21,12,3683.26,Активные ценные
13149,6,4,1676.06,Активные ценные,6,4,1676.06,Активные ценные
13151,287,1,1257.8700000000001,Остальные,287,1,1257.8700000000001,Остальные
13155,25,4,971.76,Активные повторные,25,4,971.76,Активные повторные
13157,41,4,1741.22,Активные повторные,41,4,1741.22,Активные повторные
13158,86,4,1201.06,Остальные,86,4,1201.06,Остальные
13159,42,3,1155.29,Активные повторные,42,3,1146.79,Активные повторные
13160,14,1,91.8,Недавние однократные,14,1,91.8,Недавние однократные
13161,305,1,112.75,Остальные,305,1,112.75,Остальные
13162,114,4,1688.29,Давно не покупавшие повторные,114,4,1688.29,Давно не покупавшие повторные
13165,38,2,1021.48,Остальные,38,2,1021.48,Остальные
13166,275,1,417.2,Остальные,275,1,417.2,Остальные
13167,10,4,779.3299999999999,Активные повторные,10,4,779.3299999999999,Активные повторные
13168,28,4,1319.19,Активные повторные,28,4,1299.5900000000001,Активные повторные
13169,55,2,712.88,Остальные,55,2,712.88,Остальные
13170,18,1,116.00999999999999,Недавние однократные,18,1,108.81,Недавние однократные
13171,13,3,468.40999999999997,Активные повторные,13,3,468.40999999999997,Активные повторные
13173,359,1,165.94,Остальные,359,1,165.94,Остальные
13174,8,3,2813.0299999999997,Активные ценные,8,3,2738.8199999999997,Активные ценные
13176,38,1,492.84,Остальные,38,1,481.49,Остальные
13177,56,1,282.45,Остальные,56,1,282.45,Остальные
13178,18,11,5725.47,Активные ценные,18,11,5725.47,Активные ценные
13182,37,1,121.18,Остальные,37,1,121.18,Остальные
13183,29,8,3528.7200000000003,Активные ценные,29,8,3528.7200000000003,Активные ценные
13184,6,10,1700.29,Активные ценные,6,10,1667.95,Активные ценные
13185,259,1,71.4,Остальные,259,1,71.4,Остальные
13186,31,3,1575.89,Активные повторные,31,3,1575.89,Активные повторные
13187,329,1,236.02,Остальные,329,1,236.02,Остальные
13188,3,1,114.60000000000001,Недавние однократные,3,1,114.60000000000001,Недавние однократные
13189,10,2,260.68,Остальные,10,2,260.68,Остальные
13192,87,2,911.94,Остальные,87,2,911.94,Остальные
13193,53,1,117.88,Остальные,53,1,112.08,Остальные
13194,127,1,60.7,Остальные,127,1,60.7,Остальные
13196,3,4,1797.78,Активные ценные,3,4,1797.78,Активные ценные
13198,2,6,3401.24,Активные ценные,2,6,3401.24,Активные ценные
13199,2,34,9160.3,Активные ценные,2,34,9160.3,Активные ценные
13200,11,4,870.09,Активные повторные,11,4,870.09,Активные повторные
13203,1,4,869.46,Активные повторные,1,4,869.46,Активные повторные
13207,7,2,250.26,Остальные,7,2,250.26000000000005,Остальные
13208,51,5,1199.42,Активные повторные,51,5,1193.17,Активные повторные
13209,22,8,5891.61,Активные ценные,22,8,5891.61,Активные ценные
13210,85,1,353.48,Остальные,85,1,353.48,Остальные
13211,2,3,1197.42,Активные повторные,2,3,1095.42,Активные повторные
13212,11,3,788.08,Активные повторные,11,3,786.83,Активные повторные
13213,48,5,1520.5800000000002,Активные повторные,48,5,1520.5800000000002,Активные повторные
13216,259,1,333.74,Остальные,259,1,333.74,Остальные
13217,114,3,533.98,Давно не покупавшие повторные,114,3,533.98,Давно не покупавшие повторные
13218,119,1,62.63999999999999,Остальные,119,1,62.63999999999999,Остальные
13220,70,4,819.29,Остальные,70,4,819.29,Остальные
13221,232,2,844.86,Давно не покупавшие повторные,232,2,844.86,Давно не покупавшие повторные
13223,192,2,163.20000000000002,Давно не покупавшие повторные,192,2,163.20000000000002,Давно не покупавшие повторные
13224,52,2,2152.95,Остальные,52,2,2152.95,Остальные
13225,52,6,5100.64,Активные повторные,52,6,5100.64,Активные повторные
13226,265,1,108.21,Остальные,265,1,108.21000000000001,Остальные
13227,193,1,257.7,Остальные,193,1,257.7,Остальные
13228,73,1,358.0,Остальные,73,1,358.0,Остальные
13229,217,1,160.95,Остальные,217,1,160.95,Остальные
13230,21,13,2409.71,Активные ценные,21,13,2364.92,Активные ценные
13232,4,7,1357.0,Активные повторные,4,7,1327.75,Активные повторные
13233,66,2,605.12,Остальные,66,2,605.12,Остальные
13235,204,1,1031.07,Остальные,204,1,1031.07,Остальные
13236,16,2,744.85,Остальные,16,2,744.85,Остальные
13238,9,4,700.73,Активные повторные,9,4,700.73,Активные повторные
13239,253,1,329.56,Остальные,253,1,329.56,Остальные
13240,88,4,648.7,Остальные,88,4,648.7,Остальные
13242,104,3,270.4,Давно не покупавшие повторные,104,3,270.4,Давно не покупавшие повторные
13243,195,1,600.07,Остальные,195,1,585.12,Остальные
13244,84,1,121.74,Остальные,84,1,121.74000000000001,Остальные
13245,42,1,430.5,Остальные,42,1,430.5,Остальные
13246,10,6,1987.3,Активные ценные,10,6,1961.52,Активные ценные
13247,9,4,501.12,Активные повторные,9,4,501.12,Активные повторные
13248,116,2,465.67999999999995,Давно не покупавшие повторные,116,2,465.67999999999995,Давно не покупавшие повторные
13249,84,3,711.4100000000001,Остальные,84,3,711.4100000000001,Остальные
13253,148,2,1030.3999999999999,Давно не покупавшие повторные,148,2,1030.4,Давно не покупавшие повторные
13255,1,2,399.51,Остальные,1,2,399.51,Остальные
13258,3,3,698.58,Активные повторные,3,3,672.83,Активные повторные
13259,53,1,292.32,Остальные,53,1,283.18,Остальные
13260,53,1,557.62,Остальные,53,1,557.62,Остальные
13261,260,2,944.1,Давно не покупавшие повторные,260,2,944.1,Давно не покупавшие повторные
13262,255,1,200.29,Остальные,255,1,200.29,Остальные
13263,3,32,7084.65,Активные ценные,3,32,7067.51,Активные ценные
13265,45,5,2107.6600000000003,Активные повторные,45,5,2092.6600000000003,Активные повторные
13266,3,12,3834.2599999999998,Активные ценные,3,12,3834.26,Активные ценные
13267,9,18,4220.29,Активные ценные,9,18,4220.29,Активные ценные
13268,9,10,3192.65,Активные ценные,9,10,3152.71,Активные ценные
13269,3,14,5012.55,Активные ценные,3,14,5009.599999999999,Активные ценные
13270,358,1,590.0,Остальные,358,1,590.0,Остальные
13271,29,1,217.38,Недавние однократные,29,1,211.49,Недавние однократные
13272,23,2,276.56,Остальные,23,2,276.56,Остальные
13273,105,1,138.98,Остальные,105,1,138.98,Остальные
13276,55,2,590.9300000000001,Остальные,55,2,590.9300000000001,Остальные
13277,7,4,258.4,Активные повторные,7,4,258.4,Активные повторные
13278,32,1,542.73,Остальные,32,1,542.73,Остальные
13279,70,1,137.75,Остальные,70,1,137.75,Остальные
13280,114,3,814.86,Давно не покупавшие повторные,114,3,798.46,Давно не покупавшие повторные
13282,10,3,1132.14,Активные повторные,10,3,1132.14,Активные повторные
13283,51,2,93.66,Остальные,51,2,93.66,Остальные
13284,322,1,201.19,Остальные,322,1,201.19,Остальные
13285,15,4,2709.12,Активные ценные,15,4,2709.12,Активные ценные
13291,147,1,361.11,Остальные,147,1,361.11,Остальные
13292,30,2,578.94,Остальные,30,2,578.94,Остальные
13294,181,2,873.74,Давно не покупавшие повторные,181,2,873.74,Давно не покупавшие повторные
13295,351,1,201.20000000000002,Остальные,351,1,201.20000000000002,Остальные
13296,129,1,87.4,Остальные,129,1,87.4,Остальные
13297,15,3,1766.33,Активные ценные,15,3,1766.33,Активные ценные
13299,260,1,142.5,Остальные,260,1,142.5,Остальные
13300,161,1,371.89,Остальные,161,1,371.89,Остальные
13301,95,4,600.19,Давно не покупавшие повторные,95,4,600.19,Давно не покупавшие повторные
13302,147,1,63.75,Остальные,147,1,63.75,Остальные
13304,343,1,300.42,Остальные,343,1,300.42,Остальные
13305,13,9,1787.6999999999998,Активные ценные,13,9,1787.6999999999998,Активные ценные
13307,112,1,15.0,Остальные,112,1,15.0,Остальные
13308,14,3,1385.51,Активные повторные,14,3,1385.51,Активные повторные
13309,37,4,1221.9099999999999,Активные повторные,37,4,1221.9099999999999,Активные повторные
13310,20,3,1132.03,Активные повторные,20,3,1132.03,Активные повторные
13311,142,1,490.11,Остальные,142,1,490.11,Остальные
13313,14,5,1555.3200000000002,Активные повторные,14,5,1555.3200000000002,Активные повторные
13314,55,2,589.47,Остальные,55,2,589.47,Остальные
13316,29,4,5977.73,Активные ценные,29,4,5732.93,Активные ценные
13317,58,6,2273.6800000000003,Активные повторные,58,6,2273.6800000000003,Активные повторные
13318,29,1,302.96,Недавние однократные,29,1,302.96,Недавние однократные
13319,9,25,10536.45,Активные ценные,9,25,10536.45,Активные ценные
13320,70,4,1548.7,Остальные,70,4,1532.2,Остальные
13321,64,2,567.36,Остальные,64,2,567.36,Остальные
13322,9,1,199.48000000000002,Недавние однократные,9,1,199.48000000000002,Недавние однократные
13323,13,3,355.3,Активные повторные,13,3,355.3,Активные повторные
13324,28,10,7121.95,Активные ценные,28,10,7121.95,Активные ценные
13325,73,1,675.3,Остальные,73,1,675.3,Остальные
13327,30,8,3627.77,Активные ценные,30,8,3627.77,Активные ценные
13328,308,1,1308.48,Остальные,308,1,1308.48,Остальные
13329,23,2,789.0,Остальные,23,2,789.0,Остальные
13330,84,3,1140.9299999999998,Остальные,84,3,1140.9299999999998,Остальные
13332,6,1,350.9,Недавние однократные,6,1,350.9,Недавние однократные
13334,74,3,3536.82,Остальные,74,3,3502.32,Остальные
13336,69,1,795.12,Остальные,69,1,795.12,Остальные
13338,149,1,437.02000000000004,Остальные,149,1,437.02,Остальные
13339,192,1,860.12,Остальные,192,1,860.12,Остальные
13340,37,7,10736.48,Активные повторные,37,7,10736.48,Активные повторные
13341,252,1,775.85,Остальные,252,1,775.85,Остальные
13343,169,1,303.43,Остальные,169,1,303.43,Остальные
13344,59,3,2543.7200000000003,Активные повторные,59,3,2511.69,Активные повторные
13345,279,1,339.5,Остальные,279,1,339.5,Остальные
13347,62,1,291.36,Остальные,62,1,291.36,Остальные
13348,56,1,233.76,Остальные,56,1,233.76,Остальные
13349,2,1,197.32,Недавние однократные,2,1,197.32,Недавние однократные
13350,8,2,879.1200000000001,Остальные,8,2,879.1200000000001,Остальные
13351,58,1,323.94,Остальные,58,1,323.94,Остальные
13352,52,1,347.97999999999996,Остальные,52,1,347.97999999999996,Остальные
13354,63,1,743.53,Остальные,63,1,743.53,Остальные
13355,114,1,674.7,Остальные,114,1,674.7,Остальные
13356,72,1,768.24,Остальные,72,1,768.24,Остальные
13357,249,1,609.95,Остальные,249,1,609.4,Остальные
13358,260,1,389.03000000000003,Остальные,260,1,389.03,Остальные
13359,55,1,389.56,Остальные,55,1,389.56,Остальные
13362,1,4,3090.7400000000002,Активные ценные,1,4,3090.7400000000002,Активные ценные
13363,9,2,892.5,Остальные,9,2,892.5,Остальные
13364,63,1,134.96,Остальные,63,1,134.95999999999998,Остальные
13365,25,2,2225.37,Остальные,25,2,2225.37,Остальные
13366,42,1,56.160000000000004,Остальные,42,1,56.160000000000004,Остальные
13368,248,2,573.4,Давно не покупавшие повторные,248,2,573.4,Давно не покупавшие повторные
13369,357,1,258.28000000000003,Остальные,357,1,258.28000000000003,Остальные
13370,363,1,754.87,Остальные,363,1,754.87,Остальные
13372,81,1,328.64,Остальные,81,1,328.64,Остальные
13373,52,3,3312.25,Активные повторные,52,3,3312.25,Активные повторные
13375,80,1,778.65,Остальные,80,1,778.65,Остальные
13376,91,3,869.76,Давно не покупавшие повторные,91,3,869.76,Давно не покупавшие повторные
13379,18,3,572.56,Активные повторные,18,3,572.56,Активные повторные
13381,23,6,3639.31,Активные ценные,23,6,3639.31,Активные ценные
13382,272,1,222.99,Остальные,272,1,222.99,Остальные
13384,22,7,4151.93,Активные ценные,22,7,4151.93,Активные ценные
13385,321,1,534.57,Остальные,321,1,534.57,Остальные
13388,123,2,677.0999999999999,Давно не покупавшие повторные,123,2,677.0999999999999,Давно не покупавшие повторные
13389,3,3,797.96,Активные повторные,3,3,797.96,Активные повторные
13390,66,1,544.08,Остальные,66,1,544.08,Остальные
13391,195,1,59.8,Остальные,195,1,59.8,Остальные
13394,45,7,2217.92,Активные повторные,45,7,2217.92,Активные повторные
13395,177,1,307.71999999999997,Остальные,177,1,307.72,Остальные
13396,21,2,1360.99,Остальные,21,2,1360.99,Остальные
13397,64,5,1544.13,Остальные,64,5,1544.13,Остальные
13398,184,1,457.34,Остальные,184,1,457.34,Остальные
13402,119,2,621.23,Давно не покупавшие повторные,119,2,621.23,Давно не покупавшие повторные
13403,9,1,75.0,Недавние однократные,9,1,75.0,Недавние однократные
13404,204,1,217.81,Остальные,204,1,217.81,Остальные
13405,196,2,557.45,Давно не покупавшие повторные,196,2,557.45,Давно не покупавшие повторные
13408,3,59,26708.42,Активные ценные,3,59,26708.42,Активные ценные
13410,16,5,1003.06,Активные повторные,16,5,1003.0600000000001,Активные повторные
13411,99,1,213.55,Остальные,99,1,213.55,Остальные
13414,125,3,1390.5,Давно не покупавшие повторные,125,3,1390.5,Давно не покупавшие повторные
13416,35,2,712.5,Остальные,35,2,712.5,Остальные
13417,197,1,236.0,Остальные,197,1,236.0,Остальные
13418,3,18,6127.43,Активные ценные,3,18,6127.43,Активные ценные
13419,55,1,221.06,Остальные,55,1,221.06,Остальные
13420,141,2,159.85,Давно не покупавшие повторные,141,2,159.85,Давно не покупавшие повторные
13421,32,2,1840.58,Остальные,32,2,1823.21,Остальные
13422,56,1,2626.3,Остальные,56,1,2626.3,Остальные
13425,100,3,1624.21,Давно не покупавшие повторные,100,3,1624.21,Давно не покупавшие повторные
13426,2,9,3349.54,Активные ценные,2,9,3349.54,Активные ценные
13427,11,3,582.6,Активные повторные,11,3,582.6,Активные повторные
13428,2,1,218.47,Недавние однократные,2,1,201.78,Недавние однократные
13429,2,4,1006.8000000000001,Активные повторные,2,4,1006.8000000000001,Активные повторные
13430,10,2,679.45,Остальные,10,2,679.45,Остальные
13431,59,2,1269.1,Остальные,59,2,1269.1,Остальные
13434,66,2,534.24,Остальные,66,2,534.24,Остальные
13435,16,6,3367.59,Активные ценные,16,6,3367.59,Активные ценные
13437,6,7,3408.06,Активные ценные,6,7,3408.06,Активные ценные
13439,247,1,283.71,Остальные,247,1,283.71,Остальные
13441,83,1,296.64,Остальные,83,1,296.64,Остальные
13447,15,3,1129.14,Активные повторные,15,3,1129.14,Активные повторные
13448,8,6,3539.37,Активные ценные,8,6,3534.69,Активные ценные
13449,15,1,291.88,Недавние однократные,15,1,291.88,Недавние однократные
13450,18,6,2043.72,Активные ценные,18,6,2043.72,Активные ценные
13451,18,5,2976.15,Активные ценные,18,5,2898.26,Активные ценные
13452,251,2,590.0,Давно не покупавшие повторные,251,2,590.0,Давно не покупавшие повторные
13453,157,2,356.98,Давно не покупавшие повторные,157,2,356.98,Давно не покупавшие повторные
13455,16,2,1058.3400000000001,Остальные,16,2,1058.3400000000001,Остальные
13456,9,6,1766.72,Активные ценные,9,6,1766.72,Активные ценные
13458,15,13,9062.050000000001,Активные ценные,15,13,9062.050000000001,Активные ценные
13460,21,2,183.44,Остальные,21,2,183.44,Остальные
13461,30,3,1445.0,Активные повторные,30,3,1445.0,Активные повторные
13462,244,1,151.5,Остальные,244,1,151.5,Остальные
13464,50,1,674.68,Остальные,50,1,674.68,Остальные
13466,176,1,307.9,Остальные,176,1,307.9,Остальные
13467,2,2,1083.71,Остальные,2,2,1071.9099999999999,Остальные
13468,10,35,5424.03,Активные ценные,10,35,5424.03,Активные ценные
13470,91,2,165.0,Давно не покупавшие повторные,91,2,165.0,Давно не покупавшие повторные
13471,13,2,1546.4,Остальные,13,2,1546.4,Остальные
13473,52,2,422.64,Остальные,52,2,422.64,Остальные
13474,228,1,229.59,Остальные,228,1,226.84,Остальные
13475,183,4,1431.78,Давно не покупавшие повторные,183,4,1431.78,Давно не покупавшие повторные
13476,170,2,1238.47,Давно не покупавшие повторные,170,2,1238.47,Давно не покупавшие повторные
13477,29,6,1454.58,Активные повторные,29,6,1454.58,Активные повторные
13479,192,2,300.95,Давно не покупавшие повторные,192,2,300.95,Давно не покупавшие повторные
13481,37,5,1804.56,Активные повторные,37,5,1804.56,Активные повторные
13482,224,1,184.64,Остальные,224,1,184.64,Остальные
13483,57,1,140.34,Остальные,57,1,140.34,Остальные
13484,233,1,313.8,Остальные,233,1,313.8,Остальные
13485,225,1,454.24,Остальные,225,1,454.24,Остальные
13486,70,3,1122.4099999999999,Остальные,70,3,1122.4099999999999,Остальные
13487,49,3,575.4,Активные повторные,49,3,575.4,Активные повторные
13488,9,13,8968.31,Активные ценные,9,13,8968.31,Активные ценные
13489,97,4,449.52,Давно не покупавшие повторные,97,4,449.52,Давно не покупавшие повторные
13491,43,10,1215.82,Активные повторные,43,10,1215.82,Активные повторные
13492,128,3,1269.8400000000001,Давно не покупавшие повторные,128,3,1269.8400000000001,Давно не покупавшие повторные
13493,267,2,498.63,Давно не покупавшие повторные,267,2,498.63,Давно не покупавшие повторные
13494,303,1,316.26000000000005,Остальные,303,1,316.26000000000005,Остальные
13495,27,4,1732.23,Активные ценные,27,4,1732.23,Активные ценные
13496,2,2,653.3299999999999,Остальные,2,2,653.3299999999999,Остальные
13497,274,2,348.05,Давно не покупавшие повторные,274,2,348.05,Давно не покупавшие повторные
13499,9,5,1159.1100000000001,Активные повторные,9,5,1159.1100000000001,Активные повторные
13500,15,3,1166.77,Активные повторные,15,3,1166.77,Активные повторные
13501,280,1,1340.32,Остальные,280,1,1340.32,Остальные
13502,8,3,292.0,Активные повторные,8,3,292.0,Активные повторные
13503,63,1,216.85,Остальные,63,1,216.85,Остальные
13504,56,1,295.93,Остальные,56,1,295.93,Остальные
13505,64,4,3633.63,Остальные,64,4,3633.63,Остальные
13506,308,2,458.52,Давно не покупавшие повторные,308,2,458.52,Давно не покупавшие повторные
13507,90,3,2022.79,Остальные,90,3,2022.79,Остальные
13508,235,1,110.97,Остальные,235,1,110.97,Остальные
13509,44,5,866.62,Активные повторные,44,5,866.62,Активные повторные
13510,37,3,1449.7,Активные повторные,37,3,1449.6999999999998,Активные повторные
13512,252,1,251.21,Остальные,252,1,251.21,Остальные
13513,118,1,205.1,Остальные,118,1,205.1,Остальные
13514,65,1,152.20000000000002,Остальные,65,1,152.20000000000002,Остальные
13515,64,4,891.12,Остальные,64,4,891.12,Остальные
13516,13,3,1389.41,Активные повторные,13,3,1389.41,Активные повторные
13517,51,3,2128.42,Активные повторные,51,3,2128.42,Активные повторные
13518,77,1,659.4399999999999,Остальные,77,1,627.16,Остальные
13519,70,1,122.75,Остальные,70,1,122.75,Остальные
13520,50,6,2984.35,Активные повторные,50,6,2984.35,Активные повторные
13521,2,1,287.88,Недавние однократные,2,1,277.48,Недавние однократные
13522,22,1,125.80000000000001,Недавние однократные,22,1,125.80000000000001,Недавние однократные
13523,25,5,3964.88,Активные ценные,25,5,3964.88,Активные ценные
13524,32,5,680.1800000000001,Активные повторные,32,5,680.1800000000001,Активные повторные
13525,6,2,628.78,Остальные,6,2,628.78,Остальные
13527,25,7,2287.51,Активные ценные,25,7,2242.36,Активные ценные
13529,70,2,307.76,Остальные,70,2,307.76,Остальные
13531,197,2,483.79999999999995,Давно не покупавшие повторные,197,2,483.79999999999995,Давно не покупавшие повторные
13532,25,1,210.31,Недавние однократные,25,1,210.31,Недавние однократные
13533,174,3,270.79,Давно не покупавшие повторные,174,3,269.09,Давно не покупавшие повторные
13534,24,24,5512.88,Активные ценные,24,24,5512.88,Активные ценные
13536,1,5,2439.29,Активные ценные,1,5,2439.29,Активные ценные
13538,35,7,1280.8500000000001,Активные повторные,35,7,1280.8500000000001,Активные повторные
13539,77,3,631.34,Остальные,77,3,631.34,Остальные
13544,31,2,291.40999999999997,Остальные,31,2,276.06,Остальные
13546,4,3,626.99,Активные повторные,4,3,621.09,Активные повторные
13548,88,2,682.41,Остальные,88,2,678.16,Остальные
13549,17,7,918.2,Активные повторные,17,7,918.2,Активные повторные
13551,311,1,91.80000000000001,Остальные,311,1,91.80000000000001,Остальные
13552,58,12,3740.07,Активные повторные,58,12,3740.07,Активные повторные
13555,65,4,4149.28,Остальные,65,4,4098.88,Остальные
13557,20,2,584.06,Остальные,20,2,584.06,Остальные
13558,15,3,482.38,Активные повторные,15,3,471.84,Активные повторные
13561,207,1,141.85999999999999,Остальные,207,1,141.85999999999999,Остальные
13562,73,3,1799.33,Остальные,73,3,1799.33,Остальные
13563,76,2,777.53,Остальные,76,2,777.53,Остальные
13564,346,2,1198.38,Давно не покупавшие повторные,346,2,1174.0300000000002,Давно не покупавшие повторные
13565,11,2,240.22,Остальные,11,2,240.21999999999997,Остальные
13566,32,2,874.71,Остальные,32,2,856.8399999999999,Остальные
13568,165,1,192.85,Остальные,165,1,187.05,Остальные
13569,9,2,372.25,Остальные,9,2,337.12,Остальные
13570,235,1,239.49,Остальные,235,1,239.49,Остальные
13571,4,12,2092.32,Активные ценные,4,12,2088.94,Активные ценные
13572,197,1,1384.25,Остальные,197,1,1384.25,Остальные
13573,42,2,294.4,Остальные,42,2,290.25,Остальные
13575,15,5,732.0699999999999,Активные повторные,15,5,732.0699999999999,Активные повторные
13576,2,18,6717.34,Активные ценные,2,18,6717.34,Активные ценные
13577,17,4,1687.6,Активные ценные,17,4,1687.6,Активные ценные
13579,6,2,467.03999999999996,Остальные,6,2,467.03999999999996,Остальные
13581,301,1,118.0,Остальные,301,1,118.0,Остальные
13583,147,1,781.03,Остальные,147,1,781.03,Остальные
13584,298,1,142.4,Остальные,298,1,142.4,Остальные
13587,55,1,712.4,Остальные,55,1,712.4,Остальные
13588,7,9,2478.95,Активные ценные,7,9,2478.95,Активные ценные
13589,6,2,379.65,Остальные,6,2,379.65,Остальные
13590,3,6,1981.92,Активные ценные,3,6,1981.92,Активные ценные
13591,56,3,1117.1299999999999,Активные повторные,56,3,1117.1299999999999,Активные повторные
13592,27,4,247.95999999999998,Активные повторные,27,4,247.95999999999998,Активные повторные
13593,100,5,2037.0800000000002,Давно не покупавшие повторные,100,5,2011.88,Давно не покупавшие повторные
13594,44,1,396.97,Остальные,44,1,396.97,Остальные
13596,4,1,411.6,Недавние однократные,4,1,378.67,Недавние однократные
13598,39,1,180.17000000000002,Остальные,39,1,160.04,Остальные
13599,2,19,4833.99,Активные ценные,2,19,4830.24,Активные ценные
13600,304,1,219.52,Остальные,304,1,219.52,Остальные
13601,37,2,693.3199999999999,Остальные,37,2,693.3199999999999,Остальные
13602,56,1,428.89,Остальные,56,1,428.89,Остальные
13603,18,1,164.34,Недавние однократные,18,1,164.34,Недавние однократные
13606,21,3,280.53999999999996,Активные повторные,21,3,276.74999999999994,Активные повторные
13607,32,1,678.01,Остальные,32,1,675.51,Остальные
13610,4,7,1131.88,Активные повторные,4,7,1082.33,Активные повторные
13611,81,3,1171.8000000000002,Остальные,81,3,1154.4,Остальные
13614,16,4,1610.46,Активные ценные,16,4,1585.46,Активные ценные
13615,310,1,417.69,Остальные,310,1,417.69,Остальные
13617,32,3,544.18,Активные повторные,32,3,544.1800000000001,Активные повторные
13618,165,1,177.34,Остальные,165,1,177.34,Остальные
13621,108,1,213.85,Остальные,108,1,213.85,Остальные
13623,22,5,747.78,Активные повторные,22,5,727.74,Активные повторные
13626,244,1,257.23,Остальные,244,1,257.23,Остальные
13627,51,5,1638.47,Активные повторные,51,5,1638.47,Активные повторные
13629,15,11,7792.36,Активные ценные,15,11,7792.36,Активные ценные
13630,67,6,1799.78,Остальные,67,6,1799.78,Остальные
13631,91,11,3070.42,Давно не покупавшие повторные,91,11,3070.42,Давно не покупавшие повторные
13632,16,5,2121.27,Активные ценные,16,5,2118.93,Активные ценные
13634,25,5,1575.1599999999999,Активные ценные,25,5,1547.3600000000001,Активные повторные
13635,59,1,1071.03,Остальные,59,1,1071.03,Остальные
13636,28,5,949.12,Активные повторные,28,5,949.12,Активные повторные
13637,44,3,809.25,Активные повторные,44,3,803.05,Активные повторные
13638,7,1,122.64,Недавние однократные,7,1,122.64,Недавние однократные
13639,66,1,1033.34,Остальные,66,1,1033.34,Остальные
13642,207,1,354.8,Остальные,207,1,312.28,Остальные
13643,23,3,519.44,Активные повторные,23,3,519.44,Активные повторные
13644,8,4,2624.26,Активные ценные,8,4,2624.26,Активные ценные
13645,112,1,252.1,Остальные,112,1,252.1,Остальные
13647,1,4,1678.1200000000001,Активные ценные,1,4,1648.1200000000001,Активные ценные
13649,248,2,346.6,Давно не покупавшие повторные,248,2,346.6,Давно не покупавшие повторные
13650,8,6,1836.3400000000001,Активные ценные,8,6,1836.34,Активные ценные
13651,31,1,79.2,Остальные,31,1,79.2,Остальные
13652,37,3,1095.08,Активные повторные,37,3,1095.08,Активные повторные
13654,35,6,2707.33,Активные повторные,35,6,2707.33,Активные повторные
13655,106,2,932.97,Давно не покупавшие повторные,106,2,932.97,Давно не покупавшие повторные
13656,156,2,379.65,Давно не покупавшие повторные,156,2,379.65,Давно не покупавшие повторные
13657,2,2,382.14,Остальные,2,2,382.14,Остальные
13658,1,5,2639.17,Активные ценные,1,5,2639.17,Активные ценные
13659,197,2,1573.2,Давно не покупавшие повторные,197,2,1563.0,Давно не покупавшие повторные
13662,77,3,897.76,Остальные,77,3,881.26,Остальные
13663,171,1,189.47,Остальные,171,1,189.47,Остальные
13666,52,3,84.65,Активные повторные,52,3,84.65,Активные повторные
13667,141,1,305.02,Остальные,141,1,299.05,Остальные
13668,2,20,6030.57,Активные ценные,2,20,5976.81,Активные ценные
13669,42,2,218.55,Остальные,42,2,218.54999999999998,Остальные
13670,67,1,349.7,Остальные,67,1,349.7,Остальные
13672,293,2,186.39000000000001,Давно не покупавшие повторные,293,2,186.39000000000001,Давно не покупавшие повторные
13673,10,2,396.91999999999996,Остальные,10,2,387.44,Остальные
13675,143,2,486.82000000000005,Давно не покупавшие повторные,143,2,486.82000000000005,Давно не покупавшие повторные
13678,143,1,232.6,Остальные,143,1,232.6,Остальные
13680,31,3,3084.04,Активные повторные,31,3,3084.04,Активные повторные
13681,9,4,827.83,Активные повторные,9,4,827.83,Активные повторные
13682,179,1,59.5,Остальные,179,1,59.5,Остальные
13684,277,1,67.23,Остальные,277,1,65.13,Остальные
13685,37,3,1934.45,Активные повторные,37,3,1934.45,Активные повторные
13686,174,1,72.0,Остальные,174,1,72.0,Остальные
13689,55,1,910.0,Остальные,55,1,910.0,Остальные
13690,51,1,172.25,Остальные,51,1,172.25,Остальные
13692,16,3,1488.3200000000002,Активные повторные,16,3,1488.3200000000002,Активные повторные
13694,17,47,61908.46,Активные ценные,17,47,61908.46,Активные ценные
13695,23,15,2504.13,Активные ценные,23,15,2504.13,Активные ценные
13697,30,1,151.29999999999998,Недавние однократные,30,1,151.29999999999998,Недавние однократные
13699,147,1,308.58000000000004,Остальные,147,1,308.58000000000004,Остальные
13700,18,10,2265.12,Активные ценные,18,10,2248.63,Активные ценные
13703,310,1,99.5,Остальные,310,1,99.5,Остальные
13704,14,8,2143.38,Активные ценные,14,8,2143.38,Активные ценные
13705,136,2,522.68,Давно не покупавшие повторные,136,2,522.68,Давно не покупавшие повторные
13706,294,1,330.79,Остальные,294,1,330.79,Остальные
13707,259,2,806.41,Давно не покупавшие повторные,259,2,806.41,Давно не покупавшие повторные
13708,263,1,294.88,Остальные,263,1,283.33,Остальные
13709,28,11,5799.74,Активные ценные,28,11,5779.34,Активные ценные
13710,23,1,180.48,Недавние однократные,23,1,180.48,Недавние однократные
13711,210,2,252.06,Давно не покупавшие повторные,210,2,252.06,Давно не покупавшие повторные
13712,238,1,228.84,Остальные,238,1,228.84,Остальные
13715,273,5,1079.34,Давно не покупавшие повторные,273,5,1077.39,Давно не покупавшие повторные
13716,261,1,138.28,Остальные,261,1,138.28,Остальные
13717,24,6,1445.01,Активные повторные,24,6,1445.01,Активные повторные
13718,238,2,306.55,Давно не покупавшие повторные,238,2,306.55,Давно не покупавшие повторные
13719,7,5,1041.68,Активные повторные,7,5,1041.68,Активные повторные
13720,108,4,799.9,Давно не покупавшие повторные,108,4,799.9,Давно не покупавшие повторные
13721,28,1,524.14,Недавние однократные,28,1,524.14,Недавние однократные
13722,123,3,2375.41,Давно не покупавшие повторные,123,3,2375.41,Давно не покупавшие повторные
13723,209,1,199.85000000000002,Остальные,209,1,199.85000000000002,Остальные
13725,41,8,1980.56,Активные повторные,41,8,1980.56,Активные повторные
13726,30,2,1079.66,Остальные,30,2,1079.66,Остальные
13727,20,2,333.48,Остальные,20,2,333.48,Остальные
13728,28,6,1016.14,Активные повторные,28,6,1016.14,Активные повторные
13730,127,2,752.5999999999999,Давно не покупавшие повторные,127,2,752.5999999999999,Давно не покупавшие повторные
13731,211,2,610.59,Давно не покупавшие повторные,211,2,610.59,Давно не покупавшие повторные
13732,20,1,491.86,Недавние однократные,20,1,491.86,Недавние однократные
13735,16,4,2885.24,Активные ценные,16,4,2883.54,Активные ценные
13736,252,1,357.53,Остальные,252,1,357.53,Остальные
13737,192,1,339.59999999999997,Остальные,192,1,339.59999999999997,Остальные
13739,10,1,216.9,Недавние однократные,10,1,216.9,Недавние однократные
13740,232,1,350.75,Остальные,232,1,350.75,Остальные
13741,63,3,668.4300000000001,Остальные,63,3,668.4300000000001,Остальные
13742,8,12,3131.02,Активные ценные,8,12,3107.87,Активные ценные
13743,80,6,1065.84,Остальные,80,6,1065.84,Остальные
13744,87,2,1156.36,Остальные,87,2,1080.52,Остальные
13745,154,1,300.04,Остальные,154,1,300.04,Остальные
13747,365,1,79.6,Остальные,365,1,79.6,Остальные
13748,87,5,948.25,Остальные,87,5,948.25,Остальные
13750,45,5,1647.26,Активные повторные,45,5,1647.26,Активные повторные
13751,280,1,296.25,Остальные,280,1,296.25,Остальные
13752,116,6,1186.2800000000002,Давно не покупавшие повторные,116,6,1175.38,Давно не покупавшие повторные
13753,279,1,741.26,Остальные,279,1,741.26,Остальные
13754,143,2,282.6,Давно не покупавшие повторные,143,2,282.6,Давно не покупавшие повторные
13755,1,8,2004.45,Активные ценные,1,8,1951.16,Активные ценные
13756,14,12,4343.12,Активные ценные,14,12,4343.12,Активные ценные
13758,3,7,3190.55,Активные ценные,3,7,3190.55,Активные ценные
13759,25,2,659.41,Остальные,25,2,659.4100000000001,Остальные
13760,46,2,286.79,Остальные,46,2,286.79,Остальные
13761,42,2,1070.65,Остальные,42,2,1070.65,Остальные
13762,210,1,306.71999999999997,Остальные,210,1,306.72,Остальные
13763,55,1,1714.96,Остальные,55,1,1714.96,Остальные
13764,62,3,1518.76,Остальные,62,3,1516.42,Остальные
13767,17,36,16334.380000000001,Активные ценные,17,36,16334.380000000001,Активные ценные
13769,29,9,2478.59,Активные ценные,29,9,2478.59,Активные ценные
13771,56,4,2634.45,Активные повторные,56,4,2634.45,Активные повторные
13772,25,3,1132.13,Активные повторные,25,3,1122.63,Активные повторные
13774,73,1,345.0,Остальные,73,1,345.0,Остальные
13777,16,30,23460.41,Активные ценные,16,30,23460.41,Активные ценные
13778,95,1,178.7,Остальные,95,1,178.7,Остальные
13780,162,1,116.28000000000002,Остальные,162,1,116.28000000000002,Остальные
13781,242,1,127.84,Остальные,242,1,127.84,Остальные
13782,4,6,912.0,Активные повторные,4,6,908.8599999999999,Активные повторные
13784,1,11,2462.79,Активные ценные,1,11,2462.79,Активные ценные
13786,359,1,230.39999999999998,Остальные,359,1,230.39999999999998,Остальные
13787,67,2,309.04,Остальные,67,2,309.04,Остальные
13791,119,2,1516.0,Давно не покупавшие повторные,119,2,1516.0,Давно не покупавшие повторные
13792,58,2,195.55,Остальные,58,2,195.55,Остальные
13798,3,54,35316.61,Активные ценные,3,54,35316.61,Активные ценные
13799,108,2,688.8599999999999,Давно не покупавшие повторные,108,2,688.8599999999999,Давно не покупавшие повторные
13800,301,1,558.32,Остальные,301,1,558.32,Остальные
13801,58,1,324.8,Остальные,58,1,324.8,Остальные
13802,130,3,4599.42,Давно не покупавшие повторные,130,3,4599.42,Давно не покупавшие повторные
13803,247,1,277.07,Остальные,247,1,277.07,Остальные
13804,22,7,2635.79,Активные ценные,22,7,2588.39,Активные ценные
13805,44,2,924.6,Остальные,44,2,924.6,Остальные
13806,55,1,256.38,Остальные,55,1,256.38,Остальные
13807,359,1,112.6,Остальные,359,1,112.6,Остальные
13808,38,4,1518.5,Активные повторные,38,4,1518.5,Активные повторные
13809,297,1,155.05,Остальные,297,1,155.05,Остальные
13810,20,2,827.51,Остальные,20,2,827.51,Остальные
13811,175,2,519.75,Давно не покупавшие повторные,175,2,519.75,Давно не покупавшие повторные
13812,34,3,485.0,Активные повторные,34,3,485.0,Активные повторные
13813,31,4,1168.8600000000001,Активные повторные,31,4,1168.8600000000001,Активные повторные
13814,84,2,1579.12,Остальные,84,2,1579.12,Остальные
13815,14,4,3667.36,Активные ценные,14,4,3667.36,Активные ценные
13816,15,2,499.67,Остальные,15,2,499.67,Остальные
13817,21,2,328.98,Остальные,21,2,328.98,Остальные
13819,293,3,1140.35,Давно не покупавшие повторные,293,3,1140.35,Давно не покупавшие повторные
13821,136,2,385.64,Давно не покупавшие повторные,136,2,385.64,Давно не покупавшие повторные
13822,32,1,468.38,Остальные,32,1,468.38,Остальные
13823,10,2,957.66,Остальные,10,2,957.66,Остальные
13824,24,5,1698.94,Активные ценные,24,5,1698.94,Активные ценные
13826,168,1,189.5,Остальные,168,1,189.5,Остальные
13827,49,3,412.05,Активные повторные,49,3,409.8,Активные повторные
13828,14,1,209.49,Недавние однократные,14,1,209.49,Недавние однократные
13831,8,6,2202.99,Активные ценные,8,6,2198.45,Активные ценные
13832,11,1,52.199999999999996,Недавние однократные,11,1,52.199999999999996,Недавние однократные
13833,151,1,384.8,Остальные,151,1,383.85,Остальные
13835,17,4,834.5699999999999,Активные повторные,17,4,834.5699999999999,Активные повторные
13837,203,2,271.24,Давно не покупавшие повторные,203,2,266.59000000000003,Давно не покупавшие повторные
13838,109,3,479.59000000000003,Давно не покупавшие повторные,109,3,467.53999999999996,Давно не покупавшие повторные
13841,244,1,85.0,Остальные,244,1,85.0,Остальные
13842,50,9,3385.62,Активные повторные,50,9,3385.62,Активные повторные
13844,3,1,361.62,Недавние однократные,3,1,361.62,Недавние однократные
13845,56,1,312.98,Остальные,56,1,312.98,Остальные
13846,16,3,865.06,Активные повторные,16,3,865.06,Активные повторные
13848,84,3,1255.0,Остальные,84,3,1255.0,Остальные
13849,43,2,1537.9499999999998,Остальные,43,2,1537.9499999999998,Остальные
13850,121,1,1595.48,Остальные,121,1,1595.48,Остальные
13851,87,3,2651.46,Остальные,87,3,2651.46,Остальные
13853,49,1,1090.14,Остальные,49,1,1090.14,Остальные
13854,16,24,7807.24,Активные ценные,16,24,7807.24,Активные ценные
13856,160,3,388.5,Давно не покупавшие повторные,160,3,388.5,Давно не покупавшие повторные
13858,49,1,216.17,Остальные,49,1,216.17,Остальные
13859,318,1,201.16,Остальные,318,1,201.16,Остальные
13860,6,4,926.45,Активные повторные,6,4,926.45,Активные повторные
13862,10,8,2209.36,Активные ценные,10,8,2209.36,Активные ценные
13863,239,1,305.78,Остальные,239,1,305.78,Остальные
13865,50,4,501.56,Активные повторные,50,4,501.56,Активные повторные
13866,66,1,145.67000000000002,Остальные,66,1,145.67000000000002,Остальные
13867,23,3,1015.29,Активные повторные,23,3,1005.0900000000001,Активные повторные
13868,30,1,507.54,Недавние однократные,30,1,507.54,Недавние однократные
13869,115,4,3104.95,Давно не покупавшие повторные,115,4,3083.65,Давно не покупавшие повторные
13870,32,7,2618.19,Активные повторные,32,7,2618.19,Активные повторные
13871,14,13,6403.25,Активные ценные,14,13,6403.25,Активные ценные
13873,111,3,389.6,Давно не покупавшие повторные,111,3,389.6,Давно не покупавшие повторные
13874,350,1,540.45,Остальные,350,1,540.45,Остальные
13875,45,5,1786.79,Активные повторные,45,5,1786.79,Активные повторные
13876,55,1,122.7,Остальные,55,1,122.7,Остальные
13877,78,1,117.24,Остальные,78,1,117.24,Остальные
13878,46,1,1281.53,Остальные,46,1,1271.57,Остальные
13880,13,13,3219.77,Активные ценные,13,13,3219.77,Активные ценные
13881,3,19,16590.4,Активные ценные,3,19,16590.399999999998,Активные ценные
13882,3,4,998.05,Активные повторные,3,4,998.05,Активные повторные
13883,2,5,2674.48,Активные ценные,2,5,2674.48,Активные ценные
13884,81,4,540.5,Остальные,81,4,540.5,Остальные
13885,181,2,506.80000000000007,Давно не покупавшие повторные,181,2,506.79999999999995,Давно не покупавшие повторные
13886,63,1,243.56,Остальные,63,1,243.56,Остальные
13887,196,1,349.55,Остальные,196,1,349.55,Остальные
13888,111,2,605.63,Давно не покупавшие повторные,111,2,595.6700000000001,Давно не покупавшие повторные
13889,84,1,416.90000000000003,Остальные,84,1,416.90000000000003,Остальные
13890,14,7,1367.61,Активные повторные,14,7,1367.61,Активные повторные
13892,18,4,632.9699999999999,Активные повторные,18,4,632.9699999999999,Активные повторные
13893,289,1,821.1,Остальные,289,1,821.1,Остальные
13894,15,3,564.62,Активные повторные,15,3,564.62,Активные повторные
13895,20,4,2593.07,Активные ценные,20,4,2593.07,Активные ценные
13897,42,1,311.16,Остальные,42,1,311.16,Остальные
13898,317,1,155.93,Остальные,317,1,155.93,Остальные
13899,8,2,388.52,Остальные,8,2,388.52,Остальные
13900,175,3,740.95,Давно не покупавшие повторные,175,3,740.95,Давно не покупавшие повторные
13901,64,5,2867.2,Остальные,64,5,2867.2000000000003,Остальные
13904,29,2,332.64,Остальные,29,2,332.64,Остальные
13908,71,4,2319.55,Остальные,71,4,2319.55,Остальные
13911,49,9,2580.91,Активные повторные,49,9,2580.91,Активные повторные
13914,3,2,626.45,Остальные,3,2,626.45,Остальные
13917,41,2,272.03999999999996,Остальные,41,2,272.03999999999996,Остальные
13918,41,2,1212.84,Остальные,41,2,1212.84,Остальные
13919,51,2,348.81,Остальные,51,2,348.81,Остальные
13922,343,1,172.25,Остальные,343,1,172.25,Остальные
13923,45,1,351.13,Остальные,45,1,351.13,Остальные
13924,9,5,1536.45,Активные повторные,9,5,1536.45,Активные повторные
13925,84,4,678.25,Остальные,84,4,678.25,Остальные
13926,15,1,223.85000000000002,Недавние однократные,15,1,223.85000000000002,Недавние однократные
13927,66,1,348.99,Остальные,66,1,348.99,Остальные
13928,2,4,464.57000000000005,Активные повторные,2,4,464.57000000000005,Активные повторные
13929,161,2,842.6500000000001,Давно не покупавшие повторные,161,2,842.65,Давно не покупавшие повторные
13930,49,2,337.34,Остальные,49,2,337.34,Остальные
13931,87,2,1237.5300000000002,Остальные,87,2,1237.5300000000002,Остальные
13932,286,1,307.4,Остальные,286,1,307.4,Остальные
13933,101,2,608.79,Давно не покупавшие повторные,101,2,608.79,Давно не покупавшие повторные
13934,255,1,922.1,Остальные,255,1,922.1,Остальные
13936,171,1,376.58,Остальные,171,1,376.58,Остальные
13937,161,1,158.85,Остальные,161,1,158.85,Остальные
13938,27,1,71.66,Недавние однократные,27,1,71.66,Недавние однократные
13939,15,3,568.55,Активные повторные,15,3,568.55,Активные повторные
13940,9,4,839.14,Активные повторные,9,4,839.14,Активные повторные
13941,13,5,5112.96,Активные ценные,13,5,5112.96,Активные ценные
13946,71,3,561.57,Остальные,71,3,561.57,Остальные
13947,57,1,90.6,Остальные,57,1,90.6,Остальные
13948,352,1,102.0,Остальные,352,1,102.0,Остальные
13949,16,5,1909.0900000000001,Активные ценные,16,5,1909.0900000000001,Активные ценные
13950,3,4,745.06,Активные повторные,3,4,745.06,Активные повторные
13951,168,3,674.45,Давно не покупавшие повторные,168,3,674.45,Давно не покупавшие повторные
13952,209,2,3251.071,Давно не покупавшие повторные,209,2,3251.071,Давно не покупавшие повторные
13953,44,6,3104.36,Активные повторные,44,6,3104.36,Активные повторные
13954,62,1,227.41,Остальные,62,1,227.41,Остальные
13955,146,2,322.96,Давно не покупавшие повторные,146,2,322.96,Давно не покупавшие повторные
13956,46,4,869.92,Активные повторные,46,4,865.72,Активные повторные
13959,71,3,598.2,Остальные,71,3,594.04,Остальные
13960,13,2,230.22,Остальные,13,2,230.22,Остальные
13962,13,2,169.55,Остальные,13,2,169.55,Остальные
13963,300,4,664.54,Давно не покупавшие повторные,300,4,664.54,Давно не покупавшие повторные
13967,137,1,80.7,Остальные,137,1,80.7,Остальные
13969,8,16,7912.04,Активные ценные,8,16,7882.2699999999995,Активные ценные
13971,10,8,2758.26,Активные ценные,10,8,2758.26,Активные ценные
13972,62,2,190.25,Остальные,62,2,190.25,Остальные
13973,279,1,264.7,Остальные,279,1,264.7,Остальные
13974,41,1,413.59000000000003,Остальные,41,1,413.59000000000003,Остальные
13975,23,6,2526.28,Активные ценные,23,6,2461.24,Активные ценные
13976,198,1,357.98,Остальные,198,1,357.98,Остальные
13978,6,2,196.79000000000002,Остальные,6,2,196.79000000000002,Остальные
13979,65,1,869.87,Остальные,65,1,869.87,Остальные
13980,52,1,200.14,Остальные,52,1,200.14,Остальные
13982,31,4,1871.81,Активные повторные,31,4,1871.81,Активные повторные
13983,21,12,2603.4300000000003,Активные ценные,21,12,2603.43,Активные ценные
13984,18,5,920.51,Активные повторные,18,5,920.51,Активные повторные
13985,6,14,6912.57,Активные ценные,6,14,6912.57,Активные ценные
13986,9,1,320.46,Недавние однократные,9,1,320.46,Недавние однократные
13988,11,6,4147.96,Активные ценные,11,6,4147.96,Активные ценные
13989,57,2,1266.08,Остальные,57,2,1266.08,Остальные
13990,205,1,311.3,Остальные,205,1,311.3,Остальные
13991,4,6,854.97,Активные повторные,4,6,851.88,Активные повторные
13992,22,1,76.8,Недавние однократные,22,1,76.8,Недавние однократные
13993,34,9,3466.36,Активные повторные,34,9,3466.36,Активные повторные
13994,31,5,2197.04,Активные повторные,31,5,2158.04,Активные повторные
13995,7,5,1393.69,Активные повторные,7,5,1393.69,Активные повторные
13999,2,12,3901.81,Активные ценные,2,12,3901.81,Активные ценные
14000,203,1,635.66,Остальные,203,1,635.66,Остальные
14001,37,3,2043.08,Активные повторные,37,3,2043.08,Активные повторные
14002,126,2,529.73,Давно не покупавшие повторные,126,2,529.73,Давно не покупавшие повторные
14004,35,7,4582.64,Активные повторные,35,7,4582.64,Активные повторные
14005,1,5,2874.7200000000003,Активные ценные,1,5,2874.7200000000003,Активные ценные
14006,107,3,962.19,Давно не покупавшие повторные,107,3,962.19,Давно не покупавшие повторные
14009,190,2,695.61,Давно не покупавшие повторные,190,2,695.61,Давно не покупавшие повторные
14012,269,1,328.8,Остальные,269,1,328.8,Остальные
14013,102,3,473.02,Давно не покупавшие повторные,102,3,473.02,Давно не покупавшие повторные
14014,69,1,505.18,Остальные,69,1,505.18,Остальные
14015,44,1,917.34,Остальные,44,1,917.34,Остальные
14016,153,4,4291.21,Давно не покупавшие повторные,153,4,4291.21,Давно не покупавшие повторные
14019,38,3,1421.61,Активные повторные,38,3,1421.61,Активные повторные
14020,8,2,642.8,Остальные,8,2,642.8,Остальные
14021,147,3,631.9,Давно не покупавшие повторные,147,3,631.9,Давно не покупавшие повторные
14022,217,1,440.0,Остальные,217,1,440.0,Остальные
14023,242,1,273.14,Остальные,242,1,273.14,Остальные
14024,113,2,327.7,Давно не покупавшие повторные,113,2,327.7,Давно не покупавшие повторные
14027,52,1,104.82,Остальные,52,1,104.82,Остальные
14029,55,2,467.65999999999997,Остальные,55,2,467.65999999999997,Остальные
14030,10,8,2360.09,Активные ценные,10,8,2358.84,Активные ценные
14031,13,18,16779.739999999998,Активные ценные,13,18,16779.74,Активные ценные
14032,8,10,2792.4700000000003,Активные ценные,8,10,2792.4700000000003,Активные ценные
14034,14,3,651.82,Активные повторные,14,3,648.89,Активные повторные
14035,20,5,1428.02,Активные повторные,20,5,1428.02,Активные повторные
14036,276,1,626.65,Остальные,276,1,626.65,Остальные
14037,168,2,147.2,Давно не покупавшие повторные,168,2,147.2,Давно не покупавшие повторные
14038,70,3,1560.38,Остальные,70,3,1560.38,Остальные
14039,25,1,152.2,Недавние однократные,25,1,152.2,Недавние однократные
14040,32,12,3614.92,Активные повторные,32,12,3560.32,Активные повторные
14041,258,1,141.41,Остальные,258,1,141.41,Остальные
14044,18,4,652.82,Активные повторные,18,4,646.42,Активные повторные
14045,101,4,1659.75,Давно не покупавшие повторные,101,4,1659.75,Давно не покупавшие повторные
14046,276,1,151.59,Остальные,276,1,151.59,Остальные
14047,65,4,957.46,Остальные,65,4,957.46,Остальные
14048,297,1,409.93,Остальные,297,1,409.93,Остальные
14049,8,4,5681.719999999999,Активные ценные,8,4,5578.719999999999,Активные ценные
14050,23,2,746.36,Остальные,23,2,746.36,Остальные
14051,9,21,13647.19,Активные ценные,9,21,13647.19,Активные ценные
14052,11,1,225.36,Недавние однократные,11,1,225.36,Недавние однократные
14053,116,2,260.25,Давно не покупавшие повторные,116,2,260.25,Давно не покупавшие повторные
14054,57,1,92.46,Остальные,57,1,92.46,Остальные
14055,98,1,725.6400000000001,Остальные,98,1,725.6400000000001,Остальные
14056,7,22,7789.63,Активные ценные,7,22,7727.6900000000005,Активные ценные
14057,15,17,6217.96,Активные ценные,15,17,6211.66,Активные ценные
14059,258,1,183.6,Остальные,258,1,183.6,Остальные
14060,14,18,5842.9400000000005,Активные ценные,14,18,5842.9400000000005,Активные ценные
14062,1,12,10464.85,Активные ценные,1,12,10464.85,Активные ценные
14064,21,5,1353.7399999999998,Активные повторные,21,5,1334.34,Активные повторные
14066,258,1,152.55,Остальные,258,1,152.55,Остальные
14067,55,2,374.7,Остальные,55,2,374.7,Остальные
14068,312,1,265.85,Остальные,312,1,265.85,Остальные
14071,11,6,1269.42,Активные повторные,11,6,1268.17,Активные повторные
14073,24,1,151.04,Недавние однократные,24,1,151.04,Недавние однократные
14075,11,2,625.48,Остальные,11,2,625.48,Остальные
14076,121,1,122.47,Остальные,121,1,118.67,Остальные
14077,32,5,499.42,Активные повторные,32,5,499.41999999999996,Активные повторные
14078,93,6,1049.37,Давно не покупавшие повторные,93,6,1049.37,Давно не покупавшие повторные
14079,116,1,375.09999999999997,Остальные,116,1,375.1,Остальные
14080,24,1,45.599999999999994,Недавние однократные,24,1,45.599999999999994,Недавние однократные
14081,294,2,934.52,Давно не покупавшие повторные,294,2,921.62,Давно не покупавшие повторные
14082,356,1,182.25,Остальные,356,1,182.25,Остальные
14083,118,7,548.9200000000001,Давно не покупавшие повторные,118,7,533.39,Давно не покупавшие повторные
14085,1,15,3817.55,Активные ценные,1,15,3790.3,Активные ценные
14088,2,13,50491.81,Активные ценные,2,13,50491.81,Активные ценные
14089,48,1,161.0,Остальные,48,1,158.75,Остальные
14090,316,1,76.32000000000001,Остальные,316,1,76.32000000000001,Остальные
14092,15,12,3722.45,Активные ценные,15,12,3722.45,Активные ценные
14093,4,1,442.85,Недавние однократные,4,1,433.86,Недавние однократные
14096,3,16,45921.71,Активные ценные,3,16,45921.71,Активные ценные
14098,28,1,147.35,Недавние однократные,28,1,147.35,Недавние однократные
14099,8,11,3104.17,Активные ценные,8,11,3104.17,Активные ценные
14100,129,1,194.9,Остальные,129,1,191.95000000000002,Остальные
14101,65,6,5976.79,Остальные,65,6,5976.79,Остальные
14102,3,4,1241.78,Активные повторные,3,4,987.38,Активные повторные
14104,146,2,216.21,Давно не покупавшие повторные,146,2,216.20999999999998,Давно не покупавшие повторные
14105,231,1,1266.23,Остальные,231,1,1266.23,Остальные
14107,43,7,2703.23,Активные повторные,43,7,2703.23,Активные повторные
14108,22,2,597.91,Остальные,22,2,597.91,Остальные
14109,64,1,144.2,Остальные,64,1,144.2,Остальные
14110,13,11,5357.71,Активные ценные,13,11,5357.71,Активные ценные
14111,6,4,692.85,Активные повторные,6,4,692.85,Активные повторные
14112,14,7,2915.15,Активные ценные,14,7,2915.15,Активные ценные
14113,14,3,1368.52,Активные повторные,14,3,1368.52,Активные повторные
14114,265,2,386.53,Давно не покупавшие повторные,265,2,386.53,Давно не покупавшие повторные
14116,11,5,1382.74,Активные повторные,11,5,1382.74,Активные повторные
14117,135,1,90.0,Остальные,135,1,90.0,Остальные
14121,2,3,2008.99,Активные ценные,2,3,2008.99,Активные ценные
14124,76,1,419.58,Остальные,76,1,419.58000000000004,Остальные
14125,2,3,2740.43,Активные ценные,2,3,2720.63,Активные ценные
14126,2,2,643.6300000000001,Остальные,2,2,643.6300000000001,Остальные
14127,114,3,709.71,Давно не покупавшие повторные,114,3,709.71,Давно не покупавшие повторные
14128,52,2,637.5,Остальные,52,2,637.5,Остальные
14129,9,4,971.2800000000001,Активные повторные,9,4,971.28,Активные повторные
14130,311,1,483.86,Остальные,311,1,480.91,Остальные
14132,6,10,3270.9,Активные ценные,6,10,3270.9,Активные ценные
14133,121,3,605.64,Давно не покупавшие повторные,121,3,605.64,Давно не покупавшие повторные
14135,24,13,4247.41,Активные ценные,24,13,4247.41,Активные ценные
14138,55,1,638.21,Остальные,55,1,621.71,Остальные
14139,38,1,415.82,Остальные,38,1,415.82,Остальные
14140,23,1,540.99,Недавние однократные,23,1,540.99,Недавние однократные
14141,51,3,688.7800000000001,Активные повторные,51,3,688.7800000000001,Активные повторные
14142,365,1,311.81,Остальные,365,1,311.81,Остальные
14143,125,1,115.8,Остальные,125,1,115.8,Остальные
14145,38,4,3742.2,Активные повторные,38,4,3742.2,Активные повторные
14146,73,4,2965.84,Остальные,73,4,2965.84,Остальные
14147,70,2,483.40000000000003,Остальные,70,2,483.40000000000003,Остальные
14148,225,1,157.2,Остальные,225,1,157.2,Остальные
14149,212,1,446.62,Остальные,212,1,446.62,Остальные
14150,27,2,658.6400000000001,Остальные,27,2,658.6400000000001,Остальные
14152,67,2,621.29,Остальные,67,2,621.29,Остальные
14154,231,2,1345.62,Давно не покупавшие повторные,231,2,1345.62,Давно не покупавшие повторные
14155,258,1,118.75,Остальные,258,1,118.75,Остальные
14156,1,54,116729.63,Активные ценные,1,54,116560.08,Активные ценные
14157,11,2,432.88,Остальные,11,2,424.89,Остальные
14158,32,1,507.66,Остальные,32,1,507.66,Остальные
14159,11,11,4690.639999999999,Активные ценные,11,11,4627.98,Активные ценные
14161,207,3,1110.52,Давно не покупавшие повторные,207,3,1097.62,Давно не покупавшие повторные
14162,165,2,289.36,Давно не покупавшие повторные,165,2,289.36,Давно не покупавшие повторные
14163,79,4,2445.91,Остальные,79,4,2445.91,Остальные
14164,62,2,1631.77,Остальные,62,2,1631.77,Остальные
14165,267,1,122.53999999999999,Остальные,267,1,120.44,Остальные
14167,31,4,574.84,Активные повторные,31,4,562.59,Активные повторные
14171,90,1,363.79,Остальные,90,1,363.79,Остальные
14173,2,4,450.84000000000003,Активные повторные,2,4,450.84000000000003,Активные повторные
14174,25,1,134.46,Недавние однократные,25,1,134.46,Недавние однократные
14175,51,3,3222.3,Активные повторные,51,3,3222.3,Активные повторные
14176,289,4,576.9000000000001,Давно не покупавшие повторные,289,4,576.9000000000001,Давно не покупавшие повторные
14177,78,4,559.41,Остальные,78,4,549.46,Остальные
14178,20,6,1190.81,Активные повторные,20,6,1171.79,Активные повторные
14179,32,2,719.78,Остальные,32,2,701.57,Остальные
14180,2,25,4748.52,Активные ценные,2,25,4748.52,Активные ценные
14184,58,1,452.89,Остальные,58,1,452.89,Остальные
14185,323,1,197.65,Остальные,323,1,197.65,Остальные
14188,22,6,2054.36,Активные ценные,22,6,2054.36,Активные ценные
14189,8,14,4352.52,Активные ценные,8,14,4352.52,Активные ценные
14191,2,12,4258.64,Активные ценные,2,12,4258.64,Активные ценные
14193,59,2,853.3900000000001,Остальные,59,2,853.39,Остальные
14194,10,20,10865.42,Активные ценные,10,20,10865.42,Активные ценные
14195,193,2,1012.0,Давно не покупавшие повторные,193,2,1012.0,Давно не покупавшие повторные
14196,98,1,335.52,Остальные,98,1,335.52,Остальные
14198,10,4,701.4000000000001,Активные повторные,10,4,701.4000000000001,Активные повторные
14199,210,1,185.39999999999998,Остальные,210,1,185.39999999999998,Остальные
14201,52,7,747.44,Активные повторные,52,7,747.44,Активные повторные
14205,8,2,466.70000000000005,Остальные,8,2,466.70000000000005,Остальные
14206,231,1,328.15999999999997,Остальные,231,1,328.15999999999997,Остальные
14208,86,1,151.74,Остальные,86,1,151.74,Остальные
14209,2,6,2073.4300000000003,Активные ценные,2,6,2073.4300000000003,Активные ценные
14210,97,6,1905.8400000000001,Давно не покупавшие повторные,97,6,1905.8400000000001,Давно не покупавшие повторные
14211,45,9,2241.1,Активные повторные,45,9,2241.1,Активные повторные
14212,81,1,1070.48,Остальные,81,1,1070.48,Остальные
14214,22,5,1004.38,Активные повторные,22,5,1004.38,Активные повторные
14215,3,6,1789.72,Активные ценные,3,6,1789.72,Активные ценные
14216,8,2,1252.74,Остальные,8,2,1252.74,Остальные
14217,3,16,1910.5,Активные ценные,3,16,1910.5,Активные ценные
14218,34,1,169.48000000000002,Остальные,34,1,169.48000000000002,Остальные
14220,239,2,632.4000000000001,Давно не покупавшие повторные,239,2,632.4000000000001,Давно не покупавшие повторные
14221,34,9,3432.8,Активные повторные,34,9,3432.8,Активные повторные
14222,169,1,683.17,Остальные,169,1,683.17,Остальные
14223,84,3,991.13,Остальные,84,3,991.13,Остальные
14224,102,4,1050.12,Давно не покупавшие повторные,102,4,1009.73,Давно не покупавшие повторные
14226,20,5,2232.19,Активные ценные,20,5,2214.79,Активные ценные
14227,18,10,3350.96,Активные ценные,18,10,3350.96,Активные ценные
14229,43,3,1547.1999999999998,Активные повторные,43,3,1547.1999999999998,Активные повторные
14231,175,3,925.71,Давно не покупавшие повторные,175,3,925.71,Давно не покупавшие повторные
14232,34,5,2048.07,Активные повторные,34,5,2048.07,Активные повторные
14233,41,4,1462.72,Активные повторные,41,4,1462.72,Активные повторные
14234,14,4,775.4599999999999,Активные повторные,14,4,754.12,Активные повторные
14235,67,5,3144.86,Остальные,67,5,3144.86,Остальные
14236,72,2,490.86,Остальные,72,2,490.86,Остальные
14237,365,1,161.0,Остальные,365,1,161.0,Остальные
14238,318,1,146.85,Остальные,318,1,146.85,Остальные
14239,35,11,2380.85,Активные повторные,35,11,2380.85,Активные повторные
14240,22,2,890.34,Остальные,22,2,890.34,Остальные
14241,175,1,213.70000000000002,Остальные,175,1,213.70000000000002,Остальные
14242,226,2,280.54999999999995,Давно не покупавшие повторные,226,2,280.54999999999995,Давно не покупавшие повторные
14243,30,9,2481.35,Активные ценные,30,9,2481.35,Активные ценные
14245,211,2,1693.45,Давно не покупавшие повторные,211,2,1693.45,Давно не покупавшие повторные
14246,102,3,1474.06,Давно не покупавшие повторные,102,3,1474.06,Давно не покупавшие повторные
14247,270,1,136.77,Остальные,270,1,136.76999999999998,Остальные
14248,310,1,302.58,Остальные,310,1,302.58,Остальные
14250,81,1,1228.83,Остальные,81,1,1228.83,Остальные
14251,2,4,2397.42,Активные ценные,2,4,2397.42,Активные ценные
14256,252,2,969.06,Давно не покупавшие повторные,252,2,969.06,Давно не покупавшие повторные
14257,56,5,3099.7200000000003,Активные повторные,56,5,3099.7200000000003,Активные повторные
14258,1,9,12669.98,Активные ценные,1,9,12669.98,Активные ценные
14259,133,1,120.0,Остальные,133,1,120.0,Остальные
14261,42,2,1163.45,Остальные,42,2,1163.45,Остальные
14262,9,7,2313.5299999999997,Активные ценные,9,7,2313.5299999999997,Активные ценные
14264,146,2,333.97,Давно не покупавшие повторные,146,2,333.97,Давно не покупавшие повторные
14265,101,2,530.1800000000001,Давно не покупавшие повторные,101,2,530.1800000000001,Давно не покупавшие повторные
14267,154,3,1516.24,Давно не покупавшие повторные,154,3,1516.24,Давно не покупавшие повторные
14270,323,1,492.65000000000003,Остальные,323,1,492.65000000000003,Остальные
14271,217,1,112.32000000000001,Остальные,217,1,112.32,Остальные
14272,65,2,437.96000000000004,Остальные,65,2,437.96000000000004,Остальные
14273,43,4,559.97,Активные повторные,43,4,559.97,Активные повторные
14276,90,3,1119.74,Остальные,90,3,1119.74,Остальные
14277,7,3,4180.2,Активные ценные,7,3,4152.0,Активные ценные
14280,188,1,134.04,Остальные,188,1,134.04,Остальные
14282,11,13,3371.64,Активные ценные,11,13,3343.7400000000002,Активные ценные
14284,22,2,595.25,Остальные,22,2,595.25,Остальные
14285,13,4,1910.0100000000002,Активные ценные,13,4,1910.0100000000002,Активные ценные
14286,15,3,4628.75,Активные ценные,15,3,4628.75,Активные ценные
14287,190,2,83.28,Давно не покупавшие повторные,190,2,83.28,Давно не покупавшие повторные
14288,205,1,426.6,Остальные,205,1,426.6,Остальные
14289,126,5,832.7800000000001,Давно не покупавшие повторные,126,5,832.7800000000001,Давно не покупавшие повторные
14290,3,5,2314.65,Активные ценные,3,5,2314.65,Активные ценные
14291,49,9,3325.56,Активные повторные,49,9,3325.56,Активные повторные
14292,31,7,4458.61,Активные повторные,31,7,4458.61,Активные повторные
14293,139,3,739.41,Давно не покупавшие повторные,139,3,739.41,Давно не покупавшие повторные
14295,32,1,166.20000000000002,Остальные,32,1,166.20000000000002,Остальные
14297,9,4,1305.33,Активные повторные,9,4,1305.33,Активные повторные
14298,22,43,50889.7,Активные ценные,22,43,50889.7,Активные ценные
14299,13,8,3676.1,Активные ценные,13,8,3676.1,Активные ценные
14300,10,1,43.2,Недавние однократные,10,1,43.2,Недавние однократные
14301,109,1,640.14,Остальные,109,1,640.14,Остальные
14304,214,1,383.45,Остальные,214,1,383.45,Остальные
14305,63,3,1858.96,Остальные,63,3,1858.96,Остальные
14306,43,2,2093.32,Остальные,43,2,2093.32,Остальные
14307,80,6,2995.7200000000003,Остальные,80,6,2995.7200000000003,Остальные
14309,20,8,1962.66,Активные ценные,20,8,1962.66,Активные ценные
14311,234,1,310.26,Остальные,234,1,310.26,Остальные
14312,38,6,1611.5900000000001,Активные повторные,38,6,1611.5900000000001,Активные повторные
14314,98,1,120.0,Остальные,98,1,120.0,Остальные
14315,36,6,2481.13,Активные повторные,36,6,2481.13,Активные повторные
14317,56,1,508.58,Остальные,56,1,508.58000000000004,Остальные
14320,198,2,477.78999999999996,Давно не покупавшие повторные,198,2,477.78999999999996,Давно не покупавшие повторные
14321,2,5,1530.75,Активные повторные,2,5,1530.75,Активные повторные
14323,106,2,605.06,Давно не покупавшие повторные,106,2,605.06,Давно не покупавшие повторные
14326,234,1,183.85,Остальные,234,1,183.85,Остальные
14327,155,1,311.65000000000003,Остальные,155,1,311.65,Остальные
14329,9,7,5014.84,Активные ценные,9,7,4975.24,Активные ценные
14331,116,2,462.66,Давно не покупавшие повторные,116,2,462.66,Давно не покупавшие повторные
14332,14,3,866.3100000000001,Активные повторные,14,3,840.21,Активные повторные
14333,59,1,415.2,Остальные,59,1,415.2,Остальные
14334,8,8,2552.21,Активные ценные,8,8,2552.21,Активные ценные
14335,8,2,468.26,Остальные,8,2,454.86,Остальные
14336,8,4,1614.91,Активные ценные,8,4,1614.91,Активные ценные
14338,153,2,588.22,Давно не покупавшие повторные,153,2,588.22,Давно не покупавшие повторные
14339,234,1,309.52,Остальные,234,1,309.52,Остальные
14340,210,1,134.7,Остальные,210,1,134.7,Остальные
14341,37,8,2182.28,Активные повторные,37,8,2166.98,Активные повторные
14342,13,4,668.56,Активные повторные,13,4,668.56,Активные повторные
14344,119,8,889.9300000000001,Давно не покупавшие повторные,119,8,889.9300000000001,Давно не покупавшие повторные
14345,30,1,108.97999999999999,Недавние однократные,30,1,108.97999999999999,Недавние однократные
14346,112,2,1021.5799999999999,Давно не покупавшие повторные,112,2,1021.5799999999999,Давно не покупавшие повторные
14348,252,1,409.57,Остальные,252,1,409.57,Остальные
14349,2,1,133.5,Недавние однократные,2,1,133.5,Недавние однократные
14350,266,1,282.93,Остальные,266,1,282.93,Остальные
14351,156,1,51.0,Остальные,156,1,51.0,Остальные
14352,149,4,1078.96,Давно не покупавшие повторные,149,4,1078.96,Давно не покупавшие повторные
14353,207,1,90.6,Остальные,207,1,90.6,Остальные
14354,22,1,87.78,Недавние однократные,22,1,87.78,Недавние однократные
14355,357,1,174.4,Остальные,357,1,174.4,Остальные
14356,71,2,701.23,Остальные,71,2,701.23,Остальные
14357,35,1,225.77,Остальные,35,1,225.12,Остальные
14359,11,3,912.18,Активные повторные,11,3,912.1800000000001,Активные повторные
14360,23,4,2128.23,Активные ценные,23,4,2118.0299999999997,Активные ценные
14362,14,1,161.2,Недавние однократные,14,1,151.5,Недавние однократные
14364,100,8,3717.35,Давно не покупавшие повторные,100,8,3717.35,Давно не покупавшие повторные
14367,13,15,8627.99,Активные ценные,13,15,8594.29,Активные ценные
14368,311,1,155.0,Остальные,311,1,155.0,Остальные
14371,287,1,100.5,Остальные,287,1,100.5,Остальные
14373,350,1,76.55,Остальные,350,1,76.55,Остальные
14375,177,1,257.68,Остальные,177,1,235.56,Остальные
14377,183,2,617.05,Давно не покупавшие повторные,183,2,617.05,Давно не покупавшие повторные
14379,36,2,348.1,Остальные,36,2,348.1,Остальные
14381,44,1,202.68,Остальные,44,1,202.68,Остальные
14382,18,1,626.0699999999999,Недавние однократные,18,1,615.49,Недавние однократные
14383,30,3,1247.69,Активные повторные,30,3,1247.69,Активные повторные
14385,1,3,202.10999999999999,Активные повторные,1,3,202.10999999999999,Активные повторные
14386,288,1,142.4,Остальные,288,1,142.4,Остальные
14387,24,3,1770.56,Активные ценные,24,3,1727.6,Активные ценные
14388,2,8,3212.84,Активные ценные,2,8,3212.84,Активные ценные
14389,57,2,1043.46,Остальные,57,2,1043.46,Остальные
14390,2,9,4652.82,Активные ценные,2,9,4642.57,Активные ценные
14393,210,1,67.95,Остальные,210,1,67.95,Остальные
14395,52,8,2948.7200000000003,Активные повторные,52,8,2920.92,Активные повторные
14396,57,2,487.99,Остальные,57,2,487.99,Остальные
14397,3,17,2183.76,Активные ценные,3,17,2183.76,Активные ценные
14400,141,1,574.7,Остальные,141,1,574.7,Остальные
14401,30,12,3697.7,Активные ценные,30,12,3697.7,Активные ценные
14403,122,4,1475.81,Давно не покупавшие повторные,122,4,1475.81,Давно не покупавшие повторные
14404,25,6,1474.32,Активные повторные,25,6,1449.32,Активные повторные
14406,111,1,156.75,Остальные,111,1,156.75,Остальные
14407,99,5,2142.73,Давно не покупавшие повторные,99,5,2142.73,Давно не покупавшие повторные
14408,2,7,2606.53,Активные ценные,2,7,2599.03,Активные ценные
14409,63,6,2059.4500000000003,Остальные,63,6,2059.4500000000003,Остальные
14410,84,9,1104.07,Остальные,84,9,1099.27,Остальные
14411,302,1,1063.0,Остальные,302,1,1063.0,Остальные
14412,34,2,770.03,Остальные,34,2,770.03,Остальные
14413,354,1,122.7,Остальные,354,1,121.05,Остальные
14414,83,7,1496.98,Остальные,83,7,1496.98,Остальные
14415,11,12,4804.33,Активные ценные,11,12,4764.62,Активные ценные
14416,14,2,490.22,Остальные,14,2,490.22,Остальные
14418,17,2,1039.9,Остальные,17,2,1039.9,Остальные
14419,2,6,1058.06,Активные повторные,2,6,1051.79,Активные повторные
14420,91,1,387.52,Остальные,91,1,387.52,Остальные
14421,49,2,813.11,Остальные,49,2,813.11,Остальные
14422,9,5,3881.63,Активные ценные,9,5,3881.63,Активные ценные
14423,210,1,265.2,Остальные,210,1,265.2,Остальные
14424,9,1,322.08,Недавние однократные,9,1,322.08,Недавние однократные
14426,15,10,4481.67,Активные ценные,15,10,4481.67,Активные ценные
14427,42,2,363.34000000000003,Остальные,42,2,363.34000000000003,Остальные
14428,28,4,1042.97,Активные повторные,28,4,1022.2,Активные повторные
14431,294,1,470.36,Остальные,294,1,470.36,Остальные
14432,1,6,2255.51,Активные ценные,1,6,2248.5,Активные ценные
14434,13,6,1372.8,Активные повторные,13,6,1372.8,Активные повторные
14436,90,1,89.06,Остальные,90,1,89.06,Остальные
14437,357,1,63.0,Остальные,357,1,63.0,Остальные
14438,298,1,131.9,Остальные,298,1,131.9,Остальные
14439,311,1,2661.24,Остальные,311,1,2661.24,Остальные
14440,34,4,1740.43,Активные повторные,34,4,1740.43,Активные повторные
14441,35,3,1407.19,Активные повторные,35,3,1407.19,Активные повторные
14442,196,2,1589.8200000000002,Давно не покупавшие повторные,196,2,1589.8200000000002,Давно не покупавшие повторные
14443,45,4,1420.2,Активные повторные,45,4,1420.2,Активные повторные
14446,20,3,837.69,Активные повторные,20,3,818.72,Активные повторные
14447,10,5,1163.23,Активные повторные,10,5,1163.23,Активные повторные
14448,1,2,375.35,Остальные,1,2,375.35,Остальные
14449,10,4,907.1,Активные повторные,10,4,885.8000000000001,Активные повторные
14450,172,3,483.25,Давно не покупавшие повторные,172,3,483.25,Давно не покупавшие повторные
14451,52,2,662.59,Остальные,52,2,643.9,Остальные
14452,2,2,264.44,Остальные,2,2,259.05,Остальные
14453,182,1,119.93,Остальные,182,1,119.93,Остальные
14456,14,8,2676.48,Активные ценные,14,8,2631.3599999999997,Активные ценные
14457,302,1,113.64,Остальные,302,1,113.64,Остальные
14459,147,1,1837.92,Остальные,147,1,1837.92,Остальные
14460,102,3,434.34,Давно не покупавшие повторные,102,3,434.34,Давно не покупавшие повторные
14461,140,3,2102.67,Давно не покупавшие повторные,140,3,2102.67,Давно не покупавшие повторные
14462,58,11,1999.02,Активные повторные,58,11,1975.5700000000002,Активные повторные
14463,90,3,529.62,Остальные,90,3,529.62,Остальные
14465,238,3,1058.62,Давно не покупавшие повторные,238,3,1038.44,Давно не покупавшие повторные
14466,21,7,2272.4,Активные ценные,21,7,2272.4,Активные ценные
14467,9,4,598.76,Активные повторные,9,4,596.26,Активные повторные
14470,3,2,461.19,Остальные,3,2,461.19,Остальные
14472,95,8,1936.84,Давно не покупавшие повторные,95,8,1852.67,Давно не покупавшие повторные
14473,66,2,234.34,Остальные,66,2,234.34000000000003,Остальные
14474,38,1,547.66,Остальные,38,1,547.66,Остальные
14475,63,3,925.85,Остальные,63,3,925.85,Остальные
14476,249,1,215.7,Остальные,249,1,193.0,Остальные
14477,11,4,1309.6,Активные повторные,11,4,1309.6,Активные повторные
14479,245,2,316.25,Давно не покупавшие повторные,245,2,316.25,Давно не покупавшие повторные
14480,3,1,279.05,Недавние однократные,3,1,279.05,Недавние однократные
14481,156,2,636.51,Давно не покупавшие повторные,156,2,636.51,Давно не покупавшие повторные
14482,10,6,2068.15,Активные ценные,10,6,2022.81,Активные ценные
14483,273,1,137.1,Остальные,273,1,137.1,Остальные
14484,42,1,321.92,Остальные,42,1,321.92,Остальные
14485,30,1,165.75,Недавние однократные,30,1,162.8,Недавние однократные
14487,18,6,1196.33,Активные повторные,18,6,1165.48,Активные повторные
14488,59,1,1064.28,Остальные,59,1,1064.28,Остальные
14489,199,1,463.38,Остальные,199,1,463.38,Остальные
14491,167,2,340.93,Давно не покупавшие повторные,167,2,340.93,Давно не покупавшие повторные
14493,8,4,1867.54,Активные ценные,8,4,1867.54,Активные ценные
14494,17,1,139.56,Недавние однократные,17,1,139.56,Недавние однократные
14495,42,2,123.8,Остальные,42,2,123.8,Остальные
14496,303,2,538.8100000000001,Давно не покупавшие повторные,303,2,538.8100000000001,Давно не покупавшие повторные
14497,301,1,475.37,Остальные,301,1,475.37,Остальные
14498,34,5,1957.32,Активные повторные,34,5,1957.32,Активные повторные
14499,18,3,815.32,Активные повторные,18,3,808.44,Активные повторные
14500,80,3,356.85,Остальные,80,3,356.85,Остальные
14501,175,2,251.21,Давно не покупавшие повторные,175,2,251.21,Давно не покупавшие повторные
14502,11,11,2467.63,Активные ценные,11,11,2426.79,Активные ценные
14503,2,4,2772.39,Активные ценные,2,4,2772.39,Активные ценные
14504,39,4,673.26,Активные повторные,39,4,673.26,Активные повторные
14505,9,8,5905.64,Активные ценные,9,8,5859.43,Активные ценные
14506,9,5,2012.17,Активные ценные,9,5,1960.65,Активные ценные
14507,15,6,1383.18,Активные повторные,15,6,1367.88,Активные повторные
14508,14,2,276.41999999999996,Остальные,14,2,268.05,Остальные
14511,3,5,1314.81,Активные повторные,3,5,1314.81,Активные повторные
14512,179,2,275.28,Давно не покупавшие повторные,179,2,275.28,Давно не покупавшие повторные
14513,92,3,455.59000000000003,Давно не покупавшие повторные,92,3,455.59000000000003,Давно не покупавшие повторные
14514,53,3,1055.35,Активные повторные,53,3,990.2,Активные повторные
14515,9,6,2102.09,Активные ценные,9,6,2076.89,Активные ценные
14517,25,2,330.45,Остальные,25,2,330.45,Остальные
14518,56,1,174.37,Остальные,56,1,174.37,Остальные
14520,282,1,165.0,Остальные,282,1,165.0,Остальные
14522,16,4,974.54,Активные повторные,16,4,974.54,Активные повторные
14523,100,1,241.09,Остальные,100,1,241.09,Остальные
14524,23,9,1867.68,Активные ценные,23,9,1843.83,Активные ценные
14525,11,9,4332.2,Активные ценные,11,9,4215.9,Активные ценные
14527,4,53,7875.87,Активные ценные,4,53,7874.18,Активные ценные
14528,29,1,364.21999999999997,Недавние однократные,29,1,364.21999999999997,Недавние однократные
14529,52,3,620.04,Активные повторные,52,3,578.61,Активные повторные
14530,17,6,2925.91,Активные ценные,17,6,2862.11,Активные ценные
14532,228,4,932.8500000000001,Давно не покупавшие повторные,228,4,932.8500000000001,Давно не покупавшие повторные
14533,16,7,1949.72,Активные ценные,16,7,1949.72,Активные ценные
14534,9,17,4314.58,Активные ценные,9,17,4264.83,Активные ценные
14535,52,3,2864.19,Активные повторные,52,3,2854.84,Активные повторные
14536,251,1,171.8,Остальные,251,1,170.95,Остальные
14537,49,1,355.56,Остальные,49,1,355.56,Остальные
14538,56,2,388.25,Остальные,56,2,388.25,Остальные
14539,7,2,537.48,Остальные,7,2,537.48,Остальные
14540,1,3,996.26,Активные повторные,1,3,952.66,Активные повторные
14541,50,8,1461.65,Активные повторные,50,8,1453.35,Активные повторные
14542,177,1,103.25,Остальные,177,1,103.25,Остальные
14543,20,16,3590.68,Активные ценные,20,16,3560.08,Активные ценные
14544,16,2,2024.45,Остальные,16,2,2004.3,Остальные
14546,32,4,2078.1,Активные повторные,32,4,2078.1,Активные повторные
14547,4,6,3528.04,Активные ценные,4,6,3495.25,Активные ценные
14548,142,2,652.8,Давно не покупавшие повторные,142,2,652.8,Давно не покупавшие повторные
14549,303,1,289.24,Остальные,303,1,289.24,Остальные
14550,2,2,765.62,Остальные,2,2,757.3700000000001,Остальные
14551,10,2,186.23000000000002,Остальные,10,2,186.23000000000002,Остальные
14552,143,1,165.07,Остальные,143,1,164.22,Остальные
14553,11,5,859.27,Активные повторные,11,5,859.27,Активные повторные
14554,2,4,2381.04,Активные ценные,2,4,2279.49,Активные ценные
14555,49,2,324.14,Остальные,49,2,312.54,Остальные
14557,77,1,788.38,Остальные,77,1,788.38,Остальные
14560,8,21,2196.97,Активные ценные,8,21,2196.97,Активные ценные
14561,67,3,1080.76,Остальные,67,3,1080.76,Остальные
14562,3,16,4751.45,Активные ценные,3,16,4683.45,Активные ценные
14565,87,4,2949.12,Остальные,87,4,2949.12,Остальные
14566,102,1,1432.0,Остальные,102,1,1432.0,Остальные
14567,48,2,1530.3600000000001,Остальные,48,2,1530.3600000000001,Остальные
14570,272,2,217.21,Давно не покупавшие повторные,272,2,217.21,Давно не покупавшие повторные
14572,32,6,2697.79,Активные повторные,32,6,2669.49,Активные повторные
14573,171,9,1653.42,Давно не покупавшие повторные,171,9,1639.82,Давно не покупавшие повторные
14576,364,1,35.400000000000006,Остальные,364,1,35.400000000000006,Остальные
14577,4,4,859.71,Активные повторные,4,4,859.71,Активные повторные
14581,8,1,138.6,Недавние однократные,8,1,138.6,Недавние однократные
14582,32,1,114.11000000000001,Остальные,32,1,114.11,Остальные
14583,136,4,787.64,Давно не покупавшие повторные,136,4,741.72,Давно не покупавшие повторные
14584,161,4,1042.26,Давно не покупавшие повторные,161,4,1033.06,Давно не покупавшие повторные
14585,42,1,157.05,Остальные,42,1,157.05,Остальные
14586,268,1,237.36,Остальные,268,1,237.36,Остальные
14587,10,9,1601.1399999999999,Активные ценные,10,9,1580.29,Активные ценные
14589,363,1,39.75,Остальные,363,1,39.75,Остальные
14591,7,4,1447.14,Активные повторные,7,4,1320.21,Активные повторные
14592,27,3,570.46,Активные повторные,27,3,557.9399999999999,Активные повторные
14593,13,3,617.99,Активные повторные,13,3,617.15,Активные повторные
14594,365,1,255.0,Остальные,365,1,255.0,Остальные
14595,11,6,1740.6,Активные ценные,11,6,1740.6,Активные ценные
14597,3,2,883.15,Остальные,3,2,866.24,Остальные
14598,36,1,221.97,Остальные,36,1,221.97,Остальные
14600,297,1,393.33000000000004,Остальные,297,1,393.33000000000004,Остальные
14601,2,1,213.96,Недавние однократные,2,1,213.96,Недавние однократные
14603,266,1,660.0,Остальные,266,1,660.0,Остальные
14606,1,88,11650.94,Активные ценные,1,88,11584.31,Активные ценные
14607,7,12,15021.5,Активные ценные,7,12,15021.5,Активные ценные
14608,21,3,1277.6,Активные повторные,21,3,1277.6,Активные повторные
14609,64,4,601.56,Остальные,64,4,601.56,Остальные
14616,234,3,406.08000000000004,Давно не покупавшие повторные,234,3,406.08000000000004,Давно не покупавшие повторные
14618,1,3,553.44,Активные повторные,1,3,553.44,Активные повторные
14619,237,1,394.44,Остальные,237,1,394.44,Остальные
14620,197,2,412.78,Давно не покупавшие повторные,197,2,412.78,Давно не покупавшие повторные
14621,22,4,1485.5,Активные повторные,22,4,1485.5,Активные повторные
14622,176,1,320.58000000000004,Остальные,176,1,320.58000000000004,Остальные
14623,24,5,884.5699999999999,Активные повторные,24,5,882.02,Активные повторные
14624,49,2,225.85,Остальные,49,2,225.85,Остальные
14625,188,2,899.63,Давно не покупавшие повторные,188,2,899.63,Давно не покупавшие повторные
14626,15,4,2791.27,Активные ценные,15,4,2791.27,Активные ценные
14628,83,2,671.96,Остальные,83,2,671.96,Остальные
14629,39,1,604.83,Остальные,39,1,603.1800000000001,Остальные
14631,42,3,1006.98,Активные повторные,42,3,1006.98,Активные повторные
14632,254,1,114.56,Остальные,254,1,114.56,Остальные
14633,258,1,344.90000000000003,Остальные,258,1,344.90000000000003,Остальные
14636,28,2,609.85,Остальные,28,2,609.85,Остальные
14638,42,1,443.6,Остальные,42,1,443.6,Остальные
14639,44,6,2984.49,Активные повторные,44,6,2984.49,Активные повторные
14640,16,6,2125.08,Активные ценные,16,6,2107.38,Активные ценные
14641,13,1,110.46,Недавние однократные,13,1,110.46,Недавние однократные
14642,50,1,96.12,Остальные,50,1,96.12,Остальные
14643,162,2,693.81,Давно не покупавшие повторные,162,2,693.81,Давно не покупавшие повторные
14644,59,2,830.76,Остальные,59,2,830.76,Остальные
14645,148,2,597.09,Давно не покупавшие повторные,148,2,597.09,Давно не покупавшие повторные
14646,8,69,267410.0,Активные ценные,8,69,267410.0,Активные ценные
14647,193,1,243.22,Остальные,193,1,236.04000000000002,Остальные
14649,64,3,903.3,Остальные,64,3,895.1800000000001,Остальные
14651,59,2,654.6,Остальные,59,2,653.75,Остальные
14652,69,1,114.17999999999999,Остальные,69,1,114.18,Остальные
14653,1,6,1534.57,Активные повторные,1,6,1513.67,Активные повторные
14655,14,3,1569.32,Активные повторные,14,3,1569.32,Активные ценные
14656,161,2,291.05,Давно не покупавшие повторные,161,2,291.05,Давно не покупавшие повторные
14657,9,4,848.22,Активные повторные,9,4,848.22,Активные повторные
14658,109,1,123.14,Остальные,109,1,123.14,Остальные
14659,27,8,2380.5299999999997,Активные ценные,27,8,2380.53,Активные ценные
14660,78,2,285.74,Остальные,78,2,285.74,Остальные
14661,18,1,107.95,Недавние однократные,18,1,107.95,Недавние однократные
14662,20,4,771.1700000000001,Активные повторные,20,4,741.37,Активные повторные
14664,11,2,637.89,Остальные,11,2,636.24,Остальные
14665,52,5,1835.6999999999998,Активные повторные,52,5,1835.7,Активные повторные
14666,16,1,179.95,Недавние однократные,16,1,179.95,Недавние однократные
14667,2,25,9236.95,Активные ценные,2,25,9170.789999999999,Активные ценные
14669,233,3,1269.99,Давно не покупавшие повторные,233,3,1259.24,Давно не покупавшие повторные
14670,272,2,411.53,Давно не покупавшие повторные,272,2,392.86,Давно не покупавшие повторные
14672,226,2,765.55,Давно не покупавшие повторные,226,2,765.55,Давно не покупавшие повторные
14673,1,4,1369.63,Активные повторные,1,4,1369.63,Активные повторные
14675,8,1,604.75,Недавние однократные,8,1,596.36,Недавние однократные
14676,23,6,2548.2400000000002,Активные ценные,23,6,2548.2400000000002,Активные ценные
14680,17,16,28754.11,Активные ценные,17,16,28754.11,Активные ценные
14681,63,3,498.95,Остальные,63,3,498.95,Остальные
14682,179,2,52.0,Давно не покупавшие повторные,179,2,52.0,Давно не покупавшие повторные
14684,17,5,1236.28,Активные повторные,17,5,1201.51,Активные повторные
14687,98,1,628.38,Остальные,98,1,628.38,Остальные
14688,31,19,4971.0,Активные повторные,31,19,4949.83,Активные повторные
14689,200,1,112.8,Остальные,200,1,112.8,Остальные
14690,36,2,371.70000000000005,Остальные,36,2,355.05,Остальные
14691,22,5,2114.33,Активные ценные,22,5,2114.33,Активные ценные
14692,129,4,591.5500000000001,Давно не покупавшие повторные,129,4,591.5500000000001,Давно не покупавшие повторные
14693,256,1,172.9,Остальные,256,1,172.9,Остальные
14696,63,6,1778.41,Остальные,63,6,1778.41,Остальные
14697,210,2,188.60999999999999,Давно не покупавшие повторные,210,2,188.60999999999999,Давно не покупавшие повторные
14698,7,4,1093.6000000000001,Активные повторные,7,4,1065.0900000000001,Активные повторные
14699,206,1,109.13000000000001,Остальные,206,1,109.13000000000001,Остальные
14700,24,3,2235.2999999999997,Активные ценные,24,3,2195.1,Активные ценные
14701,2,9,2549.37,Активные ценные,2,9,2526.09,Активные ценные
14702,10,15,2962.56,Активные ценные,10,15,2926.11,Активные ценные
14703,6,1,318.17,Недавние однократные,6,1,318.17,Недавние однократные
14704,11,7,1514.5700000000002,Активные повторные,11,7,1461.62,Активные повторные
14705,190,1,179.0,Остальные,190,1,179.0,Остальные
14708,146,2,701.1800000000001,Давно не покупавшие повторные,146,2,701.1800000000001,Давно не покупавшие повторные
14709,7,13,4921.04,Активные ценные,7,13,4921.04,Активные ценные
14710,6,4,606.13,Активные повторные,6,4,599.48,Активные повторные
14711,2,11,2868.8,Активные ценные,2,11,2839.62,Активные ценные
14712,21,3,917.07,Активные повторные,21,3,917.07,Активные повторные
14713,1,11,2666.36,Активные ценные,1,11,2662.2,Активные ценные
14714,16,1,160.19,Недавние однократные,16,1,160.19,Недавние однократные
14715,16,4,867.38,Активные повторные,16,4,867.38,Активные повторные
14716,35,2,329.68,Остальные,35,2,307.51,Остальные
14719,2,4,1195.71,Активные повторные,2,4,1175.42,Активные повторные
14720,81,2,401.13,Остальные,81,2,401.13,Остальные
14722,139,1,187.92000000000002,Остальные,139,1,180.42000000000002,Остальные
14723,2,6,1156.6,Активные повторные,2,6,1120.66,Активные повторные
14725,16,1,718.08,Недавние однократные,16,1,655.58,Недавние однократные
14727,266,1,268.58,Остальные,266,1,268.58,Остальные
14729,365,1,313.49,Остальные,365,1,313.49,Остальные
14730,57,7,1760.13,Активные повторные,57,7,1669.38,Активные повторные
14731,39,3,380.02,Активные повторные,39,3,380.02,Активные повторные
14732,22,7,2238.38,Активные ценные,22,7,2238.38,Активные ценные
14733,8,12,9585.91,Активные ценные,8,12,9585.91,Активные ценные
14735,3,30,5493.25,Активные ценные,3,30,5493.25,Активные ценные
14737,120,2,1081.75,Давно не покупавшие повторные,120,2,1081.75,Давно не покупавшие повторные
14738,34,7,1314.45,Активные повторные,34,7,1314.45,Активные повторные
14739,11,6,3367.32,Активные ценные,11,6,3367.32,Активные ценные
14740,189,3,1448.21,Давно не покупавшие повторные,189,3,1448.21,Давно не покупавшие повторные
14741,3,6,1400.3400000000001,Активные повторные,3,6,1400.3400000000001,Активные повторные
14744,8,7,1099.98,Активные повторные,8,7,1099.98,Активные повторные
14745,104,5,1220.26,Давно не покупавшие повторные,104,5,1220.26,Давно не покупавшие повторные
14747,241,1,328.2,Остальные,241,1,328.2,Остальные
14748,21,5,1415.75,Активные повторные,21,5,1415.75,Активные повторные
14752,35,1,389.64,Остальные,35,1,389.64,Остальные
14753,79,1,563.15,Остальные,79,1,563.15,Остальные
14754,36,2,638.05,Остальные,36,2,638.05,Остальные
14755,1,11,5010.28,Активные ценные,1,11,5010.28,Активные ценные
14756,7,1,738.96,Недавние однократные,7,1,738.96,Недавние однократные
14757,67,1,420.5,Остальные,67,1,420.5,Остальные
14758,136,4,1484.06,Давно не покупавшие повторные,136,4,1484.06,Давно не покупавшие повторные
14759,104,2,870.85,Давно не покупавшие повторные,104,2,870.85,Давно не покупавшие повторные
14760,289,1,89.2,Остальные,289,1,89.2,Остальные
14761,50,2,255.9,Остальные,50,2,255.9,Остальные
14762,255,1,300.52,Остальные,255,1,300.52,Остальные
14764,38,1,278.3,Остальные,38,1,278.3,Остальные
14765,21,3,254.11,Активные повторные,21,3,254.11,Активные повторные
14766,72,5,2050.85,Остальные,72,5,2050.85,Остальные
14768,9,2,192.60000000000002,Остальные,9,2,192.60000000000002,Остальные
14769,74,7,10331.130000000001,Остальные,74,7,10073.36,Остальные
14770,224,2,876.42,Давно не покупавшие повторные,224,2,876.42,Давно не покупавшие повторные
14772,104,1,139.26,Остальные,104,1,139.26,Остальные
14775,50,3,1011.9,Активные повторные,50,3,1011.9,Активные повторные
14776,43,11,2538.3,Активные повторные,43,11,2538.3,Активные повторные
14778,119,2,730.86,Давно не покупавшие повторные,119,2,730.86,Давно не покупавшие повторные
14779,272,3,386.15,Давно не покупавшие повторные,272,3,386.15,Давно не покупавшие повторные
14780,46,2,447.68,Остальные,46,2,447.68,Остальные
14782,311,1,200.10000000000002,Остальные,311,1,200.10000000000002,Остальные
14784,18,2,289.99,Остальные,18,2,289.99,Остальные
14785,2,2,77.4,Остальные,2,2,77.4,Остальные
14788,18,1,368.45,Недавние однократные,18,1,368.45,Недавние однократные
14789,20,1,197.64000000000001,Недавние однократные,20,1,197.64,Недавние однократные
14790,8,4,745.06,Активные повторные,8,4,745.06,Активные повторные
14792,55,1,6.2,Остальные,55,1,6.2,Остальные
14793,13,1,228.99,Недавние однократные,13,1,228.99,Недавние однократные
14794,1,6,1115.05,Активные повторные,1,6,1115.05,Активные повторные
14795,158,1,131.45000000000002,Остальные,158,1,131.45000000000002,Остальные
14796,14,16,7593.7,Активные ценные,14,16,7578.15,Активные ценные
14798,44,3,173.74,Активные повторные,44,3,173.74,Активные повторные
14799,43,1,157.7,Остальные,43,1,157.7,Остальные
14800,39,12,4339.74,Активные повторные,39,12,4331.79,Активные повторные
14801,53,1,193.14,Остальные,53,1,189.34,Остальные
14803,154,3,845.55,Давно не покупавшие повторные,154,3,845.55,Давно не покупавшие повторные
14805,7,4,554.6500000000001,Активные повторные,7,4,546.4000000000001,Активные повторные
14806,67,1,193.39,Остальные,67,1,193.39000000000001,Остальные
14808,31,8,2741.17,Активные повторные,31,8,2718.6000000000004,Активные повторные
14810,32,11,2087.88,Активные повторные,32,11,2085.33,Активные повторные
14813,361,2,155.43,Давно не покупавшие повторные,361,2,152.88,Давно не покупавшие повторные
14815,28,2,778.5,Остальные,28,2,778.5,Остальные
14816,189,1,271.85,Остальные,189,1,271.85,Остальные
14817,192,2,1010.3399999999999,Давно не покупавшие повторные,192,2,1010.3399999999999,Давно не покупавшие повторные
14818,65,3,657.8,Остальные,65,3,657.8,Остальные
14819,56,2,272.07,Остальные,56,2,272.07,Остальные
14820,13,4,507.29,Активные повторные,13,4,507.29,Активные повторные
14821,358,1,48.800000000000004,Остальные,358,1,48.800000000000004,Остальные
14823,172,3,321.43,Давно не покупавшие повторные,172,3,321.43,Давно не покупавшие повторные
14824,2,4,1127.71,Активные повторные,2,4,1127.71,Активные повторные
14825,7,11,2125.82,Активные ценные,7,11,2119.92,Активные ценные
14828,188,3,2139.76,Давно не покупавшие повторные,188,3,2139.76,Давно не покупавшие повторные
14829,21,4,697.55,Активные повторные,21,4,697.55,Активные повторные
14830,45,1,196.28,Остальные,45,1,188.03,Остальные
14834,9,6,1720.3,Активные ценные,9,6,1720.3,Активные ценные
14836,2,3,102.44999999999999,Активные повторные,2,3,102.44999999999999,Активные повторные
14837,81,4,1649.5,Остальные,81,4,1649.5,Остальные
14840,259,1,62.85,Остальные,259,1,62.85,Остальные
14841,45,6,3295.76,Активные повторные,45,6,3295.76,Активные повторные
14842,35,4,2824.69,Активные повторные,35,4,2824.69,Активные повторные
14844,55,4,3189.81,Активные повторные,55,4,3189.81,Активные повторные
14847,140,1,309.4,Остальные,140,1,309.4,Остальные
14849,13,25,7930.54,Активные ценные,13,25,7930.54,Активные ценные
14850,303,1,325.75,Остальные,303,1,325.75,Остальные
14851,15,2,511.35,Остальные,15,2,511.35,Остальные
14852,50,6,2836.69,Активные повторные,50,6,2836.69,Активные повторные
14853,16,2,475.8,Остальные,16,2,475.8,Остальные
14854,70,7,2759.83,Остальные,70,7,2740.0299999999997,Остальные
14855,111,2,645.6500000000001,Давно не покупавшие повторные,111,2,645.6500000000001,Давно не покупавшие повторные
14856,28,3,1311.38,Активные повторные,28,3,1290.53,Активные повторные
14857,51,2,1173.12,Остальные,51,2,1173.12,Остальные
14859,4,4,1353.74,Активные повторные,4,4,1353.74,Активные повторные
14860,11,1,170.32,Недавние однократные,11,1,170.32,Недавние однократные
14861,44,1,125.79,Остальные,44,1,125.79,Остальные
14862,17,2,841.2,Остальные,17,2,841.2,Остальные
14863,21,1,266.76,Недавние однократные,21,1,266.76,Недавние однократные
14865,364,1,37.2,Остальные,364,1,37.2,Остальные
14866,2,11,14353.4,Активные ценные,2,11,14353.4,Активные ценные
14867,177,3,710.28,Давно не покупавшие повторные,177,3,710.28,Давно не покупавшие повторные
14868,13,7,2563.5,Активные ценные,13,7,2563.5,Активные ценные
14869,95,1,391.31,Остальные,95,1,387.06,Остальные
14870,253,1,327.25,Остальные,253,1,327.25,Остальные
14871,170,3,354.75,Давно не покупавшие повторные,170,3,335.3,Давно не покупавшие повторные
14873,202,1,519.68,Остальные,202,1,519.68,Остальные
14875,99,2,1465.32,Давно не покупавшие повторные,99,2,1465.32,Давно не покупавшие повторные
14878,4,9,1485.54,Активные повторные,4,9,1476.09,Активные повторные
14880,69,3,706.19,Остальные,69,3,690.59,Остальные
14881,11,1,255.4,Недавние однократные,11,1,255.4,Недавние однократные
14882,18,2,589.7,Остальные,18,2,589.7,Остальные
14883,10,6,761.5899999999999,Активные повторные,10,6,761.59,Активные повторные
14885,123,1,765.3199999999999,Остальные,123,1,765.3199999999999,Остальные
14886,244,1,364.8,Остальные,244,1,364.8,Остальные
14887,71,1,1862.0,Остальные,71,1,1862.0,Остальные
14888,199,1,369.2,Остальные,199,1,369.2,Остальные
14889,328,1,135.9,Остальные,328,1,135.9,Остальные
14890,245,1,125.65,Остальные,245,1,125.65,Остальные
14891,140,2,554.38,Давно не покупавшие повторные,140,2,554.38,Давно не покупавшие повторные
14893,1,2,1237.85,Остальные,1,2,1237.85,Остальные
14894,77,1,655.75,Остальные,77,1,655.75,Остальные
14895,21,17,10213.09,Активные ценные,21,17,10213.09,Активные ценные
14896,196,2,468.77000000000004,Давно не покупавшие повторные,196,2,468.77000000000004,Давно не покупавшие повторные
14897,44,3,746.3199999999999,Активные повторные,44,3,746.3199999999999,Активные повторные
14898,15,6,1303.52,Активные повторные,15,6,1269.31,Активные повторные
14901,3,9,1421.29,Активные повторные,3,9,1421.29,Активные повторные
14902,17,1,332.66,Недавние однократные,17,1,332.66,Недавние однократные
14903,13,5,2810.63,Активные ценные,13,5,2795.33,Активные ценные
14904,17,1,396.96,Недавние однократные,17,1,396.96,Недавние однократные
14905,149,2,616.1500000000001,Давно не покупавшие повторные,149,2,616.1500000000001,Давно не покупавшие повторные
14907,20,6,3024.7400000000002,Активные ценные,20,6,3024.7400000000002,Активные ценные
14908,66,1,277.8,Остальные,66,1,277.8,Остальные
14910,17,3,323.55,Активные повторные,17,3,323.55,Активные повторные
14911,1,189,129446.8,Активные ценные,1,189,129332.91,Активные ценные
14912,8,2,867.8499999999999,Остальные,8,2,867.8499999999999,Остальные
14913,27,4,1227.43,Активные повторные,27,4,1227.43,Активные повторные
14915,83,2,307.48,Остальные,83,2,307.48,Остальные
14916,62,4,1268.98,Остальные,62,4,1268.98,Остальные
14918,107,2,1610.15,Давно не покупавшие повторные,107,2,1610.15,Давно не покупавшие повторные
14920,204,2,977.77,Давно не покупавшие повторные,204,2,977.77,Давно не покупавшие повторные
14921,22,2,1316.07,Остальные,22,2,1316.07,Остальные
14923,42,1,749.1,Остальные,42,1,749.1,Остальные
14924,237,1,310.05,Остальные,237,1,310.05,Остальные
14929,24,1,223.88,Недавние однократные,24,1,223.88,Недавние однократные
14930,100,3,2372.86,Давно не покупавшие повторные,100,3,2362.96,Давно не покупавшие повторные
14931,14,3,666.28,Активные повторные,14,3,666.28,Активные повторные
14932,357,1,313.53,Остальные,357,1,313.53,Остальные
14934,73,2,1890.94,Остальные,73,2,1890.94,Остальные
14935,289,1,1784.71,Остальные,289,1,1784.71,Остальные
14936,25,8,8137.0199999999995,Активные ценные,25,8,8137.0199999999995,Активные ценные
14937,48,3,1621.8799999999999,Активные повторные,48,3,1621.8799999999999,Активные повторные
14944,21,12,5900.250000000001,Активные ценные,21,12,5900.250000000001,Активные ценные
14946,6,1,100.9,Недавние однократные,6,1,100.9,Недавние однократные
14947,64,2,290.82,Остальные,64,2,290.82,Остальные
14948,15,6,1101.97,Активные повторные,15,6,1101.9699999999998,Активные повторные
14950,11,1,371.2,Недавние однократные,11,1,371.2,Недавние однократные
14951,71,1,311.69,Остальные,71,1,311.69,Остальные
14952,51,11,8099.490000000001,Активные повторные,51,11,8099.490000000001,Активные повторные
14953,17,1,289.82,Недавние однократные,17,1,285.67,Недавние однократные
14954,4,1,336.17,Недавние однократные,4,1,294.85,Недавние однократные
14957,245,1,58.49,Остальные,245,1,58.49,Остальные
14958,139,3,499.68,Давно не покупавшие повторные,139,3,483.72999999999996,Давно не покупавшие повторные
14959,56,4,695.42,Активные повторные,56,4,695.42,Активные повторные
14960,163,1,88.3,Остальные,163,1,88.3,Остальные
14961,2,9,7044.68,Активные ценные,2,9,7044.68,Активные ценные
14962,262,1,126.7,Остальные,262,1,126.7,Остальные
14963,1,5,1487.8,Активные повторные,1,5,1472.34,Активные повторные
14964,239,1,206.21,Остальные,239,1,206.21,Остальные
14965,88,2,599.0,Остальные,88,2,596.0899999999999,Остальные
14966,6,1,191.32,Недавние однократные,6,1,183.02,Недавние однократные
14967,41,1,463.8,Остальные,41,1,463.8,Остальные
14968,22,1,147.59,Недавние однократные,22,1,147.59,Недавние однократные
14970,60,4,1592.06,Активные повторные,60,4,1592.06,Активные повторные
14971,27,3,1116.57,Активные повторные,27,3,1097.98,Активные повторные
14972,120,1,114.77,Остальные,120,1,114.77,Остальные
14973,99,3,1314.45,Давно не покупавшие повторные,99,3,1314.45,Давно не покупавшие повторные
14974,29,1,114.39,Недавние однократные,29,1,89.94,Недавние однократные
14975,49,1,279.94,Остальные,49,1,279.94,Остальные
14976,49,6,774.86,Активные повторные,49,6,774.86,Активные повторные
14978,64,5,1931.42,Остальные,64,5,1921.3700000000001,Остальные
14981,238,1,102.12,Остальные,238,1,102.12,Остальные
14984,11,2,213.27,Остальные,11,2,202.37,Остальные
14985,190,2,296.75,Давно не покупавшие повторные,190,2,292.01,Давно не покупавшие повторные
14987,7,2,326.4,Остальные,7,2,326.4,Остальные
14988,203,1,334.54,Остальные,203,1,334.54,Остальные
14995,30,2,233.23000000000002,Остальные,30,2,231.98000000000002,Остальные
14997,38,3,546.1999999999999,Активные повторные,38,3,546.1999999999999,Активные повторные
14998,162,2,429.87,Давно не покупавшие повторные,162,2,414.87,Давно не покупавшие повторные
15000,39,1,490.52,Остальные,39,1,490.52,Остальные
15002,107,4,1641.76,Давно не покупавшие повторные,107,4,1641.76,Давно не покупавшие повторные
15004,139,1,1245.93,Остальные,139,1,1220.38,Остальные
15005,7,28,6314.87,Активные ценные,7,28,6293.67,Активные ценные
15006,43,1,497.14,Остальные,43,1,475.43,Остальные
15007,151,1,156.91,Остальные,151,1,156.91,Остальные
15009,4,3,1261.7800000000002,Активные повторные,4,3,1259.43,Активные повторные
15010,27,1,308.94,Недавние однократные,27,1,308.94,Недавние однократные
15012,45,2,423.03999999999996,Остальные,45,2,405.03999999999996,Остальные
15014,35,2,260.17,Остальные,35,2,257.66999999999996,Остальные
15016,164,1,170.04,Остальные,164,1,170.04,Остальные
15017,25,1,125.58,Недавние однократные,25,1,125.58,Недавние однократные
15018,30,3,496.21000000000004,Активные повторные,30,3,496.21000000000004,Активные повторные
15019,258,1,266.0,Остальные,258,1,252.81,Остальные
15021,18,8,1672.85,Активные ценные,18,8,1629.8,Активные ценные
15022,3,4,905.04,Активные повторные,3,4,852.39,Активные повторные
15023,31,10,6092.22,Активные повторные,31,10,6009.87,Активные повторные
15024,1,10,1661.3300000000002,Активные ценные,1,10,1636.43,Активные ценные
15025,25,1,377.01,Недавние однократные,25,1,361.96,Недавние однократные
15026,72,3,464.2,Остальные,72,3,464.2,Остальные
15027,22,4,1066.1499999999999,Активные повторные,22,4,1066.15,Активные повторные
15028,34,3,512.4300000000001,Активные повторные,34,3,512.4300000000001,Активные повторные
15030,63,2,518.28,Остальные,63,2,518.28,Остальные
15031,22,3,492.61,Активные повторные,22,3,492.61,Активные повторные
15032,248,3,4959.1,Давно не покупавшие повторные,248,3,4959.1,Давно не покупавшие повторные
15033,17,9,2415.57,Активные ценные,17,9,2386.08,Активные ценные
15034,7,8,4308.61,Активные ценные,7,8,4274.16,Активные ценные
15035,81,1,252.73000000000002,Остальные,81,1,252.73000000000002,Остальные
15036,64,3,465.54999999999995,Остальные,64,3,429.56,Остальные
15038,50,6,705.49,Активные повторные,50,6,685.74,Активные повторные
15039,1,47,19914.440000000002,Активные ценные,1,47,19766.59,Активные ценные
15041,162,1,180.35,Остальные,162,1,179.93,Остальные
15042,191,1,135.93,Остальные,191,1,135.93,Остальные
15043,23,1,537.0,Недавние однократные,23,1,537.0,Недавние однократные
15044,11,17,7700.2300000000005,Активные ценные,11,17,7634.7300000000005,Активные ценные
15045,143,2,735.66,Давно не покупавшие повторные,143,2,735.66,Давно не покупавшие повторные
15046,1,15,5194.82,Активные ценные,1,15,5071.47,Активные ценные
15047,261,1,343.62,Остальные,261,1,343.62,Остальные
15048,57,4,384.05,Активные повторные,57,4,381.0,Активные повторные
15049,265,1,121.17,Остальные,265,1,121.17000000000002,Остальные
15050,17,3,1782.0900000000001,Активные ценные,17,3,1737.69,Активные ценные
15051,15,3,1391.61,Активные повторные,15,3,1383.36,Активные повторные
15052,311,1,215.78,Остальные,311,1,207.73000000000002,Остальные
15053,148,2,478.6,Давно не покупавшие повторные,148,2,478.6,Давно не покупавшие повторные
15054,4,2,302.1,Остальные,4,2,302.1,Остальные
15057,267,2,1489.5,Давно не покупавшие повторные,267,2,1489.5,Давно не покупавшие повторные
15058,17,11,2124.9900000000002,Активные ценные,17,11,2102.54,Активные ценные
15059,32,9,1337.72,Активные повторные,32,9,1337.72,Активные повторные
15060,1,3,285.23,Активные повторные,1,3,276.39,Активные повторные
15061,2,47,50638.28,Активные ценные,2,47,50638.28,Активные ценные
15062,63,4,987.86,Остальные,63,4,987.86,Остальные
15063,205,1,370.79999999999995,Остальные,205,1,370.79999999999995,Остальные
15065,29,4,3158.13,Активные ценные,29,4,3158.13,Активные ценные
15066,45,1,893.59,Остальные,45,1,893.59,Остальные
15067,70,3,1744.7599999999998,Остальные,70,3,1744.7599999999998,Остальные
15068,38,2,553.36,Остальные,38,2,553.3599999999999,Остальные
15069,171,1,1109.53,Остальные,171,1,1109.53,Остальные
15070,364,1,106.2,Остальные,364,1,106.2,Остальные
15071,85,2,982.0699999999999,Остальные,85,2,982.0700000000002,Остальные
15073,1,3,1043.41,Активные повторные,1,3,1043.41,Активные повторные
15074,97,1,748.87,Остальные,97,1,735.67,Остальные
15075,69,1,773.03,Остальные,69,1,773.03,Остальные
15076,164,1,880.85,Остальные,164,1,880.85,Остальные
15078,3,29,8920.03,Активные ценные,3,29,8920.03,Активные ценные
15079,204,4,895.61,Давно не покупавшие повторные,204,4,895.61,Давно не покупавшие повторные
15081,14,5,504.8,Активные повторные,14,5,504.8,Активные повторные
15083,248,1,88.2,Остальные,248,1,88.2,Остальные
15087,273,1,306.94,Остальные,273,1,306.94,Остальные
15088,13,2,1160.0700000000002,Остальные,13,2,1160.0700000000002,Остальные
15089,2,6,2420.84,Активные ценные,2,6,2420.84,Активные ценные
15090,300,1,381.32,Остальные,300,1,381.32,Остальные
15091,59,1,480.71,Остальные,59,1,480.71,Остальные
15092,207,2,457.81000000000006,Давно не покупавшие повторные,207,2,457.81000000000006,Давно не покупавшие повторные
15093,10,6,4597.02,Активные ценные,10,6,4597.02,Активные ценные
15095,95,4,1370.6,Давно не покупавшие повторные,95,4,1370.6,Давно не покупавшие повторные
15096,34,1,219.39000000000001,Остальные,34,1,219.39000000000001,Остальные
15098,174,3,39916.5,Давно не покупавшие повторные,174,3,39916.5,Давно не покупавшие повторные
15099,76,1,410.48,Остальные,76,1,410.48,Остальные
15100,325,3,876.0,Давно не покупавшие повторные,325,3,876.0,Давно не покупавшие повторные
15101,351,1,102.28,Остальные,351,1,102.28,Остальные
15103,23,2,703.36,Остальные,23,2,703.36,Остальные
15104,188,2,1027.44,Давно не покупавшие повторные,188,2,993.54,Давно не покупавшие повторные
15105,10,7,2298.93,Активные ценные,10,7,2298.93,Активные ценные
15106,9,5,1422.52,Активные повторные,9,5,1422.52,Активные повторные
15107,303,6,319.5,Давно не покупавшие повторные,303,6,319.5,Давно не покупавшие повторные
15108,133,3,1159.25,Давно не покупавшие повторные,133,3,1159.25,Давно не покупавшие повторные
15109,237,1,484.95,Остальные,237,1,484.95,Остальные
15110,15,4,996.1,Активные повторные,15,4,996.1,Активные повторные
15111,21,3,1567.48,Активные повторные,21,3,1567.48,Активные повторные
15113,1,3,3608.94,Активные ценные,1,3,3509.04,Активные ценные
15114,22,10,2760.56,Активные ценные,22,10,2760.56,Активные ценные
15115,10,1,340.11,Недавние однократные,10,1,340.11,Недавние однократные
15116,9,4,1352.75,Активные повторные,9,4,1352.75,Активные повторные
15117,6,5,1551.78,Активные повторные,6,5,1551.78,Активные повторные
15118,126,1,244.8,Остальные,126,1,244.8,Остальные
15119,237,1,266.40000000000003,Остальные,237,1,266.4,Остальные
15120,125,1,358.82,Остальные,125,1,358.82,Остальные
15121,42,2,457.71999999999997,Остальные,42,2,457.71999999999997,Остальные
15122,106,3,1633.78,Давно не покупавшие повторные,106,3,1633.78,Давно не покупавшие повторные
15123,198,1,1069.47,Остальные,198,1,1069.47,Остальные
15124,14,2,184.19,Остальные,14,2,184.19,Остальные
15125,17,15,11528.48,Активные ценные,17,15,11528.48,Активные ценные
15127,57,1,406.53,Остальные,57,1,406.53,Остальные
15128,52,4,1471.0,Активные повторные,52,4,1471.0,Активные повторные
15129,42,11,3447.4,Активные повторные,42,11,3447.4,Активные повторные
15130,161,1,330.11,Остальные,161,1,330.11,Остальные
15132,10,5,977.9300000000001,Активные повторные,10,5,977.9300000000001,Активные повторные
15133,119,3,982.42,Давно не покупавшие повторные,119,3,982.4200000000001,Давно не покупавшие повторные
15134,6,8,1387.99,Активные повторные,6,8,1387.99,Активные повторные
15135,231,1,139.05,Остальные,231,1,139.05,Остальные
15136,14,2,1029.8,Остальные,14,2,1029.8,Остальные
15139,231,2,178.96,Давно не покупавшие повторные,231,2,178.96,Давно не покупавшие повторные
15140,44,7,2354.25,Активные повторные,44,7,2354.25,Активные повторные
15142,38,1,498.74,Остальные,38,1,498.74,Остальные
15143,217,1,259.45,Остальные,217,1,259.45,Остальные
15144,16,16,6054.54,Активные ценные,16,16,6054.54,Активные ценные
15145,35,3,1036.37,Активные повторные,35,3,1036.37,Активные повторные
15146,156,2,1327.16,Давно не покупавшие повторные,156,2,1327.16,Давно не покупавшие повторные
15147,232,1,623.5,Остальные,232,1,623.5,Остальные
15148,2,1,301.29,Недавние однократные,2,1,301.29,Недавние однократные
15149,125,1,520.8000000000001,Остальные,125,1,520.8000000000001,Остальные
15150,9,10,5314.469999999999,Активные ценные,9,10,5291.33,Активные ценные
15152,1,13,4745.6900000000005,Активные ценные,1,13,4745.6900000000005,Активные ценные
15153,23,1,329.25,Недавние однократные,23,1,329.25,Недавние однократные
15154,67,1,296.42,Остальные,67,1,254.28,Остальные
15156,25,1,317.8,Недавние однократные,25,1,317.8,Недавние однократные
15157,146,2,1505.3700000000001,Давно не покупавшие повторные,146,2,1505.3700000000001,Давно не покупавшие повторные
15158,37,1,401.40000000000003,Остальные,37,1,401.40000000000003,Остальные
15159,10,27,16806.22,Активные ценные,10,27,16806.22,Активные ценные
15160,349,1,158.16,Остальные,349,1,158.16,Остальные
15163,10,2,304.47,Остальные,10,2,304.47,Остальные
15164,60,3,843.05,Активные повторные,60,3,824.58,Активные повторные
15165,365,1,487.75,Остальные,365,1,487.75,Остальные
15167,312,1,163.0,Остальные,312,1,158.8,Остальные
15168,17,1,106.56,Недавние однократные,17,1,106.56,Недавние однократные
15171,323,1,1289.5,Остальные,323,1,1289.5,Остальные
15172,62,4,1247.95,Остальные,62,4,1247.95,Остальные
15174,314,1,135.75,Остальные,314,1,135.75,Остальные
15175,63,1,224.14,Остальные,63,1,224.14,Остальные
15178,252,1,40.5,Остальные,252,1,40.5,Остальные
15179,10,5,2206.95,Активные ценные,10,5,2206.95,Активные ценные
15180,359,1,87.5,Остальные,359,1,87.5,Остальные
15181,58,3,689.48,Активные повторные,58,3,689.48,Активные повторные
15182,146,2,622.85,Давно не покупавшие повторные,146,2,622.85,Давно не покупавшие повторные
15184,21,2,406.76,Остальные,21,2,402.20000000000005,Остальные
15185,62,1,310.62,Остальные,62,1,310.62,Остальные
15186,6,2,411.41,Остальные,6,2,411.40999999999997,Остальные
15187,7,12,3929.7,Активные ценные,7,12,3929.7,Активные ценные
15189,2,38,15030.73,Активные ценные,2,38,15030.73,Активные ценные
15192,111,3,1044.32,Давно не покупавшие повторные,111,3,1044.32,Давно не покупавшие повторные
15193,52,1,499.32,Остальные,52,1,499.32,Остальные
15194,23,14,6909.89,Активные ценные,23,14,6909.889999999999,Активные ценные
15197,2,3,1079.6100000000001,Активные повторные,2,3,1079.6100000000001,Активные повторные
15198,84,2,193.64,Остальные,84,2,193.64,Остальные
15199,51,4,1268.6999999999998,Активные повторные,51,4,1268.6999999999998,Активные повторные
15201,79,5,1236.54,Остальные,79,5,1236.54,Остальные
15203,17,6,1827.8,Активные ценные,17,6,1827.8,Активные ценные
15204,349,1,316.58,Остальные,349,1,316.58,Остальные
15205,77,2,653.24,Остальные,77,2,653.24,Остальные
15206,2,4,420.3,Активные повторные,2,4,420.3,Активные повторные
15208,23,4,662.52,Активные повторные,23,4,662.52,Активные повторные
15210,217,1,331.18,Остальные,217,1,331.18,Остальные
15211,52,2,894.4100000000001,Остальные,52,2,894.4100000000001,Остальные
15212,233,1,101.8,Остальные,233,1,101.8,Остальные
15213,310,2,328.34999999999997,Давно не покупавшие повторные,310,2,328.34999999999997,Давно не покупавшие повторные
15214,2,7,1532.68,Активные повторные,2,7,1532.68,Активные повторные
15215,38,3,734.94,Активные повторные,38,3,734.94,Активные повторные
15216,79,1,96.6,Остальные,79,1,96.6,Остальные
15218,2,11,5756.889999999999,Активные ценные,2,11,5756.889999999999,Активные ценные
15219,168,1,305.75,Остальные,168,1,305.75,Остальные
15220,43,6,1778.96,Активные повторные,43,6,1778.96,Активные повторные
15221,358,1,403.25,Остальные,358,1,403.25,Остальные
15222,310,1,585.0,Остальные,310,1,585.0,Остальные
15223,217,2,755.75,Давно не покупавшие повторные,217,2,755.75,Давно не покупавшие повторные
15224,350,2,322.08000000000004,Давно не покупавшие повторные,350,2,322.08000000000004,Давно не покупавшие повторные
15225,226,1,409.40000000000003,Остальные,226,1,409.40000000000003,Остальные
15226,302,1,154.41,Остальные,302,1,154.41,Остальные
15227,28,5,1219.4,Активные повторные,28,5,1219.4,Активные повторные
15228,58,4,3386.71,Активные повторные,58,4,3386.71,Активные повторные
15230,231,2,429.6,Давно не покупавшие повторные,231,2,429.6,Давно не покупавшие повторные
15232,105,2,612.06,Давно не покупавшие повторные,105,2,612.06,Давно не покупавшие повторные
15234,268,1,197.0,Остальные,268,1,197.0,Остальные
15235,209,12,2247.51,Давно не покупавшие повторные,209,12,2247.51,Давно не покупавшие повторные
15236,290,1,321.05,Остальные,290,1,321.05,Остальные
15237,70,3,1328.72,Остальные,70,3,1328.72,Остальные
15238,21,3,1071.99,Активные повторные,21,3,1071.99,Активные повторные
15239,2,2,780.59,Остальные,2,2,780.59,Остальные
15240,36,5,1706.57,Активные повторные,36,5,1706.57,Активные повторные
15241,58,8,1756.44,Активные повторные,58,8,1756.44,Активные повторные
15243,66,1,316.68,Остальные,66,1,316.68,Остальные
15244,57,2,631.5699999999999,Остальные,57,2,631.5699999999999,Остальные
15245,126,3,2515.84,Давно не покупавшие повторные,126,3,2515.84,Давно не покупавшие повторные
15246,230,2,514.1500000000001,Давно не покупавшие повторные,230,2,514.1500000000001,Давно не покупавшие повторные
15247,114,1,356.0,Остальные,114,1,356.0,Остальные
15249,23,13,6688.46,Активные ценные,23,13,6688.46,Активные ценные
15251,1,11,10484.99,Активные ценные,1,11,10484.99,Активные ценные
15252,28,2,740.78,Остальные,28,2,740.78,Остальные
15253,8,5,918.2,Активные повторные,8,5,918.1999999999999,Активные повторные
15254,119,1,300.36,Остальные,119,1,300.36,Остальные
15255,58,1,890.85,Остальные,58,1,890.85,Остальные
15256,140,1,98.45,Остальные,140,1,98.45,Остальные
15257,275,1,317.15,Остальные,275,1,317.15,Остальные
15258,160,2,623.16,Давно не покупавшие повторные,160,2,623.1600000000001,Давно не покупавшие повторные
15260,92,7,1810.77,Давно не покупавшие повторные,92,7,1810.77,Давно не покупавшие повторные
15261,127,1,254.82,Остальные,127,1,254.82,Остальные
15262,315,1,178.95000000000002,Остальные,315,1,178.95000000000002,Остальные
15263,98,1,156.51,Остальные,98,1,156.51,Остальные
15264,56,1,393.74,Остальные,56,1,393.74,Остальные
15265,143,2,1506.12,Давно не покупавшие повторные,143,2,1506.12,Давно не покупавшие повторные
15266,330,1,119.3,Остальные,330,1,119.3,Остальные
15267,14,5,1717.36,Активные ценные,14,5,1717.36,Активные ценные
15269,15,1,408.8,Недавние однократные,15,1,408.8,Недавние однократные
15270,7,7,2379.49,Активные ценные,7,7,2379.49,Активные ценные
15271,18,14,2314.99,Активные ценные,18,14,2301.2599999999998,Активные ценные
15272,49,2,721.94,Остальные,49,2,721.94,Остальные
15274,10,1,383.99,Недавние однократные,10,1,383.99,Недавние однократные
15275,29,1,615.14,Недавние однократные,29,1,615.14,Недавние однократные
15276,58,1,135.31,Остальные,58,1,128.63,Остальные
15277,38,1,255.89999999999998,Остальные,38,1,255.89999999999998,Остальные
15279,346,1,290.51,Остальные,346,1,290.51,Остальные
15280,164,1,113.12,Остальные,164,1,113.12,Остальные
15281,50,9,2332.15,Активные повторные,50,9,2332.15,Активные повторные
15286,41,1,240.55,Остальные,41,1,240.55,Остальные
15287,14,2,486.69000000000005,Остальные,14,2,486.69000000000005,Остальные
15288,35,5,2306.52,Активные повторные,35,5,2306.52,Активные повторные
15289,21,3,939.78,Активные повторные,21,3,939.78,Активные повторные
15290,23,15,6405.51,Активные ценные,23,15,6405.51,Активные ценные
15291,17,14,4623.3,Активные ценные,17,14,4623.3,Активные ценные
15292,193,1,180.94,Остальные,193,1,178.39,Остальные
15296,42,6,3672.8599999999997,Активные повторные,42,6,3672.8599999999997,Активные повторные
15297,2,3,641.94,Активные повторные,2,3,641.94,Активные повторные
15298,2,11,4487.68,Активные ценные,2,11,4487.68,Активные ценные
15299,59,6,3907.01,Активные повторные,59,6,3907.01,Активные повторные
15300,56,1,496.44,Остальные,56,1,496.44,Остальные
15301,42,12,5070.35,Активные повторные,42,12,5049.95,Активные повторные
15303,282,1,574.02,Остальные,282,1,574.02,Остальные
15304,52,8,694.4,Активные повторные,52,8,694.4,Активные повторные
15306,56,3,1174.35,Активные повторные,56,3,1174.35,Активные повторные
15307,87,1,205.3,Остальные,87,1,205.3,Остальные
15308,266,1,310.47,Остальные,266,1,310.47,Остальные
15311,2,88,59591.83,Активные ценные,2,88,59457.1,Активные ценные
15312,67,4,924.85,Остальные,67,4,924.85,Остальные
15313,102,1,52.0,Остальные,102,1,52.0,Остальные
15314,191,1,327.97,Остальные,191,1,327.97,Остальные
15315,56,2,570.5,Остальные,56,2,570.5,Остальные
15316,318,1,165.0,Остальные,318,1,165.0,Остальные
15319,275,1,204.5,Остальные,275,1,204.5,Остальные
15320,36,1,267.13,Остальные,36,1,267.13,Остальные
15321,62,3,2748.31,Остальные,62,3,2748.31,Остальные
15322,77,1,679.68,Остальные,77,1,679.68,Остальные
15325,95,1,162.29,Остальные,95,1,161.74,Остальные
15326,325,1,311.71,Остальные,325,1,311.71,Остальные
15327,44,1,208.75,Остальные,44,1,208.75,Остальные
15329,31,3,1049.7,Активные повторные,31,3,1049.7,Активные повторные
15330,24,2,714.96,Остальные,24,2,714.96,Остальные
15332,358,4,1661.06,Давно не покупавшие повторные,358,4,1661.06,Давно не покупавшие повторные
15333,200,1,1028.56,Остальные,200,1,1028.56,Остальные
15334,148,3,348.72,Давно не покупавшие повторные,148,3,347.87,Давно не покупавшие повторные
15335,45,1,173.97,Остальные,45,1,170.22,Остальные
15339,58,2,574.0699999999999,Остальные,58,2,574.0699999999999,Остальные
15341,72,1,2020.52,Остальные,72,1,2020.52,Остальные
15342,121,1,406.09,Остальные,121,1,406.09,Остальные
15343,79,1,364.5,Остальные,79,1,364.5,Остальные
15344,24,2,460.64,Остальные,24,2,460.64,Остальные
15345,37,1,393.54,Остальные,37,1,393.54,Остальные
15346,324,1,252.42000000000002,Остальные,324,1,252.42000000000002,Остальные
15347,358,1,201.60000000000002,Остальные,358,1,201.60000000000002,Остальные
15348,64,1,158.04,Остальные,64,1,158.04,Остальные
15349,150,2,473.81,Давно не покупавшие повторные,150,2,463.90999999999997,Давно не покупавшие повторные
15350,365,1,115.65,Остальные,365,1,115.65,Остальные
15351,4,7,1960.1100000000001,Активные ценные,4,7,1934.66,Активные ценные
15353,246,2,777.02,Давно не покупавшие повторные,246,2,770.12,Давно не покупавшие повторные
15355,21,2,277.05,Остальные,21,2,277.05,Остальные
15356,23,10,2766.5,Активные ценные,23,10,2718.03,Активные ценные
15358,27,20,7517.14,Активные ценные,27,20,7517.14,Активные ценные
15360,31,1,427.93,Остальные,31,1,427.93,Остальные
15361,353,1,418.92,Остальные,353,1,418.92,Остальные
15363,364,1,326.0,Остальные,364,1,326.0,Остальные
15364,87,2,913.19,Остальные,87,2,913.19,Остальные
15365,17,7,2314.32,Активные ценные,17,7,2314.32,Активные ценные
15366,67,2,602.51,Остальные,67,2,602.51,Остальные
15367,49,4,1877.5900000000001,Активные повторные,49,4,1877.5900000000001,Активные повторные
15368,13,1,446.94000000000005,Недавние однократные,13,1,446.94000000000005,Недавние однократные
15370,32,7,2386.05,Активные повторные,32,7,2386.05,Активные повторные
15372,129,1,2007.3999999999999,Остальные,129,1,2007.3999999999999,Остальные
15373,10,11,2070.38,Активные ценные,10,11,2070.38,Активные ценные
15374,120,1,168.0,Остальные,120,1,168.0,Остальные
15376,32,3,1233.36,Активные повторные,32,3,1221.56,Активные повторные
15379,161,7,3703.29,Давно не покупавшие повторные,161,7,3703.29,Давно не покупавшие повторные
15380,38,4,1304.96,Активные повторные,38,4,1304.96,Активные повторные
15381,205,2,596.85,Давно не покупавшие повторные,205,2,596.8499999999999,Давно не покупавшие повторные
15382,6,6,5955.71,Активные ценные,6,6,5955.71,Активные ценные
15384,161,2,642.41,Давно не покупавшие повторные,161,2,642.41,Давно не покупавшие повторные
15385,32,1,316.88,Остальные,32,1,316.88,Остальные
15386,178,1,394.14,Остальные,178,1,394.14,Остальные
15388,262,1,140.54,Остальные,262,1,140.54,Остальные
15389,164,1,500.0,Остальные,164,1,500.0,Остальные
15392,22,3,1231.12,Активные повторные,22,3,1231.12,Активные повторные
15393,8,2,231.86,Остальные,8,2,231.86,Остальные
15394,1,4,2183.54,Активные ценные,1,4,2183.54,Активные ценные
15395,317,1,107.45,Остальные,317,1,107.45,Остальные
15396,104,1,288.18,Остальные,104,1,288.18,Остальные
15397,281,1,94.0,Остальные,281,1,94.0,Остальные
15398,8,2,1345.5300000000002,Остальные,8,2,1345.5300000000002,Остальные
15399,14,2,549.13,Остальные,14,2,549.13,Остальные
15400,84,5,716.2,Остальные,84,5,716.2,Остальные
15402,140,2,626.35,Давно не покупавшие повторные,140,2,626.35,Давно не покупавшие повторные
15405,181,1,349.1,Остальные,181,1,349.1,Остальные
15406,23,2,510.71000000000004,Остальные,23,2,510.71000000000004,Остальные
15407,25,4,1056.44,Активные повторные,25,4,1046.74,Активные повторные
15408,256,1,267.18,Остальные,256,1,267.18,Остальные
15410,76,8,3450.84,Остальные,76,8,3450.84,Остальные
15411,18,4,1358.88,Активные повторные,18,4,1348.93,Активные повторные
15412,163,1,190.53,Остальные,163,1,190.53,Остальные
15414,1,3,774.9000000000001,Активные повторные,1,3,774.9000000000001,Активные повторные
15415,305,1,572.8100000000001,Остальные,305,1,559.61,Остальные
15416,56,4,3984.32,Активные повторные,56,4,3984.32,Активные повторные
15417,77,1,508.8,Остальные,77,1,508.8,Остальные
15419,16,1,135.85999999999999,Недавние однократные,16,1,135.86,Недавние однократные
15421,50,4,950.36,Активные повторные,50,4,950.36,Активные повторные
15422,315,2,97.7,Давно не покупавшие повторные,315,2,97.7,Давно не покупавшие повторные
15423,30,1,43.5,Недавние однократные,30,1,43.5,Недавние однократные
15424,246,2,383.34000000000003,Давно не покупавшие повторные,246,2,383.34000000000003,Давно не покупавшие повторные
15426,11,5,1447.39,Активные повторные,11,5,1404.07,Активные повторные
15427,25,3,1483.1399999999999,Активные повторные,25,3,1430.54,Активные повторные
15428,7,1,93.78,Недавние однократные,7,1,93.78,Недавние однократные
15429,18,2,397.35,Остальные,18,2,397.35,Остальные
15432,15,1,171.19,Недавние однократные,15,1,171.19,Недавние однократные
15433,205,2,533.3,Давно не покупавшие повторные,205,2,533.3,Давно не покупавшие повторные
15434,23,4,890.5799999999999,Активные повторные,23,4,890.5799999999999,Активные повторные
15435,14,1,149.29,Недавние однократные,14,1,149.29,Недавние однократные
15436,4,3,1122.53,Активные повторные,4,3,1067.75,Активные повторные
15437,254,1,200.16,Остальные,254,1,200.16,Остальные
15438,123,1,156.58,Остальные,123,1,156.57999999999998,Остальные
15440,46,3,383.68,Активные повторные,46,3,383.68,Активные повторные
15442,240,1,594.0,Остальные,240,1,594.0,Остальные
15443,4,6,2857.4,Активные ценные,4,6,2838.21,Активные ценные
15444,1,2,1418.2599999999998,Остальные,1,2,1411.21,Остальные
15445,256,1,113.5,Остальные,256,1,113.5,Остальные
15447,322,1,155.17,Остальные,322,1,155.17,Остальные
15448,304,1,494.64,Остальные,304,1,494.64,Остальные
15449,18,3,974.52,Активные повторные,18,3,974.52,Активные повторные
15450,22,1,429.84,Недавние однократные,22,1,429.84,Недавние однократные
15452,21,3,538.73,Активные повторные,21,3,528.48,Активные повторные
15453,27,6,1253.09,Активные повторные,27,6,1236.49,Активные повторные
15454,354,1,179.1,Остальные,354,1,179.1,Остальные
15456,275,3,447.22,Давно не покупавшие повторные,275,3,434.59,Давно не покупавшие повторные
15457,254,1,237.07,Остальные,254,1,237.07,Остальные
15458,17,1,161.64,Недавние однократные,17,1,161.64,Недавние однократные
15460,346,1,216.76,Остальные,346,1,214.26,Остальные
15462,86,3,234.6,Остальные,86,3,234.6,Остальные
15463,21,1,126.14,Недавние однократные,21,1,126.14,Недавние однократные
15464,330,1,1048.85,Остальные,330,1,1044.65,Остальные
15465,11,18,7354.62,Активные ценные,11,18,7354.62,Активные ценные
15466,77,1,334.53,Остальные,77,1,334.53,Остальные
15467,1,3,524.88,Активные повторные,1,3,524.88,Активные повторные
15468,43,2,467.51,Остальные,43,2,467.51,Остальные
15469,42,2,538.55,Остальные,42,2,538.55,Остальные
15472,105,1,371.56,Остальные,105,1,371.56,Остальные
15473,6,7,1771.2,Активные ценные,6,7,1771.2,Активные ценные
15475,69,1,454.11,Остальные,69,1,454.10999999999996,Остальные
15478,32,2,1441.42,Остальные,32,2,1399.92,Остальные
15480,108,1,905.5,Остальные,108,1,905.5,Остальные
15482,7,11,11014.96,Активные ценные,7,11,10839.76,Активные ценные
15483,153,4,233.81,Давно не покупавшие повторные,153,4,225.26,Давно не покупавшие повторные
15484,10,3,2920.06,Активные ценные,10,3,2916.16,Активные ценные
15485,22,3,2575.0,Активные ценные,22,3,2564.5,Активные ценные
15488,84,1,91.32000000000001,Остальные,84,1,91.32000000000001,Остальные
15489,14,3,1134.28,Активные повторные,14,3,1134.28,Активные повторные
15491,87,6,3100.09,Остальные,87,6,3100.09,Остальные
15492,20,2,659.46,Остальные,20,2,659.46,Остальные
15493,24,5,2001.8,Активные ценные,24,5,1953.4099999999999,Активные ценные
15494,13,2,1299.23,Остальные,13,2,1280.5800000000002,Остальные
15497,9,2,1262.2,Остальные,9,2,1262.2,Остальные
15498,9,26,12451.46,Активные ценные,9,26,12451.46,Активные ценные
15500,10,3,865.3000000000001,Активные повторные,10,3,865.3,Активные повторные
15502,7,10,6923.9800000000005,Активные ценные,7,10,6923.98,Активные ценные
15503,354,1,147.09,Остальные,354,1,141.04,Остальные
15504,73,1,52.83,Остальные,73,1,52.83,Остальные
15505,44,5,3610.96,Активные повторные,44,5,3610.96,Активные повторные
15506,14,3,979.26,Активные повторные,14,3,972.0799999999999,Активные повторные
15507,163,1,492.36,Остальные,163,1,475.86,Остальные
15508,181,6,1000.27,Давно не покупавшие повторные,181,6,1000.27,Давно не покупавшие повторные
15510,322,1,250.0,Остальные,322,1,250.0,Остальные
15511,3,5,909.23,Активные повторные,3,5,900.53,Активные повторные
15512,147,2,121.0,Давно не покупавшие повторные,147,2,121.0,Давно не покупавшие повторные
15513,25,19,14758.220000000001,Активные ценные,25,19,14758.220000000001,Активные ценные
15514,4,11,4139.46,Активные ценные,4,11,4023.7200000000003,Активные ценные
15516,36,3,62.43,Активные повторные,36,3,62.43,Активные повторные
15517,225,1,267.03,Остальные,225,1,267.03,Остальные
15518,56,8,1942.45,Активные повторные,56,8,1921.55,Активные повторные
15521,32,8,3000.2,Активные повторные,32,8,3000.2,Активные повторные
15522,24,2,398.84,Остальные,24,2,397.99,Остальные
15523,76,1,412.01000000000005,Остальные,76,1,412.01000000000005,Остальные
15524,16,1,440.0,Недавние однократные,16,1,440.0,Недавние однократные
15525,9,2,508.73,Остальные,9,2,466.19,Остальные
15526,25,2,148.44,Остальные,25,2,148.44,Остальные
15527,10,8,2429.78,Активные ценные,10,8,2428.53,Активные ценные
15528,246,1,229.33,Остальные,246,1,229.33,Остальные
15529,14,11,3992.6800000000003,Активные ценные,14,11,3960.05,Активные ценные
15530,13,4,1502.35,Активные повторные,13,4,1497.31,Активные повторные
15531,22,1,1522.31,Недавние однократные,22,1,1495.06,Недавние однократные
15532,17,4,1571.03,Активные повторные,17,4,1554.83,Активные повторные
15533,11,3,807.5699999999999,Активные повторные,11,3,807.5699999999999,Активные повторные
15535,165,4,536.4,Давно не покупавшие повторные,165,4,502.9,Давно не покупавшие повторные
15537,155,1,110.92,Остальные,155,1,110.92,Остальные
15540,3,1,213.3,Недавние однократные,3,1,213.3,Недавние однократные
15541,106,1,85.13000000000001,Остальные,106,1,85.13000000000001,Остальные
15543,280,1,127.86,Остальные,280,1,127.86,Остальные
15544,1,9,3546.71,Активные ценные,1,9,3546.71,Активные ценные
15545,46,2,292.72,Остальные,46,2,288.97,Остальные
15547,32,13,4432.43,Активные повторные,32,13,4391.9400000000005,Активные повторные
15549,69,3,1689.51,Остальные,69,3,1677.71,Остальные
15550,98,3,433.28,Давно не покупавшие повторные,98,3,433.28,Давно не покупавшие повторные
15551,28,1,436.06,Недавние однократные,28,1,436.06,Недавние однократные
15552,209,1,90.12,Остальные,209,1,90.12,Остальные
15553,52,1,437.23,Остальные,52,1,428.93,Остальные
15554,269,1,217.2,Остальные,269,1,217.2,Остальные
15555,4,16,4802.18,Активные ценные,4,16,4791.87,Активные ценные
15556,16,1,279.77,Недавние однократные,16,1,279.77,Недавние однократные
15557,20,1,473.65000000000003,Недавние однократные,20,1,468.91,Недавние однократные
15561,3,4,800.59,Активные повторные,3,4,800.59,Активные повторные
15562,343,1,134.55,Остальные,343,1,134.55,Остальные
15563,14,3,1361.44,Активные повторные,14,3,1361.44,Активные повторные
15565,42,2,173.16000000000003,Остальные,42,2,173.16000000000003,Остальные
15567,10,1,186.01,Недавние однократные,10,1,186.01,Недавние однократные
15568,36,2,422.52,Остальные,36,2,422.52,Остальные
15569,95,5,1375.71,Давно не покупавшие повторные,95,5,1375.71,Давно не покупавшие повторные
15570,2,11,4130.12,Активные ценные,2,11,4113.42,Активные ценные
15571,3,4,650.4300000000001,Активные повторные,3,4,650.4300000000001,Активные повторные
15572,17,6,2357.88,Активные ценные,17,6,2338.44,Активные ценные
15573,23,2,599.5,Остальные,23,2,583.24,Остальные
15574,169,4,702.25,Давно не покупавшие повторные,169,4,675.64,Давно не покупавшие повторные
15576,29,1,940.6700000000001,Недавние однократные,29,1,921.37,Недавние однократные
15577,143,3,258.88,Давно не покупавшие повторные,143,3,258.88,Давно не покупавшие повторные
15578,154,1,127.10000000000001,Остальные,154,1,127.1,Остальные
15579,60,2,348.6,Остальные,60,2,327.6,Остальные
15581,148,10,721.6300000000001,Давно не покупавшие повторные,148,10,717.4300000000001,Давно не покупавшие повторные
15582,16,3,682.9100000000001,Активные повторные,16,3,682.9100000000001,Активные повторные
15584,15,4,725.11,Активные повторные,15,4,720.86,Активные повторные
15585,168,1,455.3,Остальные,168,1,455.3,Остальные
15587,42,4,913.68,Активные повторные,42,4,913.68,Активные повторные
15589,247,3,478.53,Давно не покупавшие повторные,247,3,478.53,Давно не покупавшие повторные
15592,38,1,388.58,Остальные,38,1,388.58,Остальные
15593,62,1,199.8,Остальные,62,1,199.8,Остальные
15594,7,5,1771.78,Активные ценные,7,5,1771.78,Активные ценные
15596,92,5,1406.59,Давно не покупавшие повторные,92,5,1406.59,Давно не покупавшие повторные
15597,27,1,324.57,Недавние однократные,27,1,324.57,Недавние однократные
15598,45,1,240.68,Остальные,45,1,240.68,Остальные
15599,18,2,761.74,Остальные,18,2,761.74,Остальные
15601,3,14,6776.56,Активные ценные,3,14,6776.56,Активные ценные
15602,14,8,1117.03,Активные повторные,14,8,1117.03,Активные повторные
15603,70,1,48.480000000000004,Остальные,70,1,48.480000000000004,Остальные
15604,44,1,216.39,Остальные,44,1,216.39,Остальные
15605,28,5,1198.23,Активные повторные,28,5,1198.23,Активные повторные
15606,53,9,2920.16,Активные повторные,53,9,2920.16,Активные повторные
15607,328,1,104.76,Остальные,328,1,104.76,Остальные
15608,20,4,1093.68,Активные повторные,20,4,1093.68,Активные повторные
15609,176,1,298.48,Остальные,176,1,298.48,Остальные
15610,43,1,112.46000000000001,Остальные,43,1,112.46000000000001,Остальные
15611,1,11,1570.45,Активные повторные,1,11,1570.45,Активные ценные
15612,28,2,195.15,Остальные,28,2,195.15,Остальные
15615,2,23,10399.74,Активные ценные,2,23,10399.74,Активные ценные
15618,24,4,776.851,Активные повторные,24,4,776.851,Активные повторные
15619,2,1,336.40000000000003,Недавние однократные,2,1,336.40000000000003,Недавние однократные
15620,48,3,1553.1799999999998,Активные повторные,48,3,1553.1799999999998,Активные повторные
15621,3,2,1044.96,Остальные,3,2,1044.96,Остальные
15622,35,9,3709.56,Активные повторные,35,9,3709.56,Активные повторные
15623,133,1,301.03,Остальные,133,1,301.03,Остальные
15624,108,4,588.13,Давно не покупавшие повторные,108,4,588.13,Давно не покупавшие повторные
15625,95,4,1534.2599999999998,Давно не покупавшие повторные,95,4,1534.2599999999998,Давно не покупавшие повторные
15626,66,2,675.8,Остальные,66,2,675.8,Остальные
15628,16,8,2667.29,Активные ценные,16,8,2667.29,Активные ценные
15630,37,2,1186.35,Остальные,37,2,1186.35,Остальные
15632,7,8,3285.31,Активные ценные,7,8,3285.31,Активные ценные
15634,9,1,243.55,Недавние однократные,9,1,243.55,Недавние однократные
15636,81,2,724.76,Остальные,81,2,724.76,Остальные
15637,44,1,223.36,Остальные,44,1,223.36,Остальные
15639,126,1,425.32,Остальные,126,1,425.32,Остальные
15640,8,14,11329.18,Активные ценные,8,14,11229.630000000001,Активные ценные
15641,97,4,1887.2000000000003,Давно не покупавшие повторные,97,4,1887.2000000000003,Давно не покупавшие повторные
15643,183,3,664.0,Давно не покупавшие повторные,183,3,664.0,Давно не покупавшие повторные
15644,158,4,813.0,Давно не покупавшие повторные,158,4,803.54,Давно не покупавшие повторные
15645,10,1,611.59,Недавние однократные,10,1,611.59,Недавние однократные
15646,149,3,447.64000000000004,Давно не покупавшие повторные,149,3,447.64000000000004,Давно не покупавшие повторные
15648,196,2,657.35,Давно не покупавшие повторные,196,2,639.5,Давно не покупавшие повторные
15649,328,2,816.0,Давно не покупавшие повторные,328,2,816.0,Давно не покупавшие повторные
15651,28,3,646.3000000000001,Активные повторные,28,3,646.3,Активные повторные
15652,83,1,337.74,Остальные,83,1,337.74,Остальные
15653,84,2,877.4399999999999,Остальные,84,2,877.4399999999999,Остальные
15654,1,2,922.53,Остальные,1,2,922.53,Остальные
15655,235,1,560.6700000000001,Остальные,235,1,560.67,Остальные
15656,37,4,748.5,Активные повторные,37,4,748.5,Активные повторные
15657,14,1,30.0,Недавние однократные,14,1,30.0,Недавние однократные
15658,182,5,1024.1,Давно не покупавшие повторные,182,5,1024.1,Давно не покупавшие повторные
15659,35,1,306.45,Остальные,35,1,306.45,Остальные
15660,17,9,1600.8600000000001,Активные ценные,17,9,1600.8600000000001,Активные ценные
15661,309,2,309.8,Давно не покупавшие повторные,309,2,309.79999999999995,Давно не покупавшие повторные
15663,98,1,138.14,Остальные,98,1,138.14,Остальные
15664,42,1,386.43,Остальные,42,1,386.43,Остальные
15665,160,2,2242.01,Давно не покупавшие повторные,160,2,2222.21,Давно не покупавшие повторные
15667,31,1,301.32,Остальные,31,1,301.32,Остальные
15668,209,1,76.32000000000001,Остальные,209,1,76.32000000000001,Остальные
15669,32,4,684.34,Активные повторные,32,4,684.34,Активные повторные
15670,288,1,173.05,Остальные,288,1,173.05,Остальные
15671,10,7,2657.13,Активные ценные,10,7,2657.13,Активные ценные
15673,80,4,2881.02,Остальные,80,4,2726.23,Остальные
15674,65,4,2111.8900000000003,Остальные,65,4,2111.8900000000003,Остальные
15675,73,3,323.69,Остальные,73,3,323.69,Остальные
15676,10,3,3435.76,Активные ценные,10,3,3435.76,Активные ценные
15677,41,1,657.23,Остальные,41,1,657.23,Остальные
15678,44,1,352.7,Остальные,44,1,352.7,Остальные
15679,16,4,781.28,Активные повторные,16,4,781.28,Активные повторные
15680,1,3,1333.68,Активные повторные,1,3,1333.68,Активные повторные
15681,17,5,1426.16,Активные повторные,17,5,1426.16,Активные повторные
15683,109,1,193.75,Остальные,109,1,193.75,Остальные
15687,15,8,2741.51,Активные ценные,15,8,2741.51,Активные ценные
15689,111,2,254.1,Давно не покупавшие повторные,111,2,254.1,Давно не покупавшие повторные
15690,92,1,111.0,Остальные,92,1,111.0,Остальные
15691,244,1,136.8,Остальные,244,1,136.8,Остальные
15692,20,1,191.04,Недавние однократные,20,1,191.04,Недавние однократные
15694,17,11,5592.72,Активные ценные,17,11,5592.72,Активные ценные
15695,258,2,409.98,Давно не покупавшие повторные,258,2,409.98,Давно не покупавшие повторные
15696,25,8,2736.46,Активные ценные,25,8,2711.11,Активные ценные
15699,9,1,309.65,Недавние однократные,9,1,309.65,Недавние однократные
15700,164,2,696.68,Давно не покупавшие повторные,164,2,696.68,Давно не покупавшие повторные
15701,60,3,1223.2,Активные повторные,60,3,1210.06,Активные повторные
15703,256,1,211.5,Остальные,256,1,211.5,Остальные
15704,132,4,2293.62,Давно не покупавшие повторные,132,4,2293.62,Давно не покупавшие повторные
15705,193,1,143.1,Остальные,193,1,143.1,Остальные
15706,55,4,1060.56,Активные повторные,55,4,1060.56,Активные повторные
15707,27,4,945.5799999999999,Активные повторные,27,4,916.98,Активные повторные
15708,32,7,3364.2400000000002,Активные повторные,32,7,3235.25,Активные повторные
15709,275,1,133.25,Остальные,275,1,133.25,Остальные
15712,1,5,1072.3600000000001,Активные повторные,1,5,1072.3600000000001,Активные повторные
15713,135,2,356.70000000000005,Давно не покупавшие повторные,135,2,356.70000000000005,Давно не покупавшие повторные
15714,3,2,330.88,Остальные,3,2,330.03000000000003,Остальные
15716,137,4,1118.81,Давно не покупавшие повторные,137,4,1101.1100000000001,Давно не покупавшие повторные
15717,226,1,150.3,Остальные,226,1,150.3,Остальные
15719,24,13,5043.96,Активные ценные,24,13,5028.42,Активные ценные
15720,16,1,598.73,Недавние однократные,16,1,598.73,Недавние однократные
15721,3,1,507.08,Недавние однократные,3,1,471.40000000000003,Недавние однократные
15722,27,5,2222.56,Активные ценные,27,5,2211.21,Активные ценные
15723,356,1,203.1,Остальные,356,1,190.7,Остальные
15724,193,2,218.25,Давно не покупавшие повторные,193,2,218.25,Давно не покупавшие повторные
15725,7,1,415.25,Недавние однократные,7,1,415.25,Недавние однократные
15727,8,7,5178.96,Активные ценные,8,7,5159.06,Активные ценные
15729,204,1,85.0,Остальные,204,1,85.0,Остальные
15730,57,3,1120.88,Активные повторные,57,3,1120.88,Активные повторные
15732,204,2,294.12,Давно не покупавшие повторные,204,2,294.12,Давно не покупавшие повторные
15733,274,1,162.3,Остальные,274,1,162.3,Остальные
15734,106,2,1339.4500000000003,Давно не покупавшие повторные,106,2,1339.4500000000003,Давно не покупавшие повторные
15737,6,8,1205.12,Активные повторные,6,8,1188.1200000000001,Активные повторные
15738,10,16,4812.42,Активные ценные,10,16,4812.42,Активные ценные
15739,58,1,449.12,Остальные,58,1,449.12,Остальные
15740,41,1,154.88,Остальные,41,1,154.88,Остальные
15743,8,4,784.46,Активные повторные,8,4,775.96,Активные повторные
15744,69,1,34.8,Остальные,69,1,34.8,Остальные
15745,11,4,1094.5900000000001,Активные повторные,11,4,1094.5900000000001,Активные повторные
15746,126,1,196.88,Остальные,126,1,196.88,Остальные
15747,4,3,974.04,Активные повторные,4,3,946.6399999999999,Активные повторные
15748,32,1,149.31,Остальные,32,1,144.36,Остальные
15749,227,3,44534.3,Давно не покупавшие повторные,227,3,44534.3,Давно не покупавшие повторные
15750,7,7,2125.09,Активные ценные,7,7,2122.66,Активные ценные
15752,31,7,2637.38,Активные повторные,31,7,2626.6,Активные повторные
15753,296,1,79.2,Остальные,296,1,79.2,Остальные
15754,43,3,458.57000000000005,Активные повторные,43,3,458.57000000000005,Активные повторные
15755,2,6,2364.25,Активные ценные,2,6,2364.25,Активные ценные
15756,53,4,532.96,Активные повторные,53,4,528.01,Активные повторные
15757,57,2,714.4200000000001,Остальные,57,2,714.4200000000001,Остальные
15758,16,1,205.25,Недавние однократные,16,1,205.25,Недавние однократные
15759,210,3,253.04000000000002,Давно не покупавшие повторные,210,3,253.04000000000002,Давно не покупавшие повторные
15762,57,2,583.75,Остальные,57,2,583.75,Остальные
15763,23,2,1086.92,Остальные,23,2,1086.92,Остальные
15764,80,6,3279.9700000000003,Остальные,80,6,3279.9700000000003,Остальные
15766,56,1,315.06,Остальные,56,1,315.06,Остальные
15768,107,3,621.83,Давно не покупавшие повторные,107,3,621.8299999999999,Давно не покупавшие повторные
15769,22,25,52848.72,Активные ценные,22,25,52848.72,Активные ценные
15774,60,1,270.8,Остальные,60,1,270.8,Остальные
15775,237,1,104.9,Остальные,237,1,104.9,Остальные
15776,125,1,241.62,Остальные,125,1,241.62,Остальные
15777,233,4,1047.11,Давно не покупавшие повторные,233,4,1047.11,Давно не покупавшие повторные
15780,175,3,475.28000000000003,Давно не покупавшие повторные,175,3,475.28000000000003,Давно не покупавшие повторные
15781,17,3,345.46000000000004,Активные повторные,17,3,345.46000000000004,Активные повторные
15782,1,3,2614.7400000000002,Активные ценные,1,3,2614.7400000000002,Активные ценные
15783,2,1,246.3,Недавние однократные,2,1,246.3,Недавние однократные
15785,24,5,2328.9700000000003,Активные ценные,24,5,2328.9700000000003,Активные ценные
15786,38,3,4932.2,Активные повторные,38,3,4919.0,Активные повторные
15787,18,3,948.0500000000001,Активные повторные,18,3,933.26,Активные повторные
15789,350,1,351.3,Остальные,350,1,351.3,Остальные
15790,2,1,220.85,Недавние однократные,2,1,218.75,Недавние однократные
15791,35,2,1612.69,Остальные,35,2,1612.69,Остальные
15793,6,3,965.61,Активные повторные,6,3,965.61,Активные повторные
15795,141,1,610.01,Остальные,141,1,610.01,Остальные
15796,9,7,2262.91,Активные ценные,9,7,2259.96,Активные ценные
15797,105,3,2192.4,Давно не покупавшие повторные,105,3,2192.4,Давно не покупавшие повторные
15799,67,3,884.14,Остальные,67,3,884.14,Остальные
15800,99,2,699.0799999999999,Давно не покупавшие повторные,99,2,696.89,Давно не покупавшие повторные
15801,38,3,1063.95,Активные повторные,38,3,1063.95,Активные повторные
15803,43,1,415.82,Остальные,43,1,415.82000000000005,Остальные
15804,3,12,3877.34,Активные ценные,3,12,3877.34,Активные ценные
15805,15,17,5528.48,Активные ценные,15,17,5488.18,Активные ценные
15806,38,3,784.58,Активные повторные,38,3,784.58,Активные повторные
15807,42,3,903.9000000000001,Активные повторные,42,3,903.9000000000001,Активные повторные
15808,298,4,3734.9700000000003,Давно не покупавшие повторные,298,4,3651.27,Давно не покупавшие повторные
15809,28,5,515.77,Активные повторные,28,5,515.77,Активные повторные
15810,70,4,1391.98,Остальные,70,4,1391.98,Остальные
15811,14,6,2218.62,Активные ценные,14,6,2218.62,Активные ценные
15812,99,5,1801.14,Давно не покупавшие повторные,99,5,1801.14,Давно не покупавшие повторные
15813,199,2,1303.9099999999999,Давно не покупавшие повторные,199,2,1303.9099999999999,Давно не покупавшие повторные
15814,8,4,1945.33,Активные ценные,8,4,1945.33,Активные ценные
15815,55,5,2100.6,Активные повторные,55,5,2100.6,Активные повторные
15819,41,4,1905.45,Активные повторные,41,4,1905.45,Активные повторные
15820,311,1,206.98,Остальные,311,1,206.98,Остальные
15821,36,2,570.96,Остальные,36,2,570.96,Остальные
15822,351,1,440.2,Остальные,351,1,440.2,Остальные
15825,164,1,532.94,Остальные,164,1,532.94,Остальные
15826,48,3,1654.31,Активные повторные,48,3,1654.31,Активные повторные
15827,65,14,1836.0900000000001,Остальные,65,14,1836.0900000000001,Остальные
15829,91,2,636.14,Давно не покупавшие повторные,91,2,636.14,Давно не покупавшие повторные
15830,29,1,576.0,Недавние однократные,29,1,576.0,Недавние однократные
15831,50,3,801.76,Активные повторные,50,3,794.64,Активные повторные
15832,246,1,836.79,Остальные,246,1,836.79,Остальные
15834,62,4,2231.25,Остальные,62,4,2222.65,Остальные
15835,36,4,954.09,Активные повторные,36,4,954.09,Активные повторные
15836,42,1,137.37,Остальные,42,1,137.37,Остальные
15837,56,1,391.98,Остальные,56,1,391.98,Остальные
15838,3,19,33643.08,Активные ценные,3,19,33643.08,Активные ценные
15839,25,3,1048.49,Активные повторные,25,3,1048.49,Активные повторные
15840,50,2,355.56,Остальные,50,2,355.56,Остальные
15841,64,4,1224.06,Остальные,64,4,1224.06,Остальные
15843,295,1,118.95000000000002,Остальные,295,1,118.95000000000002,Остальные
15844,38,1,130.73999999999998,Остальные,38,1,130.73999999999998,Остальные
15845,9,8,3711.77,Активные ценные,9,8,3711.77,Активные ценные
15847,30,2,389.27,Остальные,30,2,389.27,Остальные
15850,11,2,238.85,Остальные,11,2,234.88,Остальные
15852,178,2,160.71,Давно не покупавшие повторные,178,2,160.71,Давно не покупавшие повторные
15853,43,1,110.8,Остальные,43,1,110.8,Остальные
15854,78,10,2839.94,Остальные,78,10,2839.94,Остальные
15855,128,5,712.24,Давно не покупавшие повторные,128,5,712.24,Давно не покупавшие повторные
15856,37,21,13275.61,Активные повторные,37,21,13081.6,Активные повторные
15857,10,1,297.0,Недавние однократные,10,1,297.0,Недавние однократные
15858,7,5,1438.8500000000001,Активные повторные,7,5,1427.5700000000002,Активные повторные
15860,32,8,977.21,Активные повторные,32,8,965.16,Активные повторные
15861,4,8,3165.36,Активные ценные,4,8,3146.92,Активные ценные
15862,104,3,659.73,Давно не покупавшие повторные,104,3,659.73,Давно не покупавшие повторные
15863,17,2,68.84,Остальные,17,2,68.84,Остальные
15864,14,6,1936.32,Активные ценные,14,6,1936.32,Активные ценные
15865,32,3,895.1300000000001,Активные повторные,32,3,895.13,Активные повторные
15866,93,1,230.53,Остальные,93,1,211.89,Остальные
15867,14,14,3520.52,Активные ценные,14,14,3518.02,Активные ценные
15869,269,2,149.64,Давно не покупавшие повторные,269,2,149.64,Давно не покупавшие повторные
15870,24,1,354.09000000000003,Недавние однократные,24,1,351.44,Недавние однократные
15872,6,2,360.93,Остальные,6,2,316.25,Остальные
15874,55,7,4405.88,Активные повторные,55,7,4405.88,Активные повторные
15877,9,1,242.26,Недавние однократные,9,1,239.31,Недавние однократные
15880,361,1,343.28,Остальные,361,1,329.03000000000003,Остальные
15881,304,5,501.39000000000004,Давно не покупавшие повторные,304,5,501.39000000000004,Давно не покупавшие повторные
15882,190,4,514.08,Давно не покупавшие повторные,190,4,514.08,Давно не покупавшие повторные
15883,25,1,143.76,Недавние однократные,25,1,143.76,Недавние однократные
15885,85,1,349.35,Остальные,85,1,349.35,Остальные
15886,52,1,181.09,Остальные,52,1,181.09,Остальные
15888,72,1,162.64,Остальные,72,1,162.64,Остальные
15889,148,2,427.57,Давно не покупавшие повторные,148,2,400.77,Давно не покупавшие повторные
15891,218,1,521.97,Остальные,218,1,509.13,Остальные
15894,245,2,262.9,Давно не покупавшие повторные,245,2,257.6,Давно не покупавшие повторные
15895,141,1,179.17,Остальные,141,1,179.17,Остальные
15897,186,2,222.05,Давно не покупавшие повторные,186,2,208.59,Давно не покупавшие повторные
15898,218,4,1002.99,Давно не покупавшие повторные,218,4,997.94,Давно не покупавшие повторные
15899,360,1,56.25,Остальные,360,1,56.25,Остальные
15900,15,1,351.11,Недавние однократные,15,1,337.28,Недавние однократные
15901,8,3,361.9,Активные повторные,8,3,349.75,Активные повторные
15903,1,7,5126.76,Активные ценные,1,7,5126.76,Активные ценные
15906,11,7,1567.6899999999998,Активные повторные,11,7,1567.6899999999998,Активные повторные
15907,168,2,529.52,Давно не покупавшие повторные,168,2,477.59000000000003,Давно не покупавшие повторные
15909,165,1,191.93999999999997,Остальные,165,1,191.94,Остальные
15910,7,7,1098.83,Активные повторные,7,7,1095.53,Активные повторные
15912,170,2,264.62,Давно не покупавшие повторные,170,2,264.62,Давно не покупавшие повторные
15916,8,8,1528.0900000000001,Активные повторные,8,8,1502.8600000000001,Активные повторные
15917,239,1,123.1,Остальные,239,1,123.1,Остальные
15918,182,2,334.23,Давно не покупавшие повторные,182,2,334.23,Давно не покупавшие повторные
15919,11,2,639.89,Остальные,11,2,525.69,Остальные
15920,146,3,163.55,Давно не покупавшие повторные,146,3,163.55,Давно не покупавшие повторные
15921,164,1,336.03000000000003,Остальные,164,1,323.03000000000003,Остальные
15922,365,1,369.5,Остальные,365,1,369.5,Остальные
15923,364,1,127.08,Остальные,364,1,127.08,Остальные
15925,186,1,207.15,Остальные,186,1,207.15,Остальные
15930,59,1,426.63,Остальные,59,1,426.63,Остальные
15932,80,7,2195.65,Остальные,80,7,2195.65,Остальные
15933,13,3,1107.46,Активные повторные,13,3,1107.46,Активные повторные
15935,231,1,108.04,Остальные,231,1,108.03999999999999,Остальные
15937,56,1,145.35,Остальные,56,1,145.35,Остальные
15938,104,5,404.58000000000004,Давно не покупавшие повторные,104,5,404.58000000000004,Давно не покупавшие повторные
15939,81,14,6100.01,Остальные,81,14,6100.01,Остальные
15940,303,1,35.8,Остальные,303,1,35.8,Остальные
15942,125,1,337.44,Остальные,125,1,337.44,Остальные
15944,268,1,325.1,Остальные,268,1,325.1,Остальные
15945,357,1,181.0,Остальные,357,1,181.0,Остальные
15947,74,1,1708.24,Остальные,74,1,1708.24,Остальные
15948,35,1,644.24,Остальные,35,1,644.24,Остальные
15949,8,2,364.72,Остальные,8,2,364.72,Остальные
15950,23,4,1765.51,Активные ценные,23,4,1744.71,Активные ценные
15951,277,1,375.17,Остальные,277,1,375.16999999999996,Остальные
15952,25,4,806.57,Активные повторные,25,4,781.91,Активные повторные
15953,7,8,1659.3799999999999,Активные ценные,7,8,1657.28,Активные ценные
15955,16,14,4416.26,Активные ценные,16,14,4416.26,Активные ценные
15957,23,1,428.89,Недавние однократные,23,1,428.89,Недавние однократные
15958,66,1,104.35000000000001,Остальные,66,1,104.35,Остальные
15963,11,2,470.76,Остальные,11,2,470.76,Остальные
15965,9,4,845.6400000000001,Активные повторные,9,4,808.87,Активные повторные
15967,15,2,418.83000000000004,Остальные,15,2,397.68,Остальные
15969,41,2,531.1,Остальные,41,2,531.1,Остальные
15970,295,1,314.1,Остальные,295,1,314.1,Остальные
15971,9,12,4194.9,Активные ценные,9,12,4194.9,Активные ценные
15973,358,1,307.82,Остальные,358,1,307.82000000000005,Остальные
15974,31,7,3442.15,Активные повторные,31,7,3442.15,Активные повторные
15975,76,1,371.01,Остальные,76,1,371.01,Остальные
15976,157,2,430.94,Давно не покупавшие повторные,157,2,427.64,Давно не покупавшие повторные
15977,9,2,1054.73,Остальные,9,2,1054.73,Остальные
15978,69,1,1098.78,Остальные,69,1,1098.78,Остальные
15980,80,3,2398.8599999999997,Остальные,80,3,2398.8599999999997,Остальные
15981,16,8,3408.48,Активные ценные,16,8,3408.48,Активные ценные
15983,14,4,1475.02,Активные повторные,14,4,1465.1200000000001,Активные повторные
15984,63,8,2091.96,Остальные,63,8,2050.71,Остальные
15985,115,2,1142.42,Давно не покупавшие повторные,115,2,1142.42,Давно не покупавшие повторные
15986,22,1,168.12,Недавние однократные,22,1,168.12,Недавние однократные
15987,4,7,1451.2800000000002,Активные повторные,4,7,1432.77,Активные повторные
15988,11,1,158.03,Недавние однократные,11,1,156.78,Недавние однократные
15990,36,2,792.11,Остальные,36,2,792.11,Остальные
15993,8,5,2553.43,Активные ценные,8,5,2533.5299999999997,Активные ценные
15994,46,1,427.07,Остальные,46,1,414.27,Остальные
15996,80,6,1060.68,Остальные,80,6,1032.58,Остальные
15998,28,5,3089.9700000000003,Активные ценные,28,5,3080.22,Активные ценные
16003,21,5,2735.37,Активные ценные,21,5,2735.37,Активные ценные
16005,4,4,615.39,Активные повторные,4,4,578.71,Активные повторные
16006,203,1,101.4,Остальные,203,1,101.4,Остальные
16007,39,4,1701.94,Активные повторные,39,4,1693.81,Активные повторные
16008,15,3,478.78,Активные повторные,15,3,478.78,Активные повторные
16009,14,4,992.71,Активные повторные,14,4,972.11,Активные повторные
16010,237,3,407.5,Давно не покупавшие повторные,237,3,392.4,Давно не покупавшие повторные
16011,21,15,2968.79,Активные ценные,21,15,2959.04,Активные ценные
16012,27,3,1415.29,Активные повторные,27,3,1415.29,Активные повторные
16013,10,45,34486.88,Активные ценные,10,45,34486.88,Активные ценные
16014,29,3,662.38,Активные повторные,29,3,646.83,Активные повторные
16015,18,2,502.0,Остальные,18,2,501.15999999999997,Остальные
16016,7,7,1368.1599999999999,Активные повторные,7,7,1324.9099999999999,Активные повторные
16017,39,1,211.88,Остальные,39,1,211.88,Остальные
16018,31,2,408.9,Остальные,31,2,408.9,Остальные
16019,38,9,3786.2400000000002,Активные повторные,38,9,3786.2400000000002,Активные повторные
16020,8,3,851.01,Активные повторные,8,3,851.01,Активные повторные
16022,252,1,628.28,Остальные,252,1,602.63,Остальные
16023,38,3,719.8100000000001,Активные повторные,38,3,719.8100000000001,Активные повторные
16024,4,1,245.96,Недавние однократные,4,1,245.75,Недавние однократные
16025,21,1,439.65999999999997,Недавние однократные,21,1,439.65999999999997,Недавние однократные
16026,35,1,236.09,Остальные,35,1,236.09,Остальные
16027,83,6,934.62,Остальные,83,6,934.62,Остальные
16029,30,62,72882.09,Активные ценные,30,62,72708.09,Активные ценные
16030,301,1,331.24,Остальные,301,1,331.24,Остальные
16031,84,2,548.94,Остальные,84,2,547.9,Остальные
16033,25,19,8394.53,Активные ценные,25,19,8356.95,Активные ценные
16034,188,3,437.7,Давно не покупавшие повторные,188,3,437.7,Давно не покупавшие повторные
16036,79,2,758.9200000000001,Остальные,79,2,758.9200000000001,Остальные
16037,261,3,855.02,Давно не покупавшие повторные,261,3,855.02,Давно не покупавшие повторные
16038,169,2,393.33,Давно не покупавшие повторные,169,2,393.33,Давно не покупавшие повторные
16040,57,3,1313.55,Активные повторные,57,3,1313.55,Активные повторные
16041,22,3,3166.4,Активные ценные,22,3,3166.4,Активные ценные
16042,14,5,1197.27,Активные повторные,14,5,1177.47,Активные повторные
16043,29,4,773.99,Активные повторные,29,4,773.99,Активные повторные
16045,111,4,1340.7,Давно не покупавшие повторные,111,4,1340.7,Давно не покупавшие повторные
16048,365,2,256.44000000000005,Давно не покупавшие повторные,365,2,256.44000000000005,Давно не покупавшие повторные
16049,32,3,1111.79,Активные повторные,32,3,1074.81,Активные повторные
16050,165,1,137.9,Остальные,165,1,137.9,Остальные
16052,46,1,362.06,Остальные,46,1,362.06,Остальные
16053,24,2,1511.95,Остальные,24,2,1511.95,Остальные
16054,137,1,783.9,Остальные,137,1,783.9,Остальные
16055,212,1,134.8,Остальные,212,1,134.8,Остальные
16056,37,1,664.85,Остальные,37,1,650.75,Остальные
16057,8,7,2263.12,Активные ценные,8,7,2263.12,Активные ценные
16059,57,6,1459.8600000000001,Активные повторные,57,6,1453.16,Активные повторные
16062,1,4,1153.62,Активные повторные,1,4,1153.62,Активные повторные
16063,252,1,335.32,Остальные,252,1,335.32,Остальные
16065,357,1,372.09,Остальные,357,1,367.14,Остальные
16066,8,5,1521.87,Активные повторные,8,5,1521.04,Активные повторные
16070,14,2,852.1500000000001,Остальные,14,2,852.1500000000001,Остальные
16071,36,1,326.24,Остальные,36,1,326.24,Остальные
16072,280,1,584.32,Остальные,280,1,584.3199999999999,Остальные
16073,289,1,122.39999999999999,Остальные,289,1,122.39999999999999,Остальные
16076,14,9,2073.75,Активные ценные,14,9,2073.75,Активные ценные
16078,275,1,79.2,Остальные,275,1,79.2,Остальные
16079,8,3,1352.0,Активные повторные,8,3,1352.0,Активные повторные
16080,73,2,217.16,Остальные,73,2,217.16,Остальные
16081,48,5,2806.8999999999996,Активные повторные,48,5,2799.42,Активные повторные
16083,92,2,1317.62,Давно не покупавшие повторные,92,2,1317.62,Давно не покупавшие повторные
16084,291,1,436.18,Остальные,291,1,436.18,Остальные
16085,15,5,981.51,Активные повторные,15,5,981.51,Активные повторные
16086,51,5,1121.3899999999999,Активные повторные,51,5,1121.3899999999999,Активные повторные
16091,146,2,315.06,Давно не покупавшие повторные,146,2,315.06,Давно не покупавшие повторные
16092,106,3,817.86,Давно не покупавшие повторные,106,3,817.86,Давно не покупавшие повторные
16093,98,1,17.0,Остальные,98,1,17.0,Остальные
16094,3,4,1078.23,Активные повторные,3,4,1078.23,Активные повторные
16096,256,1,320.62,Остальные,256,1,320.62,Остальные
16097,232,1,185.04999999999998,Остальные,232,1,185.04999999999998,Остальные
16098,79,7,2005.63,Остальные,79,7,2005.63,Остальные
16099,42,3,731.9000000000001,Активные повторные,42,3,731.9000000000001,Активные повторные
16101,62,1,1290.7,Остальные,62,1,1290.7,Остальные
16102,34,3,1842.14,Активные повторные,34,3,1842.14,Активные повторные
16103,71,5,1413.14,Остальные,71,5,1413.14,Остальные
16104,53,1,302.36,Остальные,53,1,298.21,Остальные
16105,240,1,336.96,Остальные,240,1,336.96,Остальные
16106,57,1,108.38,Остальные,57,1,108.38,Остальные
16107,9,7,3204.1600000000003,Активные ценные,9,7,3204.1600000000003,Активные ценные
16108,76,1,842.5,Остальные,76,1,842.5,Остальные
16109,210,2,611.8799999999999,Давно не покупавшие повторные,210,2,611.8799999999999,Давно не покупавшие повторные
16110,37,3,1337.48,Активные повторные,37,3,1320.95,Активные повторные
16112,135,4,195.74,Давно не покупавшие повторные,135,4,195.74,Давно не покупавшие повторные
16113,175,1,161.38,Остальные,175,1,161.38,Остальные
16114,162,1,135.75000000000003,Остальные,162,1,135.75000000000003,Остальные
16115,1,8,1667.97,Активные ценные,1,8,1660.88,Активные ценные
16116,203,1,612.78,Остальные,203,1,612.78,Остальные
16117,181,1,232.21,Остальные,181,1,232.21,Остальные
16119,64,1,309.48,Остальные,64,1,309.48,Остальные
16120,51,4,1309.14,Активные повторные,51,4,1309.14,Активные повторные
16121,49,2,867.11,Остальные,49,2,854.6600000000001,Остальные
16122,65,4,684.4200000000001,Остальные,65,4,684.4200000000001,Остальные
16123,43,1,307.78,Остальные,43,1,307.78,Остальные
16124,309,1,249.0,Остальные,309,1,249.0,Остальные
16125,359,1,289.35,Остальные,359,1,289.35,Остальные
16126,21,4,6287.77,Активные ценные,21,4,6287.77,Активные ценные
16127,31,1,656.25,Остальные,31,1,656.25,Остальные
16128,9,5,1880.22,Активные ценные,9,5,1880.22,Активные ценные
16131,43,6,3506.54,Активные повторные,43,6,3506.5400000000004,Активные повторные
16133,8,30,13651.92,Активные ценные,8,30,13651.92,Активные ценные
16134,13,2,618.09,Остальные,13,2,618.09,Остальные
16135,254,1,517.55,Остальные,254,1,517.55,Остальные
16136,51,3,709.38,Активные повторные,51,3,709.38,Активные повторные
16139,10,3,635.41,Активные повторные,10,3,635.41,Активные повторные
16140,57,2,725.18,Остальные,57,2,725.18,Остальные
16141,80,1,620.4,Остальные,80,1,620.4,Остальные
16142,241,1,535.34,Остальные,241,1,535.34,Остальные
16143,100,5,1949.3600000000001,Давно не покупавшие повторные,100,5,1949.3600000000001,Давно не покупавшие повторные
16144,238,1,175.2,Остальные,238,1,175.2,Остальные
16145,32,10,3432.1,Активные повторные,32,10,3432.1,Активные повторные
16146,149,3,734.13,Давно не покупавшие повторные,149,3,734.13,Давно не покупавшие повторные
16147,125,1,375.0,Остальные,125,1,375.0,Остальные
16148,288,1,76.32000000000001,Остальные,288,1,76.32000000000001,Остальные
16149,134,1,163.68,Остальные,134,1,163.68,Остальные
16150,34,5,2053.02,Активные повторные,34,5,2053.02,Активные повторные
16152,260,1,1829.04,Остальные,260,1,1829.04,Остальные
16153,41,5,1824.23,Активные повторные,41,5,1824.23,Активные повторные
16156,16,8,2806.4300000000003,Активные ценные,16,8,2776.4300000000003,Активные ценные
16157,7,3,656.69,Активные повторные,7,3,656.69,Активные повторные
16159,273,1,348.2,Остальные,273,1,348.2,Остальные
16160,57,2,1025.44,Остальные,57,2,1025.44,Остальные
16161,6,18,5257.05,Активные ценные,6,18,5215.16,Активные ценные
16162,244,1,37.4,Остальные,244,1,37.4,Остальные
16163,224,2,856.6000000000001,Давно не покупавшие повторные,224,2,856.6000000000001,Давно не покупавшие повторные
16164,9,3,822.48,Активные повторные,9,3,822.48,Активные повторные
16168,2,27,3787.6,Активные ценные,2,27,3787.6,Активные ценные
16169,21,3,1483.95,Активные повторные,21,3,1483.95,Активные повторные
16170,42,6,1885.05,Активные повторные,42,6,1885.05,Активные повторные
16171,51,1,73.2,Остальные,51,1,73.2,Остальные
16172,87,5,1140.21,Остальные,87,5,1140.21,Остальные
16173,7,6,1418.3200000000002,Активные повторные,7,6,1418.3200000000002,Активные повторные
16174,118,3,1009.55,Давно не покупавшие повторные,118,3,1009.55,Давно не покупавшие повторные
16175,86,4,1037.59,Остальные,86,4,1037.59,Остальные
16177,42,1,331.95,Остальные,42,1,331.95,Остальные
16178,130,1,197.9,Остальные,130,1,197.9,Остальные
16179,52,1,215.83,Остальные,52,1,215.83,Остальные
16180,92,8,10254.18,Давно не покупавшие повторные,92,8,10254.18,Давно не покупавшие повторные
16181,65,1,305.54,Остальные,65,1,305.54,Остальные
16182,64,4,6617.65,Остальные,64,4,6617.65,Остальные
16183,59,1,338.71000000000004,Остальные,59,1,338.71000000000004,Остальные
16184,56,6,1158.79,Активные повторные,56,6,1158.79,Активные повторные
16185,8,2,529.41,Остальные,8,2,529.41,Остальные
16186,14,12,4006.94,Активные ценные,14,12,4006.94,Активные ценные
16187,23,15,6911.4400000000005,Активные ценные,23,15,6911.4400000000005,Активные ценные
16188,36,4,981.86,Активные повторные,36,4,981.86,Активные повторные
16189,7,2,215.48,Остальные,7,2,215.48,Остальные
16190,32,1,215.08,Остальные,32,1,215.08,Остальные
16191,3,12,4935.86,Активные ценные,3,12,4935.86,Активные ценные
16193,228,1,314.45,Остальные,228,1,314.45,Остальные
16198,67,1,400.68100000000004,Остальные,67,1,400.68100000000004,Остальные
16200,156,1,550.57,Остальные,156,1,550.57,Остальные
16201,13,3,1354.07,Активные повторные,13,3,1354.07,Активные повторные
16202,352,1,365.27,Остальные,352,1,365.27,Остальные
16203,50,4,592.9,Активные повторные,50,4,592.9,Активные повторные
16204,15,1,405.71,Недавние однократные,15,1,384.18,Недавние однократные
16205,22,4,754.78,Активные повторные,22,4,751.03,Активные повторные
16206,46,4,537.06,Активные повторные,46,4,537.06,Активные повторные
16207,17,1,394.38,Недавние однократные,17,1,394.38,Недавние однократные
16208,36,2,664.26,Остальные,36,2,664.26,Остальные
16209,80,5,2262.62,Остальные,80,5,2262.62,Остальные
16210,1,16,17476.9,Активные ценные,1,16,17476.9,Активные ценные
16211,80,1,547.02,Остальные,80,1,547.02,Остальные
16212,11,2,690.34,Остальные,11,2,690.34,Остальные
16213,70,1,159.0,Остальные,70,1,159.0,Остальные
16214,162,3,1062.75,Давно не покупавшие повторные,162,3,1062.75,Давно не покупавшие повторные
16215,72,1,242.35,Остальные,72,1,242.35,Остальные
16216,259,1,914.9300000000001,Остальные,259,1,914.9300000000001,Остальные
16217,227,2,304.25,Давно не покупавшие повторные,227,2,304.25,Давно не покупавшие повторные
16218,21,7,3084.68,Активные ценные,21,7,3084.68,Активные ценные
16221,28,3,864.86,Активные повторные,28,3,860.86,Активные повторные
16222,310,1,846.72,Остальные,310,1,773.5500000000001,Остальные
16224,49,4,1295.3000000000002,Активные повторные,49,4,1295.3000000000002,Активные повторные
16225,36,5,1096.3200000000002,Активные повторные,36,5,1096.3200000000002,Активные повторные
16226,195,3,255.12,Давно не покупавшие повторные,195,3,255.12,Давно не покупавшие повторные
16227,217,1,314.22,Остальные,217,1,314.22,Остальные
16229,79,2,1010.5999999999999,Остальные,79,2,1010.5999999999999,Остальные
16230,181,2,542.03,Давно не покупавшие повторные,181,2,542.03,Давно не покупавшие повторные
16232,35,4,990.8799999999999,Активные повторные,35,4,990.88,Активные повторные
16233,63,3,536.6800000000001,Остальные,63,3,536.6800000000001,Остальные
16235,32,4,857.3100000000001,Активные повторные,32,4,857.31,Активные повторные
16236,70,1,432.2,Остальные,70,1,432.2,Остальные
16239,48,2,414.2,Остальные,48,2,414.2,Остальные
16240,16,2,3718.8,Остальные,16,2,3718.8,Остальные
16241,1,13,2607.87,Активные ценные,1,13,2590.31,Активные ценные
16242,10,6,3054.3,Активные ценные,10,6,3030.95,Активные ценные
16243,25,2,409.1,Остальные,25,2,409.1,Остальные
16244,203,2,1522.75,Давно не покупавшие повторные,203,2,1522.75,Давно не покупавшие повторные
16245,15,3,1413.66,Активные повторные,15,3,1413.66,Активные повторные
16247,162,1,114.56,Остальные,162,1,114.56,Остальные
16248,53,1,152.94,Остальные,53,1,152.94,Остальные
16249,44,5,1800.0700000000002,Активные повторные,44,5,1800.0700000000002,Активные повторные
16250,253,2,389.44,Давно не покупавшие повторные,253,2,389.44,Давно не покупавшие повторные
16253,58,2,3683.86,Остальные,58,2,3683.86,Остальные
16255,8,8,2619.91,Активные ценные,8,8,2619.91,Активные ценные
16256,258,1,752.4300000000001,Остальные,258,1,752.4300000000001,Остальные
16257,168,1,21.95,Остальные,168,1,21.95,Остальные
16258,37,5,5203.51,Активные повторные,37,5,5203.51,Активные повторные
16260,42,1,1035.45,Остальные,42,1,1035.45,Остальные
16261,9,4,746.83,Активные повторные,9,4,728.54,Активные повторные
16265,1,9,5347.0,Активные ценные,1,9,5347.0,Активные ценные
16266,65,7,861.89,Остальные,65,7,861.89,Остальные
16268,63,2,617.65,Остальные,63,2,617.65,Остальные
16270,345,1,1141.24,Остальные,345,1,1141.24,Остальные
16271,7,4,1414.24,Активные повторные,7,4,1389.64,Активные повторные
16272,108,1,411.7,Остальные,108,1,411.7,Остальные
16274,365,1,337.75,Остальные,365,1,331.55,Остальные
16275,188,1,559.87,Остальные,188,1,559.87,Остальные
16276,168,1,810.6000000000001,Остальные,168,1,810.6000000000001,Остальные
16278,92,1,566.38,Остальные,92,1,566.38,Остальные
16279,13,3,1509.58,Активные повторные,13,3,1502.7800000000002,Активные повторные
16281,64,1,2062.06,Остальные,64,1,2062.06,Остальные
16282,331,1,168.3,Остальные,331,1,168.3,Остальные
16283,60,4,1328.44,Активные повторные,60,4,1328.44,Активные повторные
16284,23,2,823.97,Остальные,23,2,812.6800000000001,Остальные
16287,161,1,142.5,Остальные,161,1,142.5,Остальные
16292,113,1,302.25,Остальные,113,1,302.25,Остальные
16293,13,10,2248.9900000000002,Активные ценные,13,10,2248.9900000000002,Активные ценные
16295,1,4,1328.55,Активные повторные,1,4,1328.55,Активные повторные
16297,260,1,301.9,Остальные,260,1,301.9,Остальные
16298,14,3,598.2,Активные повторные,14,3,598.2,Активные повторные
16302,118,1,233.22,Остальные,118,1,233.22,Остальные
16303,17,3,5360.63,Активные ценные,17,3,5360.63,Активные ценные
16305,130,1,361.21999999999997,Остальные,130,1,361.21999999999997,Остальные
16306,205,6,632.27,Давно не покупавшие повторные,205,6,632.27,Давно не покупавшие повторные
16308,29,4,2560.0,Активные ценные,29,4,2560.0,Активные ценные
16309,98,2,706.5699999999999,Давно не покупавшие повторные,98,2,706.5699999999999,Давно не покупавшие повторные
16311,9,2,616.26,Остальные,9,2,616.26,Остальные
16313,41,1,167.62,Остальные,41,1,167.62,Остальные
16315,322,1,226.37,Остальные,322,1,226.37,Остальные
16316,56,8,2938.91,Активные повторные,56,8,2938.91,Активные повторные
16317,111,3,1341.65,Давно не покупавшие повторные,111,3,1341.65,Давно не покупавшие повторные
16318,27,1,328.15,Недавние однократные,27,1,328.15,Недавние однократные
16319,209,1,404.40000000000003,Остальные,209,1,404.40000000000003,Остальные
16320,164,2,1038.46,Давно не покупавшие повторные,164,2,1038.46,Давно не покупавшие повторные
16321,64,5,373.65,Остальные,64,5,373.65,Остальные
16322,28,1,213.07999999999998,Недавние однократные,28,1,213.07999999999998,Недавние однократные
16323,188,1,207.50000000000003,Остальные,188,1,207.50000000000003,Остальные
16324,120,3,428.68,Давно не покупавшие повторные,120,3,408.59000000000003,Давно не покупавшие повторные
16325,38,3,594.24,Активные повторные,38,3,594.24,Активные повторные
16326,7,13,2827.42,Активные ценные,7,13,2767.38,Активные ценные
16327,6,6,3813.62,Активные ценные,6,6,3789.67,Активные ценные
16330,9,3,251.91,Активные повторные,9,3,251.91,Активные повторные
16332,20,7,1593.2,Активные ценные,20,7,1582.8,Активные ценные
16333,28,20,25079.6,Активные ценные,28,20,25079.6,Активные ценные
16337,28,1,151.05,Недавние однократные,28,1,151.05,Недавние однократные
16338,149,1,214.8,Остальные,149,1,214.79999999999998,Остальные
16339,276,1,109.95,Остальные,276,1,94.05,Остальные
16340,99,1,549.07,Остальные,99,1,534.31,Остальные
16341,16,4,1971.87,Активные ценные,16,4,1971.87,Активные ценные
16342,67,4,322.40999999999997,Остальные,67,4,322.40999999999997,Остальные
16343,8,2,370.48,Остальные,8,2,328.58000000000004,Остальные
16344,150,1,101.10000000000001,Остальные,150,1,101.10000000000001,Остальные
16345,36,1,575.41,Остальные,36,1,565.46,Остальные
16347,3,2,887.6500000000001,Остальные,3,2,847.45,Остальные
16348,24,7,1467.11,Активные повторные,24,7,1413.31,Активные повторные
16349,282,1,53.5,Остальные,282,1,53.5,Остальные
16350,13,4,1116.47,Активные повторные,13,4,1116.47,Активные повторные
16351,324,1,153.9,Остальные,324,1,153.9,Остальные
16352,9,2,494.44,Остальные,9,2,494.44,Остальные
16353,9,21,6081.71,Активные ценные,9,21,6081.71,Активные ценные
16354,55,2,395.8,Остальные,55,2,395.8,Остальные
16356,189,3,211.76999999999998,Давно не покупавшие повторные,189,3,211.76999999999998,Давно не покупавшие повторные
16357,25,3,658.88,Активные повторные,25,3,658.88,Активные повторные
16358,55,3,1594.3400000000001,Активные повторные,55,3,1594.3400000000001,Активные повторные
16359,57,8,1640.19,Активные повторные,57,8,1640.19,Активные повторные
16360,11,5,2748.19,Активные ценные,11,5,2687.4700000000003,Активные ценные
16361,1,4,896.66,Активные повторные,1,4,891.21,Активные повторные
16362,24,5,734.77,Активные повторные,24,5,709.99,Активные повторные
16363,45,1,109.36,Остальные,45,1,109.36000000000001,Остальные
16364,3,2,707.04,Остальные,3,2,705.79,Остальные
16365,9,9,1540.42,Активные повторные,9,9,1540.42,Активные повторные
16366,10,1,327.3,Недавние однократные,10,1,327.3,Недавние однократные
16367,29,2,804.49,Остальные,29,2,800.6700000000001,Остальные
16368,20,1,302.48,Недавние однократные,20,1,302.48,Недавние однократные
16369,10,3,1551.58,Активные повторные,10,3,1543.33,Активные повторные
16370,74,4,1320.56,Остальные,74,4,1301.91,Остальные
16372,25,2,367.93,Остальные,25,2,355.73,Остальные
16374,58,2,465.08000000000004,Остальные,58,2,458.78,Остальные
16376,9,1,874.25,Недавние однократные,9,1,862.2,Недавние однократные
16377,259,1,676.2,Остальные,259,1,676.2,Остальные
16378,239,3,362.95,Давно не покупавшие повторные,239,3,362.95,Давно не покупавшие повторные
16379,10,3,1755.76,Активные ценные,10,3,1755.76,Активные ценные
16380,53,1,1780.59,Остальные,53,1,1743.1499999999999,Остальные
16383,66,2,668.36,Остальные,66,2,643.76,Остальные
16384,81,2,584.5,Остальные,81,2,584.5,Остальные
16385,52,3,555.8900000000001,Активные повторные,52,3,554.86,Активные повторные
16386,20,2,317.20000000000005,Остальные,20,2,302.57,Остальные
16387,314,1,94.36,Остальные,314,1,94.36,Остальные
16389,45,4,1382.07,Активные повторные,45,4,1382.07,Активные повторные
16392,261,1,221.19,Остальные,261,1,217.89,Остальные
16393,3,12,2739.51,Активные ценные,3,12,2734.26,Активные ценные
16394,48,5,1555.3400000000001,Активные повторные,48,5,1555.34,Активные повторные
16395,52,5,1486.9,Активные повторные,52,5,1482.06,Активные повторные
16398,146,2,1705.8000000000002,Давно не покупавшие повторные,146,2,1705.8000000000002,Давно не покупавшие повторные
16399,11,2,406.77,Остальные,11,2,406.22,Остальные
16400,86,1,303.93,Остальные,86,1,303.93,Остальные
16401,6,11,3785.58,Активные ценные,6,11,3785.58,Активные ценные
16402,256,2,299.6,Давно не покупавшие повторные,256,2,293.45,Давно не покупавшие повторные
16403,304,1,177.5,Остальные,304,1,177.5,Остальные
16404,62,1,443.05,Остальные,62,1,443.05,Остальные
16405,294,2,167.25,Давно не покупавшие повторные,294,2,167.25,Давно не покупавшие повторные
16406,10,1,163.07,Недавние однократные,10,1,154.35,Недавние однократные
16407,4,10,2126.93,Активные ценные,4,10,2079.68,Активные ценные
16409,28,5,2028.88,Активные ценные,28,5,2022.98,Активные ценные
16411,11,2,214.65,Остальные,11,2,211.70000000000002,Остальные
16412,45,1,151.83,Остальные,45,1,135.99,Остальные
16413,48,1,262.2,Остальные,48,1,262.2,Остальные
16414,13,2,126.25,Остальные,13,2,126.25,Остальные
16415,36,1,210.35,Остальные,36,1,200.27,Остальные
16416,18,3,1051.4,Активные повторные,18,3,1051.4,Активные повторные
16418,36,3,675.27,Активные повторные,36,3,631.12,Активные повторные
16419,104,6,972.2299999999999,Давно не покупавшие повторные,104,6,958.7099999999999,Давно не покупавшие повторные
16422,9,51,34684.4,Активные ценные,9,51,34684.4,Активные ценные
16423,16,1,346.12,Недавние однократные,16,1,346.12,Недавние однократные
16424,183,1,133.56,Остальные,183,1,133.56,Остальные
16425,294,1,302.7,Остальные,294,1,302.7,Остальные
16426,13,7,1353.65,Активные повторные,13,7,1327.44,Активные повторные
16427,255,2,241.06,Давно не покупавшие повторные,255,2,241.06,Давно не покупавшие повторные
16429,98,1,284.55,Остальные,98,1,284.55,Остальные
16430,49,1,300.85,Остальные,49,1,300.85,Остальные
16431,205,3,642.81,Давно не покупавшие повторные,205,3,623.28,Давно не покупавшие повторные
16432,56,1,287.4,Остальные,56,1,287.4,Остальные
16433,20,1,184.26,Недавние однократные,20,1,184.26,Недавние однократные
16434,21,7,1522.25,Активные повторные,21,7,1511.8,Активные повторные
16438,18,4,648.54,Активные повторные,18,4,648.54,Активные повторные
16440,21,4,2665.24,Активные ценные,21,4,2665.24,Активные ценные
16441,59,2,381.2,Остальные,59,2,381.2,Остальные
16442,219,2,437.03,Давно не покупавшие повторные,219,2,432.43,Давно не покупавшие повторные
16444,38,4,654.67,Активные повторные,38,4,654.67,Активные повторные
16445,25,1,230.51,Недавние однократные,25,1,230.51,Недавние однократные
16446,197,1,2.9,Остальные,197,1,2.9,Остальные
16447,127,1,259.01,Остальные,127,1,255.91,Остальные
16448,190,1,188.89000000000001,Остальные,190,1,182.99,Остальные
16449,189,2,707.69,Давно не покупавшие повторные,189,2,707.69,Давно не покупавшие повторные
16450,141,1,311.92,Остальные,141,1,311.92,Остальные
16451,79,1,266.97,Остальные,79,1,266.97,Остальные
16454,56,1,5.9,Остальные,56,1,5.9,Остальные
16455,55,7,1841.1799999999998,Активные повторные,55,7,1841.1799999999998,Активные повторные
16456,91,5,2158.37,Давно не покупавшие повторные,91,5,2158.18,Давно не покупавшие повторные
16457,210,1,208.36,Остальные,210,1,208.36,Остальные
16458,6,17,3307.2400000000002,Активные ценные,6,17,3307.2400000000002,Активные ценные
16460,20,3,814.72,Активные повторные,20,3,811.23,Активные повторные
16461,169,1,151.42,Остальные,169,1,142.92,Остальные
16462,65,3,136.0,Остальные,65,3,136.0,Остальные
16463,13,4,1422.4,Активные повторные,13,4,1422.4,Активные повторные
16464,11,3,1314.68,Активные повторные,11,3,1298.6599999999999,Активные повторные
16466,25,7,1603.46,Активные ценные,25,7,1595.96,Активные ценные
16468,66,1,74.9,Остальные,66,1,74.9,Остальные
16469,15,4,650.4300000000001,Активные повторные,15,4,625.42,Активные повторные
16470,43,4,762.39,Активные повторные,43,4,752.77,Активные повторные
16471,266,1,223.95000000000002,Остальные,266,1,223.95000000000002,Остальные
16473,156,3,316.11,Давно не покупавшие повторные,156,3,316.11,Давно не покупавшие повторные
16474,9,6,1750.23,Активные ценные,9,6,1689.38,Активные ценные
16475,80,4,544.3,Остальные,80,4,544.3,Остальные
16477,55,7,2494.46,Активные повторные,55,7,2494.46,Активные повторные
16478,17,3,331.0,Активные повторные,17,3,331.0,Активные повторные
16479,2,2,300.83000000000004,Остальные,2,2,300.83000000000004,Остальные
16480,67,1,769.29,Остальные,67,1,769.29,Остальные
16482,7,1,220.62,Недавние однократные,7,1,220.62,Недавние однократные
16483,184,1,139.35,Остальные,184,1,139.35,Остальные
16484,165,2,404.3,Давно не покупавшие повторные,165,2,404.3,Давно не покупавшие повторные
16485,69,1,363.65,Остальные,69,1,363.65,Остальные
16488,25,3,498.8,Активные повторные,25,3,498.8,Активные повторные
16491,38,1,731.5,Остальные,38,1,731.5,Остальные
16493,71,4,1351.63,Остальные,71,4,1351.63,Остальные
16494,288,1,826.53,Остальные,288,1,826.53,Остальные
16495,268,2,246.51,Давно не покупавшие повторные,268,2,246.51,Давно не покупавшие повторные
16496,199,2,1185.04,Давно не покупавшие повторные,199,2,1185.04,Давно не покупавшие повторные
16497,41,6,2965.69,Активные повторные,41,6,2965.69,Активные повторные
16498,153,2,100.97,Давно не покупавшие повторные,153,2,100.97,Давно не покупавшие повторные
16499,352,2,365.45000000000005,Давно не покупавшие повторные,352,2,365.45000000000005,Давно не покупавшие повторные
16500,8,5,348.12,Активные повторные,8,5,348.12,Активные повторные
16503,98,4,1431.93,Давно не покупавшие повторные,98,4,1431.9299999999998,Давно не покупавшие повторные
16504,17,1,484.38,Недавние однократные,17,1,465.88,Недавние однократные
16505,23,1,777.6,Недавние однократные,23,1,777.6,Недавние однократные
16506,11,2,90.30000000000001,Остальные,11,2,90.30000000000001,Остальные
16509,288,1,363.7,Остальные,288,1,363.7,Остальные
16510,364,1,248.1,Остальные,364,1,248.1,Остальные
16511,13,3,948.26,Активные повторные,13,3,916.33,Активные повторные
16513,11,2,662.7900000000001,Остальные,11,2,662.7900000000001,Остальные
16515,44,5,1627.13,Активные повторные,44,5,1624.14,Активные повторные
16516,22,1,101.7,Недавние однократные,22,1,101.69999999999999,Недавние однократные
16517,269,1,162.7,Остальные,269,1,162.7,Остальные
16518,53,2,484.32,Остальные,53,2,484.32,Остальные
16519,17,2,212.98000000000002,Остальные,17,2,212.98000000000002,Остальные
16520,178,3,1046.57,Давно не покупавшие повторные,178,3,1046.5700000000002,Давно не покупавшие повторные
16523,7,19,8562.85,Активные ценные,7,19,8562.85,Активные ценные
16525,8,25,12705.73,Активные ценные,8,25,12705.73,Активные ценные
16526,163,1,290.36,Остальные,163,1,290.36,Остальные
16527,73,1,228.06000000000003,Остальные,73,1,228.06,Остальные
16529,182,1,455.25,Остальные,182,1,455.25,Остальные
16531,14,7,1244.59,Активные повторные,14,7,1244.59,Активные повторные
16532,9,3,6748.8,Активные ценные,9,3,6748.8,Активные ценные
16533,11,3,1095.56,Активные повторные,11,3,1082.81,Активные повторные
16536,102,1,548.97,Остальные,102,1,548.12,Остальные
16539,211,3,1053.61,Давно не покупавшие повторные,211,3,1053.61,Давно не покупавшие повторные
16542,45,1,119.62,Остальные,45,1,119.62,Остальные
16545,156,1,339.3,Остальные,156,1,339.3,Остальные
16546,282,2,787.1500000000001,Давно не покупавшие повторные,282,2,787.1500000000001,Давно не покупавшие повторные
16549,2,10,4154.639999999999,Активные ценные,2,10,4034.9,Активные ценные
16550,100,5,2298.9700000000003,Давно не покупавшие повторные,100,5,2298.9700000000003,Давно не покупавшие повторные
16551,87,3,922.12,Остальные,87,3,922.12,Остальные
16552,234,2,379.73,Давно не покупавшие повторные,234,2,379.7300000000001,Давно не покупавшие повторные
16553,155,12,5719.82,Давно не покупавшие повторные,155,12,5719.82,Давно не покупавшие повторные
16554,34,3,837.1,Активные повторные,34,3,837.1,Активные повторные
16555,27,2,285.89,Остальные,27,2,285.89,Остальные
16556,58,7,3313.79,Активные повторные,58,7,3313.79,Активные повторные
16557,16,2,281.85,Остальные,16,2,281.85,Остальные
16558,14,19,7739.52,Активные ценные,14,19,7739.52,Активные ценные
16560,18,2,841.4100000000001,Остальные,18,2,841.4100000000001,Остальные
16561,51,1,264.96,Остальные,51,1,264.96,Остальные
16563,45,1,1077.74,Остальные,45,1,1077.74,Остальные
16565,356,1,173.7,Остальные,356,1,173.7,Остальные
16566,7,5,614.66,Активные повторные,7,5,614.66,Активные повторные
16567,186,2,865.5999999999999,Давно не покупавшие повторные,186,2,865.6,Давно не покупавшие повторные
16570,7,10,3738.4,Активные ценные,7,10,3738.3999999999996,Активные ценные
16571,18,3,1421.69,Активные повторные,18,3,1421.69,Активные повторные
16572,119,3,1009.5999999999999,Давно не покупавшие повторные,119,3,1009.5999999999999,Давно не покупавшие повторные
16573,76,2,663.61,Остальные,76,2,663.61,Остальные
16574,63,1,451.44,Остальные,63,1,451.44,Остальные
16581,174,1,105.84,Остальные,174,1,105.84,Остальные
16582,105,1,313.62,Остальные,105,1,313.62,Остальные
16583,365,1,233.45000000000002,Остальные,365,1,233.45,Остальные
16584,72,2,936.08,Остальные,72,2,936.08,Остальные
16586,240,1,463.95,Остальные,240,1,463.95,Остальные
16587,224,1,225.15,Остальные,224,1,225.15,Остальные
16589,63,3,459.24,Остальные,63,3,459.24,Остальные
16591,60,1,213.5,Остальные,60,1,213.5,Остальные
16592,4,15,3195.52,Активные ценные,4,15,3195.52,Активные ценные
16593,42,3,330.03,Активные повторные,42,3,330.03,Активные повторные
16594,67,1,181.09,Остальные,67,1,181.09,Остальные
16595,53,1,360.16,Остальные,53,1,360.16,Остальные
16596,7,2,250.15,Остальные,7,2,250.15,Остальные
16598,277,1,145.04999999999998,Остальные,277,1,145.04999999999998,Остальные
16600,8,5,573.2,Активные повторные,8,5,573.2,Активные повторные
16601,32,1,243.63,Остальные,32,1,241.53,Остальные
16602,28,1,528.08,Недавние однократные,28,1,528.08,Недавние однократные
16603,66,2,482.47,Остальные,66,2,482.47,Остальные
16607,9,14,3347.71,Активные ценные,9,14,3347.71,Активные ценные
16609,7,7,5493.46,Активные ценные,7,7,5493.46,Активные ценные
16610,211,1,75.66,Остальные,211,1,75.66,Остальные
16611,178,1,129.49,Остальные,178,1,129.49,Остальные
16612,24,4,1187.66,Активные повторные,24,4,1187.66,Активные повторные
16613,62,1,618.59,Остальные,62,1,618.59,Остальные
16614,174,1,506.19,Остальные,174,1,506.19,Остальные
16616,7,2,500.41999999999996,Остальные,7,2,500.42,Остальные
16617,227,1,151.85,Остальные,227,1,151.85,Остальные
16618,23,5,2647.59,Активные ценные,23,5,2647.59,Активные ценные
16619,255,1,226.21,Остальные,255,1,226.21,Остальные
16620,252,1,95.76,Остальные,252,1,95.75999999999999,Остальные
16621,43,4,813.48,Активные повторные,43,4,813.48,Активные повторные
16623,237,1,129.45000000000002,Остальные,237,1,129.45,Остальные
16624,72,2,810.5699999999999,Остальные,72,2,810.5699999999999,Остальные
16625,266,1,333.08,Остальные,266,1,333.08,Остальные
16626,14,15,3888.8900000000003,Активные ценные,14,15,3888.89,Активные ценные
16627,71,1,322.8,Остальные,71,1,322.8,Остальные
16628,21,5,2188.05,Активные ценные,21,5,2188.05,Активные ценные
16629,65,2,417.73,Остальные,65,2,408.63,Остальные
16633,9,6,2883.1,Активные ценные,9,6,2883.1,Активные ценные
16634,214,2,217.9,Давно не покупавшие повторные,214,2,217.9,Давно не покупавшие повторные
16637,24,4,1154.47,Активные повторные,24,4,1154.47,Активные повторные
16638,14,10,1680.72,Активные ценные,14,10,1680.72,Активные ценные
16639,23,3,1257.5100000000002,Активные повторные,23,3,1257.5100000000002,Активные повторные
16641,97,1,231.1,Остальные,97,1,231.10000000000002,Остальные
16642,199,1,307.73,Остальные,199,1,307.73,Остальные
16643,237,1,487.51,Остальные,237,1,487.51,Остальные
16644,169,2,833.78,Давно не покупавшие повторные,169,2,833.78,Давно не покупавшие повторные
16647,161,2,214.06,Давно не покупавшие повторные,161,2,214.06,Давно не покупавшие повторные
16648,34,1,290.65999999999997,Остальные,34,1,290.65999999999997,Остальные
16650,63,1,518.42,Остальные,63,1,518.42,Остальные
16652,50,7,6773.97,Активные повторные,50,7,6773.97,Активные повторные
16653,8,2,1212.6599999999999,Остальные,8,2,1212.6599999999999,Остальные
16654,133,4,601.27,Давно не покупавшие повторные,133,4,601.27,Давно не покупавшие повторные
16655,9,6,3794.52,Активные ценные,9,6,3789.52,Активные ценные
16656,14,15,8625.8,Активные ценные,14,15,8625.8,Активные ценные
16657,1,4,933.62,Активные повторные,1,4,874.4300000000001,Активные повторные
16658,360,1,123.24,Остальные,360,1,123.24,Остальные
16659,181,1,39.12,Остальные,181,1,39.12,Остальные
16660,8,4,1267.6499999999999,Активные повторные,8,4,1267.6499999999999,Активные повторные
16665,354,1,135.4,Остальные,354,1,135.39999999999998,Остальные
16666,11,1,118.98,Недавние однократные,11,1,118.98,Недавние однократные
16667,60,2,570.13,Остальные,60,2,567.18,Остальные
16668,7,6,306.71999999999997,Активные повторные,7,6,306.71999999999997,Активные повторные
16669,15,2,1370.47,Остальные,15,2,1344.48,Остальные
16670,8,11,4095.9,Активные ценные,8,11,4095.9,Активные ценные
16671,20,3,1692.2700000000002,Активные ценные,20,3,1692.2700000000002,Активные ценные
16672,27,19,7864.9400000000005,Активные ценные,27,19,7864.9400000000005,Активные ценные
16674,46,2,319.61,Остальные,46,2,304.24,Остальные
16676,25,4,1592.12,Активные ценные,25,4,1592.12,Активные ценные
16678,2,11,2786.05,Активные ценные,2,11,2786.05,Активные ценные
16679,358,1,129.75,Остальные,358,1,129.75,Остальные
16680,35,1,183.7,Остальные,35,1,183.7,Остальные
16681,64,6,1770.34,Остальные,64,6,1770.34,Остальные
16682,49,4,917.14,Активные повторные,49,4,917.14,Активные повторные
16684,3,27,61251.58,Активные ценные,3,27,61251.58,Активные ценные
16685,53,2,324.24,Остальные,53,2,324.24,Остальные
16686,39,7,3062.83,Активные повторные,39,7,2959.88,Активные повторные
16688,2,3,1115.1599999999999,Активные повторные,2,3,1115.1599999999999,Активные повторные
16689,67,2,422.6,Остальные,67,2,422.6,Остальные
16690,64,2,225.57999999999998,Остальные,64,2,225.57999999999998,Остальные
16692,248,2,1126.0,Давно не покупавшие повторные,248,2,1126.0,Давно не покупавшие повторные
16693,60,2,482.01,Остальные,60,2,477.86,Остальные
16696,127,4,657.9000000000001,Давно не покупавшие повторные,127,4,657.9000000000001,Давно не покупавшие повторные
16697,233,1,112.75,Остальные,233,1,112.75,Остальные
16698,218,2,1998.0,Давно не покупавшие повторные,218,2,1998.0,Давно не покупавшие повторные
16700,21,12,4792.74,Активные ценные,21,12,4792.74,Активные ценные
16701,36,12,4899.86,Активные повторные,36,12,4899.86,Активные повторные
16705,3,19,13784.470000000001,Активные ценные,3,19,13784.470000000001,Активные ценные
16706,29,3,531.3499999999999,Активные повторные,29,3,531.3499999999999,Активные повторные
16708,37,1,656.63,Остальные,37,1,656.63,Остальные
16709,76,5,3029.87,Остальные,76,5,3029.87,Остальные
16710,11,10,2483.04,Активные ценные,11,10,2467.9900000000002,Активные ценные
16711,18,4,1355.43,Активные повторные,18,4,1355.43,Активные повторные
16712,1,11,3637.7799999999997,Активные ценные,1,11,3603.66,Активные ценные
16713,10,15,6923.13,Активные ценные,10,15,6910.78,Активные ценные
16714,309,2,1146.53,Давно не покупавшие повторные,309,2,1114.06,Давно не покупавшие повторные
16715,70,1,301.71999999999997,Остальные,70,1,301.71999999999997,Остальные
16716,258,2,901.2,Давно не покупавшие повторные,258,2,901.2,Давно не покупавшие повторные
16717,15,6,3858.38,Активные ценные,15,6,3843.08,Активные ценные
16718,361,1,623.75,Остальные,361,1,606.0500000000001,Остальные
16719,6,7,1790.42,Активные ценные,6,7,1770.22,Активные ценные
16720,18,1,155.23999999999998,Недавние однократные,18,1,152.95,Недавние однократные
16721,254,1,292.47,Остальные,254,1,292.47,Остальные
16722,9,13,4730.8099999999995,Активные ценные,9,13,4730.8099999999995,Активные ценные
16723,83,2,589.15,Остальные,83,2,576.4,Остальные
16725,294,6,779.57,Давно не покупавшие повторные,294,6,756.82,Давно не покупавшие повторные
16726,18,5,1382.02,Активные повторные,18,5,1358.74,Активные повторные
16727,356,1,272.82,Остальные,356,1,256.32,Остальные
16728,38,4,1054.67,Активные повторные,38,4,1048.28,Активные повторные
16729,30,21,7236.6,Активные ценные,30,21,7202.01,Активные ценные
16730,44,3,743.11,Активные повторные,44,3,743.11,Активные повторные
16732,23,1,603.75,Недавние однократные,23,1,603.75,Недавние однократные
16734,44,3,650.51,Активные повторные,44,3,646.76,Активные повторные
16735,70,5,2300.56,Остальные,70,5,2247.41,Остальные
16737,45,1,417.59999999999997,Остальные,45,1,417.59999999999997,Остальные
16738,289,1,3.75,Остальные,289,1,3.75,Остальные
16739,168,1,323.0,Остальные,168,1,323.0,Остальные
16743,21,7,2238.09,Активные ценные,21,7,2213.13,Активные ценные
16744,3,7,1304.76,Активные повторные,3,7,1291.9099999999999,Активные повторные
16745,78,17,7194.3,Остальные,78,17,7180.700000000001,Остальные
16746,3,17,6247.74,Активные ценные,3,17,6230.19,Активные ценные
16747,29,2,836.06,Остальные,29,2,836.06,Остальные
16748,9,5,1515.9,Активные повторные,9,5,1515.9,Активные повторные
16750,36,5,623.93,Активные повторные,36,5,623.93,Активные повторные
16751,22,1,1764.72,Недавние однократные,22,1,1764.72,Недавние однократные
16752,364,1,207.5,Остальные,364,1,207.5,Остальные
16753,50,1,223.92000000000002,Остальные,50,1,223.92000000000002,Остальные
16754,364,1,2002.4,Остальные,364,1,2002.4,Остальные
16755,106,3,1496.83,Давно не покупавшие повторные,106,3,1475.4299999999998,Давно не покупавшие повторные
16756,206,1,239.4,Остальные,206,1,239.4,Остальные
16757,310,1,106.83000000000001,Остальные,310,1,106.83000000000001,Остальные
16758,57,1,369.34,Остальные,57,1,369.34000000000003,Остальные
16759,22,2,418.84999999999997,Остальные,22,2,418.84999999999997,Остальные
16761,88,1,316.62,Остальные,88,1,316.62,Остальные
16762,11,3,1501.38,Активные повторные,11,3,1207.2400000000002,Активные повторные
16763,190,1,611.85,Остальные,190,1,611.85,Остальные
16764,1,12,2596.38,Активные ценные,1,12,2588.08,Активные ценные
16765,286,1,34.0,Остальные,286,1,34.0,Остальные
16766,265,2,1145.6,Давно не покупавшие повторные,265,2,1145.6,Давно не покупавшие повторные
16767,22,11,5580.6,Активные ценные,22,11,5575.56,Активные ценные
16768,39,3,478.09000000000003,Активные повторные,39,3,478.09000000000003,Активные повторные
16769,252,1,380.39,Остальные,252,1,361.54,Остальные
16770,49,5,770.1,Активные повторные,49,5,757.1,Активные повторные
16771,25,5,2234.8100000000004,Активные ценные,25,5,2230.61,Активные ценные
16773,49,1,171.59,Остальные,49,1,171.59,Остальные
16774,59,4,661.52,Активные повторные,59,4,661.52,Активные повторные
16775,2,11,1695.66,Активные ценные,2,11,1691.51,Активные ценные
16776,52,1,388.28,Остальные,52,1,371.54,Остальные
16777,72,2,226.35,Остальные,72,2,222.62,Остальные
16778,66,2,245.94,Остальные,66,2,245.94,Остальные
16779,6,20,9672.66,Активные ценные,6,20,9654.66,Активные ценные
16780,92,2,425.19,Давно не покупавшие повторные,92,2,422.24,Давно не покупавшие повторные
16781,364,1,311.25,Остальные,364,1,311.25,Остальные
16782,2,13,2279.9,Активные ценные,2,13,2267.95,Активные ценные
16784,11,1,107.6,Недавние однократные,11,1,107.6,Недавние однократные
16788,115,2,595.8299999999999,Давно не покупавшие повторные,115,2,592.74,Давно не покупавшие повторные
16790,8,5,1366.1200000000001,Активные повторные,8,5,1366.1200000000001,Активные повторные
16791,21,7,1709.03,Активные ценные,21,7,1693.03,Активные ценные
16792,274,2,110.38000000000001,Давно не покупавшие повторные,274,2,110.38000000000001,Давно не покупавшие повторные
16793,49,1,243.84,Остальные,49,1,243.84,Остальные
16794,2,9,1120.03,Активные повторные,2,9,1095.07,Активные повторные
16795,357,1,414.88,Остальные,357,1,414.88,Остальные
16796,81,1,305.62,Остальные,81,1,305.62,Остальные
16800,3,1,1201.49,Недавние однократные,3,1,1162.65,Недавние однократные
16801,155,4,1619.73,Давно не покупавшие повторные,155,4,1594.23,Давно не покупавшие повторные
16803,57,1,332.3,Остальные,57,1,332.3,Остальные
16804,15,3,536.99,Активные повторные,15,3,536.99,Активные повторные
16805,165,2,460.59000000000003,Давно не покупавшие повторные,165,2,460.59000000000003,Давно не покупавшие повторные
16806,95,4,775.54,Давно не покупавшие повторные,95,4,736.21,Давно не покупавшие повторные
16807,134,3,1121.5900000000001,Давно не покупавшие повторные,134,3,1121.5900000000001,Давно не покупавшие повторные
16808,91,2,288.42,Давно не покупавшие повторные,91,2,288.42,Давно не покупавшие повторные
16809,15,5,914.69,Активные повторные,15,5,914.69,Активные повторные
16810,184,1,309.54,Остальные,184,1,309.54,Остальные
16811,9,1,314.77,Недавние однократные,9,1,314.77,Недавние однократные
16812,352,1,479.35,Остальные,352,1,479.35,Остальные
16813,42,9,1544.44,Активные повторные,42,9,1503.6399999999999,Активные повторные
16814,6,21,6499.2,Активные ценные,6,21,6406.8,Активные ценные
16816,95,4,417.06,Давно не покупавшие повторные,95,4,417.06,Давно не покупавшие повторные
16817,24,8,1387.42,Активные повторные,24,8,1387.42,Активные повторные
16818,2,11,3349.57,Активные ценные,2,11,3349.57,Активные ценные
16820,87,1,497.61,Остальные,87,1,497.61,Остальные
16823,219,1,358.38,Остальные,219,1,358.38,Остальные
16824,7,2,460.64,Остальные,7,2,460.64,Остальные
16825,30,2,775.1800000000001,Остальные,30,2,775.1800000000001,Остальные
16826,43,1,341.7,Остальные,43,1,341.7,Остальные
16828,104,1,113.5,Остальные,104,1,113.5,Остальные
16829,148,1,197.22,Остальные,148,1,197.22,Остальные
16830,30,1,325.91,Недавние однократные,30,1,325.91,Недавние однократные
16832,176,3,199.15,Давно не покупавшие повторные,176,3,199.15,Давно не покупавшие повторные
16833,251,3,671.2900000000001,Давно не покупавшие повторные,251,3,671.2900000000001,Давно не покупавшие повторные
16834,219,1,413.46,Остальные,219,1,413.46,Остальные
16835,120,2,180.85000000000002,Давно не покупавшие повторные,120,2,180.85,Давно не покупавшие повторные
16836,31,2,251.87,Остальные,31,2,251.87,Остальные
16837,23,11,3170.98,Активные ценные,23,11,3170.98,Активные ценные
16838,189,2,588.85,Давно не покупавшие повторные,189,2,588.85,Давно не покупавшие повторные
16839,14,32,15753.87,Активные ценные,14,32,15753.869999999999,Активные ценные
16841,28,6,1869.82,Активные ценные,28,6,1869.82,Активные ценные
16842,92,3,1264.19,Давно не покупавшие повторные,92,3,1264.19,Давно не покупавшие повторные
16843,34,16,10196.57,Активные повторные,34,16,10196.57,Активные повторные
16846,42,1,214.32,Остальные,42,1,214.32,Остальные
16847,35,1,193.44,Остальные,35,1,193.44,Остальные
16848,44,1,281.42,Остальные,44,1,281.42,Остальные
16849,178,1,124.57,Остальные,178,1,124.57,Остальные
16850,325,1,332.41,Остальные,325,1,332.41,Остальные
16851,34,2,239.45999999999998,Остальные,34,2,239.46,Остальные
16852,2,2,144.91,Остальные,2,2,144.91,Остальные
16855,15,2,328.4,Остальные,15,2,328.4,Остальные
16856,6,1,35.400000000000006,Недавние однократные,6,1,35.400000000000006,Недавние однократные
16858,360,1,375.69,Остальные,360,1,375.69000000000005,Остальные
16859,136,2,747.81,Давно не покупавшие повторные,136,2,747.81,Давно не покупавшие повторные
16861,51,2,173.76,Остальные,51,2,173.76,Остальные
16863,23,2,502.8,Остальные,23,2,502.8,Остальные
16866,132,3,207.73999999999998,Давно не покупавшие повторные,132,3,207.73999999999998,Давно не покупавшие повторные
16869,14,4,825.4200000000001,Активные повторные,14,4,817.12,Активные повторные
16871,14,6,2812.34,Активные ценные,14,6,2812.34,Активные ценные
16872,69,3,680.02,Остальные,69,3,680.02,Остальные
16873,53,5,5268.79,Активные повторные,53,5,5268.79,Активные повторные
16875,59,5,2095.53,Активные повторные,59,5,2095.53,Активные повторные
16877,4,6,853.72,Активные повторные,4,6,846.62,Активные повторные
16878,76,1,13.3,Остальные,76,1,13.3,Остальные
16880,22,7,1519.08,Активные повторные,22,7,1491.43,Активные повторные
16881,58,1,432.0,Остальные,58,1,432.0,Остальные
16882,58,3,705.12,Активные повторные,58,3,705.12,Активные повторные
16883,179,2,276.73,Давно не покупавшие повторные,179,2,272.48,Давно не покупавшие повторные
16884,29,2,429.84000000000003,Остальные,29,2,429.84000000000003,Остальные
16885,7,3,471.51,Активные повторные,7,3,450.40999999999997,Активные повторные
16887,27,1,194.88,Недавние однократные,27,1,192.32999999999998,Недавние однократные
16889,186,3,1578.6699999999998,Давно не покупавшие повторные,186,3,1578.6699999999998,Давно не покупавшие повторные
16891,28,4,693.75,Активные повторные,28,4,638.98,Активные повторные
16892,7,3,390.62,Активные повторные,7,3,383.27,Активные повторные
16893,358,1,145.93,Остальные,358,1,145.93,Остальные
16895,56,1,219.14000000000001,Остальные,56,1,202.27,Остальные
16897,291,2,289.78,Давно не покупавшие повторные,291,2,289.78,Давно не покупавшие повторные
16898,18,3,508.80999999999995,Активные повторные,18,3,501.03,Активные повторные
16899,11,5,969.98,Активные повторные,11,5,969.4300000000001,Активные повторные
16900,8,3,882.1600000000001,Активные повторные,8,3,882.1600000000001,Активные повторные
16902,108,1,1706.88,Остальные,108,1,1706.88,Остальные
16903,21,1,373.24,Недавние однократные,21,1,363.2,Недавние однократные
16904,21,14,3386.45,Активные ценные,21,14,3285.93,Активные ценные
16905,11,6,2767.73,Активные ценные,11,6,2702.9,Активные ценные
16906,73,4,579.77,Остальные,73,4,559.59,Остальные
16907,21,5,981.65,Активные повторные,21,5,928.76,Активные повторные
16909,64,1,379.14,Остальные,64,1,379.14,Остальные
16910,1,7,1323.26,Активные повторные,1,7,1323.26,Активные повторные
16912,20,11,2575.38,Активные ценные,20,11,2555.58,Активные ценные
16913,282,1,113.44,Остальные,282,1,113.44,Остальные
16914,28,1,208.46,Недавние однократные,28,1,183.76,Недавние однократные
16915,1,6,621.6800000000001,Активные повторные,1,6,621.6800000000001,Активные повторные
16916,15,2,576.26,Остальные,15,2,562.4100000000001,Остальные
16917,268,1,391.52,Остальные,268,1,391.52,Остальные
16918,41,6,1068.8200000000002,Активные повторные,41,6,1068.82,Активные повторные
16919,148,11,2596.4500000000003,Давно не покупавшие повторные,148,11,2592.25,Давно не покупавшие повторные
16921,53,1,169.79,Остальные,53,1,154.18,Остальные
16923,4,19,7247.61,Активные ценные,4,19,7069.08,Активные ценные
16924,13,3,846.75,Активные повторные,13,3,829.89,Активные повторные
16926,363,1,230.25,Остальные,363,1,230.25,Остальные
16927,107,3,543.05,Давно не покупавшие повторные,107,3,543.05,Давно не покупавшие повторные
16928,72,17,2839.65,Остальные,72,17,2806.75,Остальные
16929,9,6,1089.45,Активные повторные,9,6,1089.45,Активные повторные
16930,18,3,380.55,Активные повторные,18,3,378.89,Активные повторные
16931,11,20,4192.78,Активные ценные,11,20,4143.43,Активные ценные
16932,45,1,161.94,Остальные,45,1,150.23000000000002,Остальные
16933,231,1,224.73,Остальные,231,1,224.73,Остальные
16934,46,2,950.9300000000001,Остальные,46,2,931.03,Остальные
16936,17,1,262.68,Недавние однократные,17,1,261.9,Недавние однократные
16938,171,3,2410.75,Давно не покупавшие повторные,171,3,2386.05,Давно не покупавшие повторные
16940,44,3,3049.88,Активные повторные,44,3,3049.88,Активные повторные
16942,4,9,1920.5900000000001,Активные ценные,4,9,1904.99,Активные ценные
16943,203,3,816.73,Давно не покупавшие повторные,203,3,816.73,Давно не покупавшие повторные
16945,13,19,4345.5,Активные ценные,13,19,4345.5,Активные ценные
16947,227,1,406.48,Остальные,227,1,406.48,Остальные
16948,130,3,435.02,Давно не покупавшие повторные,130,3,435.02,Давно не покупавшие повторные
16949,32,5,1204.23,Активные повторные,32,5,1204.23,Активные повторные
16950,48,3,1178.56,Активные повторные,48,3,1178.56,Активные повторные
16951,126,3,1277.75,Давно не покупавшие повторные,126,3,1277.75,Давно не покупавшие повторные
16952,101,2,167.60999999999999,Давно не покупавшие повторные,101,2,167.61,Давно не покупавшие повторные
16953,22,1,20.8,Недавние однократные,22,1,20.8,Недавние однократные
16954,8,7,1703.96,Активные ценные,8,7,1703.96,Активные ценные
16955,176,4,518.67,Давно не покупавшие повторные,176,4,518.67,Давно не покупавшие повторные
16956,9,1,308.74,Недавние однократные,9,1,308.74,Недавние однократные
16957,231,2,416.64,Давно не покупавшие повторные,231,2,416.64,Давно не покупавшие повторные
16959,79,1,117.35000000000001,Остальные,79,1,117.35000000000001,Остальные
16960,30,3,505.1,Активные повторные,30,3,505.1,Активные повторные
16961,108,1,234.17,Остальные,108,1,234.17,Остальные
16963,179,1,110.55000000000001,Остальные,179,1,110.55000000000001,Остальные
16965,218,1,192.07,Остальные,218,1,192.07,Остальные
16966,7,6,1769.17,Активные ценные,7,6,1769.17,Активные ценные
16967,181,1,319.02,Остальные,181,1,319.02,Остальные
16968,99,1,253.31,Остальные,99,1,253.31,Остальные
16969,31,3,650.41,Активные повторные,31,3,650.41,Активные повторные
16971,30,1,357.21,Недавние однократные,30,1,357.21,Недавние однократные
16976,259,1,251.51999999999998,Остальные,259,1,251.51999999999998,Остальные
16978,69,1,344.33,Остальные,69,1,344.33,Остальные
16979,9,5,1620.26,Активные ценные,9,5,1620.26,Активные ценные
16980,247,2,1078.96,Давно не покупавшие повторные,247,2,1028.46,Давно не покупавшие повторные
16982,52,1,384.06,Остальные,52,1,384.06,Остальные
16983,4,7,1931.25,Активные ценные,4,7,1905.87,Активные ценные
16984,80,2,4481.35,Остальные,80,2,4459.52,Остальные
16985,9,10,5464.12,Активные ценные,9,10,5464.12,Активные ценные
16986,21,2,1873.2,Остальные,21,2,1873.2,Остальные
16987,34,6,1393.1200000000001,Активные повторные,34,6,1393.12,Активные повторные
16989,7,5,1093.65,Активные повторные,7,5,1093.65,Активные повторные
16990,210,1,179.0,Остальные,210,1,179.0,Остальные
16992,2,5,1614.31,Активные ценные,2,5,1614.31,Активные ценные
16996,22,6,1456.96,Активные повторные,22,6,1456.96,Активные повторные
16997,280,3,702.0,Давно не покупавшие повторные,280,3,702.0,Давно не покупавшие повторные
16998,141,4,295.0,Давно не покупавшие повторные,141,4,295.0,Давно не покупавшие повторные
16999,15,2,484.82000000000005,Остальные,15,2,484.82000000000005,Остальные
17001,14,10,3581.89,Активные ценные,14,10,3581.89,Активные ценные
17002,77,3,1493.73,Остальные,77,3,1493.73,Остальные
17004,38,2,1412.94,Остальные,38,2,1312.14,Остальные
17006,10,3,534.72,Активные повторные,10,3,534.72,Активные повторные
17007,42,6,889.9300000000001,Активные повторные,42,6,889.9300000000001,Активные повторные
17010,10,1,195.36,Недавние однократные,10,1,195.36,Недавние однократные
17011,22,1,270.9,Недавние однократные,22,1,270.9,Недавние однократные
17014,24,2,355.06,Остальные,24,2,353.81,Остальные
17015,20,3,1842.56,Активные ценные,20,3,1838.61,Активные ценные
17017,1,19,8063.66,Активные ценные,1,19,8063.66,Активные ценные
17018,32,2,920.1,Остальные,32,2,920.1,Остальные
17019,3,4,1272.61,Активные повторные,3,4,1258.08,Активные повторные
17022,23,1,71.0,Недавние однократные,23,1,71.0,Недавние однократные
17024,37,3,95.85,Активные повторные,37,3,95.85,Активные повторные
17025,52,3,357.77,Активные повторные,52,3,357.77,Активные повторные
17026,177,2,154.82999999999998,Давно не покупавшие повторные,177,2,154.82999999999998,Давно не покупавшие повторные
17027,70,6,890.29,Остальные,70,6,877.56,Остальные
17029,102,2,716.0,Давно не покупавшие повторные,102,2,716.0,Давно не покупавшие повторные
17030,55,1,146.87,Остальные,55,1,146.87,Остальные
17031,3,2,380.35,Остальные,3,2,380.35,Остальные
17033,78,3,1030.1399999999999,Остальные,78,3,1030.1399999999999,Остальные
17034,8,3,745.52,Активные повторные,8,3,745.52,Активные повторные
17035,237,2,433.53,Давно не покупавшие повторные,237,2,433.53,Давно не покупавшие повторные
17037,79,1,1267.32,Остальные,79,1,1267.32,Остальные
17038,22,1,112.4,Недавние однократные,22,1,112.4,Недавние однократные
17040,129,1,449.73,Остальные,129,1,449.73,Остальные
17041,18,3,1081.57,Активные повторные,18,3,1071.49,Активные повторные
17042,113,4,922.8199999999999,Давно не покупавшие повторные,113,4,915.02,Давно не покупавшие повторные
17043,24,4,1735.18,Активные ценные,24,4,1735.18,Активные ценные
17044,17,1,948.48,Недавние однократные,17,1,948.48,Недавние однократные
17045,105,3,339.44,Давно не покупавшие повторные,105,3,339.44,Давно не покупавшие повторные
17046,149,1,642.02,Остальные,149,1,642.02,Остальные
17047,77,3,1100.9,Остальные,77,3,1100.9,Остальные
17048,109,3,925.35,Давно не покупавшие повторные,109,3,925.35,Давно не покупавшие повторные
17049,13,8,5263.9800000000005,Активные ценные,13,8,5259.030000000001,Активные ценные
17050,88,6,3228.84,Остальные,88,6,3185.64,Остальные
17051,186,1,247.14,Остальные,186,1,240.89000000000001,Остальные
17052,20,1,413.75,Недавние однократные,20,1,399.09,Недавние однократные
17053,122,1,498.48,Остальные,122,1,498.48,Остальные
17054,20,5,1356.33,Активные повторные,20,5,1356.33,Активные повторные
17058,73,3,1179.89,Остальные,73,3,1179.89,Остальные
17059,21,5,3095.04,Активные ценные,21,5,3080.39,Активные ценные
17060,258,1,234.24,Остальные,258,1,234.24,Остальные
17061,65,11,5232.2300000000005,Остальные,65,11,5232.2300000000005,Остальные
17062,305,4,533.33,Давно не покупавшие повторные,305,4,528.29,Давно не покупавшие повторные
17063,13,7,1461.1399999999999,Активные повторные,13,7,1461.1399999999999,Активные повторные
17064,50,3,859.3500000000001,Активные повторные,50,3,855.45,Активные повторные
17068,4,21,4545.89,Активные ценные,4,21,4545.89,Активные ценные
17069,20,9,2709.7,Активные ценные,20,9,2709.7,Активные ценные
17070,106,1,312.14,Остальные,106,1,304.24,Остальные
17071,20,9,2429.03,Активные ценные,20,9,2429.03,Активные ценные
17073,9,4,1444.8400000000001,Активные повторные,9,4,1444.84,Активные повторные
17075,9,4,834.12,Активные повторные,9,4,834.12,Активные повторные
17076,28,3,841.0799999999999,Активные повторные,28,3,841.0799999999999,Активные повторные
17078,28,2,375.86,Остальные,28,2,375.86,Остальные
17079,70,1,118.80000000000001,Остальные,70,1,118.80000000000001,Остальные
17080,14,2,287.62,Остальные,14,2,287.62,Остальные
17081,17,2,290.15999999999997,Остальные,17,2,288.90999999999997,Остальные
17082,25,2,2003.8500000000001,Остальные,25,2,2003.8500000000001,Остальные
17083,101,3,1405.78,Давно не покупавшие повторные,101,3,1405.78,Давно не покупавшие повторные
17084,27,2,2949.75,Остальные,27,2,2747.99,Остальные
17085,115,5,1566.65,Давно не покупавшие повторные,115,5,1562.4,Давно не покупавшие повторные
17086,16,5,1590.22,Активные ценные,16,5,1590.22,Активные ценные
17088,20,4,1991.01,Активные ценные,20,4,1991.01,Активные ценные
17090,44,6,1819.91,Активные повторные,44,6,1750.6100000000001,Активные повторные
17091,23,8,3376.96,Активные ценные,23,8,3376.96,Активные ценные
17092,42,4,1777.78,Активные повторные,42,4,1774.03,Активные повторные
17094,314,1,302.0,Остальные,314,1,302.0,Остальные
17095,14,3,1324.16,Активные повторные,14,3,1324.1599999999999,Активные повторные
17096,7,4,1022.13,Активные повторные,7,4,1022.13,Активные повторные
17097,2,7,810.27,Активные повторные,2,7,810.27,Активные повторные
17100,10,2,971.74,Остальные,10,2,971.74,Остальные
17101,2,4,1621.73,Активные ценные,2,4,1621.73,Активные ценные
17102,253,1,25.5,Остальные,253,1,25.5,Остальные
17105,151,2,665.78,Давно не покупавшие повторные,151,2,665.78,Давно не покупавшие повторные
17107,25,6,10815.43,Активные ценные,25,6,10797.48,Активные ценные
17109,21,6,885.04,Активные повторные,21,6,881.29,Активные повторные
17110,157,1,163.29999999999998,Остальные,157,1,163.29999999999998,Остальные
17111,39,1,248.61,Остальные,39,1,231.61,Остальные
17114,25,7,717.73,Активные повторные,25,7,716.08,Активные повторные
17115,174,2,612.8199999999999,Давно не покупавшие повторные,174,2,612.8199999999999,Давно не покупавшие повторные
17117,280,1,116.19999999999999,Остальные,280,1,116.19999999999999,Остальные
17118,309,1,157.02,Остальные,309,1,157.02,Остальные
17119,51,1,547.25,Остальные,51,1,547.25,Остальные
17120,225,1,307.46,Остальные,225,1,307.46,Остальные
17122,111,1,138.32,Остальные,111,1,138.32,Остальные
17123,153,1,345.3,Остальные,153,1,345.29999999999995,Остальные
17124,177,1,298.89,Остальные,177,1,294.24,Остальные
17125,42,1,259.35,Остальные,42,1,230.5,Остальные
17126,144,5,1004.75,Давно не покупавшие повторные,144,5,989.45,Давно не покупавшие повторные
17128,326,1,157.09,Остальные,326,1,157.09,Остальные
17131,25,4,1395.84,Активные повторные,25,4,1395.84,Активные повторные
17133,7,7,4892.240000000001,Активные ценные,7,7,4892.24,Активные ценные
17134,98,2,425.0,Давно не покупавшие повторные,98,2,413.2,Давно не покупавшие повторные
17135,8,7,1139.73,Активные повторные,8,7,1139.73,Активные повторные
17138,267,1,380.5,Остальные,267,1,380.5,Остальные
17139,7,12,10668.47,Активные ценные,7,12,10650.77,Активные ценные
17140,239,1,465.32,Остальные,239,1,454.12,Остальные
17142,231,1,579.0,Остальные,231,1,579.0,Остальные
17144,76,1,595.89,Остальные,76,1,595.89,Остальные
17146,97,3,749.78,Давно не покупавшие повторные,97,3,749.78,Давно не покупавшие повторные
17147,14,4,1714.5900000000001,Активные ценные,14,4,1714.5900000000001,Активные ценные
17148,43,1,124.88,Остальные,43,1,124.88,Остальные
17152,186,3,1689.5,Давно не покупавшие повторные,186,3,1689.5,Давно не покупавшие повторные
17153,16,1,213.78,Недавние однократные,16,1,213.78,Недавние однократные
17154,67,1,329.34,Остальные,67,1,329.34,Остальные
17155,9,2,251.7,Остальные,9,2,251.7,Остальные
17157,168,1,161.46,Остальные,168,1,161.46,Остальные
17158,24,3,1266.97,Активные повторные,24,3,1266.97,Активные повторные
17159,13,3,1538.88,Активные повторные,13,3,1538.88,Активные повторные
17160,23,6,3518.03,Активные ценные,23,6,3518.03,Активные ценные
17162,20,10,1715.46,Активные ценные,20,10,1715.46,Активные ценные
17163,13,2,293.1,Остальные,13,2,293.1,Остальные
17164,24,7,2467.35,Активные ценные,24,7,2467.35,Активные ценные
17165,276,1,158.68,Остальные,276,1,158.68,Остальные
17166,30,2,206.34,Остальные,30,2,206.34,Остальные
17169,49,2,835.78,Остальные,49,2,835.78,Остальные
17171,281,1,224.91,Остальные,281,1,224.91,Остальные
17172,70,1,317.76,Остальные,70,1,317.76,Остальные
17173,2,7,3209.4,Активные ценные,2,7,3209.4,Активные ценные
17174,209,1,59.9,Остальные,209,1,59.9,Остальные
17175,36,4,1443.69,Активные повторные,36,4,1443.69,Активные повторные
17176,193,1,306.13,Остальные,193,1,306.13,Остальные
17179,170,3,711.79,Давно не покупавшие повторные,170,3,711.79,Давно не покупавшие повторные
17180,48,4,796.03,Активные повторные,48,4,783.97,Активные повторные
17181,49,2,239.92000000000002,Остальные,49,2,239.92000000000002,Остальные
17183,14,5,2633.53,Активные ценные,14,5,2633.53,Активные ценные
17186,38,2,144.0,Остальные,38,2,144.0,Остальные
17187,218,1,203.95,Остальные,218,1,203.95,Остальные
17188,3,7,2474.23,Активные ценные,3,7,2474.23,Активные ценные
17189,98,2,384.4,Давно не покупавшие повторные,98,2,383.75,Давно не покупавшие повторные
17190,50,2,444.74,Остальные,50,2,444.74,Остальные
17191,20,7,2095.13,Активные ценные,20,7,2093.68,Активные ценные
17193,27,7,1699.3,Активные ценные,27,7,1699.3,Активные ценные
17194,352,1,226.78,Остальные,352,1,226.78,Остальные
17197,21,1,1013.01,Недавние однократные,21,1,1013.01,Недавние однократные
17198,15,3,692.22,Активные повторные,15,3,692.22,Активные повторные
17201,45,1,342.63,Остальные,45,1,289.78,Остальные
17203,27,6,3563.85,Активные ценные,27,6,3560.08,Активные ценные
17204,167,4,1564.5600000000002,Давно не покупавшие повторные,167,4,1564.5600000000002,Давно не покупавшие повторные
17205,45,1,384.08,Остальные,45,1,384.08,Остальные
17206,45,1,204.24,Остальные,45,1,204.24,Остальные
17211,18,8,2317.2200000000003,Активные ценные,18,8,2317.2200000000003,Активные ценные
17212,245,1,226.85,Остальные,245,1,226.85,Остальные
17213,32,7,2781.23,Активные повторные,32,7,2781.23,Активные повторные
17214,52,6,1069.12,Активные повторные,52,6,1059.1200000000001,Активные повторные
17217,226,1,113.5,Остальные,226,1,113.5,Остальные
17218,3,9,1852.03,Активные ценные,3,9,1843.28,Активные ценные
17219,23,1,114.23,Недавние однократные,23,1,114.23,Недавние однократные
17220,16,14,3198.25,Активные ценные,16,14,3187.55,Активные ценные
17221,28,1,132.28,Недавние однократные,28,1,132.28,Недавние однократные
17222,57,1,354.15,Остальные,57,1,328.65,Остальные
17223,302,2,391.78999999999996,Давно не покупавшие повторные,302,2,381.89000000000004,Давно не покупавшие повторные
17226,300,1,393.49,Остальные,300,1,393.49,Остальные
17227,10,6,939.3199999999999,Активные повторные,10,6,939.3199999999999,Активные повторные
17228,7,8,1906.09,Активные ценные,7,8,1906.0900000000001,Активные ценные
17229,88,2,318.76,Остальные,88,2,318.76,Остальные
17230,256,8,3638.41,Давно не покупавшие повторные,256,8,3638.41,Давно не покупавшие повторные
17231,4,10,3174.3199999999997,Активные ценные,4,10,3124.72,Активные ценные
17232,6,1,208.04,Недавние однократные,6,1,208.04,Недавние однократные
17233,27,1,190.88,Недавние однократные,27,1,190.88,Недавние однократные
17234,174,1,149.89,Остальные,174,1,149.89000000000001,Остальные
17235,17,2,550.06,Остальные,17,2,550.06,Остальные
17236,4,6,916.13,Активные повторные,4,6,916.13,Активные повторные
17237,3,2,314.69,Остальные,3,2,314.69,Остальные
17238,9,15,3104.1800000000003,Активные ценные,9,15,3084.48,Активные ценные
17239,304,1,382.5,Остальные,304,1,382.5,Остальные
17242,100,2,1135.04,Давно не покупавшие повторные,100,2,1135.04,Давно не покупавшие повторные
17243,6,24,7732.87,Активные ценные,6,24,7596.07,Активные ценные
17244,45,1,954.9,Остальные,45,1,954.9,Остальные
17245,196,1,171.45,Остальные,196,1,171.45,Остальные
17247,7,1,282.19,Недавние однократные,7,1,280.09000000000003,Недавние однократные
17248,112,1,318.65,Остальные,112,1,318.65,Остальные
17250,253,1,162.65,Остальные,253,1,162.65,Остальные
17251,354,1,283.28000000000003,Остальные,354,1,269.83,Остальные
17252,108,2,353.85999999999996,Давно не покупавшие повторные,108,2,348.90999999999997,Давно не покупавшие повторные
17253,10,1,178.26,Недавние однократные,10,1,178.26,Недавние однократные
17254,7,1,170.31,Недавние однократные,7,1,169.06,Недавние однократные
17255,32,2,298.40999999999997,Остальные,32,2,291.48,Остальные
17256,99,2,240.0,Давно не покупавшие повторные,99,2,240.0,Давно не покупавшие повторные
17259,140,2,603.37,Давно не покупавшие повторные,140,2,581.23,Давно не покупавшие повторные
17262,44,5,1253.3600000000001,Активные повторные,44,5,1253.3600000000001,Активные повторные
17263,200,1,63.44,Остальные,200,1,63.440000000000005,Остальные
17265,130,2,562.9000000000001,Давно не покупавшие повторные,130,2,550.01,Давно не покупавшие повторные
17266,139,1,113.06,Остальные,139,1,113.06,Остальные
17267,119,2,317.62,Давно не покупавшие повторные,119,2,317.20000000000005,Давно не покупавшие повторные
17268,99,4,763.64,Давно не покупавшие повторные,99,4,763.64,Давно не покупавшие повторные
17272,34,4,2148.63,Активные повторные,34,4,2148.63,Активные повторные
17274,27,1,111.98,Недавние однократные,27,1,107.82,Недавние однократные
17277,219,2,1065.35,Давно не покупавшие повторные,219,2,1065.35,Давно не покупавшие повторные
17278,233,1,246.04,Остальные,233,1,246.04,Остальные
17279,49,1,187.83,Остальные,49,1,187.82999999999998,Остальные
17282,122,3,1703.41,Давно не покупавшие повторные,122,3,1685.46,Давно не покупавшие повторные
17284,52,6,1652.58,Активные повторные,52,6,1647.48,Активные повторные
17286,13,1,153.92,Недавние однократные,13,1,151.37,Недавние однократные
17287,18,7,1064.11,Активные повторные,18,7,1049.06,Активные повторные
17288,1,7,1419.73,Активные повторные,1,7,1417.63,Активные повторные
17289,23,3,944.4100000000001,Активные повторные,23,3,931.02,Активные повторные
17290,8,1,353.03,Недавние однократные,8,1,348.83,Недавние однократные
17291,300,1,550.8000000000001,Остальные,300,1,550.8000000000001,Остальные
17293,22,8,1680.98,Активные ценные,22,8,1659.9299999999998,Активные ценные
17295,20,3,556.95,Активные повторные,20,3,547.0,Активные повторные
17297,9,1,131.78,Недавние однократные,9,1,128.18,Недавние однократные
17298,93,2,498.42,Давно не покупавшие повторные,93,2,498.42,Давно не покупавшие повторные
17299,3,4,669.11,Активные повторные,3,4,656.61,Активные повторные
17301,13,1,197.63,Недавние однократные,13,1,163.24,Недавние однократные
17302,6,5,1135.63,Активные повторные,6,5,1135.63,Активные повторные
17303,353,1,250.04,Остальные,353,1,250.04,Остальные
17306,2,19,8631.31,Активные ценные,2,19,8631.31,Активные ценные
17309,87,1,82.75,Остальные,87,1,82.75,Остальные
17311,70,2,1384.85,Остальные,70,2,1384.85,Остальные
17312,130,3,644.3,Давно не покупавшие повторные,130,3,644.3,Давно не покупавшие повторные
17313,23,1,2328.84,Недавние однократные,23,1,2328.84,Недавние однократные
17314,16,8,2527.92,Активные ценные,16,8,2527.92,Активные ценные
17315,9,35,6062.0,Активные ценные,9,35,6061.05,Активные ценные
17317,38,3,2600.34,Активные повторные,38,3,2600.34,Активные повторные
17320,92,3,1200.62,Давно не покупавшие повторные,92,3,1200.62,Давно не покупавшие повторные
17321,59,1,659.61,Остальные,59,1,615.91,Остальные
17323,7,7,917.67,Активные повторные,7,7,903.12,Активные повторные
17324,9,4,990.2299999999999,Активные повторные,9,4,986.4799999999999,Активные повторные
17325,272,1,96.8,Остальные,272,1,96.8,Остальные
17329,6,2,523.11,Остальные,6,2,523.11,Остальные
17330,14,2,363.9,Остальные,14,2,363.9,Остальные
17331,115,1,175.2,Остальные,115,1,175.2,Остальные
17333,77,1,494.25,Остальные,77,1,494.25,Остальные
17334,294,2,307.02,Давно не покупавшие повторные,294,2,307.02,Давно не покупавшие повторные
17337,143,4,2026.42,Давно не покупавшие повторные,143,4,1979.61,Давно не покупавшие повторные
17338,9,8,6635.14,Активные ценные,9,8,6484.75,Активные ценные
17339,86,2,243.36,Остальные,86,2,243.36,Остальные
17340,21,11,12353.29,Активные ценные,21,11,12353.29,Активные ценные
17341,148,3,781.36,Давно не покупавшие повторные,148,3,682.29,Давно не покупавшие повторные
17343,347,1,193.64,Остальные,347,1,193.64,Остальные
17344,38,1,160.57,Остальные,38,1,157.62,Остальные
17345,7,4,537.74,Активные повторные,7,4,519.69,Активные повторные
17346,3,14,2539.4700000000003,Активные ценные,3,14,2485.79,Активные ценные
17347,78,1,228.96,Остальные,78,1,228.96,Остальные
17348,6,5,1159.52,Активные повторные,6,5,1156.6,Активные повторные
17349,171,1,110.75,Остальные,171,1,98.25,Остальные
17350,37,2,891.09,Остальные,37,2,886.34,Остальные
17351,28,3,587.15,Активные повторные,28,3,587.15,Активные повторные
17353,121,2,1740.0,Давно не покупавшие повторные,121,2,1740.0,Давно не покупавшие повторные
17354,42,1,1393.06,Остальные,42,1,1393.06,Остальные
17356,303,1,178.22,Остальные,303,1,178.22,Остальные
17357,16,2,388.14,Остальные,16,2,384.39,Остальные
17358,295,2,365.85,Давно не покупавшие повторные,295,2,360.81000000000006,Давно не покупавшие повторные
17359,3,1,127.86,Недавние однократные,3,1,127.86,Недавние однократные
17360,9,3,585.79,Активные повторные,9,3,568.24,Активные повторные
17361,41,3,488.2,Активные повторные,41,3,488.2,Активные повторные
17362,231,2,312.23,Давно не покупавшие повторные,231,2,312.23,Давно не покупавшие повторные
17364,7,8,3788.67,Активные ценные,7,8,3770.17,Активные ценные
17365,4,8,4796.52,Активные ценные,4,8,4762.32,Активные ценные
17367,230,1,168.4,Остальные,230,1,167.55,Остальные
17368,15,8,1912.6699999999998,Активные ценные,15,8,1878.87,Активные ценные
17370,64,4,446.18,Остальные,64,4,446.18,Остальные
17371,9,3,423.89,Активные повторные,9,3,418.4,Активные повторные
17372,32,8,1342.68,Активные повторные,32,8,1337.18,Активные повторные
17373,32,4,646.9200000000001,Активные повторные,32,4,646.9200000000001,Активные повторные
17374,210,2,495.77,Давно не покупавшие повторные,210,2,495.77,Давно не покупавшие повторные
17375,191,3,400.1,Давно не покупавшие повторные,191,3,400.1,Давно не покупавшие повторные
17376,62,2,203.2,Остальные,62,2,203.2,Остальные
17377,15,20,4100.92,Активные ценные,15,20,4058.32,Активные ценные
17379,3,1,404.66,Недавние однократные,3,1,389.71999999999997,Недавние однократные
17381,16,28,19967.45,Активные ценные,16,28,19967.45,Активные ценные
17382,57,1,65.4,Остальные,57,1,65.4,Остальные
17384,11,2,336.4,Остальные,11,2,336.4,Остальные
17385,6,1,261.11,Недавние однократные,6,1,256.11,Недавние однократные
17386,91,5,1697.3400000000001,Давно не покупавшие повторные,91,5,1697.3400000000001,Давно не покупавшие повторные
17387,11,2,784.11,Остальные,11,2,746.81,Остальные
17388,69,4,1259.56,Остальные,69,4,1259.56,Остальные
17389,6,31,25956.9,Активные ценные,6,31,25956.9,Активные ценные
17391,155,2,508.8,Давно не покупавшие повторные,155,2,508.8,Давно не покупавшие повторные
17392,298,2,451.91,Давно не покупавшие повторные,298,2,411.27,Давно не покупавшие повторные
17394,211,1,203.86999999999998,Остальные,211,1,203.86999999999998,Остальные
17396,31,7,7312.799999999999,Активные повторные,31,7,7312.799999999999,Активные повторные
17397,14,2,696.41,Остальные,14,2,681.41,Остальные
17398,106,3,653.38,Давно не покупавшие повторные,106,3,653.38,Давно не покупавшие повторные
17400,118,5,2129.96,Давно не покупавшие повторные,118,5,2097.84,Давно не покупавшие повторные
17402,22,11,2312.0499999999997,Активные ценные,22,11,2312.05,Активные ценные
17403,28,1,281.62,Недавние однократные,28,1,263.92,Недавние однократные
17404,17,12,31543.82,Активные ценные,17,12,31543.82,Активные ценные
17405,64,2,883.01,Остальные,64,2,883.01,Остальные
17406,325,3,2200.42,Давно не покупавшие повторные,325,3,2184.42,Давно не покупавшие повторные
17408,155,1,32.65,Остальные,155,1,32.65,Остальные
17409,176,2,771.85,Давно не покупавшие повторные,176,2,771.85,Давно не покупавшие повторные
17410,8,5,1214.72,Активные повторные,8,5,1214.72,Активные повторные
17411,4,3,778.94,Активные повторные,4,3,778.94,Активные повторные
17412,15,6,1071.66,Активные повторные,15,6,1071.66,Активные повторные
17414,35,2,778.0,Остальные,35,2,778.0,Остальные
17415,71,1,507.84,Остальные,71,1,507.84,Остальные
17416,21,7,6893.42,Активные ценные,21,7,6893.42,Активные ценные
17418,34,2,463.46,Остальные,34,2,463.46000000000004,Остальные
17419,3,12,4226.57,Активные ценные,3,12,4226.57,Активные ценные
17420,42,3,598.83,Активные повторные,42,3,598.83,Активные повторные
17422,8,6,1979.37,Активные ценные,8,6,1979.37,Активные ценные
17423,38,2,698.4100000000001,Остальные,38,2,698.4100000000001,Остальные
17425,11,2,759.1700000000001,Остальные,11,2,759.1700000000001,Остальные
17426,83,4,4280.59,Остальные,83,4,4280.59,Остальные
17427,63,1,100.8,Остальные,63,1,100.8,Остальные
17428,14,27,16841.25,Активные ценные,14,27,16841.25,Активные ценные
17429,120,3,524.9200000000001,Давно не покупавшие повторные,120,3,524.9200000000001,Давно не покупавшие повторные
17430,24,2,265.76,Остальные,24,2,265.76,Остальные
17431,305,1,403.3,Остальные,305,1,403.3,Остальные
17432,10,2,365.76,Остальные,10,2,365.76,Остальные
17433,80,1,303.16,Остальные,80,1,303.15999999999997,Остальные
17434,1,6,2052.48,Активные ценные,1,6,2052.48,Активные ценные
17436,218,1,122.39999999999999,Остальные,218,1,122.39999999999999,Остальные
17438,245,1,388.45000000000005,Остальные,245,1,388.45000000000005,Остальные
17440,148,3,186.42,Давно не покупавшие повторные,148,3,186.42,Давно не покупавшие повторные
17442,28,6,2248.56,Активные ценные,28,6,2248.56,Активные ценные
17443,211,1,534.24,Остальные,211,1,534.24,Остальные
17444,143,2,2389.1,Давно не покупавшие повторные,143,2,2389.1000000000004,Давно не покупавшие повторные
17446,168,2,120.9,Давно не покупавшие повторные,168,2,120.9,Давно не покупавшие повторные
17447,32,2,541.53,Остальные,32,2,541.53,Остальные
17449,37,6,2092.17,Активные повторные,37,6,2092.17,Активные повторные
17450,2,45,192988.38999999998,Активные ценные,2,45,192828.38999999998,Активные ценные
17451,7,6,1427.22,Активные повторные,7,6,1427.22,Активные повторные
17453,9,2,486.7199999999999,Остальные,9,2,486.7199999999999,Остальные
17454,184,4,517.53,Давно не покупавшие повторные,184,4,517.53,Давно не покупавшие повторные
17455,195,1,131.7,Остальные,195,1,131.7,Остальные
17456,357,1,249.85999999999999,Остальные,357,1,249.86,Остальные
17457,118,5,1737.6999999999998,Давно не покупавшие повторные,118,5,1737.7,Давно не покупавшие повторные
17458,7,1,316.5,Недавние однократные,7,1,316.5,Недавние однократные
17459,35,2,657.3,Остальные,35,2,657.3,Остальные
17460,86,6,622.4300000000001,Остальные,86,6,622.4300000000001,Остальные
17461,14,3,757.46,Активные повторные,14,3,735.82,Активные повторные
17462,52,2,675.69,Остальные,52,2,675.6899999999999,Остальные
17463,8,5,1896.4099999999999,Активные ценные,8,5,1875.8600000000001,Активные ценные
17464,150,1,289.96,Остальные,150,1,289.96000000000004,Остальные
17466,2,2,763.28,Остальные,2,2,763.28,Остальные
17468,2,2,137.0,Остальные,2,2,137.0,Остальные
17469,8,5,1870.97,Активные ценные,8,5,1870.97,Активные ценные
17470,36,5,1125.07,Активные повторные,36,5,1125.07,Активные повторные
17472,183,3,710.29,Давно не покупавшие повторные,183,3,697.54,Давно не покупавшие повторные
17475,71,1,194.37,Остальные,71,1,194.37,Остальные
17480,69,1,511.82,Остальные,69,1,511.82,Остальные
17481,7,3,1083.19,Активные повторные,7,3,1083.19,Активные повторные
17483,57,3,414.04,Активные повторные,57,3,414.04,Активные повторные
17486,253,1,396.87,Остальные,253,1,396.87,Остальные
17489,50,2,376.64,Остальные,50,2,376.64,Остальные
17490,56,4,1321.22,Активные повторные,56,4,1321.22,Активные повторные
17491,6,9,3115.97,Активные ценные,6,9,3115.97,Активные ценные
17492,240,1,374.57,Остальные,240,1,374.57,Остальные
17495,30,1,342.59000000000003,Недавние однократные,30,1,342.59000000000003,Недавние однократные
17496,350,1,271.05,Остальные,350,1,271.05,Остальные
17498,67,1,272.22,Остальные,67,1,272.22,Остальные
17499,281,1,622.88,Остальные,281,1,622.88,Остальные
17500,9,3,1138.0,Активные повторные,9,3,1138.0,Активные повторные
17501,212,2,288.6,Давно не покупавшие повторные,212,2,288.6,Давно не покупавшие повторные
17502,1,4,689.1,Активные повторные,1,4,689.1,Активные повторные
17503,30,1,340.43,Недавние однократные,30,1,340.43,Недавние однократные
17504,198,9,2997.03,Давно не покупавшие повторные,198,9,2997.03,Давно не покупавшие повторные
17505,153,2,1145.8400000000001,Давно не покупавшие повторные,153,2,1145.8400000000001,Давно не покупавшие повторные
17506,67,1,302.2,Остальные,67,1,302.2,Остальные
17507,253,2,605.5799999999999,Давно не покупавшие повторные,253,2,605.5799999999999,Давно не покупавшие повторные
17508,272,1,387.31,Остальные,272,1,387.31,Остальные
17509,49,8,6115.14,Активные повторные,49,8,6083.64,Активные повторные
17510,16,1,308.48,Недавние однократные,16,1,308.48,Недавние однократные
17511,8,29,83683.06,Активные ценные,8,29,83683.06,Активные ценные
17512,20,10,2924.99,Активные ценные,20,10,2924.99,Активные ценные
17513,64,1,513.2,Остальные,64,1,513.2,Остальные
17514,120,1,208.65,Остальные,120,1,208.65,Остальные
17515,23,4,639.02,Активные повторные,23,4,639.02,Активные повторные
17516,7,5,768.0799999999999,Активные повторные,7,5,764.8799999999999,Активные повторные
17517,300,1,153.94,Остальные,300,1,153.94,Остальные
17519,9,6,1844.02,Активные ценные,9,6,1844.02,Активные ценные
17520,45,1,546.81,Остальные,45,1,546.81,Остальные
17521,21,3,723.21,Активные повторные,21,3,723.21,Активные повторные
17522,130,4,907.6899999999999,Давно не покупавшие повторные,130,4,907.69,Давно не покупавшие повторные
17523,3,4,652.74,Активные повторные,3,4,652.74,Активные повторные
17524,353,1,145.0,Остальные,353,1,145.0,Остальные
17525,351,1,422.70000000000005,Остальные,351,1,422.70000000000005,Остальные
17526,282,3,872.8,Давно не покупавшие повторные,282,3,872.8000000000001,Давно не покупавшие повторные
17527,45,4,939.37,Активные повторные,45,4,939.37,Активные повторные
17528,9,7,3428.0,Активные ценные,9,7,3428.0,Активные ценные
17530,8,9,2164.6,Активные ценные,8,9,2147.5,Активные ценные
17531,182,1,296.7,Остальные,182,1,296.7,Остальные
17534,45,1,223.36,Остальные,45,1,223.36,Остальные
17535,272,1,164.4,Остальные,272,1,164.4,Остальные
17536,169,1,76.5,Остальные,169,1,76.5,Остальные
17537,21,2,897.6200000000001,Остальные,21,2,887.6700000000001,Остальные
17538,17,1,98.42,Недавние однократные,17,1,98.42,Недавние однократные
17540,16,2,578.9000000000001,Остальные,16,2,578.9000000000001,Остальные
17542,261,1,170.75,Остальные,261,1,170.75,Остальные
17545,35,3,645.96,Активные повторные,35,3,642.3199999999999,Активные повторные
17548,225,1,103.3,Остальные,225,1,103.3,Остальные
17549,15,2,148.86,Остальные,15,2,148.85999999999999,Остальные
17550,189,3,267.15999999999997,Давно не покупавшие повторные,189,3,267.15999999999997,Давно не покупавшие повторные
17551,351,1,306.84,Остальные,351,1,290.34,Остальные
17552,52,4,930.41,Активные повторные,52,4,930.41,Активные повторные
17553,121,1,1487.6,Остальные,121,1,1487.6,Остальные
17554,8,4,1714.15,Активные ценные,8,4,1714.15,Активные ценные
17555,11,2,483.26,Остальные,11,2,480.31,Остальные
17556,197,1,157.9,Остальные,197,1,157.9,Остальные
17557,6,3,541.46,Активные повторные,6,3,541.46,Активные повторные
17560,86,4,854.95,Остальные,86,4,854.95,Остальные
17561,11,1,167.62,Недавние однократные,11,1,165.12,Недавние однократные
17562,6,7,1122.38,Активные повторные,6,7,1122.38,Активные повторные
17564,16,3,454.01,Активные повторные,16,3,454.01,Активные повторные
17566,17,1,414.26,Недавние однократные,17,1,394.82,Недавние однократные
17567,49,7,3913.48,Активные повторные,49,7,3913.48,Активные повторные
17569,324,1,344.14,Остальные,324,1,344.14,Остальные
17571,42,4,1497.2600000000002,Активные повторные,42,4,1424.42,Активные повторные
17572,63,4,226.75,Остальные,63,4,226.75,Остальные
17573,21,3,380.6,Активные повторные,21,3,380.6,Активные повторные
17574,234,1,185.65,Остальные,234,1,185.65,Остальные
17576,30,18,3227.68,Активные ценные,30,18,3179.08,Активные ценные
17578,210,1,143.46,Остальные,210,1,143.45999999999998,Остальные
17579,129,2,270.86,Давно не покупавшие повторные,129,2,270.86,Давно не покупавшие повторные
17580,244,3,212.76999999999998,Давно не покупавшие повторные,244,3,212.76999999999998,Давно не покупавшие повторные
17581,25,22,10060.36,Активные ценные,25,22,10040.56,Активные ценные
17582,228,1,175.27,Остальные,228,1,175.27,Остальные
17584,119,1,749.45,Остальные,119,1,749.45,Остальные
17585,101,4,1133.07,Давно не покупавшие повторные,101,4,1116.6799999999998,Давно не покупавшие повторные
17588,92,3,1240.2,Давно не покупавшие повторные,92,3,1240.2,Давно не покупавшие повторные
17589,52,4,2402.92,Активные повторные,52,4,2402.92,Активные повторные
17590,9,2,1157.04,Остальные,9,2,1145.8400000000001,Остальные
17591,65,7,2225.9700000000003,Остальные,65,7,2203.67,Остальные
17593,83,4,3249.14,Остальные,83,4,3245.66,Остальные
17594,77,2,993.18,Остальные,77,2,993.18,Остальные
17595,4,2,388.79,Остальные,4,2,386.69,Остальные
17596,15,7,2827.9300000000003,Активные ценные,15,7,2806.69,Активные ценные
17597,205,1,2044.3700000000001,Остальные,205,1,2044.3700000000001,Остальные
17600,9,1,161.67000000000002,Недавние однократные,9,1,161.67000000000002,Недавние однократные
17601,231,1,116.00999999999999,Остальные,231,1,116.00999999999999,Остальные
17602,15,5,4014.28,Активные ценные,15,5,3965.7300000000005,Активные ценные
17603,70,1,394.72,Остальные,70,1,394.72,Остальные
17604,209,2,309.36,Давно не покупавшие повторные,209,2,309.36,Давно не покупавшие повторные
17608,25,2,193.42000000000002,Остальные,25,2,191.99,Остальные
17609,32,5,1104.72,Активные повторные,32,5,1098.28,Активные повторные
17611,22,13,3678.17,Активные ценные,22,13,3655.0699999999997,Активные ценные
17612,45,6,2048.45,Активные повторные,45,6,2048.45,Активные повторные
17613,14,14,4559.150000000001,Активные ценные,14,14,4544.55,Активные ценные
17614,49,1,390.07,Остальные,49,1,386.32,Остальные
17615,122,3,329.6,Давно не покупавшие повторные,122,3,329.6,Давно не покупавшие повторные
17616,165,3,571.1999999999999,Давно не покупавшие повторные,165,3,571.1999999999999,Давно не покупавшие повторные
17618,240,2,666.78,Давно не покупавшие повторные,240,2,625.48,Давно не покупавшие повторные
17619,304,1,218.52,Остальные,304,1,214.37,Остальные
17620,51,1,81.44,Остальные,51,1,81.44,Остальные
17621,13,3,1379.9,Активные повторные,13,3,1379.9,Активные повторные
17623,24,1,527.0500000000001,Недавние однократные,24,1,527.0500000000001,Недавние однократные
17624,6,2,843.48,Остальные,6,2,843.48,Остальные
17625,10,4,2047.0,Активные ценные,10,4,2020.4,Активные ценные
17628,73,1,75.75,Остальные,73,1,75.75,Остальные
17629,10,7,1474.67,Активные повторные,10,7,1474.67,Активные повторные
17630,161,2,503.6,Давно не покупавшие повторные,161,2,503.6,Давно не покупавшие повторные
17631,129,2,416.5,Давно не покупавшие повторные,129,2,416.5,Давно не покупавшие повторные
17633,23,4,1324.8400000000001,Активные повторные,23,4,1324.84,Активные повторные
17634,28,9,2361.97,Активные ценные,28,9,2358.59,Активные ценные
17636,11,1,285.56,Недавние однократные,11,1,285.56,Недавние однократные
17637,23,2,547.06,Остальные,23,2,547.06,Остальные
17639,268,1,108.5,Остальные,268,1,108.5,Остальные
17640,78,1,621.66,Остальные,78,1,621.66,Остальные
17642,111,2,712.29,Давно не покупавшие повторные,111,2,712.29,Давно не покупавшие повторные
17643,365,1,101.55,Остальные,365,1,101.55,Остальные
17644,28,10,2562.88,Активные ценные,28,10,2562.88,Активные ценные
17646,211,3,1008.3900000000001,Давно не покупавшие повторные,211,3,1008.3900000000001,Давно не покупавшие повторные
17647,57,1,133.06,Остальные,57,1,133.06,Остальные
17648,52,4,1797.5,Активные повторные,52,4,1797.5,Активные повторные
17649,130,1,868.49,Остальные,130,1,868.49,Остальные
17650,13,1,166.08,Недавние однократные,13,1,166.08,Недавние однократные
17651,3,10,3945.0,Активные ценные,3,10,3945.0,Активные ценные
17652,17,12,4867.72,Активные ценные,17,12,4867.72,Активные ценные
17653,28,4,1207.5600000000002,Активные повторные,28,4,1207.5600000000002,Активные повторные
17654,269,1,117.55,Остальные,269,1,117.55,Остальные
17655,2,7,2638.94,Активные ценные,2,7,2638.94,Активные ценные
17656,65,5,1674.69,Остальные,65,5,1674.69,Остальные
17658,17,2,595.4200000000001,Остальные,17,2,595.42,Остальные
17659,9,12,2999.46,Активные ценные,9,12,2999.46,Активные ценные
17660,133,1,196.0,Остальные,133,1,178.75,Остальные
17663,17,7,1802.91,Активные ценные,17,7,1802.91,Активные ценные
17664,10,2,604.64,Остальные,10,2,604.64,Остальные
17666,57,1,409.08,Остальные,57,1,409.08,Остальные
17667,58,5,2055.51,Активные повторные,58,5,2055.51,Активные повторные
17668,30,1,161.85,Недавние однократные,30,1,161.85,Недавние однократные
17669,34,7,3406.7200000000003,Активные повторные,34,7,3406.7200000000003,Активные повторные
17670,219,1,205.7,Остальные,219,1,205.7,Остальные
17671,7,4,1572.71,Активные повторные,7,4,1572.71,Активные ценные
17672,42,2,3178.17,Остальные,42,2,3178.17,Остальные
17673,58,5,1516.65,Активные повторные,58,5,1482.5,Активные повторные
17674,66,2,551.04,Остальные,66,2,551.04,Остальные
17675,10,29,19124.7,Активные ценные,10,29,19124.7,Активные ценные
17676,50,5,1040.08,Активные повторные,50,5,1023.58,Активные повторные
17677,20,28,15659.07,Активные ценные,20,28,15641.220000000001,Активные ценные
17678,255,1,298.11,Остальные,255,1,298.11,Остальные
17679,44,2,1992.1100000000001,Остальные,44,2,1992.1100000000001,Остальные
17680,15,1,184.4,Недавние однократные,15,1,184.4,Недавние однократные
17682,2,6,2474.33,Активные ценные,2,6,2474.33,Активные ценные
17684,35,1,239.41,Остальные,35,1,239.41,Остальные
17685,8,7,3191.53,Активные ценные,8,7,3155.83,Активные ценные
17686,72,6,5110.09,Остальные,72,6,5110.09,Остальные
17690,22,15,4757.95,Активные ценные,22,15,4726.8,Активные ценные
17691,350,2,290.4,Давно не покупавшие повторные,350,2,290.4,Давно не покупавшие повторные
17692,119,4,725.5799999999999,Давно не покупавшие повторные,119,4,725.5799999999999,Давно не покупавшие повторные
17693,129,1,200.47,Остальные,129,1,200.47,Остальные
17694,133,1,283.12,Остальные,133,1,283.12,Остальные
17695,123,2,765.34,Давно не покупавшие повторные,123,2,765.34,Давно не покупавшие повторные
17696,30,8,2285.71,Активные ценные,30,8,2285.71,Активные ценные
17697,228,1,338.95,Остальные,228,1,338.95,Остальные
17698,252,1,154.95,Остальные,252,1,154.95,Остальные
17700,8,4,2534.6400000000003,Активные ценные,8,4,2534.6400000000003,Активные ценные
17701,244,1,417.95,Остальные,244,1,417.95,Остальные
17702,22,4,1824.37,Активные ценные,22,4,1824.37,Активные ценные
17703,27,3,798.74,Активные повторные,27,3,798.74,Активные повторные
17704,160,2,885.19,Давно не покупавшие повторные,160,2,885.19,Давно не покупавшие повторные
17705,22,8,1605.52,Активные ценные,22,8,1605.52,Активные ценные
17706,36,16,9728.65,Активные повторные,36,16,9728.65,Активные повторные
17707,177,2,152.4,Давно не покупавшие повторные,177,2,152.4,Давно не покупавшие повторные
17708,179,2,267.08,Давно не покупавшие повторные,179,2,263.33,Давно не покупавшие повторные
17709,161,1,137.45000000000002,Остальные,161,1,137.45,Остальные
17711,2,2,385.1,Остальные,2,2,385.1,Остальные
17712,36,1,522.91,Остальные,36,1,522.91,Остальные
17714,312,1,153.0,Остальные,312,1,153.0,Остальные
17715,192,1,326.4,Остальные,192,1,326.4,Остальные
17716,14,11,5655.99,Активные ценные,14,11,5655.99,Активные ценные
17718,224,1,139.35,Остальные,224,1,139.35,Остальные
17719,29,15,5396.04,Активные ценные,29,15,5396.04,Активные ценные
17720,18,4,1195.94,Активные повторные,18,4,1195.94,Активные повторные
17722,88,4,2424.04,Остальные,88,4,2424.04,Остальные
17723,119,6,3276.4000000000005,Давно не покупавшие повторные,119,6,3276.4000000000005,Давно не покупавшие повторные
17724,63,3,1033.0,Остальные,63,3,1033.0,Остальные
17725,8,11,3439.08,Активные ценные,8,11,3439.08,Активные ценные
17727,7,1,1060.25,Недавние однократные,7,1,1060.25,Недавние однократные
17728,57,2,2288.16,Остальные,57,2,2288.16,Остальные
17730,20,12,4635.78,Активные ценные,20,12,4635.78,Активные ценные
17731,71,4,1240.1100000000001,Остальные,71,4,1240.1100000000001,Остальные
17732,364,1,303.97,Остальные,364,1,303.97,Остальные
17733,30,2,692.19,Остальные,30,2,692.19,Остальные
17734,45,3,700.63,Активные повторные,45,3,700.63,Активные повторные
17735,29,18,12216.42,Активные ценные,29,18,12216.42,Активные ценные
17736,1,3,377.44,Активные повторные,1,3,377.44,Активные повторные
17737,1,2,168.24,Остальные,1,2,168.24,Остальные
17738,11,4,1879.05,Активные ценные,11,4,1879.05,Активные ценные
17739,3,7,2791.35,Активные ценные,3,7,2791.35,Активные ценные
17742,105,2,355.11,Давно не покупавшие повторные,105,2,355.11,Давно не покупавшие повторные
17744,17,5,1592.02,Активные ценные,17,5,1592.02,Активные ценные
17746,232,1,110.25,Остальные,232,1,110.25,Остальные
17747,104,1,71.4,Остальные,104,1,71.4,Остальные
17749,170,2,674.52,Давно не покупавшие повторные,170,2,674.52,Давно не покупавшие повторные
17750,28,8,1667.96,Активные ценные,28,8,1590.92,Активные ценные
17752,351,1,80.64,Остальные,351,1,80.64,Остальные
17754,29,4,1571.27,Активные повторные,29,4,1473.02,Активные повторные
17757,6,28,5184.79,Активные ценные,6,28,5172.89,Активные ценные
17758,11,8,3456.7,Активные ценные,11,8,3408.2,Активные ценные
17759,9,3,833.74,Активные повторные,9,3,818.71,Активные повторные
17760,13,2,287.59,Остальные,13,2,287.59,Остальные
17761,24,1,712.78,Недавние однократные,24,1,712.78,Недавние однократные
17763,255,1,15.0,Остальные,255,1,15.0,Остальные
17764,42,2,818.82,Остальные,42,2,772.55,Остальные
17765,150,3,371.88,Давно не покупавшие повторные,150,3,367.63,Давно не покупавшие повторные
17767,7,1,271.2,Недавние однократные,7,1,271.2,Недавние однократные
17768,25,2,1411.33,Остальные,25,2,1279.45,Остальные
17769,4,10,3997.98,Активные ценные,4,10,3957.4300000000003,Активные ценные
17770,190,5,1143.27,Давно не покупавшие повторные,190,5,1143.27,Давно не покупавшие повторные
17771,48,2,245.32999999999998,Остальные,48,2,245.32999999999998,Остальные
17772,2,2,182.77,Остальные,2,2,173.45000000000002,Остальные
17774,88,4,1225.41,Остальные,88,4,1213.73,Остальные
17775,246,1,56.4,Остальные,246,1,56.4,Остальные
17777,16,3,665.86,Активные повторные,16,3,647.56,Активные повторные
17779,13,3,658.5699999999999,Активные повторные,13,3,650.3199999999999,Активные повторные
17781,151,2,188.01999999999998,Давно не покупавшие повторные,151,2,188.01999999999998,Давно не покупавшие повторные
17783,64,2,283.47,Остальные,64,2,283.47,Остальные
17785,45,1,131.94,Остальные,45,1,131.94,Остальные
17786,77,2,278.74,Остальные,77,2,266.85,Остальные
17787,144,4,1865.19,Давно не покупавшие повторные,144,4,1817.54,Давно не покупавшие повторные
17788,65,2,1112.95,Остальные,65,2,1112.95,Остальные
17789,273,1,225.9,Остальные,273,1,225.9,Остальные
17790,18,14,1965.5500000000002,Активные ценные,18,14,1964.3000000000002,Активные ценные
17791,21,1,106.1,Недавние однократные,21,1,106.1,Недавние однократные
17793,17,1,323.04,Недавние однократные,17,1,300.34,Недавние однократные
17795,171,2,350.39,Давно не покупавшие повторные,171,2,342.83000000000004,Давно не покупавшие повторные
17796,32,4,697.9,Активные повторные,32,4,690.0,Активные повторные
17797,14,3,780.4300000000001,Активные повторные,14,3,780.4300000000001,Активные повторные
17799,14,10,3055.93,Активные ценные,14,10,3039.17,Активные ценные
17800,29,9,1198.01,Активные повторные,29,9,1186.21,Активные повторные
17802,74,3,1285.04,Остальные,74,3,1285.04,Остальные
17805,65,1,512.31,Остальные,65,1,512.31,Остальные
17806,3,1,546.04,Недавние однократные,3,1,546.04,Недавние однократные
17809,8,12,5411.91,Активные ценные,8,12,5411.91,Активные ценные
17811,3,37,7506.45,Активные ценные,3,37,7434.74,Активные ценные
17812,4,4,732.16,Активные повторные,4,4,699.81,Активные повторные
17813,6,5,1770.88,Активные ценные,6,5,1698.07,Активные ценные
17816,28,4,36.56,Активные повторные,28,4,36.56,Активные повторные
17817,269,2,269.7,Давно не покупавшие повторные,269,2,269.7,Давно не покупавшие повторные
17819,63,7,3704.87,Остальные,63,7,3704.87,Остальные
17824,43,1,298.4,Остальные,43,1,298.4,Остальные
17827,234,4,1583.81,Давно не покупавшие повторные,234,4,1580.4699999999998,Давно не покупавшие повторные
17828,14,4,1165.09,Активные повторные,14,4,1165.09,Активные повторные
17829,290,1,889.24,Остальные,290,1,889.24,Остальные
17830,253,2,287.65,Давно не покупавшие повторные,253,2,287.65,Давно не покупавшие повторные
17831,25,1,35.400000000000006,Недавние однократные,25,1,35.400000000000006,Недавние однократные
17832,41,1,155.37,Остальные,41,1,155.37,Остальные
17835,1,2,236.5,Остальные,1,2,228.10000000000002,Остальные
17836,39,1,109.83,Остальные,39,1,109.83,Остальные
17837,34,8,1587.48,Активные повторные,34,8,1535.33,Активные повторные
17838,18,5,2779.3,Активные ценные,18,5,2720.8,Активные ценные
17839,34,1,338.8,Остальные,34,1,318.15,Остальные
17841,2,120,38416.41,Активные ценные,2,120,37970.1,Активные ценные
17843,295,1,197.73,Остальные,295,1,197.73,Остальные
17844,98,1,51.56,Остальные,98,1,51.559999999999995,Остальные
17848,73,9,901.1999999999999,Остальные,73,9,901.1999999999999,Остальные
17849,210,4,605.8,Давно не покупавшие повторные,210,4,605.8,Давно не покупавшие повторные
17850,364,34,5391.21,Давно не покупавшие повторные,364,34,5391.21,Давно не покупавшие повторные
17852,3,2,114.34,Остальные,3,2,114.34,Остальные
17854,177,2,311.26,Давно не покупавшие повторные,177,2,311.26,Давно не покупавшие повторные
17855,364,1,208.97,Остальные,364,1,208.97,Остальные
17856,225,3,1142.63,Давно не покупавшие повторные,225,3,1142.6299999999999,Давно не покупавшие повторные
17857,9,20,22741.44,Активные ценные,9,20,22741.44,Активные ценные
17858,45,11,4391.94,Активные повторные,45,11,4376.94,Активные повторные
17859,296,1,148.21,Остальные,296,1,141.92000000000002,Остальные
17860,360,1,252.8,Остальные,360,1,226.45000000000002,Остальные
17861,16,7,1662.22,Активные ценные,16,7,1660.1399999999999,Активные ценные
17862,315,1,330.9,Остальные,315,1,330.9,Остальные
17863,51,6,3160.0,Активные повторные,51,6,3160.0,Активные повторные
17864,4,3,597.5,Активные повторные,4,3,554.85,Активные повторные
17865,22,20,10524.220000000001,Активные ценные,22,20,10524.220000000001,Активные ценные
17866,134,1,329.65,Остальные,134,1,329.65,Остальные
17867,22,6,1197.1000000000001,Активные повторные,22,6,1157.8700000000001,Активные повторные
17869,99,5,428.18,Давно не покупавшие повторные,99,5,428.18,Давно не покупавшие повторные
17870,6,11,1629.44,Активные ценные,6,11,1616.04,Активные ценные
17871,196,1,155.9,Остальные,196,1,155.9,Остальные
17873,72,5,1729.7800000000002,Остальные,72,5,1719.5800000000002,Остальные
17874,177,6,683.46,Давно не покупавшие повторные,177,6,683.46,Давно не покупавшие повторные
17877,162,1,237.60999999999999,Остальные,162,1,237.61,Остальные
17878,35,1,379.45,Остальные,35,1,379.45,Остальные
17879,165,1,178.51999999999998,Остальные,165,1,178.51999999999998,Остальные
17880,356,1,458.92,Остальные,356,1,458.92,Остальные
17881,296,1,133.35,Остальные,296,1,133.35000000000002,Остальные
17883,6,3,486.90000000000003,Активные повторные,6,3,483.15000000000003,Активные повторные
17884,303,3,602.8399999999999,Давно не покупавшие повторные,303,3,590.54,Давно не покупавшие повторные
17885,4,1,190.19,Недавние однократные,4,1,156.34,Недавние однократные
17886,23,3,899.61,Активные повторные,23,3,869.28,Активные повторные
17887,121,1,111.35,Остальные,121,1,111.35,Остальные
17888,13,8,726.05,Активные повторные,13,8,716.0,Активные повторные
17889,204,2,203.87,Давно не покупавшие повторные,204,2,201.37,Давно не покупавшие повторные
17890,314,2,602.0899999999999,Давно не покупавшие повторные,314,2,586.89,Давно не покупавшие повторные
17891,154,1,203.85999999999999,Остальные,154,1,203.85999999999999,Остальные
17892,48,3,244.1,Активные повторные,48,3,244.1,Активные повторные
17893,217,1,112.25,Остальные,217,1,107.21,Остальные
17894,63,8,1119.39,Остальные,63,8,1118.54,Остальные
17895,36,1,98.0,Остальные,36,1,95.45,Остальные
17896,15,1,256.32,Недавние однократные,15,1,256.32,Недавние однократные
17897,164,3,566.6,Давно не покупавшие повторные,164,3,541.81,Давно не покупавшие повторные
17898,77,2,152.06,Остальные,77,2,152.06,Остальные
17899,151,1,155.79999999999998,Остальные,151,1,154.55,Остальные
17900,182,2,112.19999999999999,Давно не покупавшие повторные,182,2,112.19999999999999,Давно не покупавшие повторные
17901,21,1,110.38,Недавние однократные,21,1,110.38,Недавние однократные
17904,13,1,191.67,Недавние однократные,13,1,181.07,Недавние однократные
17905,63,4,800.24,Остальные,63,4,798.99,Остальные
17906,239,1,72.9,Остальные,239,1,72.9,Остальные
17908,365,1,243.28,Остальные,365,1,232.03,Остальные
17911,1,1,366.23,Недавние однократные,1,1,366.23,Недавние однократные
17912,302,5,311.01,Давно не покупавшие повторные,302,5,310.06,Давно не покупавшие повторные
17913,50,2,411.6,Остальные,50,2,408.65,Остальные
17917,37,3,341.28,Активные повторные,37,3,335.03,Активные повторные
17919,80,1,1304.04,Остальные,80,1,1304.04,Остальные
17920,3,15,3701.13,Активные ценные,3,15,3616.5299999999997,Активные ценные
17921,56,4,826.52,Активные повторные,56,4,820.23,Активные повторные
17923,274,1,207.50000000000003,Остальные,274,1,207.50000000000003,Остальные
17924,3,7,2962.5,Активные ценные,3,7,2962.5,Активные ценные
17925,364,1,244.08,Остальные,364,1,244.08,Остальные
17926,125,2,397.29,Давно не покупавшие повторные,125,2,397.29,Давно не покупавшие повторные
17928,37,2,184.46,Остальные,37,2,184.45999999999998,Остальные
17929,3,4,843.0,Активные повторные,3,4,843.0,Активные повторные
17930,27,5,1740.48,Активные ценные,27,5,1740.48,Активные ценные
17931,126,2,408.36,Давно не покупавшие повторные,126,2,408.36,Давно не покупавшие повторные
17932,21,3,1331.57,Активные повторные,21,3,1331.57,Активные повторные
17934,43,2,704.25,Остальные,43,2,704.25,Остальные
17935,130,2,142.89,Давно не покупавшие повторные,130,2,142.89,Давно не покупавшие повторные
17937,23,6,3940.92,Активные ценные,23,6,3940.92,Активные ценные
17939,151,1,99.14,Остальные,151,1,99.14,Остальные
17940,41,9,2238.58,Активные повторные,41,9,2152.1800000000003,Активные повторные
17941,122,1,304.56,Остальные,122,1,304.56,Остальные
17946,225,2,149.57999999999998,Давно не покупавшие повторные,225,2,149.57999999999998,Давно не покупавшие повторные
17947,29,1,176.68,Недавние однократные,29,1,176.68,Недавние однократные
17948,139,1,358.56000000000006,Остальные,139,1,358.56000000000006,Остальные
17949,9,39,55155.76,Активные ценные,9,39,55155.76,Активные ценные
17950,64,3,482.2,Остальные,64,3,482.2,Остальные
17951,31,3,1008.5400000000001,Активные повторные,31,3,1008.5400000000001,Активные повторные
17954,60,11,2039.76,Активные повторные,60,11,2034.76,Активные повторные
17955,190,4,557.3,Давно не покупавшие повторные,190,4,557.3,Давно не покупавшие повторные
17956,241,1,12.75,Остальные,241,1,12.75,Остальные
17957,58,1,110.72,Остальные,58,1,110.72,Остальные
17958,108,1,508.46,Остальные,108,1,508.4599999999999,Остальные
17960,163,1,73.78,Остальные,163,1,73.78,Остальные
17961,13,39,1296.44,Активные повторные,13,39,1296.44,Активные повторные
17962,134,1,102.83,Остальные,134,1,102.41,Остальные
17964,23,2,471.7,Остальные,23,2,463.21,Остальные
17965,29,14,2622.57,Активные ценные,29,14,2599.19,Активные ценные
17966,29,5,1098.4299999999998,Активные повторные,29,5,1098.4299999999998,Активные повторные
17967,363,1,123.07,Остальные,363,1,112.27,Остальные
17968,365,1,277.35,Остальные,365,1,265.1,Остальные
17969,158,2,228.2,Давно не покупавшие повторные,158,2,228.2,Давно не покупавшие повторные
17970,203,1,582.59,Остальные,203,1,562.79,Остальные
17972,233,1,136.04,Остальные,233,1,135.19,Остальные
17973,43,1,337.04,Остальные,43,1,337.04,Остальные
17974,16,3,740.7900000000001,Активные повторные,16,3,703.99,Активные повторные
17975,7,13,4485.51,Активные ценные,7,13,4479.96,Активные ценные
17976,364,1,353.19,Остальные,364,1,321.79,Остальные
17977,21,1,288.14,Недавние однократные,21,1,288.14,Недавние однократные
17978,357,1,300.92,Остальные,357,1,300.91999999999996,Остальные
17979,27,4,754.31,Активные повторные,27,4,729.01,Активные повторные
17980,157,3,811.45,Давно не покупавшие повторные,157,3,811.45,Давно не покупавшие повторные
17984,137,1,152.68,Остальные,137,1,152.68,Остальные
17985,14,1,634.95,Недавние однократные,14,1,631.35,Недавние однократные
17986,48,1,20.8,Остальные,48,1,20.8,Остальные
17987,177,1,198.57,Остальные,177,1,198.57,Остальные
17988,3,7,201.12,Активные повторные,3,7,201.12,Активные повторные
17990,228,3,630.84,Давно не покупавшие повторные,228,3,630.84,Давно не покупавшие повторные
17991,217,2,93.35000000000001,Давно не покупавшие повторные,217,2,93.35000000000001,Давно не покупавшие повторные
17994,113,4,678.49,Давно не покупавшие повторные,113,4,674.89,Давно не покупавшие повторные
17995,273,1,76.1,Остальные,273,1,76.1,Остальные
17997,66,8,1970.6699999999998,Остальные,66,8,1962.46,Остальные
17999,29,2,382.06,Остальные,29,2,380.39,Остальные
18001,4,2,417.23,Остальные,4,2,415.13,Остальные
18004,354,1,169.47,Остальные,354,1,157.92,Остальные
18005,39,1,139.97,Остальные,39,1,132.07,Остальные
18006,15,1,444.68,Недавние однократные,15,1,444.68,Недавние однократные
18008,62,9,2116.19,Остальные,62,9,2116.19,Остальные
18009,227,1,257.34,Остальные,227,1,247.39,Остальные
18010,248,1,174.8,Остальные,248,1,174.8,Остальные
18011,365,1,102.78999999999999,Остальные,365,1,102.78999999999999,Остальные
18013,147,2,187.29000000000002,Давно не покупавшие повторные,147,2,187.29000000000002,Давно не покупавшие повторные
18014,20,1,158.47,Недавние однократные,20,1,154.27,Недавние однократные
18016,24,5,1483.56,Активные повторные,24,5,1477.6599999999999,Активные повторные
18017,73,3,523.0,Остальные,73,3,523.0,Остальные
18018,100,2,122.14,Давно не покупавшие повторные,100,2,122.14,Давно не покупавшие повторные
18019,43,1,38.45,Остальные,43,1,38.45,Остальные
18022,27,1,668.11,Недавние однократные,27,1,612.72,Недавние однократные
18024,144,2,389.78,Давно не покупавшие повторные,144,2,389.78,Давно не покупавшие повторные
18027,90,1,115.31,Остальные,90,1,115.31,Остальные
18030,34,1,121.1,Остальные,34,1,121.1,Остальные
18032,326,1,73.5,Остальные,326,1,73.5,Остальные
18033,57,1,97.97,Остальные,57,1,93.82000000000001,Остальные
18034,13,2,422.88,Остальные,13,2,418.67999999999995,Остальные
18035,27,3,730.4,Активные повторные,27,3,713.89,Активные повторные
18036,24,3,405.62,Активные повторные,24,3,403.12,Активные повторные
18037,146,6,70.02,Давно не покупавшие повторные,146,6,70.02,Давно не покупавшие повторные
18040,11,2,357.2,Остальные,11,2,357.2,Остальные
18041,3,21,4183.39,Активные ценные,3,21,4097.37,Активные ценные
18042,45,1,165.04999999999998,Остальные,45,1,165.04999999999998,Остальные
18043,16,3,559.51,Активные повторные,16,3,529.2900000000001,Активные повторные
18044,28,9,1877.7,Активные ценные,28,9,1877.7,Активные ценные
18045,37,1,189.4,Остальные,37,1,178.34,Остальные
18048,195,2,172.29000000000002,Давно не покупавшие повторные,195,2,172.29000000000002,Давно не покупавшие повторные
18050,351,1,74.4,Остальные,351,1,74.4,Остальные
18053,62,1,300.02,Остальные,62,1,300.02,Остальные
18055,31,9,5920.42,Активные повторные,31,9,5897.57,Активные повторные
18056,280,1,363.65,Остальные,280,1,363.65,Остальные
18058,1,1,170.16,Недавние однократные,1,1,170.16,Недавние однократные
18059,15,3,306.46,Активные повторные,15,3,306.46,Активные повторные
18061,13,10,2119.41,Активные ценные,13,10,2119.41,Активные ценные
18062,165,3,720.52,Давно не покупавшие повторные,165,3,720.52,Давно не покупавшие повторные
18064,125,2,814.0,Давно не покупавшие повторные,125,2,814.0,Давно не покупавшие повторные
18065,78,11,1949.19,Остальные,78,11,1949.19,Остальные
18066,67,1,318.0,Остальные,67,1,318.0,Остальные
18067,32,1,396.33,Остальные,32,1,396.33,Остальные
18068,281,1,101.69999999999999,Остальные,281,1,101.69999999999999,Остальные
18069,18,5,2036.67,Активные ценные,18,5,2009.24,Активные ценные
18071,249,2,453.0,Давно не покупавшие повторные,249,2,453.0,Давно не покупавшие повторные
18072,177,1,247.44,Остальные,177,1,247.44,Остальные
18073,106,12,3877.5200000000004,Давно не покупавшие повторные,106,12,3859.82,Давно не покупавшие повторные
18074,365,1,489.6,Остальные,365,1,489.6,Остальные
18075,15,10,2611.75,Активные ценные,15,10,2611.75,Активные ценные
18077,25,10,2377.67,Активные ценные,25,10,2329.07,Активные ценные
18078,209,2,336.13,Давно не покупавшие повторные,209,2,336.13,Давно не покупавшие повторные
18079,37,4,3651.97,Активные повторные,37,4,3613.15,Активные повторные
18080,10,2,1231.5,Остальные,10,2,1231.5,Остальные
18081,28,3,343.45000000000005,Активные повторные,28,3,343.45000000000005,Активные повторные
18082,17,1,703.37,Недавние однократные,17,1,680.84,Недавние однократные
18084,8,1,90.47999999999999,Недавние однократные,8,1,90.47999999999999,Недавние однократные
18085,322,2,689.95,Давно не покупавшие повторные,322,2,689.95,Давно не покупавшие повторные
18086,266,1,101.34,Остальные,266,1,101.34,Остальные
18087,282,1,3202.9199999999996,Остальные,282,1,3202.9199999999996,Остальные
18088,53,1,167.67000000000002,Остальные,53,1,166.03,Остальные
18092,30,10,8506.42,Активные ценные,30,10,8506.42,Активные ценные
18093,85,4,2106.52,Остальные,85,4,2106.52,Остальные
18094,73,7,3017.3,Остальные,73,7,3017.3,Остальные
18095,304,2,580.05,Давно не покупавшие повторные,304,2,580.05,Давно не покупавшие повторные
18096,3,3,911.15,Активные повторные,3,3,849.06,Активные повторные
18097,118,5,2011.4,Давно не покупавшие повторные,118,5,1986.1999999999998,Давно не покупавшие повторные
18099,119,1,168.31,Остальные,119,1,168.31,Остальные
18101,3,2,223.65,Остальные,3,2,222.4,Остальные
18102,3,57,248171.76,Активные ценные,3,57,248171.76,Активные ценные
18104,29,1,754.64,Недавние однократные,29,1,754.64,Недавние однократные
18105,29,1,113.48,Недавние однократные,29,1,113.48000000000002,Недавние однократные
18106,321,1,430.7,Остальные,321,1,421.9,Остальные
18108,246,1,271.0,Остальные,246,1,271.0,Остальные
18109,6,23,6684.46,Активные ценные,6,23,6636.41,Активные ценные
18110,11,1,236.3,Недавние однократные,11,1,198.8,Недавние однократные
18112,4,2,352.69,Остальные,4,2,352.69,Остальные
18113,360,1,76.32000000000001,Остальные,360,1,76.32000000000001,Остальные
18114,282,1,220.1,Остальные,282,1,220.1,Остальные
18116,59,8,1414.43,Активные повторные,59,8,1399.51,Активные повторные
18117,17,1,319.47,Недавние однократные,17,1,314.4,Недавние однократные
18118,2,26,5651.42,Активные ценные,2,26,5622.68,Активные ценные
18119,359,1,181.12,Остальные,359,1,180.7,Остальные
18120,206,1,111.15,Остальные,206,1,111.15,Остальные
18121,141,2,673.1,Давно не покупавшие повторные,141,2,653.3,Давно не покупавшие повторные
18122,14,5,1383.87,Активные повторные,14,5,1368.12,Активные повторные
18123,16,2,589.4399999999999,Остальные,16,2,574.4399999999999,Остальные
18125,21,4,1142.99,Активные повторные,21,4,1131.75,Активные повторные
18126,52,1,204.49,Остальные,52,1,198.58,Остальные
18127,11,3,348.73,Активные повторные,11,3,347.08,Активные повторные
18129,235,1,112.55,Остальные,235,1,112.55000000000001,Остальные
18130,7,3,1059.3899999999999,Активные повторные,7,3,1059.3899999999999,Активные повторные
18133,204,1,931.4999999999999,Остальные,204,1,931.4999999999999,Остальные
18135,21,5,681.9100000000001,Активные повторные,21,5,681.9100000000001,Активные повторные
18136,55,3,784.33,Активные повторные,55,3,784.33,Активные повторные
18138,287,1,152.65,Остальные,287,1,152.65,Остальные
18139,9,6,8438.34,Активные ценные,9,6,8438.34,Активные ценные
18142,149,2,1019.52,Давно не покупавшие повторные,149,2,1019.52,Давно не покупавшие повторные
18143,108,2,1000.1600000000001,Давно не покупавшие повторные,108,2,1000.1600000000001,Давно не покупавшие повторные
18144,22,11,2656.75,Активные ценные,22,11,2656.75,Активные ценные
18145,4,4,2861.55,Активные ценные,4,4,2861.55,Активные ценные
18146,132,2,160.35000000000002,Давно не покупавшие повторные,132,2,160.35000000000002,Давно не покупавшие повторные
18147,37,2,179.33999999999997,Остальные,37,2,179.33999999999997,Остальные
18149,42,3,612.0799999999999,Активные повторные,42,3,612.0799999999999,Активные повторные
18150,24,3,566.58,Активные повторные,24,3,566.58,Активные повторные
18151,126,2,653.35,Давно не покупавшие повторные,126,2,653.35,Давно не покупавшие повторные
18154,35,1,220.48999999999998,Остальные,35,1,220.48999999999998,Остальные
18155,67,3,371.62,Остальные,67,3,371.62,Остальные
18156,4,2,734.94,Остальные,4,2,675.64,Остальные
18158,1,2,453.4,Остальные,1,2,453.4,Остальные
18159,293,1,530.15,Остальные,293,1,530.15,Остальные
18160,49,2,638.06,Остальные,49,2,638.06,Остальные
18161,7,5,1618.69,Активные ценные,7,5,1618.69,Активные ценные
18164,29,1,399.65000000000003,Недавние однократные,29,1,399.65000000000003,Недавние однократные
18165,169,1,302.46000000000004,Остальные,169,1,302.46000000000004,Остальные
18167,15,3,1384.8600000000001,Активные повторные,15,3,1384.8600000000001,Активные повторные
18168,168,6,1169.94,Давно не покупавшие повторные,168,6,1160.04,Давно не покупавшие повторные
18169,52,1,202.65,Остальные,52,1,202.65,Остальные
18170,25,3,980.31,Активные повторные,25,3,980.31,Активные повторные
18171,50,5,1231.31,Активные повторные,50,5,1231.31,Активные повторные
18172,6,20,7561.68,Активные ценные,6,20,7561.68,Активные ценные
18173,78,4,2106.84,Остальные,78,4,2106.84,Остальные
18176,350,1,476.35,Остальные,350,1,476.35,Остальные
18177,23,6,1341.42,Активные повторные,23,6,1340.8700000000001,Активные повторные
18178,120,4,1590.81,Давно не покупавшие повторные,120,4,1590.81,Давно не покупавшие повторные
18179,1,6,1793.17,Активные ценные,1,6,1793.17,Активные ценные
18180,51,5,1533.02,Активные повторные,51,5,1533.02,Активные повторные
18181,16,1,382.8,Недавние однократные,16,1,366.85,Недавние однократные
18183,219,2,632.07,Давно не покупавшие повторные,219,2,632.07,Давно не покупавшие повторные
18184,7,1,49.8,Недавние однократные,7,1,49.8,Недавние однократные
18185,241,1,304.25,Остальные,241,1,304.25,Остальные
18188,7,3,2001.04,Активные ценные,7,3,2001.04,Активные ценные
18189,69,2,1090.24,Остальные,69,2,1090.24,Остальные
18190,184,2,284.46000000000004,Давно не покупавшие повторные,184,2,284.46000000000004,Давно не покупавшие повторные
18191,253,1,207.79999999999998,Остальные,253,1,207.79999999999998,Остальные
18192,63,1,957.97,Остальные,63,1,957.97,Остальные
18193,157,1,243.76,Остальные,157,1,243.76,Остальные
18194,74,1,973.8399999999999,Остальные,74,1,973.8399999999999,Остальные
18196,87,2,689.13,Остальные,87,2,686.63,Остальные
18198,23,16,5107.110000000001,Активные ценные,23,16,5107.110000000001,Активные ценные
18200,98,1,163.8,Остальные,98,1,150.35,Остальные
18202,191,3,1396.99,Давно не покупавшие повторные,191,3,1396.99,Давно не покупавшие повторные
18203,149,1,160.42,Остальные,149,1,160.42000000000002,Остальные
18204,63,3,1993.6999999999998,Остальные,63,3,1975.35,Остальные
18205,28,2,517.36,Остальные,28,2,517.36,Остальные
18209,20,1,139.10000000000002,Недавние однократные,20,1,139.10000000000002,Недавние однократные
18210,1,5,2443.4800000000005,Активные ценные,1,5,2443.48,Активные ценные
18211,17,5,600.07,Активные повторные,17,5,600.07,Активные повторные
18212,318,1,248.42,Остальные,318,1,216.07,Остальные
18213,228,1,232.48000000000002,Остальные,228,1,232.48000000000002,Остальные
18215,81,1,299.34000000000003,Остальные,81,1,299.34000000000003,Остальные
18216,23,1,481.75,Недавние однократные,23,1,481.75,Недавние однократные
18217,21,2,621.75,Остальные,21,2,621.75,Остальные
18218,203,2,662.0799999999999,Давно не покупавшие повторные,203,2,641.92,Давно не покупавшие повторные
18219,35,9,1827.4,Активные повторные,35,9,1827.4,Активные повторные
18220,218,1,305.28000000000003,Остальные,218,1,305.28000000000003,Остальные
18221,14,5,1041.6100000000001,Активные повторные,14,5,1041.6100000000001,Активные повторные
18222,84,1,443.0,Остальные,84,1,443.0,Остальные
18223,31,13,5905.82,Активные повторные,31,13,5905.82,Активные повторные
18224,255,1,158.95000000000002,Остальные,255,1,158.95000000000002,Остальные
18225,13,11,5178.84,Активные ценные,13,11,5174.68,Активные ценные
18226,36,11,5228.05,Активные повторные,36,11,5228.05,Активные повторные
18227,209,1,93.75,Остальные,209,1,93.75,Остальные
18228,48,2,779.9,Остальные,48,2,779.9,Остальные
18229,3,20,7276.9,Активные ценные,3,20,7276.9,Активные ценные
18230,1,7,2810.2000000000003,Активные ценные,1,7,2810.2000000000003,Активные ценные
18231,184,5,2083.27,Давно не покупавшие повторные,184,5,2071.77,Давно не покупавшие повторные
18232,73,4,592.97,Остальные,73,4,592.97,Остальные
18233,317,1,440.0,Остальные,317,1,440.0,Остальные
18235,63,3,1796.48,Остальные,63,3,1796.48,Остальные
18236,21,6,882.24,Активные повторные,21,6,882.24,Активные повторные
18237,57,4,861.3499999999999,Активные повторные,57,4,861.3499999999999,Активные повторные
18239,210,5,1561.6100000000001,Давно не покупавшие повторные,210,5,1561.6100000000001,Давно не покупавшие повторные
18240,38,1,422.58,Остальные,38,1,422.58,Остальные
18241,1,17,2073.09,Активные ценные,1,17,2073.09,Активные ценные
18242,64,4,2232.49,Остальные,64,4,2232.49,Остальные
18245,141,6,1672.81,Давно не покупавшие повторные,141,6,1672.81,Давно не покупавшие повторные
18246,15,2,596.1,Остальные,15,2,596.1,Остальные
18248,114,2,804.02,Давно не покупавшие повторные,114,2,804.02,Давно не покупавшие повторные
18249,9,1,95.34,Недавние однократные,9,1,95.34,Недавние однократные
18250,302,1,349.27,Остальные,302,1,349.27,Остальные
18251,79,1,4314.72,Остальные,79,1,4314.72,Остальные
18252,42,2,526.67,Остальные,42,2,518.27,Остальные
18255,81,1,103.3,Остальные,81,1,103.3,Остальные
18257,31,8,2337.6299999999997,Активные повторные,31,8,2337.63,Активные повторные
18259,16,3,2338.6000000000004,Активные ценные,16,3,2338.6000000000004,Активные ценные
18260,164,6,2643.2000000000003,Давно не покупавшие повторные,164,6,2628.35,Давно не покупавшие повторные
18261,35,2,324.24,Остальные,35,2,324.24,Остальные
18262,132,1,149.48,Остальные,132,1,149.48,Остальные
18263,17,3,1213.1599999999999,Активные повторные,17,3,1213.1599999999999,Активные повторные
18265,64,2,801.51,Остальные,64,2,801.51,Остальные
18268,126,1,25.5,Остальные,126,1,25.5,Остальные
18269,358,1,168.6,Остальные,358,1,168.6,Остальные
18270,30,2,283.15000000000003,Остальные,30,2,283.15000000000003,Остальные
18272,37,5,2710.7,Активные повторные,37,5,2710.7,Активные повторные
18273,87,2,153.0,Остальные,87,2,153.0,Остальные
18274,22,1,175.92,Недавние однократные,22,1,175.92,Недавние однократные
18276,35,1,335.86,Остальные,35,1,335.86,Остальные
18277,50,1,110.38,Остальные,50,1,110.38,Остальные
18278,65,1,173.9,Остальные,65,1,173.9,Остальные
18280,269,1,180.60000000000002,Остальные,269,1,180.60000000000002,Остальные
18281,172,1,80.82,Остальные,172,1,80.82,Остальные
18282,118,1,100.21,Остальные,118,1,100.21000000000001,Остальные
18283,1,15,1880.93,Активные ценные,1,15,1831.58,Активные ценные
18287,34,3,1837.28,Активные повторные,34,3,1837.28,Активные повторные
